[2025-04-29T00:00:00.367+0000] {processor.py:157} INFO - Started process (PID=3931) to work on /opt/airflow/dags/kafka_stream.py
[2025-04-29T00:00:00.369+0000] {processor.py:829} INFO - Processing file /opt/airflow/dags/kafka_stream.py for tasks to queue
[2025-04-29T00:00:00.370+0000] {logging_mixin.py:151} INFO - [2025-04-29T00:00:00.370+0000] {dagbag.py:539} INFO - Filling up the DagBag from /opt/airflow/dags/kafka_stream.py
[2025-04-29T00:00:00.392+0000] {processor.py:839} INFO - DAG(s) dict_keys(['user_automation']) retrieved from /opt/airflow/dags/kafka_stream.py
[2025-04-29T00:00:00.414+0000] {logging_mixin.py:151} INFO - [2025-04-29T00:00:00.414+0000] {dag.py:2907} INFO - Sync 1 DAGs
[2025-04-29T00:00:00.431+0000] {logging_mixin.py:151} INFO - [2025-04-29T00:00:00.431+0000] {dag.py:3677} INFO - Setting next_dagrun for user_automation to 2025-04-28T00:00:00+00:00, run_after=2025-04-29T00:00:00+00:00
[2025-04-29T00:00:00.453+0000] {processor.py:179} INFO - Processing /opt/airflow/dags/kafka_stream.py took 0.088 seconds
[2025-04-29T00:00:30.709+0000] {processor.py:157} INFO - Started process (PID=3935) to work on /opt/airflow/dags/kafka_stream.py
[2025-04-29T00:00:30.710+0000] {processor.py:829} INFO - Processing file /opt/airflow/dags/kafka_stream.py for tasks to queue
[2025-04-29T00:00:30.711+0000] {logging_mixin.py:151} INFO - [2025-04-29T00:00:30.711+0000] {dagbag.py:539} INFO - Filling up the DagBag from /opt/airflow/dags/kafka_stream.py
[2025-04-29T00:00:30.744+0000] {processor.py:839} INFO - DAG(s) dict_keys(['user_automation']) retrieved from /opt/airflow/dags/kafka_stream.py
[2025-04-29T00:00:30.764+0000] {logging_mixin.py:151} INFO - [2025-04-29T00:00:30.764+0000] {dag.py:2907} INFO - Sync 1 DAGs
[2025-04-29T00:00:30.780+0000] {logging_mixin.py:151} INFO - [2025-04-29T00:00:30.780+0000] {dag.py:3677} INFO - Setting next_dagrun for user_automation to 2025-04-29T00:00:00+00:00, run_after=2025-04-30T00:00:00+00:00
[2025-04-29T00:00:30.810+0000] {processor.py:179} INFO - Processing /opt/airflow/dags/kafka_stream.py took 0.105 seconds
[2025-04-29T00:01:01.132+0000] {processor.py:157} INFO - Started process (PID=3936) to work on /opt/airflow/dags/kafka_stream.py
[2025-04-29T00:01:01.133+0000] {processor.py:829} INFO - Processing file /opt/airflow/dags/kafka_stream.py for tasks to queue
[2025-04-29T00:01:01.134+0000] {logging_mixin.py:151} INFO - [2025-04-29T00:01:01.134+0000] {dagbag.py:539} INFO - Filling up the DagBag from /opt/airflow/dags/kafka_stream.py
[2025-04-29T00:01:01.175+0000] {processor.py:839} INFO - DAG(s) dict_keys(['user_automation']) retrieved from /opt/airflow/dags/kafka_stream.py
[2025-04-29T00:01:01.193+0000] {logging_mixin.py:151} INFO - [2025-04-29T00:01:01.193+0000] {dag.py:2907} INFO - Sync 1 DAGs
[2025-04-29T00:01:01.207+0000] {logging_mixin.py:151} INFO - [2025-04-29T00:01:01.207+0000] {dag.py:3677} INFO - Setting next_dagrun for user_automation to 2025-04-29T00:00:00+00:00, run_after=2025-04-30T00:00:00+00:00
[2025-04-29T00:01:01.224+0000] {processor.py:179} INFO - Processing /opt/airflow/dags/kafka_stream.py took 0.095 seconds
[2025-04-29T00:01:31.483+0000] {processor.py:157} INFO - Started process (PID=3937) to work on /opt/airflow/dags/kafka_stream.py
[2025-04-29T00:01:31.485+0000] {processor.py:829} INFO - Processing file /opt/airflow/dags/kafka_stream.py for tasks to queue
[2025-04-29T00:01:31.486+0000] {logging_mixin.py:151} INFO - [2025-04-29T00:01:31.486+0000] {dagbag.py:539} INFO - Filling up the DagBag from /opt/airflow/dags/kafka_stream.py
[2025-04-29T00:01:31.507+0000] {processor.py:839} INFO - DAG(s) dict_keys(['user_automation']) retrieved from /opt/airflow/dags/kafka_stream.py
[2025-04-29T00:01:31.527+0000] {logging_mixin.py:151} INFO - [2025-04-29T00:01:31.527+0000] {dag.py:2907} INFO - Sync 1 DAGs
[2025-04-29T00:01:31.540+0000] {logging_mixin.py:151} INFO - [2025-04-29T00:01:31.540+0000] {dag.py:3677} INFO - Setting next_dagrun for user_automation to 2025-04-29T00:00:00+00:00, run_after=2025-04-30T00:00:00+00:00
[2025-04-29T00:01:31.570+0000] {processor.py:179} INFO - Processing /opt/airflow/dags/kafka_stream.py took 0.090 seconds
[2025-04-29T00:02:01.897+0000] {processor.py:157} INFO - Started process (PID=3938) to work on /opt/airflow/dags/kafka_stream.py
[2025-04-29T00:02:01.898+0000] {processor.py:829} INFO - Processing file /opt/airflow/dags/kafka_stream.py for tasks to queue
[2025-04-29T00:02:01.899+0000] {logging_mixin.py:151} INFO - [2025-04-29T00:02:01.899+0000] {dagbag.py:539} INFO - Filling up the DagBag from /opt/airflow/dags/kafka_stream.py
[2025-04-29T00:02:01.920+0000] {processor.py:839} INFO - DAG(s) dict_keys(['user_automation']) retrieved from /opt/airflow/dags/kafka_stream.py
[2025-04-29T00:02:01.939+0000] {logging_mixin.py:151} INFO - [2025-04-29T00:02:01.939+0000] {dag.py:2907} INFO - Sync 1 DAGs
[2025-04-29T00:02:01.954+0000] {logging_mixin.py:151} INFO - [2025-04-29T00:02:01.954+0000] {dag.py:3677} INFO - Setting next_dagrun for user_automation to 2025-04-29T00:00:00+00:00, run_after=2025-04-30T00:00:00+00:00
[2025-04-29T00:02:01.972+0000] {processor.py:179} INFO - Processing /opt/airflow/dags/kafka_stream.py took 0.078 seconds
[2025-04-29T00:02:32.240+0000] {processor.py:157} INFO - Started process (PID=3939) to work on /opt/airflow/dags/kafka_stream.py
[2025-04-29T00:02:32.241+0000] {processor.py:829} INFO - Processing file /opt/airflow/dags/kafka_stream.py for tasks to queue
[2025-04-29T00:02:32.243+0000] {logging_mixin.py:151} INFO - [2025-04-29T00:02:32.243+0000] {dagbag.py:539} INFO - Filling up the DagBag from /opt/airflow/dags/kafka_stream.py
[2025-04-29T00:02:32.281+0000] {processor.py:839} INFO - DAG(s) dict_keys(['user_automation']) retrieved from /opt/airflow/dags/kafka_stream.py
[2025-04-29T00:02:32.300+0000] {logging_mixin.py:151} INFO - [2025-04-29T00:02:32.300+0000] {dag.py:2907} INFO - Sync 1 DAGs
[2025-04-29T00:02:32.316+0000] {logging_mixin.py:151} INFO - [2025-04-29T00:02:32.316+0000] {dag.py:3677} INFO - Setting next_dagrun for user_automation to 2025-04-29T00:00:00+00:00, run_after=2025-04-30T00:00:00+00:00
[2025-04-29T00:02:32.345+0000] {processor.py:179} INFO - Processing /opt/airflow/dags/kafka_stream.py took 0.109 seconds
[2025-04-29T00:03:02.631+0000] {processor.py:157} INFO - Started process (PID=3940) to work on /opt/airflow/dags/kafka_stream.py
[2025-04-29T00:03:02.633+0000] {processor.py:829} INFO - Processing file /opt/airflow/dags/kafka_stream.py for tasks to queue
[2025-04-29T00:03:02.634+0000] {logging_mixin.py:151} INFO - [2025-04-29T00:03:02.634+0000] {dagbag.py:539} INFO - Filling up the DagBag from /opt/airflow/dags/kafka_stream.py
[2025-04-29T00:03:02.665+0000] {processor.py:839} INFO - DAG(s) dict_keys(['user_automation']) retrieved from /opt/airflow/dags/kafka_stream.py
[2025-04-29T00:03:02.684+0000] {logging_mixin.py:151} INFO - [2025-04-29T00:03:02.684+0000] {dag.py:2907} INFO - Sync 1 DAGs
[2025-04-29T00:03:02.698+0000] {logging_mixin.py:151} INFO - [2025-04-29T00:03:02.698+0000] {dag.py:3677} INFO - Setting next_dagrun for user_automation to 2025-04-29T00:00:00+00:00, run_after=2025-04-30T00:00:00+00:00
[2025-04-29T00:03:02.726+0000] {processor.py:179} INFO - Processing /opt/airflow/dags/kafka_stream.py took 0.097 seconds
[2025-04-29T00:03:32.970+0000] {processor.py:157} INFO - Started process (PID=3941) to work on /opt/airflow/dags/kafka_stream.py
[2025-04-29T00:03:32.971+0000] {processor.py:829} INFO - Processing file /opt/airflow/dags/kafka_stream.py for tasks to queue
[2025-04-29T00:03:32.973+0000] {logging_mixin.py:151} INFO - [2025-04-29T00:03:32.972+0000] {dagbag.py:539} INFO - Filling up the DagBag from /opt/airflow/dags/kafka_stream.py
[2025-04-29T00:03:33.011+0000] {processor.py:839} INFO - DAG(s) dict_keys(['user_automation']) retrieved from /opt/airflow/dags/kafka_stream.py
[2025-04-29T00:03:33.031+0000] {logging_mixin.py:151} INFO - [2025-04-29T00:03:33.031+0000] {dag.py:2907} INFO - Sync 1 DAGs
[2025-04-29T00:03:33.046+0000] {logging_mixin.py:151} INFO - [2025-04-29T00:03:33.046+0000] {dag.py:3677} INFO - Setting next_dagrun for user_automation to 2025-04-29T00:00:00+00:00, run_after=2025-04-30T00:00:00+00:00
[2025-04-29T00:03:33.062+0000] {processor.py:179} INFO - Processing /opt/airflow/dags/kafka_stream.py took 0.096 seconds
[2025-04-29T00:04:03.393+0000] {processor.py:157} INFO - Started process (PID=3942) to work on /opt/airflow/dags/kafka_stream.py
[2025-04-29T00:04:03.394+0000] {processor.py:829} INFO - Processing file /opt/airflow/dags/kafka_stream.py for tasks to queue
[2025-04-29T00:04:03.395+0000] {logging_mixin.py:151} INFO - [2025-04-29T00:04:03.395+0000] {dagbag.py:539} INFO - Filling up the DagBag from /opt/airflow/dags/kafka_stream.py
[2025-04-29T00:04:03.434+0000] {processor.py:839} INFO - DAG(s) dict_keys(['user_automation']) retrieved from /opt/airflow/dags/kafka_stream.py
[2025-04-29T00:04:03.454+0000] {logging_mixin.py:151} INFO - [2025-04-29T00:04:03.454+0000] {dag.py:2907} INFO - Sync 1 DAGs
[2025-04-29T00:04:03.468+0000] {logging_mixin.py:151} INFO - [2025-04-29T00:04:03.468+0000] {dag.py:3677} INFO - Setting next_dagrun for user_automation to 2025-04-29T00:00:00+00:00, run_after=2025-04-30T00:00:00+00:00
[2025-04-29T00:04:03.495+0000] {processor.py:179} INFO - Processing /opt/airflow/dags/kafka_stream.py took 0.105 seconds
[2025-04-29T00:04:33.720+0000] {processor.py:157} INFO - Started process (PID=3943) to work on /opt/airflow/dags/kafka_stream.py
[2025-04-29T00:04:33.722+0000] {processor.py:829} INFO - Processing file /opt/airflow/dags/kafka_stream.py for tasks to queue
[2025-04-29T00:04:33.723+0000] {logging_mixin.py:151} INFO - [2025-04-29T00:04:33.723+0000] {dagbag.py:539} INFO - Filling up the DagBag from /opt/airflow/dags/kafka_stream.py
[2025-04-29T00:04:33.747+0000] {processor.py:839} INFO - DAG(s) dict_keys(['user_automation']) retrieved from /opt/airflow/dags/kafka_stream.py
[2025-04-29T00:04:33.770+0000] {logging_mixin.py:151} INFO - [2025-04-29T00:04:33.770+0000] {dag.py:2907} INFO - Sync 1 DAGs
[2025-04-29T00:04:33.788+0000] {logging_mixin.py:151} INFO - [2025-04-29T00:04:33.787+0000] {dag.py:3677} INFO - Setting next_dagrun for user_automation to 2025-04-29T00:00:00+00:00, run_after=2025-04-30T00:00:00+00:00
[2025-04-29T00:04:33.807+0000] {processor.py:179} INFO - Processing /opt/airflow/dags/kafka_stream.py took 0.090 seconds
[2025-04-29T00:05:04.133+0000] {processor.py:157} INFO - Started process (PID=3944) to work on /opt/airflow/dags/kafka_stream.py
[2025-04-29T00:05:04.134+0000] {processor.py:829} INFO - Processing file /opt/airflow/dags/kafka_stream.py for tasks to queue
[2025-04-29T00:05:04.136+0000] {logging_mixin.py:151} INFO - [2025-04-29T00:05:04.135+0000] {dagbag.py:539} INFO - Filling up the DagBag from /opt/airflow/dags/kafka_stream.py
[2025-04-29T00:05:04.167+0000] {processor.py:839} INFO - DAG(s) dict_keys(['user_automation']) retrieved from /opt/airflow/dags/kafka_stream.py
[2025-04-29T00:05:04.188+0000] {logging_mixin.py:151} INFO - [2025-04-29T00:05:04.188+0000] {dag.py:2907} INFO - Sync 1 DAGs
[2025-04-29T00:05:04.205+0000] {logging_mixin.py:151} INFO - [2025-04-29T00:05:04.204+0000] {dag.py:3677} INFO - Setting next_dagrun for user_automation to 2025-04-29T00:00:00+00:00, run_after=2025-04-30T00:00:00+00:00
[2025-04-29T00:05:04.224+0000] {processor.py:179} INFO - Processing /opt/airflow/dags/kafka_stream.py took 0.093 seconds
[2025-04-29T00:05:34.466+0000] {processor.py:157} INFO - Started process (PID=3945) to work on /opt/airflow/dags/kafka_stream.py
[2025-04-29T00:05:34.467+0000] {processor.py:829} INFO - Processing file /opt/airflow/dags/kafka_stream.py for tasks to queue
[2025-04-29T00:05:34.469+0000] {logging_mixin.py:151} INFO - [2025-04-29T00:05:34.468+0000] {dagbag.py:539} INFO - Filling up the DagBag from /opt/airflow/dags/kafka_stream.py
[2025-04-29T00:05:34.505+0000] {processor.py:839} INFO - DAG(s) dict_keys(['user_automation']) retrieved from /opt/airflow/dags/kafka_stream.py
[2025-04-29T00:05:34.525+0000] {logging_mixin.py:151} INFO - [2025-04-29T00:05:34.525+0000] {dag.py:2907} INFO - Sync 1 DAGs
[2025-04-29T00:05:34.540+0000] {logging_mixin.py:151} INFO - [2025-04-29T00:05:34.540+0000] {dag.py:3677} INFO - Setting next_dagrun for user_automation to 2025-04-29T00:00:00+00:00, run_after=2025-04-30T00:00:00+00:00
[2025-04-29T00:05:34.561+0000] {processor.py:179} INFO - Processing /opt/airflow/dags/kafka_stream.py took 0.099 seconds
[2025-04-29T00:06:04.905+0000] {processor.py:157} INFO - Started process (PID=3946) to work on /opt/airflow/dags/kafka_stream.py
[2025-04-29T00:06:04.907+0000] {processor.py:829} INFO - Processing file /opt/airflow/dags/kafka_stream.py for tasks to queue
[2025-04-29T00:06:04.908+0000] {logging_mixin.py:151} INFO - [2025-04-29T00:06:04.907+0000] {dagbag.py:539} INFO - Filling up the DagBag from /opt/airflow/dags/kafka_stream.py
[2025-04-29T00:06:04.937+0000] {processor.py:839} INFO - DAG(s) dict_keys(['user_automation']) retrieved from /opt/airflow/dags/kafka_stream.py
[2025-04-29T00:06:04.954+0000] {logging_mixin.py:151} INFO - [2025-04-29T00:06:04.954+0000] {dag.py:2907} INFO - Sync 1 DAGs
[2025-04-29T00:06:04.968+0000] {logging_mixin.py:151} INFO - [2025-04-29T00:06:04.968+0000] {dag.py:3677} INFO - Setting next_dagrun for user_automation to 2025-04-29T00:00:00+00:00, run_after=2025-04-30T00:00:00+00:00
[2025-04-29T00:06:04.994+0000] {processor.py:179} INFO - Processing /opt/airflow/dags/kafka_stream.py took 0.090 seconds
[2025-04-29T00:06:35.247+0000] {processor.py:157} INFO - Started process (PID=3947) to work on /opt/airflow/dags/kafka_stream.py
[2025-04-29T00:06:35.248+0000] {processor.py:829} INFO - Processing file /opt/airflow/dags/kafka_stream.py for tasks to queue
[2025-04-29T00:06:35.250+0000] {logging_mixin.py:151} INFO - [2025-04-29T00:06:35.249+0000] {dagbag.py:539} INFO - Filling up the DagBag from /opt/airflow/dags/kafka_stream.py
[2025-04-29T00:06:35.278+0000] {processor.py:839} INFO - DAG(s) dict_keys(['user_automation']) retrieved from /opt/airflow/dags/kafka_stream.py
[2025-04-29T00:06:35.297+0000] {logging_mixin.py:151} INFO - [2025-04-29T00:06:35.297+0000] {dag.py:2907} INFO - Sync 1 DAGs
[2025-04-29T00:06:35.311+0000] {logging_mixin.py:151} INFO - [2025-04-29T00:06:35.311+0000] {dag.py:3677} INFO - Setting next_dagrun for user_automation to 2025-04-29T00:00:00+00:00, run_after=2025-04-30T00:00:00+00:00
[2025-04-29T00:06:35.340+0000] {processor.py:179} INFO - Processing /opt/airflow/dags/kafka_stream.py took 0.096 seconds
[2025-04-29T00:07:05.612+0000] {processor.py:157} INFO - Started process (PID=3948) to work on /opt/airflow/dags/kafka_stream.py
[2025-04-29T00:07:05.613+0000] {processor.py:829} INFO - Processing file /opt/airflow/dags/kafka_stream.py for tasks to queue
[2025-04-29T00:07:05.614+0000] {logging_mixin.py:151} INFO - [2025-04-29T00:07:05.614+0000] {dagbag.py:539} INFO - Filling up the DagBag from /opt/airflow/dags/kafka_stream.py
[2025-04-29T00:07:05.637+0000] {processor.py:839} INFO - DAG(s) dict_keys(['user_automation']) retrieved from /opt/airflow/dags/kafka_stream.py
[2025-04-29T00:07:05.656+0000] {logging_mixin.py:151} INFO - [2025-04-29T00:07:05.656+0000] {dag.py:2907} INFO - Sync 1 DAGs
[2025-04-29T00:07:05.671+0000] {logging_mixin.py:151} INFO - [2025-04-29T00:07:05.671+0000] {dag.py:3677} INFO - Setting next_dagrun for user_automation to 2025-04-29T00:00:00+00:00, run_after=2025-04-30T00:00:00+00:00
[2025-04-29T00:07:05.696+0000] {processor.py:179} INFO - Processing /opt/airflow/dags/kafka_stream.py took 0.087 seconds
[2025-04-29T00:07:35.962+0000] {processor.py:157} INFO - Started process (PID=3949) to work on /opt/airflow/dags/kafka_stream.py
[2025-04-29T00:07:35.964+0000] {processor.py:829} INFO - Processing file /opt/airflow/dags/kafka_stream.py for tasks to queue
[2025-04-29T00:07:35.965+0000] {logging_mixin.py:151} INFO - [2025-04-29T00:07:35.965+0000] {dagbag.py:539} INFO - Filling up the DagBag from /opt/airflow/dags/kafka_stream.py
[2025-04-29T00:07:35.994+0000] {processor.py:839} INFO - DAG(s) dict_keys(['user_automation']) retrieved from /opt/airflow/dags/kafka_stream.py
[2025-04-29T00:07:36.014+0000] {logging_mixin.py:151} INFO - [2025-04-29T00:07:36.014+0000] {dag.py:2907} INFO - Sync 1 DAGs
[2025-04-29T00:07:36.028+0000] {logging_mixin.py:151} INFO - [2025-04-29T00:07:36.028+0000] {dag.py:3677} INFO - Setting next_dagrun for user_automation to 2025-04-29T00:00:00+00:00, run_after=2025-04-30T00:00:00+00:00
[2025-04-29T00:07:36.053+0000] {processor.py:179} INFO - Processing /opt/airflow/dags/kafka_stream.py took 0.093 seconds
[2025-04-29T00:08:06.293+0000] {processor.py:157} INFO - Started process (PID=3950) to work on /opt/airflow/dags/kafka_stream.py
[2025-04-29T00:08:06.294+0000] {processor.py:829} INFO - Processing file /opt/airflow/dags/kafka_stream.py for tasks to queue
[2025-04-29T00:08:06.296+0000] {logging_mixin.py:151} INFO - [2025-04-29T00:08:06.295+0000] {dagbag.py:539} INFO - Filling up the DagBag from /opt/airflow/dags/kafka_stream.py
[2025-04-29T00:08:06.322+0000] {processor.py:839} INFO - DAG(s) dict_keys(['user_automation']) retrieved from /opt/airflow/dags/kafka_stream.py
[2025-04-29T00:08:06.341+0000] {logging_mixin.py:151} INFO - [2025-04-29T00:08:06.341+0000] {dag.py:2907} INFO - Sync 1 DAGs
[2025-04-29T00:08:06.355+0000] {logging_mixin.py:151} INFO - [2025-04-29T00:08:06.355+0000] {dag.py:3677} INFO - Setting next_dagrun for user_automation to 2025-04-29T00:00:00+00:00, run_after=2025-04-30T00:00:00+00:00
[2025-04-29T00:08:06.382+0000] {processor.py:179} INFO - Processing /opt/airflow/dags/kafka_stream.py took 0.093 seconds
[2025-04-29T00:08:36.676+0000] {processor.py:157} INFO - Started process (PID=3951) to work on /opt/airflow/dags/kafka_stream.py
[2025-04-29T00:08:36.678+0000] {processor.py:829} INFO - Processing file /opt/airflow/dags/kafka_stream.py for tasks to queue
[2025-04-29T00:08:36.679+0000] {logging_mixin.py:151} INFO - [2025-04-29T00:08:36.678+0000] {dagbag.py:539} INFO - Filling up the DagBag from /opt/airflow/dags/kafka_stream.py
[2025-04-29T00:08:36.706+0000] {processor.py:839} INFO - DAG(s) dict_keys(['user_automation']) retrieved from /opt/airflow/dags/kafka_stream.py
[2025-04-29T00:08:36.725+0000] {logging_mixin.py:151} INFO - [2025-04-29T00:08:36.725+0000] {dag.py:2907} INFO - Sync 1 DAGs
[2025-04-29T00:08:36.739+0000] {logging_mixin.py:151} INFO - [2025-04-29T00:08:36.739+0000] {dag.py:3677} INFO - Setting next_dagrun for user_automation to 2025-04-29T00:00:00+00:00, run_after=2025-04-30T00:00:00+00:00
[2025-04-29T00:08:36.760+0000] {processor.py:179} INFO - Processing /opt/airflow/dags/kafka_stream.py took 0.086 seconds
[2025-04-29T00:09:07.037+0000] {processor.py:157} INFO - Started process (PID=3952) to work on /opt/airflow/dags/kafka_stream.py
[2025-04-29T00:09:07.039+0000] {processor.py:829} INFO - Processing file /opt/airflow/dags/kafka_stream.py for tasks to queue
[2025-04-29T00:09:07.040+0000] {logging_mixin.py:151} INFO - [2025-04-29T00:09:07.040+0000] {dagbag.py:539} INFO - Filling up the DagBag from /opt/airflow/dags/kafka_stream.py
[2025-04-29T00:09:07.063+0000] {processor.py:839} INFO - DAG(s) dict_keys(['user_automation']) retrieved from /opt/airflow/dags/kafka_stream.py
[2025-04-29T00:09:07.086+0000] {logging_mixin.py:151} INFO - [2025-04-29T00:09:07.086+0000] {dag.py:2907} INFO - Sync 1 DAGs
[2025-04-29T00:09:07.102+0000] {logging_mixin.py:151} INFO - [2025-04-29T00:09:07.102+0000] {dag.py:3677} INFO - Setting next_dagrun for user_automation to 2025-04-29T00:00:00+00:00, run_after=2025-04-30T00:00:00+00:00
[2025-04-29T00:09:07.127+0000] {processor.py:179} INFO - Processing /opt/airflow/dags/kafka_stream.py took 0.095 seconds
[2025-04-29T00:09:37.404+0000] {processor.py:157} INFO - Started process (PID=3953) to work on /opt/airflow/dags/kafka_stream.py
[2025-04-29T00:09:37.406+0000] {processor.py:829} INFO - Processing file /opt/airflow/dags/kafka_stream.py for tasks to queue
[2025-04-29T00:09:37.407+0000] {logging_mixin.py:151} INFO - [2025-04-29T00:09:37.407+0000] {dagbag.py:539} INFO - Filling up the DagBag from /opt/airflow/dags/kafka_stream.py
[2025-04-29T00:09:37.434+0000] {processor.py:839} INFO - DAG(s) dict_keys(['user_automation']) retrieved from /opt/airflow/dags/kafka_stream.py
[2025-04-29T00:09:37.454+0000] {logging_mixin.py:151} INFO - [2025-04-29T00:09:37.454+0000] {dag.py:2907} INFO - Sync 1 DAGs
[2025-04-29T00:09:37.468+0000] {logging_mixin.py:151} INFO - [2025-04-29T00:09:37.468+0000] {dag.py:3677} INFO - Setting next_dagrun for user_automation to 2025-04-29T00:00:00+00:00, run_after=2025-04-30T00:00:00+00:00
[2025-04-29T00:09:37.497+0000] {processor.py:179} INFO - Processing /opt/airflow/dags/kafka_stream.py took 0.097 seconds
[2025-04-29T00:10:07.769+0000] {processor.py:157} INFO - Started process (PID=3954) to work on /opt/airflow/dags/kafka_stream.py
[2025-04-29T00:10:07.770+0000] {processor.py:829} INFO - Processing file /opt/airflow/dags/kafka_stream.py for tasks to queue
[2025-04-29T00:10:07.772+0000] {logging_mixin.py:151} INFO - [2025-04-29T00:10:07.771+0000] {dagbag.py:539} INFO - Filling up the DagBag from /opt/airflow/dags/kafka_stream.py
[2025-04-29T00:10:07.799+0000] {processor.py:839} INFO - DAG(s) dict_keys(['user_automation']) retrieved from /opt/airflow/dags/kafka_stream.py
[2025-04-29T00:10:07.818+0000] {logging_mixin.py:151} INFO - [2025-04-29T00:10:07.817+0000] {dag.py:2907} INFO - Sync 1 DAGs
[2025-04-29T00:10:07.831+0000] {logging_mixin.py:151} INFO - [2025-04-29T00:10:07.831+0000] {dag.py:3677} INFO - Setting next_dagrun for user_automation to 2025-04-29T00:00:00+00:00, run_after=2025-04-30T00:00:00+00:00
[2025-04-29T00:10:07.859+0000] {processor.py:179} INFO - Processing /opt/airflow/dags/kafka_stream.py took 0.093 seconds
[2025-04-29T00:10:38.144+0000] {processor.py:157} INFO - Started process (PID=3955) to work on /opt/airflow/dags/kafka_stream.py
[2025-04-29T00:10:38.146+0000] {processor.py:829} INFO - Processing file /opt/airflow/dags/kafka_stream.py for tasks to queue
[2025-04-29T00:10:38.149+0000] {logging_mixin.py:151} INFO - [2025-04-29T00:10:38.149+0000] {dagbag.py:539} INFO - Filling up the DagBag from /opt/airflow/dags/kafka_stream.py
[2025-04-29T00:10:38.190+0000] {processor.py:839} INFO - DAG(s) dict_keys(['user_automation']) retrieved from /opt/airflow/dags/kafka_stream.py
[2025-04-29T00:10:38.209+0000] {logging_mixin.py:151} INFO - [2025-04-29T00:10:38.209+0000] {dag.py:2907} INFO - Sync 1 DAGs
[2025-04-29T00:10:38.222+0000] {logging_mixin.py:151} INFO - [2025-04-29T00:10:38.222+0000] {dag.py:3677} INFO - Setting next_dagrun for user_automation to 2025-04-29T00:00:00+00:00, run_after=2025-04-30T00:00:00+00:00
[2025-04-29T00:10:38.241+0000] {processor.py:179} INFO - Processing /opt/airflow/dags/kafka_stream.py took 0.100 seconds
[2025-04-29T00:11:08.569+0000] {processor.py:157} INFO - Started process (PID=3956) to work on /opt/airflow/dags/kafka_stream.py
[2025-04-29T00:11:08.571+0000] {processor.py:829} INFO - Processing file /opt/airflow/dags/kafka_stream.py for tasks to queue
[2025-04-29T00:11:08.573+0000] {logging_mixin.py:151} INFO - [2025-04-29T00:11:08.572+0000] {dagbag.py:539} INFO - Filling up the DagBag from /opt/airflow/dags/kafka_stream.py
[2025-04-29T00:11:08.624+0000] {processor.py:839} INFO - DAG(s) dict_keys(['user_automation']) retrieved from /opt/airflow/dags/kafka_stream.py
[2025-04-29T00:11:08.644+0000] {logging_mixin.py:151} INFO - [2025-04-29T00:11:08.644+0000] {dag.py:2907} INFO - Sync 1 DAGs
[2025-04-29T00:11:08.659+0000] {logging_mixin.py:151} INFO - [2025-04-29T00:11:08.659+0000] {dag.py:3677} INFO - Setting next_dagrun for user_automation to 2025-04-29T00:00:00+00:00, run_after=2025-04-30T00:00:00+00:00
[2025-04-29T00:11:08.678+0000] {processor.py:179} INFO - Processing /opt/airflow/dags/kafka_stream.py took 0.112 seconds
[2025-04-29T00:11:38.910+0000] {processor.py:157} INFO - Started process (PID=3957) to work on /opt/airflow/dags/kafka_stream.py
[2025-04-29T00:11:38.912+0000] {processor.py:829} INFO - Processing file /opt/airflow/dags/kafka_stream.py for tasks to queue
[2025-04-29T00:11:38.913+0000] {logging_mixin.py:151} INFO - [2025-04-29T00:11:38.913+0000] {dagbag.py:539} INFO - Filling up the DagBag from /opt/airflow/dags/kafka_stream.py
[2025-04-29T00:11:38.954+0000] {processor.py:839} INFO - DAG(s) dict_keys(['user_automation']) retrieved from /opt/airflow/dags/kafka_stream.py
[2025-04-29T00:11:38.973+0000] {logging_mixin.py:151} INFO - [2025-04-29T00:11:38.973+0000] {dag.py:2907} INFO - Sync 1 DAGs
[2025-04-29T00:11:38.988+0000] {logging_mixin.py:151} INFO - [2025-04-29T00:11:38.987+0000] {dag.py:3677} INFO - Setting next_dagrun for user_automation to 2025-04-29T00:00:00+00:00, run_after=2025-04-30T00:00:00+00:00
[2025-04-29T00:11:39.008+0000] {processor.py:179} INFO - Processing /opt/airflow/dags/kafka_stream.py took 0.103 seconds
[2025-04-29T00:12:09.308+0000] {processor.py:157} INFO - Started process (PID=3958) to work on /opt/airflow/dags/kafka_stream.py
[2025-04-29T00:12:09.310+0000] {processor.py:829} INFO - Processing file /opt/airflow/dags/kafka_stream.py for tasks to queue
[2025-04-29T00:12:09.311+0000] {logging_mixin.py:151} INFO - [2025-04-29T00:12:09.311+0000] {dagbag.py:539} INFO - Filling up the DagBag from /opt/airflow/dags/kafka_stream.py
[2025-04-29T00:12:09.348+0000] {processor.py:839} INFO - DAG(s) dict_keys(['user_automation']) retrieved from /opt/airflow/dags/kafka_stream.py
[2025-04-29T00:12:09.368+0000] {logging_mixin.py:151} INFO - [2025-04-29T00:12:09.367+0000] {dag.py:2907} INFO - Sync 1 DAGs
[2025-04-29T00:12:09.383+0000] {logging_mixin.py:151} INFO - [2025-04-29T00:12:09.382+0000] {dag.py:3677} INFO - Setting next_dagrun for user_automation to 2025-04-29T00:00:00+00:00, run_after=2025-04-30T00:00:00+00:00
[2025-04-29T00:12:09.403+0000] {processor.py:179} INFO - Processing /opt/airflow/dags/kafka_stream.py took 0.098 seconds
[2025-04-29T00:12:39.653+0000] {processor.py:157} INFO - Started process (PID=3959) to work on /opt/airflow/dags/kafka_stream.py
[2025-04-29T00:12:39.655+0000] {processor.py:829} INFO - Processing file /opt/airflow/dags/kafka_stream.py for tasks to queue
[2025-04-29T00:12:39.656+0000] {logging_mixin.py:151} INFO - [2025-04-29T00:12:39.656+0000] {dagbag.py:539} INFO - Filling up the DagBag from /opt/airflow/dags/kafka_stream.py
[2025-04-29T00:12:39.688+0000] {processor.py:839} INFO - DAG(s) dict_keys(['user_automation']) retrieved from /opt/airflow/dags/kafka_stream.py
[2025-04-29T00:12:39.706+0000] {logging_mixin.py:151} INFO - [2025-04-29T00:12:39.706+0000] {dag.py:2907} INFO - Sync 1 DAGs
[2025-04-29T00:12:39.719+0000] {logging_mixin.py:151} INFO - [2025-04-29T00:12:39.719+0000] {dag.py:3677} INFO - Setting next_dagrun for user_automation to 2025-04-29T00:00:00+00:00, run_after=2025-04-30T00:00:00+00:00
[2025-04-29T00:12:39.737+0000] {processor.py:179} INFO - Processing /opt/airflow/dags/kafka_stream.py took 0.086 seconds
[2025-04-29T00:13:10.042+0000] {processor.py:157} INFO - Started process (PID=3960) to work on /opt/airflow/dags/kafka_stream.py
[2025-04-29T00:13:10.043+0000] {processor.py:829} INFO - Processing file /opt/airflow/dags/kafka_stream.py for tasks to queue
[2025-04-29T00:13:10.045+0000] {logging_mixin.py:151} INFO - [2025-04-29T00:13:10.044+0000] {dagbag.py:539} INFO - Filling up the DagBag from /opt/airflow/dags/kafka_stream.py
[2025-04-29T00:13:10.075+0000] {processor.py:839} INFO - DAG(s) dict_keys(['user_automation']) retrieved from /opt/airflow/dags/kafka_stream.py
[2025-04-29T00:13:10.096+0000] {logging_mixin.py:151} INFO - [2025-04-29T00:13:10.096+0000] {dag.py:2907} INFO - Sync 1 DAGs
[2025-04-29T00:13:10.110+0000] {logging_mixin.py:151} INFO - [2025-04-29T00:13:10.110+0000] {dag.py:3677} INFO - Setting next_dagrun for user_automation to 2025-04-29T00:00:00+00:00, run_after=2025-04-30T00:00:00+00:00
[2025-04-29T00:13:10.131+0000] {processor.py:179} INFO - Processing /opt/airflow/dags/kafka_stream.py took 0.092 seconds
[2025-04-29T00:13:40.384+0000] {processor.py:157} INFO - Started process (PID=3961) to work on /opt/airflow/dags/kafka_stream.py
[2025-04-29T00:13:40.385+0000] {processor.py:829} INFO - Processing file /opt/airflow/dags/kafka_stream.py for tasks to queue
[2025-04-29T00:13:40.386+0000] {logging_mixin.py:151} INFO - [2025-04-29T00:13:40.386+0000] {dagbag.py:539} INFO - Filling up the DagBag from /opt/airflow/dags/kafka_stream.py
[2025-04-29T00:13:40.410+0000] {processor.py:839} INFO - DAG(s) dict_keys(['user_automation']) retrieved from /opt/airflow/dags/kafka_stream.py
[2025-04-29T00:13:40.429+0000] {logging_mixin.py:151} INFO - [2025-04-29T00:13:40.429+0000] {dag.py:2907} INFO - Sync 1 DAGs
[2025-04-29T00:13:40.443+0000] {logging_mixin.py:151} INFO - [2025-04-29T00:13:40.443+0000] {dag.py:3677} INFO - Setting next_dagrun for user_automation to 2025-04-29T00:00:00+00:00, run_after=2025-04-30T00:00:00+00:00
[2025-04-29T00:13:40.472+0000] {processor.py:179} INFO - Processing /opt/airflow/dags/kafka_stream.py took 0.091 seconds
[2025-04-29T00:14:10.731+0000] {processor.py:157} INFO - Started process (PID=3962) to work on /opt/airflow/dags/kafka_stream.py
[2025-04-29T00:14:10.732+0000] {processor.py:829} INFO - Processing file /opt/airflow/dags/kafka_stream.py for tasks to queue
[2025-04-29T00:14:10.734+0000] {logging_mixin.py:151} INFO - [2025-04-29T00:14:10.733+0000] {dagbag.py:539} INFO - Filling up the DagBag from /opt/airflow/dags/kafka_stream.py
[2025-04-29T00:14:10.765+0000] {processor.py:839} INFO - DAG(s) dict_keys(['user_automation']) retrieved from /opt/airflow/dags/kafka_stream.py
[2025-04-29T00:14:10.784+0000] {logging_mixin.py:151} INFO - [2025-04-29T00:14:10.784+0000] {dag.py:2907} INFO - Sync 1 DAGs
[2025-04-29T00:14:10.799+0000] {logging_mixin.py:151} INFO - [2025-04-29T00:14:10.798+0000] {dag.py:3677} INFO - Setting next_dagrun for user_automation to 2025-04-29T00:00:00+00:00, run_after=2025-04-30T00:00:00+00:00
[2025-04-29T00:14:10.828+0000] {processor.py:179} INFO - Processing /opt/airflow/dags/kafka_stream.py took 0.100 seconds
[2025-04-29T00:14:41.105+0000] {processor.py:157} INFO - Started process (PID=3963) to work on /opt/airflow/dags/kafka_stream.py
[2025-04-29T00:14:41.106+0000] {processor.py:829} INFO - Processing file /opt/airflow/dags/kafka_stream.py for tasks to queue
[2025-04-29T00:14:41.108+0000] {logging_mixin.py:151} INFO - [2025-04-29T00:14:41.107+0000] {dagbag.py:539} INFO - Filling up the DagBag from /opt/airflow/dags/kafka_stream.py
[2025-04-29T00:14:41.130+0000] {processor.py:839} INFO - DAG(s) dict_keys(['user_automation']) retrieved from /opt/airflow/dags/kafka_stream.py
[2025-04-29T00:14:41.149+0000] {logging_mixin.py:151} INFO - [2025-04-29T00:14:41.149+0000] {dag.py:2907} INFO - Sync 1 DAGs
[2025-04-29T00:14:41.163+0000] {logging_mixin.py:151} INFO - [2025-04-29T00:14:41.163+0000] {dag.py:3677} INFO - Setting next_dagrun for user_automation to 2025-04-29T00:00:00+00:00, run_after=2025-04-30T00:00:00+00:00
[2025-04-29T00:14:41.180+0000] {processor.py:179} INFO - Processing /opt/airflow/dags/kafka_stream.py took 0.078 seconds
[2025-04-29T00:15:11.464+0000] {processor.py:157} INFO - Started process (PID=3964) to work on /opt/airflow/dags/kafka_stream.py
[2025-04-29T00:15:11.465+0000] {processor.py:829} INFO - Processing file /opt/airflow/dags/kafka_stream.py for tasks to queue
[2025-04-29T00:15:11.466+0000] {logging_mixin.py:151} INFO - [2025-04-29T00:15:11.466+0000] {dagbag.py:539} INFO - Filling up the DagBag from /opt/airflow/dags/kafka_stream.py
[2025-04-29T00:15:11.499+0000] {processor.py:839} INFO - DAG(s) dict_keys(['user_automation']) retrieved from /opt/airflow/dags/kafka_stream.py
[2025-04-29T00:15:11.519+0000] {logging_mixin.py:151} INFO - [2025-04-29T00:15:11.519+0000] {dag.py:2907} INFO - Sync 1 DAGs
[2025-04-29T00:15:11.533+0000] {logging_mixin.py:151} INFO - [2025-04-29T00:15:11.533+0000] {dag.py:3677} INFO - Setting next_dagrun for user_automation to 2025-04-29T00:00:00+00:00, run_after=2025-04-30T00:00:00+00:00
[2025-04-29T00:15:11.561+0000] {processor.py:179} INFO - Processing /opt/airflow/dags/kafka_stream.py took 0.100 seconds
[2025-04-29T00:15:41.831+0000] {processor.py:157} INFO - Started process (PID=3965) to work on /opt/airflow/dags/kafka_stream.py
[2025-04-29T00:15:41.832+0000] {processor.py:829} INFO - Processing file /opt/airflow/dags/kafka_stream.py for tasks to queue
[2025-04-29T00:15:41.834+0000] {logging_mixin.py:151} INFO - [2025-04-29T00:15:41.833+0000] {dagbag.py:539} INFO - Filling up the DagBag from /opt/airflow/dags/kafka_stream.py
[2025-04-29T00:15:41.862+0000] {processor.py:839} INFO - DAG(s) dict_keys(['user_automation']) retrieved from /opt/airflow/dags/kafka_stream.py
[2025-04-29T00:15:41.881+0000] {logging_mixin.py:151} INFO - [2025-04-29T00:15:41.881+0000] {dag.py:2907} INFO - Sync 1 DAGs
[2025-04-29T00:15:41.897+0000] {logging_mixin.py:151} INFO - [2025-04-29T00:15:41.897+0000] {dag.py:3677} INFO - Setting next_dagrun for user_automation to 2025-04-29T00:00:00+00:00, run_after=2025-04-30T00:00:00+00:00
[2025-04-29T00:15:41.915+0000] {processor.py:179} INFO - Processing /opt/airflow/dags/kafka_stream.py took 0.087 seconds
[2025-04-29T00:16:12.182+0000] {processor.py:157} INFO - Started process (PID=3966) to work on /opt/airflow/dags/kafka_stream.py
[2025-04-29T00:16:12.183+0000] {processor.py:829} INFO - Processing file /opt/airflow/dags/kafka_stream.py for tasks to queue
[2025-04-29T00:16:12.184+0000] {logging_mixin.py:151} INFO - [2025-04-29T00:16:12.184+0000] {dagbag.py:539} INFO - Filling up the DagBag from /opt/airflow/dags/kafka_stream.py
[2025-04-29T00:16:12.213+0000] {processor.py:839} INFO - DAG(s) dict_keys(['user_automation']) retrieved from /opt/airflow/dags/kafka_stream.py
[2025-04-29T00:16:12.236+0000] {logging_mixin.py:151} INFO - [2025-04-29T00:16:12.236+0000] {dag.py:2907} INFO - Sync 1 DAGs
[2025-04-29T00:16:12.252+0000] {logging_mixin.py:151} INFO - [2025-04-29T00:16:12.252+0000] {dag.py:3677} INFO - Setting next_dagrun for user_automation to 2025-04-29T00:00:00+00:00, run_after=2025-04-30T00:00:00+00:00
[2025-04-29T00:16:12.282+0000] {processor.py:179} INFO - Processing /opt/airflow/dags/kafka_stream.py took 0.103 seconds
[2025-04-29T00:16:42.534+0000] {processor.py:157} INFO - Started process (PID=3967) to work on /opt/airflow/dags/kafka_stream.py
[2025-04-29T00:16:42.535+0000] {processor.py:829} INFO - Processing file /opt/airflow/dags/kafka_stream.py for tasks to queue
[2025-04-29T00:16:42.536+0000] {logging_mixin.py:151} INFO - [2025-04-29T00:16:42.536+0000] {dagbag.py:539} INFO - Filling up the DagBag from /opt/airflow/dags/kafka_stream.py
[2025-04-29T00:16:42.566+0000] {processor.py:839} INFO - DAG(s) dict_keys(['user_automation']) retrieved from /opt/airflow/dags/kafka_stream.py
[2025-04-29T00:16:42.586+0000] {logging_mixin.py:151} INFO - [2025-04-29T00:16:42.586+0000] {dag.py:2907} INFO - Sync 1 DAGs
[2025-04-29T00:16:42.602+0000] {logging_mixin.py:151} INFO - [2025-04-29T00:16:42.601+0000] {dag.py:3677} INFO - Setting next_dagrun for user_automation to 2025-04-29T00:00:00+00:00, run_after=2025-04-30T00:00:00+00:00
[2025-04-29T00:16:42.623+0000] {processor.py:179} INFO - Processing /opt/airflow/dags/kafka_stream.py took 0.093 seconds
[2025-04-29T00:17:12.894+0000] {processor.py:157} INFO - Started process (PID=3968) to work on /opt/airflow/dags/kafka_stream.py
[2025-04-29T00:17:12.895+0000] {processor.py:829} INFO - Processing file /opt/airflow/dags/kafka_stream.py for tasks to queue
[2025-04-29T00:17:12.896+0000] {logging_mixin.py:151} INFO - [2025-04-29T00:17:12.896+0000] {dagbag.py:539} INFO - Filling up the DagBag from /opt/airflow/dags/kafka_stream.py
[2025-04-29T00:17:12.921+0000] {processor.py:839} INFO - DAG(s) dict_keys(['user_automation']) retrieved from /opt/airflow/dags/kafka_stream.py
[2025-04-29T00:17:12.940+0000] {logging_mixin.py:151} INFO - [2025-04-29T00:17:12.940+0000] {dag.py:2907} INFO - Sync 1 DAGs
[2025-04-29T00:17:12.954+0000] {logging_mixin.py:151} INFO - [2025-04-29T00:17:12.954+0000] {dag.py:3677} INFO - Setting next_dagrun for user_automation to 2025-04-29T00:00:00+00:00, run_after=2025-04-30T00:00:00+00:00
[2025-04-29T00:17:12.983+0000] {processor.py:179} INFO - Processing /opt/airflow/dags/kafka_stream.py took 0.091 seconds
[2025-04-29T00:17:43.237+0000] {processor.py:157} INFO - Started process (PID=3969) to work on /opt/airflow/dags/kafka_stream.py
[2025-04-29T00:17:43.238+0000] {processor.py:829} INFO - Processing file /opt/airflow/dags/kafka_stream.py for tasks to queue
[2025-04-29T00:17:43.239+0000] {logging_mixin.py:151} INFO - [2025-04-29T00:17:43.239+0000] {dagbag.py:539} INFO - Filling up the DagBag from /opt/airflow/dags/kafka_stream.py
[2025-04-29T00:17:43.265+0000] {processor.py:839} INFO - DAG(s) dict_keys(['user_automation']) retrieved from /opt/airflow/dags/kafka_stream.py
[2025-04-29T00:17:43.288+0000] {logging_mixin.py:151} INFO - [2025-04-29T00:17:43.288+0000] {dag.py:2907} INFO - Sync 1 DAGs
[2025-04-29T00:17:43.302+0000] {logging_mixin.py:151} INFO - [2025-04-29T00:17:43.302+0000] {dag.py:3677} INFO - Setting next_dagrun for user_automation to 2025-04-29T00:00:00+00:00, run_after=2025-04-30T00:00:00+00:00
[2025-04-29T00:17:43.331+0000] {processor.py:179} INFO - Processing /opt/airflow/dags/kafka_stream.py took 0.097 seconds
[2025-04-29T00:18:13.595+0000] {processor.py:157} INFO - Started process (PID=3970) to work on /opt/airflow/dags/kafka_stream.py
[2025-04-29T00:18:13.596+0000] {processor.py:829} INFO - Processing file /opt/airflow/dags/kafka_stream.py for tasks to queue
[2025-04-29T00:18:13.597+0000] {logging_mixin.py:151} INFO - [2025-04-29T00:18:13.597+0000] {dagbag.py:539} INFO - Filling up the DagBag from /opt/airflow/dags/kafka_stream.py
[2025-04-29T00:18:13.623+0000] {processor.py:839} INFO - DAG(s) dict_keys(['user_automation']) retrieved from /opt/airflow/dags/kafka_stream.py
[2025-04-29T00:18:13.642+0000] {logging_mixin.py:151} INFO - [2025-04-29T00:18:13.642+0000] {dag.py:2907} INFO - Sync 1 DAGs
[2025-04-29T00:18:13.656+0000] {logging_mixin.py:151} INFO - [2025-04-29T00:18:13.655+0000] {dag.py:3677} INFO - Setting next_dagrun for user_automation to 2025-04-29T00:00:00+00:00, run_after=2025-04-30T00:00:00+00:00
[2025-04-29T00:18:13.677+0000] {processor.py:179} INFO - Processing /opt/airflow/dags/kafka_stream.py took 0.085 seconds
[2025-04-29T00:18:43.973+0000] {processor.py:157} INFO - Started process (PID=3971) to work on /opt/airflow/dags/kafka_stream.py
[2025-04-29T00:18:43.974+0000] {processor.py:829} INFO - Processing file /opt/airflow/dags/kafka_stream.py for tasks to queue
[2025-04-29T00:18:43.975+0000] {logging_mixin.py:151} INFO - [2025-04-29T00:18:43.975+0000] {dagbag.py:539} INFO - Filling up the DagBag from /opt/airflow/dags/kafka_stream.py
[2025-04-29T00:18:44.010+0000] {processor.py:839} INFO - DAG(s) dict_keys(['user_automation']) retrieved from /opt/airflow/dags/kafka_stream.py
[2025-04-29T00:18:44.030+0000] {logging_mixin.py:151} INFO - [2025-04-29T00:18:44.030+0000] {dag.py:2907} INFO - Sync 1 DAGs
[2025-04-29T00:18:44.044+0000] {logging_mixin.py:151} INFO - [2025-04-29T00:18:44.044+0000] {dag.py:3677} INFO - Setting next_dagrun for user_automation to 2025-04-29T00:00:00+00:00, run_after=2025-04-30T00:00:00+00:00
[2025-04-29T00:18:44.071+0000] {processor.py:179} INFO - Processing /opt/airflow/dags/kafka_stream.py took 0.101 seconds
[2025-04-29T00:19:14.323+0000] {processor.py:157} INFO - Started process (PID=3972) to work on /opt/airflow/dags/kafka_stream.py
[2025-04-29T00:19:14.324+0000] {processor.py:829} INFO - Processing file /opt/airflow/dags/kafka_stream.py for tasks to queue
[2025-04-29T00:19:14.325+0000] {logging_mixin.py:151} INFO - [2025-04-29T00:19:14.325+0000] {dagbag.py:539} INFO - Filling up the DagBag from /opt/airflow/dags/kafka_stream.py
[2025-04-29T00:19:14.353+0000] {processor.py:839} INFO - DAG(s) dict_keys(['user_automation']) retrieved from /opt/airflow/dags/kafka_stream.py
[2025-04-29T00:19:14.373+0000] {logging_mixin.py:151} INFO - [2025-04-29T00:19:14.372+0000] {dag.py:2907} INFO - Sync 1 DAGs
[2025-04-29T00:19:14.388+0000] {logging_mixin.py:151} INFO - [2025-04-29T00:19:14.387+0000] {dag.py:3677} INFO - Setting next_dagrun for user_automation to 2025-04-29T00:00:00+00:00, run_after=2025-04-30T00:00:00+00:00
[2025-04-29T00:19:14.415+0000] {processor.py:179} INFO - Processing /opt/airflow/dags/kafka_stream.py took 0.095 seconds
[2025-04-29T00:19:44.686+0000] {processor.py:157} INFO - Started process (PID=3973) to work on /opt/airflow/dags/kafka_stream.py
[2025-04-29T00:19:44.688+0000] {processor.py:829} INFO - Processing file /opt/airflow/dags/kafka_stream.py for tasks to queue
[2025-04-29T00:19:44.689+0000] {logging_mixin.py:151} INFO - [2025-04-29T00:19:44.689+0000] {dagbag.py:539} INFO - Filling up the DagBag from /opt/airflow/dags/kafka_stream.py
[2025-04-29T00:19:44.722+0000] {processor.py:839} INFO - DAG(s) dict_keys(['user_automation']) retrieved from /opt/airflow/dags/kafka_stream.py
[2025-04-29T00:19:44.745+0000] {logging_mixin.py:151} INFO - [2025-04-29T00:19:44.745+0000] {dag.py:2907} INFO - Sync 1 DAGs
[2025-04-29T00:19:44.764+0000] {logging_mixin.py:151} INFO - [2025-04-29T00:19:44.763+0000] {dag.py:3677} INFO - Setting next_dagrun for user_automation to 2025-04-29T00:00:00+00:00, run_after=2025-04-30T00:00:00+00:00
[2025-04-29T00:19:44.792+0000] {processor.py:179} INFO - Processing /opt/airflow/dags/kafka_stream.py took 0.108 seconds
[2025-04-29T00:20:15.023+0000] {processor.py:157} INFO - Started process (PID=3974) to work on /opt/airflow/dags/kafka_stream.py
[2025-04-29T00:20:15.024+0000] {processor.py:829} INFO - Processing file /opt/airflow/dags/kafka_stream.py for tasks to queue
[2025-04-29T00:20:15.026+0000] {logging_mixin.py:151} INFO - [2025-04-29T00:20:15.025+0000] {dagbag.py:539} INFO - Filling up the DagBag from /opt/airflow/dags/kafka_stream.py
[2025-04-29T00:20:15.057+0000] {processor.py:839} INFO - DAG(s) dict_keys(['user_automation']) retrieved from /opt/airflow/dags/kafka_stream.py
[2025-04-29T00:20:15.080+0000] {logging_mixin.py:151} INFO - [2025-04-29T00:20:15.080+0000] {dag.py:2907} INFO - Sync 1 DAGs
[2025-04-29T00:20:15.096+0000] {logging_mixin.py:151} INFO - [2025-04-29T00:20:15.096+0000] {dag.py:3677} INFO - Setting next_dagrun for user_automation to 2025-04-29T00:00:00+00:00, run_after=2025-04-30T00:00:00+00:00
[2025-04-29T00:20:15.114+0000] {processor.py:179} INFO - Processing /opt/airflow/dags/kafka_stream.py took 0.095 seconds
[2025-04-29T00:20:45.508+0000] {processor.py:157} INFO - Started process (PID=3975) to work on /opt/airflow/dags/kafka_stream.py
[2025-04-29T00:20:45.509+0000] {processor.py:829} INFO - Processing file /opt/airflow/dags/kafka_stream.py for tasks to queue
[2025-04-29T00:20:45.510+0000] {logging_mixin.py:151} INFO - [2025-04-29T00:20:45.510+0000] {dagbag.py:539} INFO - Filling up the DagBag from /opt/airflow/dags/kafka_stream.py
[2025-04-29T00:20:45.539+0000] {processor.py:839} INFO - DAG(s) dict_keys(['user_automation']) retrieved from /opt/airflow/dags/kafka_stream.py
[2025-04-29T00:20:45.560+0000] {logging_mixin.py:151} INFO - [2025-04-29T00:20:45.560+0000] {dag.py:2907} INFO - Sync 1 DAGs
[2025-04-29T00:20:45.575+0000] {logging_mixin.py:151} INFO - [2025-04-29T00:20:45.575+0000] {dag.py:3677} INFO - Setting next_dagrun for user_automation to 2025-04-29T00:00:00+00:00, run_after=2025-04-30T00:00:00+00:00
[2025-04-29T00:20:45.604+0000] {processor.py:179} INFO - Processing /opt/airflow/dags/kafka_stream.py took 0.099 seconds
[2025-04-29T00:21:15.875+0000] {processor.py:157} INFO - Started process (PID=3976) to work on /opt/airflow/dags/kafka_stream.py
[2025-04-29T00:21:15.876+0000] {processor.py:829} INFO - Processing file /opt/airflow/dags/kafka_stream.py for tasks to queue
[2025-04-29T00:21:15.878+0000] {logging_mixin.py:151} INFO - [2025-04-29T00:21:15.878+0000] {dagbag.py:539} INFO - Filling up the DagBag from /opt/airflow/dags/kafka_stream.py
[2025-04-29T00:21:15.925+0000] {processor.py:839} INFO - DAG(s) dict_keys(['user_automation']) retrieved from /opt/airflow/dags/kafka_stream.py
[2025-04-29T00:21:15.947+0000] {logging_mixin.py:151} INFO - [2025-04-29T00:21:15.947+0000] {dag.py:2907} INFO - Sync 1 DAGs
[2025-04-29T00:21:15.964+0000] {logging_mixin.py:151} INFO - [2025-04-29T00:21:15.964+0000] {dag.py:3677} INFO - Setting next_dagrun for user_automation to 2025-04-29T00:00:00+00:00, run_after=2025-04-30T00:00:00+00:00
[2025-04-29T00:21:15.985+0000] {processor.py:179} INFO - Processing /opt/airflow/dags/kafka_stream.py took 0.114 seconds
[2025-04-29T00:21:46.250+0000] {processor.py:157} INFO - Started process (PID=3977) to work on /opt/airflow/dags/kafka_stream.py
[2025-04-29T00:21:46.251+0000] {processor.py:829} INFO - Processing file /opt/airflow/dags/kafka_stream.py for tasks to queue
[2025-04-29T00:21:46.253+0000] {logging_mixin.py:151} INFO - [2025-04-29T00:21:46.253+0000] {dagbag.py:539} INFO - Filling up the DagBag from /opt/airflow/dags/kafka_stream.py
[2025-04-29T00:21:46.280+0000] {processor.py:839} INFO - DAG(s) dict_keys(['user_automation']) retrieved from /opt/airflow/dags/kafka_stream.py
[2025-04-29T00:21:46.301+0000] {logging_mixin.py:151} INFO - [2025-04-29T00:21:46.300+0000] {dag.py:2907} INFO - Sync 1 DAGs
[2025-04-29T00:21:46.316+0000] {logging_mixin.py:151} INFO - [2025-04-29T00:21:46.316+0000] {dag.py:3677} INFO - Setting next_dagrun for user_automation to 2025-04-29T00:00:00+00:00, run_after=2025-04-30T00:00:00+00:00
[2025-04-29T00:21:46.347+0000] {processor.py:179} INFO - Processing /opt/airflow/dags/kafka_stream.py took 0.100 seconds
[2025-04-29T00:22:16.640+0000] {processor.py:157} INFO - Started process (PID=3978) to work on /opt/airflow/dags/kafka_stream.py
[2025-04-29T00:22:16.642+0000] {processor.py:829} INFO - Processing file /opt/airflow/dags/kafka_stream.py for tasks to queue
[2025-04-29T00:22:16.643+0000] {logging_mixin.py:151} INFO - [2025-04-29T00:22:16.642+0000] {dagbag.py:539} INFO - Filling up the DagBag from /opt/airflow/dags/kafka_stream.py
[2025-04-29T00:22:16.676+0000] {processor.py:839} INFO - DAG(s) dict_keys(['user_automation']) retrieved from /opt/airflow/dags/kafka_stream.py
[2025-04-29T00:22:16.701+0000] {logging_mixin.py:151} INFO - [2025-04-29T00:22:16.700+0000] {dag.py:2907} INFO - Sync 1 DAGs
[2025-04-29T00:22:16.719+0000] {logging_mixin.py:151} INFO - [2025-04-29T00:22:16.718+0000] {dag.py:3677} INFO - Setting next_dagrun for user_automation to 2025-04-29T00:00:00+00:00, run_after=2025-04-30T00:00:00+00:00
[2025-04-29T00:22:16.749+0000] {processor.py:179} INFO - Processing /opt/airflow/dags/kafka_stream.py took 0.112 seconds
[2025-04-29T00:22:46.996+0000] {processor.py:157} INFO - Started process (PID=3979) to work on /opt/airflow/dags/kafka_stream.py
[2025-04-29T00:22:46.998+0000] {processor.py:829} INFO - Processing file /opt/airflow/dags/kafka_stream.py for tasks to queue
[2025-04-29T00:22:46.999+0000] {logging_mixin.py:151} INFO - [2025-04-29T00:22:46.999+0000] {dagbag.py:539} INFO - Filling up the DagBag from /opt/airflow/dags/kafka_stream.py
[2025-04-29T00:22:47.043+0000] {processor.py:839} INFO - DAG(s) dict_keys(['user_automation']) retrieved from /opt/airflow/dags/kafka_stream.py
[2025-04-29T00:22:47.063+0000] {logging_mixin.py:151} INFO - [2025-04-29T00:22:47.063+0000] {dag.py:2907} INFO - Sync 1 DAGs
[2025-04-29T00:22:47.076+0000] {logging_mixin.py:151} INFO - [2025-04-29T00:22:47.076+0000] {dag.py:3677} INFO - Setting next_dagrun for user_automation to 2025-04-29T00:00:00+00:00, run_after=2025-04-30T00:00:00+00:00
[2025-04-29T00:22:47.106+0000] {processor.py:179} INFO - Processing /opt/airflow/dags/kafka_stream.py took 0.113 seconds
[2025-04-29T00:23:17.407+0000] {processor.py:157} INFO - Started process (PID=3980) to work on /opt/airflow/dags/kafka_stream.py
[2025-04-29T00:23:17.409+0000] {processor.py:829} INFO - Processing file /opt/airflow/dags/kafka_stream.py for tasks to queue
[2025-04-29T00:23:17.410+0000] {logging_mixin.py:151} INFO - [2025-04-29T00:23:17.410+0000] {dagbag.py:539} INFO - Filling up the DagBag from /opt/airflow/dags/kafka_stream.py
[2025-04-29T00:23:17.439+0000] {processor.py:839} INFO - DAG(s) dict_keys(['user_automation']) retrieved from /opt/airflow/dags/kafka_stream.py
[2025-04-29T00:23:17.461+0000] {logging_mixin.py:151} INFO - [2025-04-29T00:23:17.461+0000] {dag.py:2907} INFO - Sync 1 DAGs
[2025-04-29T00:23:17.477+0000] {logging_mixin.py:151} INFO - [2025-04-29T00:23:17.477+0000] {dag.py:3677} INFO - Setting next_dagrun for user_automation to 2025-04-29T00:00:00+00:00, run_after=2025-04-30T00:00:00+00:00
[2025-04-29T00:23:17.507+0000] {processor.py:179} INFO - Processing /opt/airflow/dags/kafka_stream.py took 0.103 seconds
[2025-04-29T00:23:47.720+0000] {processor.py:157} INFO - Started process (PID=3981) to work on /opt/airflow/dags/kafka_stream.py
[2025-04-29T00:23:47.721+0000] {processor.py:829} INFO - Processing file /opt/airflow/dags/kafka_stream.py for tasks to queue
[2025-04-29T00:23:47.723+0000] {logging_mixin.py:151} INFO - [2025-04-29T00:23:47.722+0000] {dagbag.py:539} INFO - Filling up the DagBag from /opt/airflow/dags/kafka_stream.py
[2025-04-29T00:23:47.753+0000] {processor.py:839} INFO - DAG(s) dict_keys(['user_automation']) retrieved from /opt/airflow/dags/kafka_stream.py
[2025-04-29T00:23:47.776+0000] {logging_mixin.py:151} INFO - [2025-04-29T00:23:47.776+0000] {dag.py:2907} INFO - Sync 1 DAGs
[2025-04-29T00:23:47.792+0000] {logging_mixin.py:151} INFO - [2025-04-29T00:23:47.792+0000] {dag.py:3677} INFO - Setting next_dagrun for user_automation to 2025-04-29T00:00:00+00:00, run_after=2025-04-30T00:00:00+00:00
[2025-04-29T00:23:47.814+0000] {processor.py:179} INFO - Processing /opt/airflow/dags/kafka_stream.py took 0.098 seconds
[2025-04-29T00:24:18.131+0000] {processor.py:157} INFO - Started process (PID=3982) to work on /opt/airflow/dags/kafka_stream.py
[2025-04-29T00:24:18.133+0000] {processor.py:829} INFO - Processing file /opt/airflow/dags/kafka_stream.py for tasks to queue
[2025-04-29T00:24:18.134+0000] {logging_mixin.py:151} INFO - [2025-04-29T00:24:18.134+0000] {dagbag.py:539} INFO - Filling up the DagBag from /opt/airflow/dags/kafka_stream.py
[2025-04-29T00:24:18.169+0000] {processor.py:839} INFO - DAG(s) dict_keys(['user_automation']) retrieved from /opt/airflow/dags/kafka_stream.py
[2025-04-29T00:24:18.193+0000] {logging_mixin.py:151} INFO - [2025-04-29T00:24:18.192+0000] {dag.py:2907} INFO - Sync 1 DAGs
[2025-04-29T00:24:18.209+0000] {logging_mixin.py:151} INFO - [2025-04-29T00:24:18.209+0000] {dag.py:3677} INFO - Setting next_dagrun for user_automation to 2025-04-29T00:00:00+00:00, run_after=2025-04-30T00:00:00+00:00
[2025-04-29T00:24:18.239+0000] {processor.py:179} INFO - Processing /opt/airflow/dags/kafka_stream.py took 0.111 seconds
[2025-04-29T00:24:48.436+0000] {processor.py:157} INFO - Started process (PID=3983) to work on /opt/airflow/dags/kafka_stream.py
[2025-04-29T00:24:48.437+0000] {processor.py:829} INFO - Processing file /opt/airflow/dags/kafka_stream.py for tasks to queue
[2025-04-29T00:24:48.439+0000] {logging_mixin.py:151} INFO - [2025-04-29T00:24:48.438+0000] {dagbag.py:539} INFO - Filling up the DagBag from /opt/airflow/dags/kafka_stream.py
[2025-04-29T00:24:48.476+0000] {processor.py:839} INFO - DAG(s) dict_keys(['user_automation']) retrieved from /opt/airflow/dags/kafka_stream.py
[2025-04-29T00:24:48.499+0000] {logging_mixin.py:151} INFO - [2025-04-29T00:24:48.499+0000] {dag.py:2907} INFO - Sync 1 DAGs
[2025-04-29T00:24:48.514+0000] {logging_mixin.py:151} INFO - [2025-04-29T00:24:48.513+0000] {dag.py:3677} INFO - Setting next_dagrun for user_automation to 2025-04-29T00:00:00+00:00, run_after=2025-04-30T00:00:00+00:00
[2025-04-29T00:24:48.534+0000] {processor.py:179} INFO - Processing /opt/airflow/dags/kafka_stream.py took 0.101 seconds
[2025-04-29T00:25:18.837+0000] {processor.py:157} INFO - Started process (PID=3984) to work on /opt/airflow/dags/kafka_stream.py
[2025-04-29T00:25:18.838+0000] {processor.py:829} INFO - Processing file /opt/airflow/dags/kafka_stream.py for tasks to queue
[2025-04-29T00:25:18.839+0000] {logging_mixin.py:151} INFO - [2025-04-29T00:25:18.839+0000] {dagbag.py:539} INFO - Filling up the DagBag from /opt/airflow/dags/kafka_stream.py
[2025-04-29T00:25:18.871+0000] {processor.py:839} INFO - DAG(s) dict_keys(['user_automation']) retrieved from /opt/airflow/dags/kafka_stream.py
[2025-04-29T00:25:18.891+0000] {logging_mixin.py:151} INFO - [2025-04-29T00:25:18.891+0000] {dag.py:2907} INFO - Sync 1 DAGs
[2025-04-29T00:25:18.905+0000] {logging_mixin.py:151} INFO - [2025-04-29T00:25:18.905+0000] {dag.py:3677} INFO - Setting next_dagrun for user_automation to 2025-04-29T00:00:00+00:00, run_after=2025-04-30T00:00:00+00:00
[2025-04-29T00:25:18.933+0000] {processor.py:179} INFO - Processing /opt/airflow/dags/kafka_stream.py took 0.098 seconds
[2025-04-29T00:25:49.207+0000] {processor.py:157} INFO - Started process (PID=3985) to work on /opt/airflow/dags/kafka_stream.py
[2025-04-29T00:25:49.208+0000] {processor.py:829} INFO - Processing file /opt/airflow/dags/kafka_stream.py for tasks to queue
[2025-04-29T00:25:49.209+0000] {logging_mixin.py:151} INFO - [2025-04-29T00:25:49.209+0000] {dagbag.py:539} INFO - Filling up the DagBag from /opt/airflow/dags/kafka_stream.py
[2025-04-29T00:25:49.236+0000] {processor.py:839} INFO - DAG(s) dict_keys(['user_automation']) retrieved from /opt/airflow/dags/kafka_stream.py
[2025-04-29T00:25:49.257+0000] {logging_mixin.py:151} INFO - [2025-04-29T00:25:49.257+0000] {dag.py:2907} INFO - Sync 1 DAGs
[2025-04-29T00:25:49.272+0000] {logging_mixin.py:151} INFO - [2025-04-29T00:25:49.272+0000] {dag.py:3677} INFO - Setting next_dagrun for user_automation to 2025-04-29T00:00:00+00:00, run_after=2025-04-30T00:00:00+00:00
[2025-04-29T00:25:49.295+0000] {processor.py:179} INFO - Processing /opt/airflow/dags/kafka_stream.py took 0.091 seconds
[2025-04-29T00:26:19.514+0000] {processor.py:157} INFO - Started process (PID=3986) to work on /opt/airflow/dags/kafka_stream.py
[2025-04-29T00:26:19.516+0000] {processor.py:829} INFO - Processing file /opt/airflow/dags/kafka_stream.py for tasks to queue
[2025-04-29T00:26:19.517+0000] {logging_mixin.py:151} INFO - [2025-04-29T00:26:19.517+0000] {dagbag.py:539} INFO - Filling up the DagBag from /opt/airflow/dags/kafka_stream.py
[2025-04-29T00:26:19.544+0000] {processor.py:839} INFO - DAG(s) dict_keys(['user_automation']) retrieved from /opt/airflow/dags/kafka_stream.py
[2025-04-29T00:26:19.566+0000] {logging_mixin.py:151} INFO - [2025-04-29T00:26:19.566+0000] {dag.py:2907} INFO - Sync 1 DAGs
[2025-04-29T00:26:19.583+0000] {logging_mixin.py:151} INFO - [2025-04-29T00:26:19.583+0000] {dag.py:3677} INFO - Setting next_dagrun for user_automation to 2025-04-29T00:00:00+00:00, run_after=2025-04-30T00:00:00+00:00
[2025-04-29T00:26:19.601+0000] {processor.py:179} INFO - Processing /opt/airflow/dags/kafka_stream.py took 0.091 seconds
[2025-04-29T00:26:49.831+0000] {processor.py:157} INFO - Started process (PID=3987) to work on /opt/airflow/dags/kafka_stream.py
[2025-04-29T00:26:49.832+0000] {processor.py:829} INFO - Processing file /opt/airflow/dags/kafka_stream.py for tasks to queue
[2025-04-29T00:26:49.834+0000] {logging_mixin.py:151} INFO - [2025-04-29T00:26:49.833+0000] {dagbag.py:539} INFO - Filling up the DagBag from /opt/airflow/dags/kafka_stream.py
[2025-04-29T00:26:49.862+0000] {processor.py:839} INFO - DAG(s) dict_keys(['user_automation']) retrieved from /opt/airflow/dags/kafka_stream.py
[2025-04-29T00:26:49.883+0000] {logging_mixin.py:151} INFO - [2025-04-29T00:26:49.882+0000] {dag.py:2907} INFO - Sync 1 DAGs
[2025-04-29T00:26:49.898+0000] {logging_mixin.py:151} INFO - [2025-04-29T00:26:49.898+0000] {dag.py:3677} INFO - Setting next_dagrun for user_automation to 2025-04-29T00:00:00+00:00, run_after=2025-04-30T00:00:00+00:00
[2025-04-29T00:26:49.924+0000] {processor.py:179} INFO - Processing /opt/airflow/dags/kafka_stream.py took 0.095 seconds
[2025-04-29T00:27:20.135+0000] {processor.py:157} INFO - Started process (PID=3988) to work on /opt/airflow/dags/kafka_stream.py
[2025-04-29T00:27:20.137+0000] {processor.py:829} INFO - Processing file /opt/airflow/dags/kafka_stream.py for tasks to queue
[2025-04-29T00:27:20.138+0000] {logging_mixin.py:151} INFO - [2025-04-29T00:27:20.137+0000] {dagbag.py:539} INFO - Filling up the DagBag from /opt/airflow/dags/kafka_stream.py
[2025-04-29T00:27:20.171+0000] {processor.py:839} INFO - DAG(s) dict_keys(['user_automation']) retrieved from /opt/airflow/dags/kafka_stream.py
[2025-04-29T00:27:20.190+0000] {logging_mixin.py:151} INFO - [2025-04-29T00:27:20.190+0000] {dag.py:2907} INFO - Sync 1 DAGs
[2025-04-29T00:27:20.204+0000] {logging_mixin.py:151} INFO - [2025-04-29T00:27:20.204+0000] {dag.py:3677} INFO - Setting next_dagrun for user_automation to 2025-04-29T00:00:00+00:00, run_after=2025-04-30T00:00:00+00:00
[2025-04-29T00:27:20.234+0000] {processor.py:179} INFO - Processing /opt/airflow/dags/kafka_stream.py took 0.101 seconds
[2025-04-29T00:27:50.447+0000] {processor.py:157} INFO - Started process (PID=3989) to work on /opt/airflow/dags/kafka_stream.py
[2025-04-29T00:27:50.448+0000] {processor.py:829} INFO - Processing file /opt/airflow/dags/kafka_stream.py for tasks to queue
[2025-04-29T00:27:50.449+0000] {logging_mixin.py:151} INFO - [2025-04-29T00:27:50.449+0000] {dagbag.py:539} INFO - Filling up the DagBag from /opt/airflow/dags/kafka_stream.py
[2025-04-29T00:27:50.465+0000] {processor.py:839} INFO - DAG(s) dict_keys(['user_automation']) retrieved from /opt/airflow/dags/kafka_stream.py
[2025-04-29T00:27:50.484+0000] {logging_mixin.py:151} INFO - [2025-04-29T00:27:50.484+0000] {dag.py:2907} INFO - Sync 1 DAGs
[2025-04-29T00:27:50.498+0000] {logging_mixin.py:151} INFO - [2025-04-29T00:27:50.498+0000] {dag.py:3677} INFO - Setting next_dagrun for user_automation to 2025-04-29T00:00:00+00:00, run_after=2025-04-30T00:00:00+00:00
[2025-04-29T00:27:50.518+0000] {processor.py:179} INFO - Processing /opt/airflow/dags/kafka_stream.py took 0.074 seconds
[2025-04-29T00:28:20.749+0000] {processor.py:157} INFO - Started process (PID=3990) to work on /opt/airflow/dags/kafka_stream.py
[2025-04-29T00:28:20.750+0000] {processor.py:829} INFO - Processing file /opt/airflow/dags/kafka_stream.py for tasks to queue
[2025-04-29T00:28:20.751+0000] {logging_mixin.py:151} INFO - [2025-04-29T00:28:20.751+0000] {dagbag.py:539} INFO - Filling up the DagBag from /opt/airflow/dags/kafka_stream.py
[2025-04-29T00:28:20.780+0000] {processor.py:839} INFO - DAG(s) dict_keys(['user_automation']) retrieved from /opt/airflow/dags/kafka_stream.py
[2025-04-29T00:28:20.804+0000] {logging_mixin.py:151} INFO - [2025-04-29T00:28:20.804+0000] {dag.py:2907} INFO - Sync 1 DAGs
[2025-04-29T00:28:20.819+0000] {logging_mixin.py:151} INFO - [2025-04-29T00:28:20.819+0000] {dag.py:3677} INFO - Setting next_dagrun for user_automation to 2025-04-29T00:00:00+00:00, run_after=2025-04-30T00:00:00+00:00
[2025-04-29T00:28:20.851+0000] {processor.py:179} INFO - Processing /opt/airflow/dags/kafka_stream.py took 0.104 seconds
[2025-04-29T00:28:51.067+0000] {processor.py:157} INFO - Started process (PID=3991) to work on /opt/airflow/dags/kafka_stream.py
[2025-04-29T00:28:51.068+0000] {processor.py:829} INFO - Processing file /opt/airflow/dags/kafka_stream.py for tasks to queue
[2025-04-29T00:28:51.070+0000] {logging_mixin.py:151} INFO - [2025-04-29T00:28:51.069+0000] {dagbag.py:539} INFO - Filling up the DagBag from /opt/airflow/dags/kafka_stream.py
[2025-04-29T00:28:51.103+0000] {processor.py:839} INFO - DAG(s) dict_keys(['user_automation']) retrieved from /opt/airflow/dags/kafka_stream.py
[2025-04-29T00:28:51.123+0000] {logging_mixin.py:151} INFO - [2025-04-29T00:28:51.123+0000] {dag.py:2907} INFO - Sync 1 DAGs
[2025-04-29T00:28:51.138+0000] {logging_mixin.py:151} INFO - [2025-04-29T00:28:51.138+0000] {dag.py:3677} INFO - Setting next_dagrun for user_automation to 2025-04-29T00:00:00+00:00, run_after=2025-04-30T00:00:00+00:00
[2025-04-29T00:28:51.159+0000] {processor.py:179} INFO - Processing /opt/airflow/dags/kafka_stream.py took 0.096 seconds
[2025-04-29T00:29:21.497+0000] {processor.py:157} INFO - Started process (PID=3992) to work on /opt/airflow/dags/kafka_stream.py
[2025-04-29T00:29:21.498+0000] {processor.py:829} INFO - Processing file /opt/airflow/dags/kafka_stream.py for tasks to queue
[2025-04-29T00:29:21.500+0000] {logging_mixin.py:151} INFO - [2025-04-29T00:29:21.499+0000] {dagbag.py:539} INFO - Filling up the DagBag from /opt/airflow/dags/kafka_stream.py
[2025-04-29T00:29:21.535+0000] {processor.py:839} INFO - DAG(s) dict_keys(['user_automation']) retrieved from /opt/airflow/dags/kafka_stream.py
[2025-04-29T00:29:21.553+0000] {logging_mixin.py:151} INFO - [2025-04-29T00:29:21.553+0000] {dag.py:2907} INFO - Sync 1 DAGs
[2025-04-29T00:29:21.567+0000] {logging_mixin.py:151} INFO - [2025-04-29T00:29:21.567+0000] {dag.py:3677} INFO - Setting next_dagrun for user_automation to 2025-04-29T00:00:00+00:00, run_after=2025-04-30T00:00:00+00:00
[2025-04-29T00:29:21.586+0000] {processor.py:179} INFO - Processing /opt/airflow/dags/kafka_stream.py took 0.093 seconds
[2025-04-29T00:29:51.823+0000] {processor.py:157} INFO - Started process (PID=3993) to work on /opt/airflow/dags/kafka_stream.py
[2025-04-29T00:29:51.824+0000] {processor.py:829} INFO - Processing file /opt/airflow/dags/kafka_stream.py for tasks to queue
[2025-04-29T00:29:51.825+0000] {logging_mixin.py:151} INFO - [2025-04-29T00:29:51.825+0000] {dagbag.py:539} INFO - Filling up the DagBag from /opt/airflow/dags/kafka_stream.py
[2025-04-29T00:29:51.849+0000] {processor.py:839} INFO - DAG(s) dict_keys(['user_automation']) retrieved from /opt/airflow/dags/kafka_stream.py
[2025-04-29T00:29:51.870+0000] {logging_mixin.py:151} INFO - [2025-04-29T00:29:51.870+0000] {dag.py:2907} INFO - Sync 1 DAGs
[2025-04-29T00:29:51.885+0000] {logging_mixin.py:151} INFO - [2025-04-29T00:29:51.885+0000] {dag.py:3677} INFO - Setting next_dagrun for user_automation to 2025-04-29T00:00:00+00:00, run_after=2025-04-30T00:00:00+00:00
[2025-04-29T00:29:51.909+0000] {processor.py:179} INFO - Processing /opt/airflow/dags/kafka_stream.py took 0.089 seconds
[2025-04-29T00:30:22.238+0000] {processor.py:157} INFO - Started process (PID=3994) to work on /opt/airflow/dags/kafka_stream.py
[2025-04-29T00:30:22.239+0000] {processor.py:829} INFO - Processing file /opt/airflow/dags/kafka_stream.py for tasks to queue
[2025-04-29T00:30:22.240+0000] {logging_mixin.py:151} INFO - [2025-04-29T00:30:22.240+0000] {dagbag.py:539} INFO - Filling up the DagBag from /opt/airflow/dags/kafka_stream.py
[2025-04-29T00:30:22.268+0000] {processor.py:839} INFO - DAG(s) dict_keys(['user_automation']) retrieved from /opt/airflow/dags/kafka_stream.py
[2025-04-29T00:30:22.288+0000] {logging_mixin.py:151} INFO - [2025-04-29T00:30:22.288+0000] {dag.py:2907} INFO - Sync 1 DAGs
[2025-04-29T00:30:22.302+0000] {logging_mixin.py:151} INFO - [2025-04-29T00:30:22.302+0000] {dag.py:3677} INFO - Setting next_dagrun for user_automation to 2025-04-29T00:00:00+00:00, run_after=2025-04-30T00:00:00+00:00
[2025-04-29T00:30:22.329+0000] {processor.py:179} INFO - Processing /opt/airflow/dags/kafka_stream.py took 0.094 seconds
[2025-04-29T00:30:52.631+0000] {processor.py:157} INFO - Started process (PID=3995) to work on /opt/airflow/dags/kafka_stream.py
[2025-04-29T00:30:52.632+0000] {processor.py:829} INFO - Processing file /opt/airflow/dags/kafka_stream.py for tasks to queue
[2025-04-29T00:30:52.633+0000] {logging_mixin.py:151} INFO - [2025-04-29T00:30:52.633+0000] {dagbag.py:539} INFO - Filling up the DagBag from /opt/airflow/dags/kafka_stream.py
[2025-04-29T00:30:52.668+0000] {processor.py:839} INFO - DAG(s) dict_keys(['user_automation']) retrieved from /opt/airflow/dags/kafka_stream.py
[2025-04-29T00:30:52.689+0000] {logging_mixin.py:151} INFO - [2025-04-29T00:30:52.688+0000] {dag.py:2907} INFO - Sync 1 DAGs
[2025-04-29T00:30:52.702+0000] {logging_mixin.py:151} INFO - [2025-04-29T00:30:52.702+0000] {dag.py:3677} INFO - Setting next_dagrun for user_automation to 2025-04-29T00:00:00+00:00, run_after=2025-04-30T00:00:00+00:00
[2025-04-29T00:30:52.721+0000] {processor.py:179} INFO - Processing /opt/airflow/dags/kafka_stream.py took 0.094 seconds
[2025-04-29T00:31:22.965+0000] {processor.py:157} INFO - Started process (PID=3996) to work on /opt/airflow/dags/kafka_stream.py
[2025-04-29T00:31:22.966+0000] {processor.py:829} INFO - Processing file /opt/airflow/dags/kafka_stream.py for tasks to queue
[2025-04-29T00:31:22.967+0000] {logging_mixin.py:151} INFO - [2025-04-29T00:31:22.967+0000] {dagbag.py:539} INFO - Filling up the DagBag from /opt/airflow/dags/kafka_stream.py
[2025-04-29T00:31:22.993+0000] {processor.py:839} INFO - DAG(s) dict_keys(['user_automation']) retrieved from /opt/airflow/dags/kafka_stream.py
[2025-04-29T00:31:23.013+0000] {logging_mixin.py:151} INFO - [2025-04-29T00:31:23.013+0000] {dag.py:2907} INFO - Sync 1 DAGs
[2025-04-29T00:31:23.029+0000] {logging_mixin.py:151} INFO - [2025-04-29T00:31:23.029+0000] {dag.py:3677} INFO - Setting next_dagrun for user_automation to 2025-04-29T00:00:00+00:00, run_after=2025-04-30T00:00:00+00:00
[2025-04-29T00:31:23.056+0000] {processor.py:179} INFO - Processing /opt/airflow/dags/kafka_stream.py took 0.093 seconds
[2025-04-29T00:31:53.355+0000] {processor.py:157} INFO - Started process (PID=3997) to work on /opt/airflow/dags/kafka_stream.py
[2025-04-29T00:31:53.356+0000] {processor.py:829} INFO - Processing file /opt/airflow/dags/kafka_stream.py for tasks to queue
[2025-04-29T00:31:53.358+0000] {logging_mixin.py:151} INFO - [2025-04-29T00:31:53.358+0000] {dagbag.py:539} INFO - Filling up the DagBag from /opt/airflow/dags/kafka_stream.py
[2025-04-29T00:31:53.393+0000] {processor.py:839} INFO - DAG(s) dict_keys(['user_automation']) retrieved from /opt/airflow/dags/kafka_stream.py
[2025-04-29T00:31:53.416+0000] {logging_mixin.py:151} INFO - [2025-04-29T00:31:53.416+0000] {dag.py:2907} INFO - Sync 1 DAGs
[2025-04-29T00:31:53.431+0000] {logging_mixin.py:151} INFO - [2025-04-29T00:31:53.431+0000] {dag.py:3677} INFO - Setting next_dagrun for user_automation to 2025-04-29T00:00:00+00:00, run_after=2025-04-30T00:00:00+00:00
[2025-04-29T00:31:53.453+0000] {processor.py:179} INFO - Processing /opt/airflow/dags/kafka_stream.py took 0.101 seconds
[2025-04-29T00:32:23.694+0000] {processor.py:157} INFO - Started process (PID=3998) to work on /opt/airflow/dags/kafka_stream.py
[2025-04-29T00:32:23.695+0000] {processor.py:829} INFO - Processing file /opt/airflow/dags/kafka_stream.py for tasks to queue
[2025-04-29T00:32:23.696+0000] {logging_mixin.py:151} INFO - [2025-04-29T00:32:23.696+0000] {dagbag.py:539} INFO - Filling up the DagBag from /opt/airflow/dags/kafka_stream.py
[2025-04-29T00:32:23.727+0000] {processor.py:839} INFO - DAG(s) dict_keys(['user_automation']) retrieved from /opt/airflow/dags/kafka_stream.py
[2025-04-29T00:32:23.748+0000] {logging_mixin.py:151} INFO - [2025-04-29T00:32:23.747+0000] {dag.py:2907} INFO - Sync 1 DAGs
[2025-04-29T00:32:23.763+0000] {logging_mixin.py:151} INFO - [2025-04-29T00:32:23.763+0000] {dag.py:3677} INFO - Setting next_dagrun for user_automation to 2025-04-29T00:00:00+00:00, run_after=2025-04-30T00:00:00+00:00
[2025-04-29T00:32:23.793+0000] {processor.py:179} INFO - Processing /opt/airflow/dags/kafka_stream.py took 0.102 seconds
[2025-04-29T00:32:54.110+0000] {processor.py:157} INFO - Started process (PID=3999) to work on /opt/airflow/dags/kafka_stream.py
[2025-04-29T00:32:54.111+0000] {processor.py:829} INFO - Processing file /opt/airflow/dags/kafka_stream.py for tasks to queue
[2025-04-29T00:32:54.112+0000] {logging_mixin.py:151} INFO - [2025-04-29T00:32:54.112+0000] {dagbag.py:539} INFO - Filling up the DagBag from /opt/airflow/dags/kafka_stream.py
[2025-04-29T00:32:54.139+0000] {processor.py:839} INFO - DAG(s) dict_keys(['user_automation']) retrieved from /opt/airflow/dags/kafka_stream.py
[2025-04-29T00:32:54.157+0000] {logging_mixin.py:151} INFO - [2025-04-29T00:32:54.157+0000] {dag.py:2907} INFO - Sync 1 DAGs
[2025-04-29T00:32:54.170+0000] {logging_mixin.py:151} INFO - [2025-04-29T00:32:54.170+0000] {dag.py:3677} INFO - Setting next_dagrun for user_automation to 2025-04-29T00:00:00+00:00, run_after=2025-04-30T00:00:00+00:00
[2025-04-29T00:32:54.198+0000] {processor.py:179} INFO - Processing /opt/airflow/dags/kafka_stream.py took 0.091 seconds
[2025-04-29T00:33:24.432+0000] {processor.py:157} INFO - Started process (PID=4000) to work on /opt/airflow/dags/kafka_stream.py
[2025-04-29T00:33:24.433+0000] {processor.py:829} INFO - Processing file /opt/airflow/dags/kafka_stream.py for tasks to queue
[2025-04-29T00:33:24.435+0000] {logging_mixin.py:151} INFO - [2025-04-29T00:33:24.434+0000] {dagbag.py:539} INFO - Filling up the DagBag from /opt/airflow/dags/kafka_stream.py
[2025-04-29T00:33:24.460+0000] {processor.py:839} INFO - DAG(s) dict_keys(['user_automation']) retrieved from /opt/airflow/dags/kafka_stream.py
[2025-04-29T00:33:24.480+0000] {logging_mixin.py:151} INFO - [2025-04-29T00:33:24.480+0000] {dag.py:2907} INFO - Sync 1 DAGs
[2025-04-29T00:33:24.494+0000] {logging_mixin.py:151} INFO - [2025-04-29T00:33:24.494+0000] {dag.py:3677} INFO - Setting next_dagrun for user_automation to 2025-04-29T00:00:00+00:00, run_after=2025-04-30T00:00:00+00:00
[2025-04-29T00:33:24.514+0000] {processor.py:179} INFO - Processing /opt/airflow/dags/kafka_stream.py took 0.084 seconds
[2025-04-29T00:33:54.822+0000] {processor.py:157} INFO - Started process (PID=4001) to work on /opt/airflow/dags/kafka_stream.py
[2025-04-29T00:33:54.823+0000] {processor.py:829} INFO - Processing file /opt/airflow/dags/kafka_stream.py for tasks to queue
[2025-04-29T00:33:54.824+0000] {logging_mixin.py:151} INFO - [2025-04-29T00:33:54.824+0000] {dagbag.py:539} INFO - Filling up the DagBag from /opt/airflow/dags/kafka_stream.py
[2025-04-29T00:33:54.852+0000] {processor.py:839} INFO - DAG(s) dict_keys(['user_automation']) retrieved from /opt/airflow/dags/kafka_stream.py
[2025-04-29T00:33:54.872+0000] {logging_mixin.py:151} INFO - [2025-04-29T00:33:54.872+0000] {dag.py:2907} INFO - Sync 1 DAGs
[2025-04-29T00:33:54.886+0000] {logging_mixin.py:151} INFO - [2025-04-29T00:33:54.885+0000] {dag.py:3677} INFO - Setting next_dagrun for user_automation to 2025-04-29T00:00:00+00:00, run_after=2025-04-30T00:00:00+00:00
[2025-04-29T00:33:54.915+0000] {processor.py:179} INFO - Processing /opt/airflow/dags/kafka_stream.py took 0.096 seconds
[2025-04-29T00:34:25.132+0000] {processor.py:157} INFO - Started process (PID=4002) to work on /opt/airflow/dags/kafka_stream.py
[2025-04-29T00:34:25.134+0000] {processor.py:829} INFO - Processing file /opt/airflow/dags/kafka_stream.py for tasks to queue
[2025-04-29T00:34:25.135+0000] {logging_mixin.py:151} INFO - [2025-04-29T00:34:25.135+0000] {dagbag.py:539} INFO - Filling up the DagBag from /opt/airflow/dags/kafka_stream.py
[2025-04-29T00:34:25.164+0000] {processor.py:839} INFO - DAG(s) dict_keys(['user_automation']) retrieved from /opt/airflow/dags/kafka_stream.py
[2025-04-29T00:34:25.185+0000] {logging_mixin.py:151} INFO - [2025-04-29T00:34:25.185+0000] {dag.py:2907} INFO - Sync 1 DAGs
[2025-04-29T00:34:25.199+0000] {logging_mixin.py:151} INFO - [2025-04-29T00:34:25.198+0000] {dag.py:3677} INFO - Setting next_dagrun for user_automation to 2025-04-29T00:00:00+00:00, run_after=2025-04-30T00:00:00+00:00
[2025-04-29T00:34:25.230+0000] {processor.py:179} INFO - Processing /opt/airflow/dags/kafka_stream.py took 0.102 seconds
[2025-04-29T00:34:55.538+0000] {processor.py:157} INFO - Started process (PID=4003) to work on /opt/airflow/dags/kafka_stream.py
[2025-04-29T00:34:55.539+0000] {processor.py:829} INFO - Processing file /opt/airflow/dags/kafka_stream.py for tasks to queue
[2025-04-29T00:34:55.540+0000] {logging_mixin.py:151} INFO - [2025-04-29T00:34:55.540+0000] {dagbag.py:539} INFO - Filling up the DagBag from /opt/airflow/dags/kafka_stream.py
[2025-04-29T00:34:55.560+0000] {processor.py:839} INFO - DAG(s) dict_keys(['user_automation']) retrieved from /opt/airflow/dags/kafka_stream.py
[2025-04-29T00:34:55.584+0000] {logging_mixin.py:151} INFO - [2025-04-29T00:34:55.584+0000] {dag.py:2907} INFO - Sync 1 DAGs
[2025-04-29T00:34:55.601+0000] {logging_mixin.py:151} INFO - [2025-04-29T00:34:55.601+0000] {dag.py:3677} INFO - Setting next_dagrun for user_automation to 2025-04-29T00:00:00+00:00, run_after=2025-04-30T00:00:00+00:00
[2025-04-29T00:34:55.626+0000] {processor.py:179} INFO - Processing /opt/airflow/dags/kafka_stream.py took 0.091 seconds
[2025-04-29T00:35:25.883+0000] {processor.py:157} INFO - Started process (PID=4004) to work on /opt/airflow/dags/kafka_stream.py
[2025-04-29T00:35:25.884+0000] {processor.py:829} INFO - Processing file /opt/airflow/dags/kafka_stream.py for tasks to queue
[2025-04-29T00:35:25.886+0000] {logging_mixin.py:151} INFO - [2025-04-29T00:35:25.885+0000] {dagbag.py:539} INFO - Filling up the DagBag from /opt/airflow/dags/kafka_stream.py
[2025-04-29T00:35:25.930+0000] {processor.py:839} INFO - DAG(s) dict_keys(['user_automation']) retrieved from /opt/airflow/dags/kafka_stream.py
[2025-04-29T00:35:25.949+0000] {logging_mixin.py:151} INFO - [2025-04-29T00:35:25.949+0000] {dag.py:2907} INFO - Sync 1 DAGs
[2025-04-29T00:35:25.964+0000] {logging_mixin.py:151} INFO - [2025-04-29T00:35:25.963+0000] {dag.py:3677} INFO - Setting next_dagrun for user_automation to 2025-04-29T00:00:00+00:00, run_after=2025-04-30T00:00:00+00:00
[2025-04-29T00:35:25.989+0000] {processor.py:179} INFO - Processing /opt/airflow/dags/kafka_stream.py took 0.110 seconds
[2025-04-29T00:35:56.311+0000] {processor.py:157} INFO - Started process (PID=4005) to work on /opt/airflow/dags/kafka_stream.py
[2025-04-29T00:35:56.312+0000] {processor.py:829} INFO - Processing file /opt/airflow/dags/kafka_stream.py for tasks to queue
[2025-04-29T00:35:56.313+0000] {logging_mixin.py:151} INFO - [2025-04-29T00:35:56.313+0000] {dagbag.py:539} INFO - Filling up the DagBag from /opt/airflow/dags/kafka_stream.py
[2025-04-29T00:35:56.334+0000] {processor.py:839} INFO - DAG(s) dict_keys(['user_automation']) retrieved from /opt/airflow/dags/kafka_stream.py
[2025-04-29T00:35:56.353+0000] {logging_mixin.py:151} INFO - [2025-04-29T00:35:56.353+0000] {dag.py:2907} INFO - Sync 1 DAGs
[2025-04-29T00:35:56.367+0000] {logging_mixin.py:151} INFO - [2025-04-29T00:35:56.367+0000] {dag.py:3677} INFO - Setting next_dagrun for user_automation to 2025-04-29T00:00:00+00:00, run_after=2025-04-30T00:00:00+00:00
[2025-04-29T00:35:56.394+0000] {processor.py:179} INFO - Processing /opt/airflow/dags/kafka_stream.py took 0.085 seconds
[2025-04-29T00:36:26.670+0000] {processor.py:157} INFO - Started process (PID=4006) to work on /opt/airflow/dags/kafka_stream.py
[2025-04-29T00:36:26.672+0000] {processor.py:829} INFO - Processing file /opt/airflow/dags/kafka_stream.py for tasks to queue
[2025-04-29T00:36:26.673+0000] {logging_mixin.py:151} INFO - [2025-04-29T00:36:26.673+0000] {dagbag.py:539} INFO - Filling up the DagBag from /opt/airflow/dags/kafka_stream.py
[2025-04-29T00:36:26.729+0000] {processor.py:839} INFO - DAG(s) dict_keys(['user_automation']) retrieved from /opt/airflow/dags/kafka_stream.py
[2025-04-29T00:36:26.754+0000] {logging_mixin.py:151} INFO - [2025-04-29T00:36:26.754+0000] {dag.py:2907} INFO - Sync 1 DAGs
[2025-04-29T00:36:26.769+0000] {logging_mixin.py:151} INFO - [2025-04-29T00:36:26.769+0000] {dag.py:3677} INFO - Setting next_dagrun for user_automation to 2025-04-29T00:00:00+00:00, run_after=2025-04-30T00:00:00+00:00
[2025-04-29T00:36:26.787+0000] {processor.py:179} INFO - Processing /opt/airflow/dags/kafka_stream.py took 0.120 seconds
[2025-04-29T00:36:57.071+0000] {processor.py:157} INFO - Started process (PID=4007) to work on /opt/airflow/dags/kafka_stream.py
[2025-04-29T00:36:57.073+0000] {processor.py:829} INFO - Processing file /opt/airflow/dags/kafka_stream.py for tasks to queue
[2025-04-29T00:36:57.075+0000] {logging_mixin.py:151} INFO - [2025-04-29T00:36:57.074+0000] {dagbag.py:539} INFO - Filling up the DagBag from /opt/airflow/dags/kafka_stream.py
[2025-04-29T00:36:57.117+0000] {processor.py:839} INFO - DAG(s) dict_keys(['user_automation']) retrieved from /opt/airflow/dags/kafka_stream.py
[2025-04-29T00:36:57.140+0000] {logging_mixin.py:151} INFO - [2025-04-29T00:36:57.139+0000] {dag.py:2907} INFO - Sync 1 DAGs
[2025-04-29T00:36:57.159+0000] {logging_mixin.py:151} INFO - [2025-04-29T00:36:57.159+0000] {dag.py:3677} INFO - Setting next_dagrun for user_automation to 2025-04-29T00:00:00+00:00, run_after=2025-04-30T00:00:00+00:00
[2025-04-29T00:36:57.178+0000] {processor.py:179} INFO - Processing /opt/airflow/dags/kafka_stream.py took 0.110 seconds
[2025-04-29T00:37:27.386+0000] {processor.py:157} INFO - Started process (PID=4008) to work on /opt/airflow/dags/kafka_stream.py
[2025-04-29T00:37:27.387+0000] {processor.py:829} INFO - Processing file /opt/airflow/dags/kafka_stream.py for tasks to queue
[2025-04-29T00:37:27.388+0000] {logging_mixin.py:151} INFO - [2025-04-29T00:37:27.388+0000] {dagbag.py:539} INFO - Filling up the DagBag from /opt/airflow/dags/kafka_stream.py
[2025-04-29T00:37:27.415+0000] {processor.py:839} INFO - DAG(s) dict_keys(['user_automation']) retrieved from /opt/airflow/dags/kafka_stream.py
[2025-04-29T00:37:27.434+0000] {logging_mixin.py:151} INFO - [2025-04-29T00:37:27.434+0000] {dag.py:2907} INFO - Sync 1 DAGs
[2025-04-29T00:37:27.449+0000] {logging_mixin.py:151} INFO - [2025-04-29T00:37:27.448+0000] {dag.py:3677} INFO - Setting next_dagrun for user_automation to 2025-04-29T00:00:00+00:00, run_after=2025-04-30T00:00:00+00:00
[2025-04-29T00:37:27.476+0000] {processor.py:179} INFO - Processing /opt/airflow/dags/kafka_stream.py took 0.093 seconds
[2025-04-29T00:37:57.745+0000] {processor.py:157} INFO - Started process (PID=4009) to work on /opt/airflow/dags/kafka_stream.py
[2025-04-29T00:37:57.746+0000] {processor.py:829} INFO - Processing file /opt/airflow/dags/kafka_stream.py for tasks to queue
[2025-04-29T00:37:57.747+0000] {logging_mixin.py:151} INFO - [2025-04-29T00:37:57.747+0000] {dagbag.py:539} INFO - Filling up the DagBag from /opt/airflow/dags/kafka_stream.py
[2025-04-29T00:37:57.775+0000] {processor.py:839} INFO - DAG(s) dict_keys(['user_automation']) retrieved from /opt/airflow/dags/kafka_stream.py
[2025-04-29T00:37:57.794+0000] {logging_mixin.py:151} INFO - [2025-04-29T00:37:57.794+0000] {dag.py:2907} INFO - Sync 1 DAGs
[2025-04-29T00:37:57.808+0000] {logging_mixin.py:151} INFO - [2025-04-29T00:37:57.808+0000] {dag.py:3677} INFO - Setting next_dagrun for user_automation to 2025-04-29T00:00:00+00:00, run_after=2025-04-30T00:00:00+00:00
[2025-04-29T00:37:57.834+0000] {processor.py:179} INFO - Processing /opt/airflow/dags/kafka_stream.py took 0.092 seconds
[2025-04-29T00:38:28.095+0000] {processor.py:157} INFO - Started process (PID=4010) to work on /opt/airflow/dags/kafka_stream.py
[2025-04-29T00:38:28.096+0000] {processor.py:829} INFO - Processing file /opt/airflow/dags/kafka_stream.py for tasks to queue
[2025-04-29T00:38:28.098+0000] {logging_mixin.py:151} INFO - [2025-04-29T00:38:28.098+0000] {dagbag.py:539} INFO - Filling up the DagBag from /opt/airflow/dags/kafka_stream.py
[2025-04-29T00:38:28.116+0000] {processor.py:839} INFO - DAG(s) dict_keys(['user_automation']) retrieved from /opt/airflow/dags/kafka_stream.py
[2025-04-29T00:38:28.135+0000] {logging_mixin.py:151} INFO - [2025-04-29T00:38:28.135+0000] {dag.py:2907} INFO - Sync 1 DAGs
[2025-04-29T00:38:28.149+0000] {logging_mixin.py:151} INFO - [2025-04-29T00:38:28.148+0000] {dag.py:3677} INFO - Setting next_dagrun for user_automation to 2025-04-29T00:00:00+00:00, run_after=2025-04-30T00:00:00+00:00
[2025-04-29T00:38:28.177+0000] {processor.py:179} INFO - Processing /opt/airflow/dags/kafka_stream.py took 0.086 seconds
[2025-04-29T00:38:58.462+0000] {processor.py:157} INFO - Started process (PID=4011) to work on /opt/airflow/dags/kafka_stream.py
[2025-04-29T00:38:58.463+0000] {processor.py:829} INFO - Processing file /opt/airflow/dags/kafka_stream.py for tasks to queue
[2025-04-29T00:38:58.465+0000] {logging_mixin.py:151} INFO - [2025-04-29T00:38:58.464+0000] {dagbag.py:539} INFO - Filling up the DagBag from /opt/airflow/dags/kafka_stream.py
[2025-04-29T00:38:58.486+0000] {processor.py:839} INFO - DAG(s) dict_keys(['user_automation']) retrieved from /opt/airflow/dags/kafka_stream.py
[2025-04-29T00:38:58.503+0000] {logging_mixin.py:151} INFO - [2025-04-29T00:38:58.503+0000] {dag.py:2907} INFO - Sync 1 DAGs
[2025-04-29T00:38:58.517+0000] {logging_mixin.py:151} INFO - [2025-04-29T00:38:58.517+0000] {dag.py:3677} INFO - Setting next_dagrun for user_automation to 2025-04-29T00:00:00+00:00, run_after=2025-04-30T00:00:00+00:00
[2025-04-29T00:38:58.536+0000] {processor.py:179} INFO - Processing /opt/airflow/dags/kafka_stream.py took 0.076 seconds
[2025-04-29T00:39:28.776+0000] {processor.py:157} INFO - Started process (PID=4012) to work on /opt/airflow/dags/kafka_stream.py
[2025-04-29T00:39:28.778+0000] {processor.py:829} INFO - Processing file /opt/airflow/dags/kafka_stream.py for tasks to queue
[2025-04-29T00:39:28.779+0000] {logging_mixin.py:151} INFO - [2025-04-29T00:39:28.779+0000] {dagbag.py:539} INFO - Filling up the DagBag from /opt/airflow/dags/kafka_stream.py
[2025-04-29T00:39:28.811+0000] {processor.py:839} INFO - DAG(s) dict_keys(['user_automation']) retrieved from /opt/airflow/dags/kafka_stream.py
[2025-04-29T00:39:28.832+0000] {logging_mixin.py:151} INFO - [2025-04-29T00:39:28.832+0000] {dag.py:2907} INFO - Sync 1 DAGs
[2025-04-29T00:39:28.848+0000] {logging_mixin.py:151} INFO - [2025-04-29T00:39:28.848+0000] {dag.py:3677} INFO - Setting next_dagrun for user_automation to 2025-04-29T00:00:00+00:00, run_after=2025-04-30T00:00:00+00:00
[2025-04-29T00:39:28.867+0000] {processor.py:179} INFO - Processing /opt/airflow/dags/kafka_stream.py took 0.093 seconds
[2025-04-29T00:39:59.197+0000] {processor.py:157} INFO - Started process (PID=4013) to work on /opt/airflow/dags/kafka_stream.py
[2025-04-29T00:39:59.198+0000] {processor.py:829} INFO - Processing file /opt/airflow/dags/kafka_stream.py for tasks to queue
[2025-04-29T00:39:59.199+0000] {logging_mixin.py:151} INFO - [2025-04-29T00:39:59.199+0000] {dagbag.py:539} INFO - Filling up the DagBag from /opt/airflow/dags/kafka_stream.py
[2025-04-29T00:39:59.235+0000] {processor.py:839} INFO - DAG(s) dict_keys(['user_automation']) retrieved from /opt/airflow/dags/kafka_stream.py
[2025-04-29T00:39:59.258+0000] {logging_mixin.py:151} INFO - [2025-04-29T00:39:59.258+0000] {dag.py:2907} INFO - Sync 1 DAGs
[2025-04-29T00:39:59.272+0000] {logging_mixin.py:151} INFO - [2025-04-29T00:39:59.272+0000] {dag.py:3677} INFO - Setting next_dagrun for user_automation to 2025-04-29T00:00:00+00:00, run_after=2025-04-30T00:00:00+00:00
[2025-04-29T00:39:59.300+0000] {processor.py:179} INFO - Processing /opt/airflow/dags/kafka_stream.py took 0.105 seconds
[2025-04-29T00:40:29.536+0000] {processor.py:157} INFO - Started process (PID=4014) to work on /opt/airflow/dags/kafka_stream.py
[2025-04-29T00:40:29.537+0000] {processor.py:829} INFO - Processing file /opt/airflow/dags/kafka_stream.py for tasks to queue
[2025-04-29T00:40:29.538+0000] {logging_mixin.py:151} INFO - [2025-04-29T00:40:29.538+0000] {dagbag.py:539} INFO - Filling up the DagBag from /opt/airflow/dags/kafka_stream.py
[2025-04-29T00:40:29.569+0000] {processor.py:839} INFO - DAG(s) dict_keys(['user_automation']) retrieved from /opt/airflow/dags/kafka_stream.py
[2025-04-29T00:40:29.590+0000] {logging_mixin.py:151} INFO - [2025-04-29T00:40:29.590+0000] {dag.py:2907} INFO - Sync 1 DAGs
[2025-04-29T00:40:29.605+0000] {logging_mixin.py:151} INFO - [2025-04-29T00:40:29.604+0000] {dag.py:3677} INFO - Setting next_dagrun for user_automation to 2025-04-29T00:00:00+00:00, run_after=2025-04-30T00:00:00+00:00
[2025-04-29T00:40:29.631+0000] {processor.py:179} INFO - Processing /opt/airflow/dags/kafka_stream.py took 0.099 seconds
[2025-04-29T00:41:00.023+0000] {processor.py:157} INFO - Started process (PID=4015) to work on /opt/airflow/dags/kafka_stream.py
[2025-04-29T00:41:00.024+0000] {processor.py:829} INFO - Processing file /opt/airflow/dags/kafka_stream.py for tasks to queue
[2025-04-29T00:41:00.025+0000] {logging_mixin.py:151} INFO - [2025-04-29T00:41:00.025+0000] {dagbag.py:539} INFO - Filling up the DagBag from /opt/airflow/dags/kafka_stream.py
[2025-04-29T00:41:00.060+0000] {processor.py:839} INFO - DAG(s) dict_keys(['user_automation']) retrieved from /opt/airflow/dags/kafka_stream.py
[2025-04-29T00:41:00.084+0000] {logging_mixin.py:151} INFO - [2025-04-29T00:41:00.084+0000] {dag.py:2907} INFO - Sync 1 DAGs
[2025-04-29T00:41:00.105+0000] {logging_mixin.py:151} INFO - [2025-04-29T00:41:00.105+0000] {dag.py:3677} INFO - Setting next_dagrun for user_automation to 2025-04-29T00:00:00+00:00, run_after=2025-04-30T00:00:00+00:00
[2025-04-29T00:41:00.121+0000] {processor.py:179} INFO - Processing /opt/airflow/dags/kafka_stream.py took 0.103 seconds
[2025-04-29T00:41:30.366+0000] {processor.py:157} INFO - Started process (PID=4016) to work on /opt/airflow/dags/kafka_stream.py
[2025-04-29T00:41:30.368+0000] {processor.py:829} INFO - Processing file /opt/airflow/dags/kafka_stream.py for tasks to queue
[2025-04-29T00:41:30.369+0000] {logging_mixin.py:151} INFO - [2025-04-29T00:41:30.368+0000] {dagbag.py:539} INFO - Filling up the DagBag from /opt/airflow/dags/kafka_stream.py
[2025-04-29T00:41:30.395+0000] {processor.py:839} INFO - DAG(s) dict_keys(['user_automation']) retrieved from /opt/airflow/dags/kafka_stream.py
[2025-04-29T00:41:30.418+0000] {logging_mixin.py:151} INFO - [2025-04-29T00:41:30.418+0000] {dag.py:2907} INFO - Sync 1 DAGs
[2025-04-29T00:41:30.435+0000] {logging_mixin.py:151} INFO - [2025-04-29T00:41:30.435+0000] {dag.py:3677} INFO - Setting next_dagrun for user_automation to 2025-04-29T00:00:00+00:00, run_after=2025-04-30T00:00:00+00:00
[2025-04-29T00:41:30.464+0000] {processor.py:179} INFO - Processing /opt/airflow/dags/kafka_stream.py took 0.100 seconds
[2025-04-29T00:42:00.765+0000] {processor.py:157} INFO - Started process (PID=4017) to work on /opt/airflow/dags/kafka_stream.py
[2025-04-29T00:42:00.767+0000] {processor.py:829} INFO - Processing file /opt/airflow/dags/kafka_stream.py for tasks to queue
[2025-04-29T00:42:00.768+0000] {logging_mixin.py:151} INFO - [2025-04-29T00:42:00.768+0000] {dagbag.py:539} INFO - Filling up the DagBag from /opt/airflow/dags/kafka_stream.py
[2025-04-29T00:42:00.796+0000] {processor.py:839} INFO - DAG(s) dict_keys(['user_automation']) retrieved from /opt/airflow/dags/kafka_stream.py
[2025-04-29T00:42:00.814+0000] {logging_mixin.py:151} INFO - [2025-04-29T00:42:00.814+0000] {dag.py:2907} INFO - Sync 1 DAGs
[2025-04-29T00:42:00.828+0000] {logging_mixin.py:151} INFO - [2025-04-29T00:42:00.827+0000] {dag.py:3677} INFO - Setting next_dagrun for user_automation to 2025-04-29T00:00:00+00:00, run_after=2025-04-30T00:00:00+00:00
[2025-04-29T00:42:00.853+0000] {processor.py:179} INFO - Processing /opt/airflow/dags/kafka_stream.py took 0.091 seconds
[2025-04-29T00:42:31.119+0000] {processor.py:157} INFO - Started process (PID=4018) to work on /opt/airflow/dags/kafka_stream.py
[2025-04-29T00:42:31.121+0000] {processor.py:829} INFO - Processing file /opt/airflow/dags/kafka_stream.py for tasks to queue
[2025-04-29T00:42:31.122+0000] {logging_mixin.py:151} INFO - [2025-04-29T00:42:31.122+0000] {dagbag.py:539} INFO - Filling up the DagBag from /opt/airflow/dags/kafka_stream.py
[2025-04-29T00:42:31.158+0000] {processor.py:839} INFO - DAG(s) dict_keys(['user_automation']) retrieved from /opt/airflow/dags/kafka_stream.py
[2025-04-29T00:42:31.177+0000] {logging_mixin.py:151} INFO - [2025-04-29T00:42:31.177+0000] {dag.py:2907} INFO - Sync 1 DAGs
[2025-04-29T00:42:31.193+0000] {logging_mixin.py:151} INFO - [2025-04-29T00:42:31.193+0000] {dag.py:3677} INFO - Setting next_dagrun for user_automation to 2025-04-29T00:00:00+00:00, run_after=2025-04-30T00:00:00+00:00
[2025-04-29T00:42:31.215+0000] {processor.py:179} INFO - Processing /opt/airflow/dags/kafka_stream.py took 0.100 seconds
[2025-04-29T00:43:01.484+0000] {processor.py:157} INFO - Started process (PID=4019) to work on /opt/airflow/dags/kafka_stream.py
[2025-04-29T00:43:01.485+0000] {processor.py:829} INFO - Processing file /opt/airflow/dags/kafka_stream.py for tasks to queue
[2025-04-29T00:43:01.486+0000] {logging_mixin.py:151} INFO - [2025-04-29T00:43:01.486+0000] {dagbag.py:539} INFO - Filling up the DagBag from /opt/airflow/dags/kafka_stream.py
[2025-04-29T00:43:01.519+0000] {processor.py:839} INFO - DAG(s) dict_keys(['user_automation']) retrieved from /opt/airflow/dags/kafka_stream.py
[2025-04-29T00:43:01.538+0000] {logging_mixin.py:151} INFO - [2025-04-29T00:43:01.538+0000] {dag.py:2907} INFO - Sync 1 DAGs
[2025-04-29T00:43:01.552+0000] {logging_mixin.py:151} INFO - [2025-04-29T00:43:01.552+0000] {dag.py:3677} INFO - Setting next_dagrun for user_automation to 2025-04-29T00:00:00+00:00, run_after=2025-04-30T00:00:00+00:00
[2025-04-29T00:43:01.579+0000] {processor.py:179} INFO - Processing /opt/airflow/dags/kafka_stream.py took 0.099 seconds
[2025-04-29T00:43:31.877+0000] {processor.py:157} INFO - Started process (PID=4020) to work on /opt/airflow/dags/kafka_stream.py
[2025-04-29T00:43:31.878+0000] {processor.py:829} INFO - Processing file /opt/airflow/dags/kafka_stream.py for tasks to queue
[2025-04-29T00:43:31.879+0000] {logging_mixin.py:151} INFO - [2025-04-29T00:43:31.878+0000] {dagbag.py:539} INFO - Filling up the DagBag from /opt/airflow/dags/kafka_stream.py
[2025-04-29T00:43:31.899+0000] {processor.py:839} INFO - DAG(s) dict_keys(['user_automation']) retrieved from /opt/airflow/dags/kafka_stream.py
[2025-04-29T00:43:31.917+0000] {logging_mixin.py:151} INFO - [2025-04-29T00:43:31.917+0000] {dag.py:2907} INFO - Sync 1 DAGs
[2025-04-29T00:43:31.932+0000] {logging_mixin.py:151} INFO - [2025-04-29T00:43:31.932+0000] {dag.py:3677} INFO - Setting next_dagrun for user_automation to 2025-04-29T00:00:00+00:00, run_after=2025-04-30T00:00:00+00:00
[2025-04-29T00:43:31.960+0000] {processor.py:179} INFO - Processing /opt/airflow/dags/kafka_stream.py took 0.087 seconds
[2025-04-29T00:44:02.249+0000] {processor.py:157} INFO - Started process (PID=4021) to work on /opt/airflow/dags/kafka_stream.py
[2025-04-29T00:44:02.251+0000] {processor.py:829} INFO - Processing file /opt/airflow/dags/kafka_stream.py for tasks to queue
[2025-04-29T00:44:02.252+0000] {logging_mixin.py:151} INFO - [2025-04-29T00:44:02.252+0000] {dagbag.py:539} INFO - Filling up the DagBag from /opt/airflow/dags/kafka_stream.py
[2025-04-29T00:44:02.285+0000] {processor.py:839} INFO - DAG(s) dict_keys(['user_automation']) retrieved from /opt/airflow/dags/kafka_stream.py
[2025-04-29T00:44:02.305+0000] {logging_mixin.py:151} INFO - [2025-04-29T00:44:02.305+0000] {dag.py:2907} INFO - Sync 1 DAGs
[2025-04-29T00:44:02.320+0000] {logging_mixin.py:151} INFO - [2025-04-29T00:44:02.319+0000] {dag.py:3677} INFO - Setting next_dagrun for user_automation to 2025-04-29T00:00:00+00:00, run_after=2025-04-30T00:00:00+00:00
[2025-04-29T00:44:02.336+0000] {processor.py:179} INFO - Processing /opt/airflow/dags/kafka_stream.py took 0.090 seconds
[2025-04-29T00:44:32.599+0000] {processor.py:157} INFO - Started process (PID=4022) to work on /opt/airflow/dags/kafka_stream.py
[2025-04-29T00:44:32.600+0000] {processor.py:829} INFO - Processing file /opt/airflow/dags/kafka_stream.py for tasks to queue
[2025-04-29T00:44:32.601+0000] {logging_mixin.py:151} INFO - [2025-04-29T00:44:32.601+0000] {dagbag.py:539} INFO - Filling up the DagBag from /opt/airflow/dags/kafka_stream.py
[2025-04-29T00:44:32.629+0000] {processor.py:839} INFO - DAG(s) dict_keys(['user_automation']) retrieved from /opt/airflow/dags/kafka_stream.py
[2025-04-29T00:44:32.648+0000] {logging_mixin.py:151} INFO - [2025-04-29T00:44:32.648+0000] {dag.py:2907} INFO - Sync 1 DAGs
[2025-04-29T00:44:32.662+0000] {logging_mixin.py:151} INFO - [2025-04-29T00:44:32.662+0000] {dag.py:3677} INFO - Setting next_dagrun for user_automation to 2025-04-29T00:00:00+00:00, run_after=2025-04-30T00:00:00+00:00
[2025-04-29T00:44:32.692+0000] {processor.py:179} INFO - Processing /opt/airflow/dags/kafka_stream.py took 0.096 seconds
[2025-04-29T00:45:02.976+0000] {processor.py:157} INFO - Started process (PID=4023) to work on /opt/airflow/dags/kafka_stream.py
[2025-04-29T00:45:02.977+0000] {processor.py:829} INFO - Processing file /opt/airflow/dags/kafka_stream.py for tasks to queue
[2025-04-29T00:45:02.979+0000] {logging_mixin.py:151} INFO - [2025-04-29T00:45:02.978+0000] {dagbag.py:539} INFO - Filling up the DagBag from /opt/airflow/dags/kafka_stream.py
[2025-04-29T00:45:03.009+0000] {processor.py:839} INFO - DAG(s) dict_keys(['user_automation']) retrieved from /opt/airflow/dags/kafka_stream.py
[2025-04-29T00:45:03.028+0000] {logging_mixin.py:151} INFO - [2025-04-29T00:45:03.028+0000] {dag.py:2907} INFO - Sync 1 DAGs
[2025-04-29T00:45:03.043+0000] {logging_mixin.py:151} INFO - [2025-04-29T00:45:03.043+0000] {dag.py:3677} INFO - Setting next_dagrun for user_automation to 2025-04-29T00:00:00+00:00, run_after=2025-04-30T00:00:00+00:00
[2025-04-29T00:45:03.070+0000] {processor.py:179} INFO - Processing /opt/airflow/dags/kafka_stream.py took 0.096 seconds
[2025-04-29T00:45:33.360+0000] {processor.py:157} INFO - Started process (PID=4024) to work on /opt/airflow/dags/kafka_stream.py
[2025-04-29T00:45:33.361+0000] {processor.py:829} INFO - Processing file /opt/airflow/dags/kafka_stream.py for tasks to queue
[2025-04-29T00:45:33.363+0000] {logging_mixin.py:151} INFO - [2025-04-29T00:45:33.363+0000] {dagbag.py:539} INFO - Filling up the DagBag from /opt/airflow/dags/kafka_stream.py
[2025-04-29T00:45:33.397+0000] {processor.py:839} INFO - DAG(s) dict_keys(['user_automation']) retrieved from /opt/airflow/dags/kafka_stream.py
[2025-04-29T00:45:33.417+0000] {logging_mixin.py:151} INFO - [2025-04-29T00:45:33.417+0000] {dag.py:2907} INFO - Sync 1 DAGs
[2025-04-29T00:45:33.433+0000] {logging_mixin.py:151} INFO - [2025-04-29T00:45:33.433+0000] {dag.py:3677} INFO - Setting next_dagrun for user_automation to 2025-04-29T00:00:00+00:00, run_after=2025-04-30T00:00:00+00:00
[2025-04-29T00:45:33.451+0000] {processor.py:179} INFO - Processing /opt/airflow/dags/kafka_stream.py took 0.095 seconds
[2025-04-29T00:46:03.770+0000] {processor.py:157} INFO - Started process (PID=4025) to work on /opt/airflow/dags/kafka_stream.py
[2025-04-29T00:46:03.771+0000] {processor.py:829} INFO - Processing file /opt/airflow/dags/kafka_stream.py for tasks to queue
[2025-04-29T00:46:03.773+0000] {logging_mixin.py:151} INFO - [2025-04-29T00:46:03.772+0000] {dagbag.py:539} INFO - Filling up the DagBag from /opt/airflow/dags/kafka_stream.py
[2025-04-29T00:46:03.797+0000] {processor.py:839} INFO - DAG(s) dict_keys(['user_automation']) retrieved from /opt/airflow/dags/kafka_stream.py
[2025-04-29T00:46:03.818+0000] {logging_mixin.py:151} INFO - [2025-04-29T00:46:03.817+0000] {dag.py:2907} INFO - Sync 1 DAGs
[2025-04-29T00:46:03.834+0000] {logging_mixin.py:151} INFO - [2025-04-29T00:46:03.834+0000] {dag.py:3677} INFO - Setting next_dagrun for user_automation to 2025-04-29T00:00:00+00:00, run_after=2025-04-30T00:00:00+00:00
[2025-04-29T00:46:03.854+0000] {processor.py:179} INFO - Processing /opt/airflow/dags/kafka_stream.py took 0.086 seconds
[2025-04-29T00:46:34.125+0000] {processor.py:157} INFO - Started process (PID=4026) to work on /opt/airflow/dags/kafka_stream.py
[2025-04-29T00:46:34.127+0000] {processor.py:829} INFO - Processing file /opt/airflow/dags/kafka_stream.py for tasks to queue
[2025-04-29T00:46:34.128+0000] {logging_mixin.py:151} INFO - [2025-04-29T00:46:34.128+0000] {dagbag.py:539} INFO - Filling up the DagBag from /opt/airflow/dags/kafka_stream.py
[2025-04-29T00:46:34.158+0000] {processor.py:839} INFO - DAG(s) dict_keys(['user_automation']) retrieved from /opt/airflow/dags/kafka_stream.py
[2025-04-29T00:46:34.178+0000] {logging_mixin.py:151} INFO - [2025-04-29T00:46:34.178+0000] {dag.py:2907} INFO - Sync 1 DAGs
[2025-04-29T00:46:34.192+0000] {logging_mixin.py:151} INFO - [2025-04-29T00:46:34.192+0000] {dag.py:3677} INFO - Setting next_dagrun for user_automation to 2025-04-29T00:00:00+00:00, run_after=2025-04-30T00:00:00+00:00
[2025-04-29T00:46:34.222+0000] {processor.py:179} INFO - Processing /opt/airflow/dags/kafka_stream.py took 0.099 seconds
[2025-04-29T00:47:04.482+0000] {processor.py:157} INFO - Started process (PID=4027) to work on /opt/airflow/dags/kafka_stream.py
[2025-04-29T00:47:04.483+0000] {processor.py:829} INFO - Processing file /opt/airflow/dags/kafka_stream.py for tasks to queue
[2025-04-29T00:47:04.485+0000] {logging_mixin.py:151} INFO - [2025-04-29T00:47:04.484+0000] {dagbag.py:539} INFO - Filling up the DagBag from /opt/airflow/dags/kafka_stream.py
[2025-04-29T00:47:04.518+0000] {processor.py:839} INFO - DAG(s) dict_keys(['user_automation']) retrieved from /opt/airflow/dags/kafka_stream.py
[2025-04-29T00:47:04.537+0000] {logging_mixin.py:151} INFO - [2025-04-29T00:47:04.537+0000] {dag.py:2907} INFO - Sync 1 DAGs
[2025-04-29T00:47:04.552+0000] {logging_mixin.py:151} INFO - [2025-04-29T00:47:04.552+0000] {dag.py:3677} INFO - Setting next_dagrun for user_automation to 2025-04-29T00:00:00+00:00, run_after=2025-04-30T00:00:00+00:00
[2025-04-29T00:47:04.582+0000] {processor.py:179} INFO - Processing /opt/airflow/dags/kafka_stream.py took 0.105 seconds
[2025-04-29T00:47:34.875+0000] {processor.py:157} INFO - Started process (PID=4028) to work on /opt/airflow/dags/kafka_stream.py
[2025-04-29T00:47:34.876+0000] {processor.py:829} INFO - Processing file /opt/airflow/dags/kafka_stream.py for tasks to queue
[2025-04-29T00:47:34.877+0000] {logging_mixin.py:151} INFO - [2025-04-29T00:47:34.877+0000] {dagbag.py:539} INFO - Filling up the DagBag from /opt/airflow/dags/kafka_stream.py
[2025-04-29T00:47:34.911+0000] {processor.py:839} INFO - DAG(s) dict_keys(['user_automation']) retrieved from /opt/airflow/dags/kafka_stream.py
[2025-04-29T00:47:34.932+0000] {logging_mixin.py:151} INFO - [2025-04-29T00:47:34.932+0000] {dag.py:2907} INFO - Sync 1 DAGs
[2025-04-29T00:47:34.948+0000] {logging_mixin.py:151} INFO - [2025-04-29T00:47:34.948+0000] {dag.py:3677} INFO - Setting next_dagrun for user_automation to 2025-04-29T00:00:00+00:00, run_after=2025-04-30T00:00:00+00:00
[2025-04-29T00:47:34.976+0000] {processor.py:179} INFO - Processing /opt/airflow/dags/kafka_stream.py took 0.104 seconds
[2025-04-29T00:48:05.243+0000] {processor.py:157} INFO - Started process (PID=4029) to work on /opt/airflow/dags/kafka_stream.py
[2025-04-29T00:48:05.244+0000] {processor.py:829} INFO - Processing file /opt/airflow/dags/kafka_stream.py for tasks to queue
[2025-04-29T00:48:05.246+0000] {logging_mixin.py:151} INFO - [2025-04-29T00:48:05.245+0000] {dagbag.py:539} INFO - Filling up the DagBag from /opt/airflow/dags/kafka_stream.py
[2025-04-29T00:48:05.273+0000] {processor.py:839} INFO - DAG(s) dict_keys(['user_automation']) retrieved from /opt/airflow/dags/kafka_stream.py
[2025-04-29T00:48:05.293+0000] {logging_mixin.py:151} INFO - [2025-04-29T00:48:05.293+0000] {dag.py:2907} INFO - Sync 1 DAGs
[2025-04-29T00:48:05.307+0000] {logging_mixin.py:151} INFO - [2025-04-29T00:48:05.306+0000] {dag.py:3677} INFO - Setting next_dagrun for user_automation to 2025-04-29T00:00:00+00:00, run_after=2025-04-30T00:00:00+00:00
[2025-04-29T00:48:05.336+0000] {processor.py:179} INFO - Processing /opt/airflow/dags/kafka_stream.py took 0.097 seconds
[2025-04-29T00:48:35.597+0000] {processor.py:157} INFO - Started process (PID=4030) to work on /opt/airflow/dags/kafka_stream.py
[2025-04-29T00:48:35.599+0000] {processor.py:829} INFO - Processing file /opt/airflow/dags/kafka_stream.py for tasks to queue
[2025-04-29T00:48:35.600+0000] {logging_mixin.py:151} INFO - [2025-04-29T00:48:35.600+0000] {dagbag.py:539} INFO - Filling up the DagBag from /opt/airflow/dags/kafka_stream.py
[2025-04-29T00:48:35.625+0000] {processor.py:839} INFO - DAG(s) dict_keys(['user_automation']) retrieved from /opt/airflow/dags/kafka_stream.py
[2025-04-29T00:48:35.647+0000] {logging_mixin.py:151} INFO - [2025-04-29T00:48:35.647+0000] {dag.py:2907} INFO - Sync 1 DAGs
[2025-04-29T00:48:35.661+0000] {logging_mixin.py:151} INFO - [2025-04-29T00:48:35.661+0000] {dag.py:3677} INFO - Setting next_dagrun for user_automation to 2025-04-29T00:00:00+00:00, run_after=2025-04-30T00:00:00+00:00
[2025-04-29T00:48:35.690+0000] {processor.py:179} INFO - Processing /opt/airflow/dags/kafka_stream.py took 0.096 seconds
[2025-04-29T00:49:05.974+0000] {processor.py:157} INFO - Started process (PID=4031) to work on /opt/airflow/dags/kafka_stream.py
[2025-04-29T00:49:05.976+0000] {processor.py:829} INFO - Processing file /opt/airflow/dags/kafka_stream.py for tasks to queue
[2025-04-29T00:49:05.977+0000] {logging_mixin.py:151} INFO - [2025-04-29T00:49:05.977+0000] {dagbag.py:539} INFO - Filling up the DagBag from /opt/airflow/dags/kafka_stream.py
[2025-04-29T00:49:06.005+0000] {processor.py:839} INFO - DAG(s) dict_keys(['user_automation']) retrieved from /opt/airflow/dags/kafka_stream.py
[2025-04-29T00:49:06.025+0000] {logging_mixin.py:151} INFO - [2025-04-29T00:49:06.025+0000] {dag.py:2907} INFO - Sync 1 DAGs
[2025-04-29T00:49:06.040+0000] {logging_mixin.py:151} INFO - [2025-04-29T00:49:06.040+0000] {dag.py:3677} INFO - Setting next_dagrun for user_automation to 2025-04-29T00:00:00+00:00, run_after=2025-04-30T00:00:00+00:00
[2025-04-29T00:49:06.067+0000] {processor.py:179} INFO - Processing /opt/airflow/dags/kafka_stream.py took 0.094 seconds
[2025-04-29T00:49:36.311+0000] {processor.py:157} INFO - Started process (PID=4032) to work on /opt/airflow/dags/kafka_stream.py
[2025-04-29T00:49:36.313+0000] {processor.py:829} INFO - Processing file /opt/airflow/dags/kafka_stream.py for tasks to queue
[2025-04-29T00:49:36.314+0000] {logging_mixin.py:151} INFO - [2025-04-29T00:49:36.314+0000] {dagbag.py:539} INFO - Filling up the DagBag from /opt/airflow/dags/kafka_stream.py
[2025-04-29T00:49:36.343+0000] {processor.py:839} INFO - DAG(s) dict_keys(['user_automation']) retrieved from /opt/airflow/dags/kafka_stream.py
[2025-04-29T00:49:36.363+0000] {logging_mixin.py:151} INFO - [2025-04-29T00:49:36.363+0000] {dag.py:2907} INFO - Sync 1 DAGs
[2025-04-29T00:49:36.377+0000] {logging_mixin.py:151} INFO - [2025-04-29T00:49:36.377+0000] {dag.py:3677} INFO - Setting next_dagrun for user_automation to 2025-04-29T00:00:00+00:00, run_after=2025-04-30T00:00:00+00:00
[2025-04-29T00:49:36.398+0000] {processor.py:179} INFO - Processing /opt/airflow/dags/kafka_stream.py took 0.090 seconds
[2025-04-29T00:50:06.746+0000] {processor.py:157} INFO - Started process (PID=4033) to work on /opt/airflow/dags/kafka_stream.py
[2025-04-29T00:50:06.747+0000] {processor.py:829} INFO - Processing file /opt/airflow/dags/kafka_stream.py for tasks to queue
[2025-04-29T00:50:06.749+0000] {logging_mixin.py:151} INFO - [2025-04-29T00:50:06.748+0000] {dagbag.py:539} INFO - Filling up the DagBag from /opt/airflow/dags/kafka_stream.py
[2025-04-29T00:50:06.776+0000] {processor.py:839} INFO - DAG(s) dict_keys(['user_automation']) retrieved from /opt/airflow/dags/kafka_stream.py
[2025-04-29T00:50:06.798+0000] {logging_mixin.py:151} INFO - [2025-04-29T00:50:06.798+0000] {dag.py:2907} INFO - Sync 1 DAGs
[2025-04-29T00:50:06.813+0000] {logging_mixin.py:151} INFO - [2025-04-29T00:50:06.813+0000] {dag.py:3677} INFO - Setting next_dagrun for user_automation to 2025-04-29T00:00:00+00:00, run_after=2025-04-30T00:00:00+00:00
[2025-04-29T00:50:06.835+0000] {processor.py:179} INFO - Processing /opt/airflow/dags/kafka_stream.py took 0.092 seconds
[2025-04-29T00:50:37.060+0000] {processor.py:157} INFO - Started process (PID=4034) to work on /opt/airflow/dags/kafka_stream.py
[2025-04-29T00:50:37.062+0000] {processor.py:829} INFO - Processing file /opt/airflow/dags/kafka_stream.py for tasks to queue
[2025-04-29T00:50:37.063+0000] {logging_mixin.py:151} INFO - [2025-04-29T00:50:37.063+0000] {dagbag.py:539} INFO - Filling up the DagBag from /opt/airflow/dags/kafka_stream.py
[2025-04-29T00:50:37.101+0000] {processor.py:839} INFO - DAG(s) dict_keys(['user_automation']) retrieved from /opt/airflow/dags/kafka_stream.py
[2025-04-29T00:50:37.123+0000] {logging_mixin.py:151} INFO - [2025-04-29T00:50:37.122+0000] {dag.py:2907} INFO - Sync 1 DAGs
[2025-04-29T00:50:37.137+0000] {logging_mixin.py:151} INFO - [2025-04-29T00:50:37.137+0000] {dag.py:3677} INFO - Setting next_dagrun for user_automation to 2025-04-29T00:00:00+00:00, run_after=2025-04-30T00:00:00+00:00
[2025-04-29T00:50:37.158+0000] {processor.py:179} INFO - Processing /opt/airflow/dags/kafka_stream.py took 0.102 seconds
[2025-04-29T00:51:07.497+0000] {processor.py:157} INFO - Started process (PID=4035) to work on /opt/airflow/dags/kafka_stream.py
[2025-04-29T00:51:07.498+0000] {processor.py:829} INFO - Processing file /opt/airflow/dags/kafka_stream.py for tasks to queue
[2025-04-29T00:51:07.500+0000] {logging_mixin.py:151} INFO - [2025-04-29T00:51:07.499+0000] {dagbag.py:539} INFO - Filling up the DagBag from /opt/airflow/dags/kafka_stream.py
[2025-04-29T00:51:07.526+0000] {processor.py:839} INFO - DAG(s) dict_keys(['user_automation']) retrieved from /opt/airflow/dags/kafka_stream.py
[2025-04-29T00:51:07.545+0000] {logging_mixin.py:151} INFO - [2025-04-29T00:51:07.545+0000] {dag.py:2907} INFO - Sync 1 DAGs
[2025-04-29T00:51:07.559+0000] {logging_mixin.py:151} INFO - [2025-04-29T00:51:07.559+0000] {dag.py:3677} INFO - Setting next_dagrun for user_automation to 2025-04-29T00:00:00+00:00, run_after=2025-04-30T00:00:00+00:00
[2025-04-29T00:51:07.588+0000] {processor.py:179} INFO - Processing /opt/airflow/dags/kafka_stream.py took 0.093 seconds
[2025-04-29T00:51:37.893+0000] {processor.py:157} INFO - Started process (PID=4036) to work on /opt/airflow/dags/kafka_stream.py
[2025-04-29T00:51:37.894+0000] {processor.py:829} INFO - Processing file /opt/airflow/dags/kafka_stream.py for tasks to queue
[2025-04-29T00:51:37.895+0000] {logging_mixin.py:151} INFO - [2025-04-29T00:51:37.895+0000] {dagbag.py:539} INFO - Filling up the DagBag from /opt/airflow/dags/kafka_stream.py
[2025-04-29T00:51:37.930+0000] {processor.py:839} INFO - DAG(s) dict_keys(['user_automation']) retrieved from /opt/airflow/dags/kafka_stream.py
[2025-04-29T00:51:37.949+0000] {logging_mixin.py:151} INFO - [2025-04-29T00:51:37.949+0000] {dag.py:2907} INFO - Sync 1 DAGs
[2025-04-29T00:51:37.964+0000] {logging_mixin.py:151} INFO - [2025-04-29T00:51:37.963+0000] {dag.py:3677} INFO - Setting next_dagrun for user_automation to 2025-04-29T00:00:00+00:00, run_after=2025-04-30T00:00:00+00:00
[2025-04-29T00:51:37.984+0000] {processor.py:179} INFO - Processing /opt/airflow/dags/kafka_stream.py took 0.093 seconds
[2025-04-29T00:52:08.265+0000] {processor.py:157} INFO - Started process (PID=4037) to work on /opt/airflow/dags/kafka_stream.py
[2025-04-29T00:52:08.266+0000] {processor.py:829} INFO - Processing file /opt/airflow/dags/kafka_stream.py for tasks to queue
[2025-04-29T00:52:08.267+0000] {logging_mixin.py:151} INFO - [2025-04-29T00:52:08.267+0000] {dagbag.py:539} INFO - Filling up the DagBag from /opt/airflow/dags/kafka_stream.py
[2025-04-29T00:52:08.292+0000] {processor.py:839} INFO - DAG(s) dict_keys(['user_automation']) retrieved from /opt/airflow/dags/kafka_stream.py
[2025-04-29T00:52:08.312+0000] {logging_mixin.py:151} INFO - [2025-04-29T00:52:08.311+0000] {dag.py:2907} INFO - Sync 1 DAGs
[2025-04-29T00:52:08.327+0000] {logging_mixin.py:151} INFO - [2025-04-29T00:52:08.327+0000] {dag.py:3677} INFO - Setting next_dagrun for user_automation to 2025-04-29T00:00:00+00:00, run_after=2025-04-30T00:00:00+00:00
[2025-04-29T00:52:08.346+0000] {processor.py:179} INFO - Processing /opt/airflow/dags/kafka_stream.py took 0.083 seconds
[2025-04-29T00:52:38.573+0000] {processor.py:157} INFO - Started process (PID=4038) to work on /opt/airflow/dags/kafka_stream.py
[2025-04-29T00:52:38.574+0000] {processor.py:829} INFO - Processing file /opt/airflow/dags/kafka_stream.py for tasks to queue
[2025-04-29T00:52:38.576+0000] {logging_mixin.py:151} INFO - [2025-04-29T00:52:38.575+0000] {dagbag.py:539} INFO - Filling up the DagBag from /opt/airflow/dags/kafka_stream.py
[2025-04-29T00:52:38.606+0000] {processor.py:839} INFO - DAG(s) dict_keys(['user_automation']) retrieved from /opt/airflow/dags/kafka_stream.py
[2025-04-29T00:52:38.625+0000] {logging_mixin.py:151} INFO - [2025-04-29T00:52:38.625+0000] {dag.py:2907} INFO - Sync 1 DAGs
[2025-04-29T00:52:38.641+0000] {logging_mixin.py:151} INFO - [2025-04-29T00:52:38.641+0000] {dag.py:3677} INFO - Setting next_dagrun for user_automation to 2025-04-29T00:00:00+00:00, run_after=2025-04-30T00:00:00+00:00
[2025-04-29T00:52:38.660+0000] {processor.py:179} INFO - Processing /opt/airflow/dags/kafka_stream.py took 0.090 seconds
[2025-04-29T00:53:08.931+0000] {processor.py:157} INFO - Started process (PID=4039) to work on /opt/airflow/dags/kafka_stream.py
[2025-04-29T00:53:08.933+0000] {processor.py:829} INFO - Processing file /opt/airflow/dags/kafka_stream.py for tasks to queue
[2025-04-29T00:53:08.934+0000] {logging_mixin.py:151} INFO - [2025-04-29T00:53:08.933+0000] {dagbag.py:539} INFO - Filling up the DagBag from /opt/airflow/dags/kafka_stream.py
[2025-04-29T00:53:08.962+0000] {processor.py:839} INFO - DAG(s) dict_keys(['user_automation']) retrieved from /opt/airflow/dags/kafka_stream.py
[2025-04-29T00:53:08.984+0000] {logging_mixin.py:151} INFO - [2025-04-29T00:53:08.984+0000] {dag.py:2907} INFO - Sync 1 DAGs
[2025-04-29T00:53:09.002+0000] {logging_mixin.py:151} INFO - [2025-04-29T00:53:09.001+0000] {dag.py:3677} INFO - Setting next_dagrun for user_automation to 2025-04-29T00:00:00+00:00, run_after=2025-04-30T00:00:00+00:00
[2025-04-29T00:53:09.020+0000] {processor.py:179} INFO - Processing /opt/airflow/dags/kafka_stream.py took 0.091 seconds
[2025-04-29T00:53:39.255+0000] {processor.py:157} INFO - Started process (PID=4040) to work on /opt/airflow/dags/kafka_stream.py
[2025-04-29T00:53:39.256+0000] {processor.py:829} INFO - Processing file /opt/airflow/dags/kafka_stream.py for tasks to queue
[2025-04-29T00:53:39.258+0000] {logging_mixin.py:151} INFO - [2025-04-29T00:53:39.258+0000] {dagbag.py:539} INFO - Filling up the DagBag from /opt/airflow/dags/kafka_stream.py
[2025-04-29T00:53:39.286+0000] {processor.py:839} INFO - DAG(s) dict_keys(['user_automation']) retrieved from /opt/airflow/dags/kafka_stream.py
[2025-04-29T00:53:39.305+0000] {logging_mixin.py:151} INFO - [2025-04-29T00:53:39.305+0000] {dag.py:2907} INFO - Sync 1 DAGs
[2025-04-29T00:53:39.319+0000] {logging_mixin.py:151} INFO - [2025-04-29T00:53:39.319+0000] {dag.py:3677} INFO - Setting next_dagrun for user_automation to 2025-04-29T00:00:00+00:00, run_after=2025-04-30T00:00:00+00:00
[2025-04-29T00:53:39.350+0000] {processor.py:179} INFO - Processing /opt/airflow/dags/kafka_stream.py took 0.099 seconds
[2025-04-29T00:54:09.643+0000] {processor.py:157} INFO - Started process (PID=4041) to work on /opt/airflow/dags/kafka_stream.py
[2025-04-29T00:54:09.644+0000] {processor.py:829} INFO - Processing file /opt/airflow/dags/kafka_stream.py for tasks to queue
[2025-04-29T00:54:09.646+0000] {logging_mixin.py:151} INFO - [2025-04-29T00:54:09.646+0000] {dagbag.py:539} INFO - Filling up the DagBag from /opt/airflow/dags/kafka_stream.py
[2025-04-29T00:54:09.686+0000] {processor.py:839} INFO - DAG(s) dict_keys(['user_automation']) retrieved from /opt/airflow/dags/kafka_stream.py
[2025-04-29T00:54:09.709+0000] {logging_mixin.py:151} INFO - [2025-04-29T00:54:09.708+0000] {dag.py:2907} INFO - Sync 1 DAGs
[2025-04-29T00:54:09.724+0000] {logging_mixin.py:151} INFO - [2025-04-29T00:54:09.724+0000] {dag.py:3677} INFO - Setting next_dagrun for user_automation to 2025-04-29T00:00:00+00:00, run_after=2025-04-30T00:00:00+00:00
[2025-04-29T00:54:09.751+0000] {processor.py:179} INFO - Processing /opt/airflow/dags/kafka_stream.py took 0.110 seconds
[2025-04-29T00:54:39.995+0000] {processor.py:157} INFO - Started process (PID=4042) to work on /opt/airflow/dags/kafka_stream.py
[2025-04-29T00:54:39.997+0000] {processor.py:829} INFO - Processing file /opt/airflow/dags/kafka_stream.py for tasks to queue
[2025-04-29T00:54:39.998+0000] {logging_mixin.py:151} INFO - [2025-04-29T00:54:39.998+0000] {dagbag.py:539} INFO - Filling up the DagBag from /opt/airflow/dags/kafka_stream.py
[2025-04-29T00:54:40.025+0000] {processor.py:839} INFO - DAG(s) dict_keys(['user_automation']) retrieved from /opt/airflow/dags/kafka_stream.py
[2025-04-29T00:54:40.046+0000] {logging_mixin.py:151} INFO - [2025-04-29T00:54:40.046+0000] {dag.py:2907} INFO - Sync 1 DAGs
[2025-04-29T00:54:40.062+0000] {logging_mixin.py:151} INFO - [2025-04-29T00:54:40.062+0000] {dag.py:3677} INFO - Setting next_dagrun for user_automation to 2025-04-29T00:00:00+00:00, run_after=2025-04-30T00:00:00+00:00
[2025-04-29T00:54:40.090+0000] {processor.py:179} INFO - Processing /opt/airflow/dags/kafka_stream.py took 0.097 seconds
[2025-04-29T00:55:10.402+0000] {processor.py:157} INFO - Started process (PID=4043) to work on /opt/airflow/dags/kafka_stream.py
[2025-04-29T00:55:10.404+0000] {processor.py:829} INFO - Processing file /opt/airflow/dags/kafka_stream.py for tasks to queue
[2025-04-29T00:55:10.405+0000] {logging_mixin.py:151} INFO - [2025-04-29T00:55:10.405+0000] {dagbag.py:539} INFO - Filling up the DagBag from /opt/airflow/dags/kafka_stream.py
[2025-04-29T00:55:10.434+0000] {processor.py:839} INFO - DAG(s) dict_keys(['user_automation']) retrieved from /opt/airflow/dags/kafka_stream.py
[2025-04-29T00:55:10.453+0000] {logging_mixin.py:151} INFO - [2025-04-29T00:55:10.453+0000] {dag.py:2907} INFO - Sync 1 DAGs
[2025-04-29T00:55:10.468+0000] {logging_mixin.py:151} INFO - [2025-04-29T00:55:10.468+0000] {dag.py:3677} INFO - Setting next_dagrun for user_automation to 2025-04-29T00:00:00+00:00, run_after=2025-04-30T00:00:00+00:00
[2025-04-29T00:55:10.485+0000] {processor.py:179} INFO - Processing /opt/airflow/dags/kafka_stream.py took 0.087 seconds
[2025-04-29T00:55:40.745+0000] {processor.py:157} INFO - Started process (PID=4044) to work on /opt/airflow/dags/kafka_stream.py
[2025-04-29T00:55:40.747+0000] {processor.py:829} INFO - Processing file /opt/airflow/dags/kafka_stream.py for tasks to queue
[2025-04-29T00:55:40.748+0000] {logging_mixin.py:151} INFO - [2025-04-29T00:55:40.748+0000] {dagbag.py:539} INFO - Filling up the DagBag from /opt/airflow/dags/kafka_stream.py
[2025-04-29T00:55:40.782+0000] {processor.py:839} INFO - DAG(s) dict_keys(['user_automation']) retrieved from /opt/airflow/dags/kafka_stream.py
[2025-04-29T00:55:40.802+0000] {logging_mixin.py:151} INFO - [2025-04-29T00:55:40.802+0000] {dag.py:2907} INFO - Sync 1 DAGs
[2025-04-29T00:55:40.817+0000] {logging_mixin.py:151} INFO - [2025-04-29T00:55:40.817+0000] {dag.py:3677} INFO - Setting next_dagrun for user_automation to 2025-04-29T00:00:00+00:00, run_after=2025-04-30T00:00:00+00:00
[2025-04-29T00:55:40.845+0000] {processor.py:179} INFO - Processing /opt/airflow/dags/kafka_stream.py took 0.103 seconds
[2025-04-29T00:56:11.143+0000] {processor.py:157} INFO - Started process (PID=4045) to work on /opt/airflow/dags/kafka_stream.py
[2025-04-29T00:56:11.144+0000] {processor.py:829} INFO - Processing file /opt/airflow/dags/kafka_stream.py for tasks to queue
[2025-04-29T00:56:11.145+0000] {logging_mixin.py:151} INFO - [2025-04-29T00:56:11.145+0000] {dagbag.py:539} INFO - Filling up the DagBag from /opt/airflow/dags/kafka_stream.py
[2025-04-29T00:56:11.170+0000] {processor.py:839} INFO - DAG(s) dict_keys(['user_automation']) retrieved from /opt/airflow/dags/kafka_stream.py
[2025-04-29T00:56:11.189+0000] {logging_mixin.py:151} INFO - [2025-04-29T00:56:11.189+0000] {dag.py:2907} INFO - Sync 1 DAGs
[2025-04-29T00:56:11.203+0000] {logging_mixin.py:151} INFO - [2025-04-29T00:56:11.203+0000] {dag.py:3677} INFO - Setting next_dagrun for user_automation to 2025-04-29T00:00:00+00:00, run_after=2025-04-30T00:00:00+00:00
[2025-04-29T00:56:11.256+0000] {processor.py:179} INFO - Processing /opt/airflow/dags/kafka_stream.py took 0.116 seconds
[2025-04-29T00:56:41.467+0000] {processor.py:157} INFO - Started process (PID=4046) to work on /opt/airflow/dags/kafka_stream.py
[2025-04-29T00:56:41.469+0000] {processor.py:829} INFO - Processing file /opt/airflow/dags/kafka_stream.py for tasks to queue
[2025-04-29T00:56:41.470+0000] {logging_mixin.py:151} INFO - [2025-04-29T00:56:41.470+0000] {dagbag.py:539} INFO - Filling up the DagBag from /opt/airflow/dags/kafka_stream.py
[2025-04-29T00:56:41.498+0000] {processor.py:839} INFO - DAG(s) dict_keys(['user_automation']) retrieved from /opt/airflow/dags/kafka_stream.py
[2025-04-29T00:56:41.517+0000] {logging_mixin.py:151} INFO - [2025-04-29T00:56:41.517+0000] {dag.py:2907} INFO - Sync 1 DAGs
[2025-04-29T00:56:41.531+0000] {logging_mixin.py:151} INFO - [2025-04-29T00:56:41.531+0000] {dag.py:3677} INFO - Setting next_dagrun for user_automation to 2025-04-29T00:00:00+00:00, run_after=2025-04-30T00:00:00+00:00
[2025-04-29T00:56:41.557+0000] {processor.py:179} INFO - Processing /opt/airflow/dags/kafka_stream.py took 0.093 seconds
[2025-04-29T00:57:11.914+0000] {processor.py:157} INFO - Started process (PID=4047) to work on /opt/airflow/dags/kafka_stream.py
[2025-04-29T00:57:11.915+0000] {processor.py:829} INFO - Processing file /opt/airflow/dags/kafka_stream.py for tasks to queue
[2025-04-29T00:57:11.916+0000] {logging_mixin.py:151} INFO - [2025-04-29T00:57:11.916+0000] {dagbag.py:539} INFO - Filling up the DagBag from /opt/airflow/dags/kafka_stream.py
[2025-04-29T00:57:11.943+0000] {processor.py:839} INFO - DAG(s) dict_keys(['user_automation']) retrieved from /opt/airflow/dags/kafka_stream.py
[2025-04-29T00:57:11.963+0000] {logging_mixin.py:151} INFO - [2025-04-29T00:57:11.963+0000] {dag.py:2907} INFO - Sync 1 DAGs
[2025-04-29T00:57:11.979+0000] {logging_mixin.py:151} INFO - [2025-04-29T00:57:11.979+0000] {dag.py:3677} INFO - Setting next_dagrun for user_automation to 2025-04-29T00:00:00+00:00, run_after=2025-04-30T00:00:00+00:00
[2025-04-29T00:57:11.999+0000] {processor.py:179} INFO - Processing /opt/airflow/dags/kafka_stream.py took 0.087 seconds
[2025-04-29T00:57:42.240+0000] {processor.py:157} INFO - Started process (PID=4048) to work on /opt/airflow/dags/kafka_stream.py
[2025-04-29T00:57:42.241+0000] {processor.py:829} INFO - Processing file /opt/airflow/dags/kafka_stream.py for tasks to queue
[2025-04-29T00:57:42.243+0000] {logging_mixin.py:151} INFO - [2025-04-29T00:57:42.242+0000] {dagbag.py:539} INFO - Filling up the DagBag from /opt/airflow/dags/kafka_stream.py
[2025-04-29T00:57:42.279+0000] {processor.py:839} INFO - DAG(s) dict_keys(['user_automation']) retrieved from /opt/airflow/dags/kafka_stream.py
[2025-04-29T00:57:42.298+0000] {logging_mixin.py:151} INFO - [2025-04-29T00:57:42.297+0000] {dag.py:2907} INFO - Sync 1 DAGs
[2025-04-29T00:57:42.311+0000] {logging_mixin.py:151} INFO - [2025-04-29T00:57:42.311+0000] {dag.py:3677} INFO - Setting next_dagrun for user_automation to 2025-04-29T00:00:00+00:00, run_after=2025-04-30T00:00:00+00:00
[2025-04-29T00:57:42.333+0000] {processor.py:179} INFO - Processing /opt/airflow/dags/kafka_stream.py took 0.097 seconds
[2025-04-29T00:58:12.612+0000] {processor.py:157} INFO - Started process (PID=4049) to work on /opt/airflow/dags/kafka_stream.py
[2025-04-29T00:58:12.613+0000] {processor.py:829} INFO - Processing file /opt/airflow/dags/kafka_stream.py for tasks to queue
[2025-04-29T00:58:12.614+0000] {logging_mixin.py:151} INFO - [2025-04-29T00:58:12.614+0000] {dagbag.py:539} INFO - Filling up the DagBag from /opt/airflow/dags/kafka_stream.py
[2025-04-29T00:58:12.644+0000] {processor.py:839} INFO - DAG(s) dict_keys(['user_automation']) retrieved from /opt/airflow/dags/kafka_stream.py
[2025-04-29T00:58:12.664+0000] {logging_mixin.py:151} INFO - [2025-04-29T00:58:12.664+0000] {dag.py:2907} INFO - Sync 1 DAGs
[2025-04-29T00:58:12.678+0000] {logging_mixin.py:151} INFO - [2025-04-29T00:58:12.678+0000] {dag.py:3677} INFO - Setting next_dagrun for user_automation to 2025-04-29T00:00:00+00:00, run_after=2025-04-30T00:00:00+00:00
[2025-04-29T00:58:12.696+0000] {processor.py:179} INFO - Processing /opt/airflow/dags/kafka_stream.py took 0.087 seconds
[2025-04-29T00:58:42.952+0000] {processor.py:157} INFO - Started process (PID=4050) to work on /opt/airflow/dags/kafka_stream.py
[2025-04-29T00:58:42.953+0000] {processor.py:829} INFO - Processing file /opt/airflow/dags/kafka_stream.py for tasks to queue
[2025-04-29T00:58:42.955+0000] {logging_mixin.py:151} INFO - [2025-04-29T00:58:42.954+0000] {dagbag.py:539} INFO - Filling up the DagBag from /opt/airflow/dags/kafka_stream.py
[2025-04-29T00:58:42.987+0000] {processor.py:839} INFO - DAG(s) dict_keys(['user_automation']) retrieved from /opt/airflow/dags/kafka_stream.py
[2025-04-29T00:58:43.007+0000] {logging_mixin.py:151} INFO - [2025-04-29T00:58:43.007+0000] {dag.py:2907} INFO - Sync 1 DAGs
[2025-04-29T00:58:43.021+0000] {logging_mixin.py:151} INFO - [2025-04-29T00:58:43.021+0000] {dag.py:3677} INFO - Setting next_dagrun for user_automation to 2025-04-29T00:00:00+00:00, run_after=2025-04-30T00:00:00+00:00
[2025-04-29T00:58:43.043+0000] {processor.py:179} INFO - Processing /opt/airflow/dags/kafka_stream.py took 0.094 seconds
[2025-04-29T00:59:13.290+0000] {processor.py:157} INFO - Started process (PID=4051) to work on /opt/airflow/dags/kafka_stream.py
[2025-04-29T00:59:13.291+0000] {processor.py:829} INFO - Processing file /opt/airflow/dags/kafka_stream.py for tasks to queue
[2025-04-29T00:59:13.292+0000] {logging_mixin.py:151} INFO - [2025-04-29T00:59:13.292+0000] {dagbag.py:539} INFO - Filling up the DagBag from /opt/airflow/dags/kafka_stream.py
[2025-04-29T00:59:13.308+0000] {processor.py:839} INFO - DAG(s) dict_keys(['user_automation']) retrieved from /opt/airflow/dags/kafka_stream.py
[2025-04-29T00:59:13.333+0000] {logging_mixin.py:151} INFO - [2025-04-29T00:59:13.333+0000] {dag.py:2907} INFO - Sync 1 DAGs
[2025-04-29T00:59:13.350+0000] {logging_mixin.py:151} INFO - [2025-04-29T00:59:13.350+0000] {dag.py:3677} INFO - Setting next_dagrun for user_automation to 2025-04-29T00:00:00+00:00, run_after=2025-04-30T00:00:00+00:00
[2025-04-29T00:59:13.371+0000] {processor.py:179} INFO - Processing /opt/airflow/dags/kafka_stream.py took 0.084 seconds
[2025-04-29T00:59:43.685+0000] {processor.py:157} INFO - Started process (PID=4052) to work on /opt/airflow/dags/kafka_stream.py
[2025-04-29T00:59:43.686+0000] {processor.py:829} INFO - Processing file /opt/airflow/dags/kafka_stream.py for tasks to queue
[2025-04-29T00:59:43.687+0000] {logging_mixin.py:151} INFO - [2025-04-29T00:59:43.687+0000] {dagbag.py:539} INFO - Filling up the DagBag from /opt/airflow/dags/kafka_stream.py
[2025-04-29T00:59:43.721+0000] {processor.py:839} INFO - DAG(s) dict_keys(['user_automation']) retrieved from /opt/airflow/dags/kafka_stream.py
[2025-04-29T00:59:43.742+0000] {logging_mixin.py:151} INFO - [2025-04-29T00:59:43.741+0000] {dag.py:2907} INFO - Sync 1 DAGs
[2025-04-29T00:59:43.756+0000] {logging_mixin.py:151} INFO - [2025-04-29T00:59:43.756+0000] {dag.py:3677} INFO - Setting next_dagrun for user_automation to 2025-04-29T00:00:00+00:00, run_after=2025-04-30T00:00:00+00:00
[2025-04-29T00:59:43.776+0000] {processor.py:179} INFO - Processing /opt/airflow/dags/kafka_stream.py took 0.094 seconds
[2025-04-29T01:00:14.020+0000] {processor.py:157} INFO - Started process (PID=4053) to work on /opt/airflow/dags/kafka_stream.py
[2025-04-29T01:00:14.021+0000] {processor.py:829} INFO - Processing file /opt/airflow/dags/kafka_stream.py for tasks to queue
[2025-04-29T01:00:14.022+0000] {logging_mixin.py:151} INFO - [2025-04-29T01:00:14.022+0000] {dagbag.py:539} INFO - Filling up the DagBag from /opt/airflow/dags/kafka_stream.py
[2025-04-29T01:00:14.054+0000] {processor.py:839} INFO - DAG(s) dict_keys(['user_automation']) retrieved from /opt/airflow/dags/kafka_stream.py
[2025-04-29T01:00:14.073+0000] {logging_mixin.py:151} INFO - [2025-04-29T01:00:14.073+0000] {dag.py:2907} INFO - Sync 1 DAGs
[2025-04-29T01:00:14.087+0000] {logging_mixin.py:151} INFO - [2025-04-29T01:00:14.087+0000] {dag.py:3677} INFO - Setting next_dagrun for user_automation to 2025-04-29T00:00:00+00:00, run_after=2025-04-30T00:00:00+00:00
[2025-04-29T01:00:14.122+0000] {processor.py:179} INFO - Processing /opt/airflow/dags/kafka_stream.py took 0.105 seconds
[2025-04-29T01:00:44.418+0000] {processor.py:157} INFO - Started process (PID=4054) to work on /opt/airflow/dags/kafka_stream.py
[2025-04-29T01:00:44.419+0000] {processor.py:829} INFO - Processing file /opt/airflow/dags/kafka_stream.py for tasks to queue
[2025-04-29T01:00:44.420+0000] {logging_mixin.py:151} INFO - [2025-04-29T01:00:44.420+0000] {dagbag.py:539} INFO - Filling up the DagBag from /opt/airflow/dags/kafka_stream.py
[2025-04-29T01:00:44.449+0000] {processor.py:839} INFO - DAG(s) dict_keys(['user_automation']) retrieved from /opt/airflow/dags/kafka_stream.py
[2025-04-29T01:00:44.467+0000] {logging_mixin.py:151} INFO - [2025-04-29T01:00:44.467+0000] {dag.py:2907} INFO - Sync 1 DAGs
[2025-04-29T01:00:44.482+0000] {logging_mixin.py:151} INFO - [2025-04-29T01:00:44.482+0000] {dag.py:3677} INFO - Setting next_dagrun for user_automation to 2025-04-29T00:00:00+00:00, run_after=2025-04-30T00:00:00+00:00
[2025-04-29T01:00:44.509+0000] {processor.py:179} INFO - Processing /opt/airflow/dags/kafka_stream.py took 0.094 seconds
[2025-04-29T01:01:14.853+0000] {processor.py:157} INFO - Started process (PID=4055) to work on /opt/airflow/dags/kafka_stream.py
[2025-04-29T01:01:14.854+0000] {processor.py:829} INFO - Processing file /opt/airflow/dags/kafka_stream.py for tasks to queue
[2025-04-29T01:01:14.855+0000] {logging_mixin.py:151} INFO - [2025-04-29T01:01:14.855+0000] {dagbag.py:539} INFO - Filling up the DagBag from /opt/airflow/dags/kafka_stream.py
[2025-04-29T01:01:14.884+0000] {processor.py:839} INFO - DAG(s) dict_keys(['user_automation']) retrieved from /opt/airflow/dags/kafka_stream.py
[2025-04-29T01:01:14.902+0000] {logging_mixin.py:151} INFO - [2025-04-29T01:01:14.902+0000] {dag.py:2907} INFO - Sync 1 DAGs
[2025-04-29T01:01:14.917+0000] {logging_mixin.py:151} INFO - [2025-04-29T01:01:14.917+0000] {dag.py:3677} INFO - Setting next_dagrun for user_automation to 2025-04-29T00:00:00+00:00, run_after=2025-04-30T00:00:00+00:00
[2025-04-29T01:01:14.936+0000] {processor.py:179} INFO - Processing /opt/airflow/dags/kafka_stream.py took 0.085 seconds
[2025-04-29T01:01:45.164+0000] {processor.py:157} INFO - Started process (PID=4056) to work on /opt/airflow/dags/kafka_stream.py
[2025-04-29T01:01:45.166+0000] {processor.py:829} INFO - Processing file /opt/airflow/dags/kafka_stream.py for tasks to queue
[2025-04-29T01:01:45.167+0000] {logging_mixin.py:151} INFO - [2025-04-29T01:01:45.167+0000] {dagbag.py:539} INFO - Filling up the DagBag from /opt/airflow/dags/kafka_stream.py
[2025-04-29T01:01:45.190+0000] {processor.py:839} INFO - DAG(s) dict_keys(['user_automation']) retrieved from /opt/airflow/dags/kafka_stream.py
[2025-04-29T01:01:45.210+0000] {logging_mixin.py:151} INFO - [2025-04-29T01:01:45.210+0000] {dag.py:2907} INFO - Sync 1 DAGs
[2025-04-29T01:01:45.224+0000] {logging_mixin.py:151} INFO - [2025-04-29T01:01:45.224+0000] {dag.py:3677} INFO - Setting next_dagrun for user_automation to 2025-04-29T00:00:00+00:00, run_after=2025-04-30T00:00:00+00:00
[2025-04-29T01:01:45.254+0000] {processor.py:179} INFO - Processing /opt/airflow/dags/kafka_stream.py took 0.092 seconds
[2025-04-29T01:02:15.551+0000] {processor.py:157} INFO - Started process (PID=4057) to work on /opt/airflow/dags/kafka_stream.py
[2025-04-29T01:02:15.553+0000] {processor.py:829} INFO - Processing file /opt/airflow/dags/kafka_stream.py for tasks to queue
[2025-04-29T01:02:15.554+0000] {logging_mixin.py:151} INFO - [2025-04-29T01:02:15.554+0000] {dagbag.py:539} INFO - Filling up the DagBag from /opt/airflow/dags/kafka_stream.py
[2025-04-29T01:02:15.579+0000] {processor.py:839} INFO - DAG(s) dict_keys(['user_automation']) retrieved from /opt/airflow/dags/kafka_stream.py
[2025-04-29T01:02:15.597+0000] {logging_mixin.py:151} INFO - [2025-04-29T01:02:15.597+0000] {dag.py:2907} INFO - Sync 1 DAGs
[2025-04-29T01:02:15.611+0000] {logging_mixin.py:151} INFO - [2025-04-29T01:02:15.611+0000] {dag.py:3677} INFO - Setting next_dagrun for user_automation to 2025-04-29T00:00:00+00:00, run_after=2025-04-30T00:00:00+00:00
[2025-04-29T01:02:15.630+0000] {processor.py:179} INFO - Processing /opt/airflow/dags/kafka_stream.py took 0.081 seconds
[2025-04-29T01:02:45.910+0000] {processor.py:157} INFO - Started process (PID=4058) to work on /opt/airflow/dags/kafka_stream.py
[2025-04-29T01:02:45.911+0000] {processor.py:829} INFO - Processing file /opt/airflow/dags/kafka_stream.py for tasks to queue
[2025-04-29T01:02:45.913+0000] {logging_mixin.py:151} INFO - [2025-04-29T01:02:45.912+0000] {dagbag.py:539} INFO - Filling up the DagBag from /opt/airflow/dags/kafka_stream.py
[2025-04-29T01:02:45.946+0000] {processor.py:839} INFO - DAG(s) dict_keys(['user_automation']) retrieved from /opt/airflow/dags/kafka_stream.py
[2025-04-29T01:02:45.966+0000] {logging_mixin.py:151} INFO - [2025-04-29T01:02:45.966+0000] {dag.py:2907} INFO - Sync 1 DAGs
[2025-04-29T01:02:45.980+0000] {logging_mixin.py:151} INFO - [2025-04-29T01:02:45.980+0000] {dag.py:3677} INFO - Setting next_dagrun for user_automation to 2025-04-29T00:00:00+00:00, run_after=2025-04-30T00:00:00+00:00
[2025-04-29T01:02:46.000+0000] {processor.py:179} INFO - Processing /opt/airflow/dags/kafka_stream.py took 0.093 seconds
[2025-04-29T01:03:16.258+0000] {processor.py:157} INFO - Started process (PID=4059) to work on /opt/airflow/dags/kafka_stream.py
[2025-04-29T01:03:16.259+0000] {processor.py:829} INFO - Processing file /opt/airflow/dags/kafka_stream.py for tasks to queue
[2025-04-29T01:03:16.261+0000] {logging_mixin.py:151} INFO - [2025-04-29T01:03:16.260+0000] {dagbag.py:539} INFO - Filling up the DagBag from /opt/airflow/dags/kafka_stream.py
[2025-04-29T01:03:16.294+0000] {processor.py:839} INFO - DAG(s) dict_keys(['user_automation']) retrieved from /opt/airflow/dags/kafka_stream.py
[2025-04-29T01:03:16.313+0000] {logging_mixin.py:151} INFO - [2025-04-29T01:03:16.313+0000] {dag.py:2907} INFO - Sync 1 DAGs
[2025-04-29T01:03:16.328+0000] {logging_mixin.py:151} INFO - [2025-04-29T01:03:16.328+0000] {dag.py:3677} INFO - Setting next_dagrun for user_automation to 2025-04-29T00:00:00+00:00, run_after=2025-04-30T00:00:00+00:00
[2025-04-29T01:03:16.357+0000] {processor.py:179} INFO - Processing /opt/airflow/dags/kafka_stream.py took 0.102 seconds
[2025-04-29T01:03:46.624+0000] {processor.py:157} INFO - Started process (PID=4060) to work on /opt/airflow/dags/kafka_stream.py
[2025-04-29T01:03:46.625+0000] {processor.py:829} INFO - Processing file /opt/airflow/dags/kafka_stream.py for tasks to queue
[2025-04-29T01:03:46.627+0000] {logging_mixin.py:151} INFO - [2025-04-29T01:03:46.626+0000] {dagbag.py:539} INFO - Filling up the DagBag from /opt/airflow/dags/kafka_stream.py
[2025-04-29T01:03:46.654+0000] {processor.py:839} INFO - DAG(s) dict_keys(['user_automation']) retrieved from /opt/airflow/dags/kafka_stream.py
[2025-04-29T01:03:46.674+0000] {logging_mixin.py:151} INFO - [2025-04-29T01:03:46.674+0000] {dag.py:2907} INFO - Sync 1 DAGs
[2025-04-29T01:03:46.688+0000] {logging_mixin.py:151} INFO - [2025-04-29T01:03:46.688+0000] {dag.py:3677} INFO - Setting next_dagrun for user_automation to 2025-04-29T00:00:00+00:00, run_after=2025-04-30T00:00:00+00:00
[2025-04-29T01:03:46.715+0000] {processor.py:179} INFO - Processing /opt/airflow/dags/kafka_stream.py took 0.094 seconds
[2025-04-29T01:04:16.988+0000] {processor.py:157} INFO - Started process (PID=4061) to work on /opt/airflow/dags/kafka_stream.py
[2025-04-29T01:04:16.990+0000] {processor.py:829} INFO - Processing file /opt/airflow/dags/kafka_stream.py for tasks to queue
[2025-04-29T01:04:16.991+0000] {logging_mixin.py:151} INFO - [2025-04-29T01:04:16.991+0000] {dagbag.py:539} INFO - Filling up the DagBag from /opt/airflow/dags/kafka_stream.py
[2025-04-29T01:04:17.019+0000] {processor.py:839} INFO - DAG(s) dict_keys(['user_automation']) retrieved from /opt/airflow/dags/kafka_stream.py
[2025-04-29T01:04:17.038+0000] {logging_mixin.py:151} INFO - [2025-04-29T01:04:17.038+0000] {dag.py:2907} INFO - Sync 1 DAGs
[2025-04-29T01:04:17.054+0000] {logging_mixin.py:151} INFO - [2025-04-29T01:04:17.054+0000] {dag.py:3677} INFO - Setting next_dagrun for user_automation to 2025-04-29T00:00:00+00:00, run_after=2025-04-30T00:00:00+00:00
[2025-04-29T01:04:17.072+0000] {processor.py:179} INFO - Processing /opt/airflow/dags/kafka_stream.py took 0.087 seconds
[2025-04-29T01:04:47.324+0000] {processor.py:157} INFO - Started process (PID=4062) to work on /opt/airflow/dags/kafka_stream.py
[2025-04-29T01:04:47.325+0000] {processor.py:829} INFO - Processing file /opt/airflow/dags/kafka_stream.py for tasks to queue
[2025-04-29T01:04:47.326+0000] {logging_mixin.py:151} INFO - [2025-04-29T01:04:47.326+0000] {dagbag.py:539} INFO - Filling up the DagBag from /opt/airflow/dags/kafka_stream.py
[2025-04-29T01:04:47.356+0000] {processor.py:839} INFO - DAG(s) dict_keys(['user_automation']) retrieved from /opt/airflow/dags/kafka_stream.py
[2025-04-29T01:04:47.376+0000] {logging_mixin.py:151} INFO - [2025-04-29T01:04:47.375+0000] {dag.py:2907} INFO - Sync 1 DAGs
[2025-04-29T01:04:47.390+0000] {logging_mixin.py:151} INFO - [2025-04-29T01:04:47.389+0000] {dag.py:3677} INFO - Setting next_dagrun for user_automation to 2025-04-29T00:00:00+00:00, run_after=2025-04-30T00:00:00+00:00
[2025-04-29T01:04:47.409+0000] {processor.py:179} INFO - Processing /opt/airflow/dags/kafka_stream.py took 0.088 seconds
[2025-04-29T01:05:17.647+0000] {processor.py:157} INFO - Started process (PID=4063) to work on /opt/airflow/dags/kafka_stream.py
[2025-04-29T01:05:17.649+0000] {processor.py:829} INFO - Processing file /opt/airflow/dags/kafka_stream.py for tasks to queue
[2025-04-29T01:05:17.650+0000] {logging_mixin.py:151} INFO - [2025-04-29T01:05:17.649+0000] {dagbag.py:539} INFO - Filling up the DagBag from /opt/airflow/dags/kafka_stream.py
[2025-04-29T01:05:17.671+0000] {processor.py:839} INFO - DAG(s) dict_keys(['user_automation']) retrieved from /opt/airflow/dags/kafka_stream.py
[2025-04-29T01:05:17.689+0000] {logging_mixin.py:151} INFO - [2025-04-29T01:05:17.689+0000] {dag.py:2907} INFO - Sync 1 DAGs
[2025-04-29T01:05:17.703+0000] {logging_mixin.py:151} INFO - [2025-04-29T01:05:17.703+0000] {dag.py:3677} INFO - Setting next_dagrun for user_automation to 2025-04-29T00:00:00+00:00, run_after=2025-04-30T00:00:00+00:00
[2025-04-29T01:05:17.724+0000] {processor.py:179} INFO - Processing /opt/airflow/dags/kafka_stream.py took 0.079 seconds
[2025-04-29T01:05:48.049+0000] {processor.py:157} INFO - Started process (PID=4064) to work on /opt/airflow/dags/kafka_stream.py
[2025-04-29T01:05:48.050+0000] {processor.py:829} INFO - Processing file /opt/airflow/dags/kafka_stream.py for tasks to queue
[2025-04-29T01:05:48.051+0000] {logging_mixin.py:151} INFO - [2025-04-29T01:05:48.051+0000] {dagbag.py:539} INFO - Filling up the DagBag from /opt/airflow/dags/kafka_stream.py
[2025-04-29T01:05:48.080+0000] {processor.py:839} INFO - DAG(s) dict_keys(['user_automation']) retrieved from /opt/airflow/dags/kafka_stream.py
[2025-04-29T01:05:48.099+0000] {logging_mixin.py:151} INFO - [2025-04-29T01:05:48.099+0000] {dag.py:2907} INFO - Sync 1 DAGs
[2025-04-29T01:05:48.115+0000] {logging_mixin.py:151} INFO - [2025-04-29T01:05:48.115+0000] {dag.py:3677} INFO - Setting next_dagrun for user_automation to 2025-04-29T00:00:00+00:00, run_after=2025-04-30T00:00:00+00:00
[2025-04-29T01:05:48.133+0000] {processor.py:179} INFO - Processing /opt/airflow/dags/kafka_stream.py took 0.086 seconds
[2025-04-29T01:06:18.399+0000] {processor.py:157} INFO - Started process (PID=4065) to work on /opt/airflow/dags/kafka_stream.py
[2025-04-29T01:06:18.400+0000] {processor.py:829} INFO - Processing file /opt/airflow/dags/kafka_stream.py for tasks to queue
[2025-04-29T01:06:18.402+0000] {logging_mixin.py:151} INFO - [2025-04-29T01:06:18.401+0000] {dagbag.py:539} INFO - Filling up the DagBag from /opt/airflow/dags/kafka_stream.py
[2025-04-29T01:06:18.431+0000] {processor.py:839} INFO - DAG(s) dict_keys(['user_automation']) retrieved from /opt/airflow/dags/kafka_stream.py
[2025-04-29T01:06:18.452+0000] {logging_mixin.py:151} INFO - [2025-04-29T01:06:18.452+0000] {dag.py:2907} INFO - Sync 1 DAGs
[2025-04-29T01:06:18.466+0000] {logging_mixin.py:151} INFO - [2025-04-29T01:06:18.466+0000] {dag.py:3677} INFO - Setting next_dagrun for user_automation to 2025-04-29T00:00:00+00:00, run_after=2025-04-30T00:00:00+00:00
[2025-04-29T01:06:18.495+0000] {processor.py:179} INFO - Processing /opt/airflow/dags/kafka_stream.py took 0.100 seconds
[2025-04-29T01:06:48.798+0000] {processor.py:157} INFO - Started process (PID=4066) to work on /opt/airflow/dags/kafka_stream.py
[2025-04-29T01:06:48.799+0000] {processor.py:829} INFO - Processing file /opt/airflow/dags/kafka_stream.py for tasks to queue
[2025-04-29T01:06:48.801+0000] {logging_mixin.py:151} INFO - [2025-04-29T01:06:48.800+0000] {dagbag.py:539} INFO - Filling up the DagBag from /opt/airflow/dags/kafka_stream.py
[2025-04-29T01:06:48.835+0000] {processor.py:839} INFO - DAG(s) dict_keys(['user_automation']) retrieved from /opt/airflow/dags/kafka_stream.py
[2025-04-29T01:06:48.855+0000] {logging_mixin.py:151} INFO - [2025-04-29T01:06:48.855+0000] {dag.py:2907} INFO - Sync 1 DAGs
[2025-04-29T01:06:48.870+0000] {logging_mixin.py:151} INFO - [2025-04-29T01:06:48.870+0000] {dag.py:3677} INFO - Setting next_dagrun for user_automation to 2025-04-29T00:00:00+00:00, run_after=2025-04-30T00:00:00+00:00
[2025-04-29T01:06:48.901+0000] {processor.py:179} INFO - Processing /opt/airflow/dags/kafka_stream.py took 0.106 seconds
[2025-04-29T01:07:19.130+0000] {processor.py:157} INFO - Started process (PID=4067) to work on /opt/airflow/dags/kafka_stream.py
[2025-04-29T01:07:19.132+0000] {processor.py:829} INFO - Processing file /opt/airflow/dags/kafka_stream.py for tasks to queue
[2025-04-29T01:07:19.134+0000] {logging_mixin.py:151} INFO - [2025-04-29T01:07:19.134+0000] {dagbag.py:539} INFO - Filling up the DagBag from /opt/airflow/dags/kafka_stream.py
[2025-04-29T01:07:19.169+0000] {processor.py:839} INFO - DAG(s) dict_keys(['user_automation']) retrieved from /opt/airflow/dags/kafka_stream.py
[2025-04-29T01:07:19.189+0000] {logging_mixin.py:151} INFO - [2025-04-29T01:07:19.189+0000] {dag.py:2907} INFO - Sync 1 DAGs
[2025-04-29T01:07:19.203+0000] {logging_mixin.py:151} INFO - [2025-04-29T01:07:19.203+0000] {dag.py:3677} INFO - Setting next_dagrun for user_automation to 2025-04-29T00:00:00+00:00, run_after=2025-04-30T00:00:00+00:00
[2025-04-29T01:07:19.230+0000] {processor.py:179} INFO - Processing /opt/airflow/dags/kafka_stream.py took 0.105 seconds
[2025-04-29T01:07:49.507+0000] {processor.py:157} INFO - Started process (PID=4068) to work on /opt/airflow/dags/kafka_stream.py
[2025-04-29T01:07:49.509+0000] {processor.py:829} INFO - Processing file /opt/airflow/dags/kafka_stream.py for tasks to queue
[2025-04-29T01:07:49.510+0000] {logging_mixin.py:151} INFO - [2025-04-29T01:07:49.509+0000] {dagbag.py:539} INFO - Filling up the DagBag from /opt/airflow/dags/kafka_stream.py
[2025-04-29T01:07:49.540+0000] {processor.py:839} INFO - DAG(s) dict_keys(['user_automation']) retrieved from /opt/airflow/dags/kafka_stream.py
[2025-04-29T01:07:49.563+0000] {logging_mixin.py:151} INFO - [2025-04-29T01:07:49.563+0000] {dag.py:2907} INFO - Sync 1 DAGs
[2025-04-29T01:07:49.576+0000] {logging_mixin.py:151} INFO - [2025-04-29T01:07:49.576+0000] {dag.py:3677} INFO - Setting next_dagrun for user_automation to 2025-04-29T00:00:00+00:00, run_after=2025-04-30T00:00:00+00:00
[2025-04-29T01:07:49.596+0000] {processor.py:179} INFO - Processing /opt/airflow/dags/kafka_stream.py took 0.091 seconds
[2025-04-29T01:08:19.867+0000] {processor.py:157} INFO - Started process (PID=4069) to work on /opt/airflow/dags/kafka_stream.py
[2025-04-29T01:08:19.869+0000] {processor.py:829} INFO - Processing file /opt/airflow/dags/kafka_stream.py for tasks to queue
[2025-04-29T01:08:19.870+0000] {logging_mixin.py:151} INFO - [2025-04-29T01:08:19.870+0000] {dagbag.py:539} INFO - Filling up the DagBag from /opt/airflow/dags/kafka_stream.py
[2025-04-29T01:08:19.915+0000] {processor.py:839} INFO - DAG(s) dict_keys(['user_automation']) retrieved from /opt/airflow/dags/kafka_stream.py
[2025-04-29T01:08:19.934+0000] {logging_mixin.py:151} INFO - [2025-04-29T01:08:19.934+0000] {dag.py:2907} INFO - Sync 1 DAGs
[2025-04-29T01:08:19.950+0000] {logging_mixin.py:151} INFO - [2025-04-29T01:08:19.950+0000] {dag.py:3677} INFO - Setting next_dagrun for user_automation to 2025-04-29T00:00:00+00:00, run_after=2025-04-30T00:00:00+00:00
[2025-04-29T01:08:19.967+0000] {processor.py:179} INFO - Processing /opt/airflow/dags/kafka_stream.py took 0.104 seconds
[2025-04-29T01:08:50.210+0000] {processor.py:157} INFO - Started process (PID=4070) to work on /opt/airflow/dags/kafka_stream.py
[2025-04-29T01:08:50.212+0000] {processor.py:829} INFO - Processing file /opt/airflow/dags/kafka_stream.py for tasks to queue
[2025-04-29T01:08:50.215+0000] {logging_mixin.py:151} INFO - [2025-04-29T01:08:50.214+0000] {dagbag.py:539} INFO - Filling up the DagBag from /opt/airflow/dags/kafka_stream.py
[2025-04-29T01:08:50.235+0000] {processor.py:839} INFO - DAG(s) dict_keys(['user_automation']) retrieved from /opt/airflow/dags/kafka_stream.py
[2025-04-29T01:08:50.281+0000] {logging_mixin.py:151} INFO - [2025-04-29T01:08:50.281+0000] {dag.py:2907} INFO - Sync 1 DAGs
[2025-04-29T01:08:50.309+0000] {logging_mixin.py:151} INFO - [2025-04-29T01:08:50.309+0000] {dag.py:3677} INFO - Setting next_dagrun for user_automation to 2025-04-29T00:00:00+00:00, run_after=2025-04-30T00:00:00+00:00
[2025-04-29T01:08:50.342+0000] {processor.py:179} INFO - Processing /opt/airflow/dags/kafka_stream.py took 0.138 seconds
[2025-04-29T01:09:20.562+0000] {processor.py:157} INFO - Started process (PID=4071) to work on /opt/airflow/dags/kafka_stream.py
[2025-04-29T01:09:20.564+0000] {processor.py:829} INFO - Processing file /opt/airflow/dags/kafka_stream.py for tasks to queue
[2025-04-29T01:09:20.565+0000] {logging_mixin.py:151} INFO - [2025-04-29T01:09:20.565+0000] {dagbag.py:539} INFO - Filling up the DagBag from /opt/airflow/dags/kafka_stream.py
[2025-04-29T01:09:20.601+0000] {processor.py:839} INFO - DAG(s) dict_keys(['user_automation']) retrieved from /opt/airflow/dags/kafka_stream.py
[2025-04-29T01:09:20.623+0000] {logging_mixin.py:151} INFO - [2025-04-29T01:09:20.623+0000] {dag.py:2907} INFO - Sync 1 DAGs
[2025-04-29T01:09:20.637+0000] {logging_mixin.py:151} INFO - [2025-04-29T01:09:20.637+0000] {dag.py:3677} INFO - Setting next_dagrun for user_automation to 2025-04-29T00:00:00+00:00, run_after=2025-04-30T00:00:00+00:00
[2025-04-29T01:09:20.666+0000] {processor.py:179} INFO - Processing /opt/airflow/dags/kafka_stream.py took 0.107 seconds
[2025-04-29T01:09:50.978+0000] {processor.py:157} INFO - Started process (PID=4072) to work on /opt/airflow/dags/kafka_stream.py
[2025-04-29T01:09:50.980+0000] {processor.py:829} INFO - Processing file /opt/airflow/dags/kafka_stream.py for tasks to queue
[2025-04-29T01:09:50.981+0000] {logging_mixin.py:151} INFO - [2025-04-29T01:09:50.981+0000] {dagbag.py:539} INFO - Filling up the DagBag from /opt/airflow/dags/kafka_stream.py
[2025-04-29T01:09:51.017+0000] {processor.py:839} INFO - DAG(s) dict_keys(['user_automation']) retrieved from /opt/airflow/dags/kafka_stream.py
[2025-04-29T01:09:51.038+0000] {logging_mixin.py:151} INFO - [2025-04-29T01:09:51.037+0000] {dag.py:2907} INFO - Sync 1 DAGs
[2025-04-29T01:09:51.052+0000] {logging_mixin.py:151} INFO - [2025-04-29T01:09:51.052+0000] {dag.py:3677} INFO - Setting next_dagrun for user_automation to 2025-04-29T00:00:00+00:00, run_after=2025-04-30T00:00:00+00:00
[2025-04-29T01:09:51.070+0000] {processor.py:179} INFO - Processing /opt/airflow/dags/kafka_stream.py took 0.095 seconds
[2025-04-29T01:10:21.326+0000] {processor.py:157} INFO - Started process (PID=4073) to work on /opt/airflow/dags/kafka_stream.py
[2025-04-29T01:10:21.327+0000] {processor.py:829} INFO - Processing file /opt/airflow/dags/kafka_stream.py for tasks to queue
[2025-04-29T01:10:21.328+0000] {logging_mixin.py:151} INFO - [2025-04-29T01:10:21.328+0000] {dagbag.py:539} INFO - Filling up the DagBag from /opt/airflow/dags/kafka_stream.py
[2025-04-29T01:10:21.355+0000] {processor.py:839} INFO - DAG(s) dict_keys(['user_automation']) retrieved from /opt/airflow/dags/kafka_stream.py
[2025-04-29T01:10:21.373+0000] {logging_mixin.py:151} INFO - [2025-04-29T01:10:21.373+0000] {dag.py:2907} INFO - Sync 1 DAGs
[2025-04-29T01:10:21.387+0000] {logging_mixin.py:151} INFO - [2025-04-29T01:10:21.387+0000] {dag.py:3677} INFO - Setting next_dagrun for user_automation to 2025-04-29T00:00:00+00:00, run_after=2025-04-30T00:00:00+00:00
[2025-04-29T01:10:21.412+0000] {processor.py:179} INFO - Processing /opt/airflow/dags/kafka_stream.py took 0.089 seconds
[2025-04-29T01:10:51.755+0000] {processor.py:157} INFO - Started process (PID=4074) to work on /opt/airflow/dags/kafka_stream.py
[2025-04-29T01:10:51.756+0000] {processor.py:829} INFO - Processing file /opt/airflow/dags/kafka_stream.py for tasks to queue
[2025-04-29T01:10:51.757+0000] {logging_mixin.py:151} INFO - [2025-04-29T01:10:51.757+0000] {dagbag.py:539} INFO - Filling up the DagBag from /opt/airflow/dags/kafka_stream.py
[2025-04-29T01:10:51.782+0000] {processor.py:839} INFO - DAG(s) dict_keys(['user_automation']) retrieved from /opt/airflow/dags/kafka_stream.py
[2025-04-29T01:10:51.801+0000] {logging_mixin.py:151} INFO - [2025-04-29T01:10:51.801+0000] {dag.py:2907} INFO - Sync 1 DAGs
[2025-04-29T01:10:51.816+0000] {logging_mixin.py:151} INFO - [2025-04-29T01:10:51.816+0000] {dag.py:3677} INFO - Setting next_dagrun for user_automation to 2025-04-29T00:00:00+00:00, run_after=2025-04-30T00:00:00+00:00
[2025-04-29T01:10:51.845+0000] {processor.py:179} INFO - Processing /opt/airflow/dags/kafka_stream.py took 0.093 seconds
[2025-04-29T01:11:22.104+0000] {processor.py:157} INFO - Started process (PID=4075) to work on /opt/airflow/dags/kafka_stream.py
[2025-04-29T01:11:22.105+0000] {processor.py:829} INFO - Processing file /opt/airflow/dags/kafka_stream.py for tasks to queue
[2025-04-29T01:11:22.107+0000] {logging_mixin.py:151} INFO - [2025-04-29T01:11:22.106+0000] {dagbag.py:539} INFO - Filling up the DagBag from /opt/airflow/dags/kafka_stream.py
[2025-04-29T01:11:22.134+0000] {processor.py:839} INFO - DAG(s) dict_keys(['user_automation']) retrieved from /opt/airflow/dags/kafka_stream.py
[2025-04-29T01:11:22.152+0000] {logging_mixin.py:151} INFO - [2025-04-29T01:11:22.152+0000] {dag.py:2907} INFO - Sync 1 DAGs
[2025-04-29T01:11:22.167+0000] {logging_mixin.py:151} INFO - [2025-04-29T01:11:22.167+0000] {dag.py:3677} INFO - Setting next_dagrun for user_automation to 2025-04-29T00:00:00+00:00, run_after=2025-04-30T00:00:00+00:00
[2025-04-29T01:11:22.192+0000] {processor.py:179} INFO - Processing /opt/airflow/dags/kafka_stream.py took 0.091 seconds
[2025-04-29T01:11:52.475+0000] {processor.py:157} INFO - Started process (PID=4076) to work on /opt/airflow/dags/kafka_stream.py
[2025-04-29T01:11:52.476+0000] {processor.py:829} INFO - Processing file /opt/airflow/dags/kafka_stream.py for tasks to queue
[2025-04-29T01:11:52.477+0000] {logging_mixin.py:151} INFO - [2025-04-29T01:11:52.477+0000] {dagbag.py:539} INFO - Filling up the DagBag from /opt/airflow/dags/kafka_stream.py
[2025-04-29T01:11:52.500+0000] {processor.py:839} INFO - DAG(s) dict_keys(['user_automation']) retrieved from /opt/airflow/dags/kafka_stream.py
[2025-04-29T01:11:52.519+0000] {logging_mixin.py:151} INFO - [2025-04-29T01:11:52.519+0000] {dag.py:2907} INFO - Sync 1 DAGs
[2025-04-29T01:11:52.534+0000] {logging_mixin.py:151} INFO - [2025-04-29T01:11:52.534+0000] {dag.py:3677} INFO - Setting next_dagrun for user_automation to 2025-04-29T00:00:00+00:00, run_after=2025-04-30T00:00:00+00:00
[2025-04-29T01:11:52.553+0000] {processor.py:179} INFO - Processing /opt/airflow/dags/kafka_stream.py took 0.080 seconds
[2025-04-29T01:12:22.796+0000] {processor.py:157} INFO - Started process (PID=4077) to work on /opt/airflow/dags/kafka_stream.py
[2025-04-29T01:12:22.798+0000] {processor.py:829} INFO - Processing file /opt/airflow/dags/kafka_stream.py for tasks to queue
[2025-04-29T01:12:22.799+0000] {logging_mixin.py:151} INFO - [2025-04-29T01:12:22.799+0000] {dagbag.py:539} INFO - Filling up the DagBag from /opt/airflow/dags/kafka_stream.py
[2025-04-29T01:12:22.829+0000] {processor.py:839} INFO - DAG(s) dict_keys(['user_automation']) retrieved from /opt/airflow/dags/kafka_stream.py
[2025-04-29T01:12:22.850+0000] {logging_mixin.py:151} INFO - [2025-04-29T01:12:22.850+0000] {dag.py:2907} INFO - Sync 1 DAGs
[2025-04-29T01:12:22.864+0000] {logging_mixin.py:151} INFO - [2025-04-29T01:12:22.864+0000] {dag.py:3677} INFO - Setting next_dagrun for user_automation to 2025-04-29T00:00:00+00:00, run_after=2025-04-30T00:00:00+00:00
[2025-04-29T01:12:22.885+0000] {processor.py:179} INFO - Processing /opt/airflow/dags/kafka_stream.py took 0.093 seconds
[2025-04-29T01:12:53.186+0000] {processor.py:157} INFO - Started process (PID=4078) to work on /opt/airflow/dags/kafka_stream.py
[2025-04-29T01:12:53.188+0000] {processor.py:829} INFO - Processing file /opt/airflow/dags/kafka_stream.py for tasks to queue
[2025-04-29T01:12:53.189+0000] {logging_mixin.py:151} INFO - [2025-04-29T01:12:53.189+0000] {dagbag.py:539} INFO - Filling up the DagBag from /opt/airflow/dags/kafka_stream.py
[2025-04-29T01:12:53.206+0000] {processor.py:839} INFO - DAG(s) dict_keys(['user_automation']) retrieved from /opt/airflow/dags/kafka_stream.py
[2025-04-29T01:12:53.227+0000] {logging_mixin.py:151} INFO - [2025-04-29T01:12:53.227+0000] {dag.py:2907} INFO - Sync 1 DAGs
[2025-04-29T01:12:53.243+0000] {logging_mixin.py:151} INFO - [2025-04-29T01:12:53.243+0000] {dag.py:3677} INFO - Setting next_dagrun for user_automation to 2025-04-29T00:00:00+00:00, run_after=2025-04-30T00:00:00+00:00
[2025-04-29T01:12:53.262+0000] {processor.py:179} INFO - Processing /opt/airflow/dags/kafka_stream.py took 0.079 seconds
[2025-04-29T01:13:23.524+0000] {processor.py:157} INFO - Started process (PID=4079) to work on /opt/airflow/dags/kafka_stream.py
[2025-04-29T01:13:23.525+0000] {processor.py:829} INFO - Processing file /opt/airflow/dags/kafka_stream.py for tasks to queue
[2025-04-29T01:13:23.526+0000] {logging_mixin.py:151} INFO - [2025-04-29T01:13:23.526+0000] {dagbag.py:539} INFO - Filling up the DagBag from /opt/airflow/dags/kafka_stream.py
[2025-04-29T01:13:23.559+0000] {processor.py:839} INFO - DAG(s) dict_keys(['user_automation']) retrieved from /opt/airflow/dags/kafka_stream.py
[2025-04-29T01:13:23.576+0000] {logging_mixin.py:151} INFO - [2025-04-29T01:13:23.576+0000] {dag.py:2907} INFO - Sync 1 DAGs
[2025-04-29T01:13:23.591+0000] {logging_mixin.py:151} INFO - [2025-04-29T01:13:23.591+0000] {dag.py:3677} INFO - Setting next_dagrun for user_automation to 2025-04-29T00:00:00+00:00, run_after=2025-04-30T00:00:00+00:00
[2025-04-29T01:13:23.608+0000] {processor.py:179} INFO - Processing /opt/airflow/dags/kafka_stream.py took 0.089 seconds
[2025-04-29T01:13:53.907+0000] {processor.py:157} INFO - Started process (PID=4080) to work on /opt/airflow/dags/kafka_stream.py
[2025-04-29T01:13:53.909+0000] {processor.py:829} INFO - Processing file /opt/airflow/dags/kafka_stream.py for tasks to queue
[2025-04-29T01:13:53.910+0000] {logging_mixin.py:151} INFO - [2025-04-29T01:13:53.910+0000] {dagbag.py:539} INFO - Filling up the DagBag from /opt/airflow/dags/kafka_stream.py
[2025-04-29T01:13:53.941+0000] {processor.py:839} INFO - DAG(s) dict_keys(['user_automation']) retrieved from /opt/airflow/dags/kafka_stream.py
[2025-04-29T01:13:53.959+0000] {logging_mixin.py:151} INFO - [2025-04-29T01:13:53.959+0000] {dag.py:2907} INFO - Sync 1 DAGs
[2025-04-29T01:13:53.975+0000] {logging_mixin.py:151} INFO - [2025-04-29T01:13:53.975+0000] {dag.py:3677} INFO - Setting next_dagrun for user_automation to 2025-04-29T00:00:00+00:00, run_after=2025-04-30T00:00:00+00:00
[2025-04-29T01:13:54.003+0000] {processor.py:179} INFO - Processing /opt/airflow/dags/kafka_stream.py took 0.098 seconds
[2025-04-29T01:14:24.249+0000] {processor.py:157} INFO - Started process (PID=4081) to work on /opt/airflow/dags/kafka_stream.py
[2025-04-29T01:14:24.250+0000] {processor.py:829} INFO - Processing file /opt/airflow/dags/kafka_stream.py for tasks to queue
[2025-04-29T01:14:24.252+0000] {logging_mixin.py:151} INFO - [2025-04-29T01:14:24.251+0000] {dagbag.py:539} INFO - Filling up the DagBag from /opt/airflow/dags/kafka_stream.py
[2025-04-29T01:14:24.279+0000] {processor.py:839} INFO - DAG(s) dict_keys(['user_automation']) retrieved from /opt/airflow/dags/kafka_stream.py
[2025-04-29T01:14:24.299+0000] {logging_mixin.py:151} INFO - [2025-04-29T01:14:24.299+0000] {dag.py:2907} INFO - Sync 1 DAGs
[2025-04-29T01:14:24.314+0000] {logging_mixin.py:151} INFO - [2025-04-29T01:14:24.313+0000] {dag.py:3677} INFO - Setting next_dagrun for user_automation to 2025-04-29T00:00:00+00:00, run_after=2025-04-30T00:00:00+00:00
[2025-04-29T01:14:24.335+0000] {processor.py:179} INFO - Processing /opt/airflow/dags/kafka_stream.py took 0.090 seconds
[2025-04-29T01:14:54.592+0000] {processor.py:157} INFO - Started process (PID=4082) to work on /opt/airflow/dags/kafka_stream.py
[2025-04-29T01:14:54.593+0000] {processor.py:829} INFO - Processing file /opt/airflow/dags/kafka_stream.py for tasks to queue
[2025-04-29T01:14:54.594+0000] {logging_mixin.py:151} INFO - [2025-04-29T01:14:54.594+0000] {dagbag.py:539} INFO - Filling up the DagBag from /opt/airflow/dags/kafka_stream.py
[2025-04-29T01:14:54.620+0000] {processor.py:839} INFO - DAG(s) dict_keys(['user_automation']) retrieved from /opt/airflow/dags/kafka_stream.py
[2025-04-29T01:14:54.639+0000] {logging_mixin.py:151} INFO - [2025-04-29T01:14:54.639+0000] {dag.py:2907} INFO - Sync 1 DAGs
[2025-04-29T01:14:54.654+0000] {logging_mixin.py:151} INFO - [2025-04-29T01:14:54.654+0000] {dag.py:3677} INFO - Setting next_dagrun for user_automation to 2025-04-29T00:00:00+00:00, run_after=2025-04-30T00:00:00+00:00
[2025-04-29T01:14:54.682+0000] {processor.py:179} INFO - Processing /opt/airflow/dags/kafka_stream.py took 0.095 seconds
[2025-04-29T01:15:24.971+0000] {processor.py:157} INFO - Started process (PID=4083) to work on /opt/airflow/dags/kafka_stream.py
[2025-04-29T01:15:24.972+0000] {processor.py:829} INFO - Processing file /opt/airflow/dags/kafka_stream.py for tasks to queue
[2025-04-29T01:15:24.974+0000] {logging_mixin.py:151} INFO - [2025-04-29T01:15:24.973+0000] {dagbag.py:539} INFO - Filling up the DagBag from /opt/airflow/dags/kafka_stream.py
[2025-04-29T01:15:25.001+0000] {processor.py:839} INFO - DAG(s) dict_keys(['user_automation']) retrieved from /opt/airflow/dags/kafka_stream.py
[2025-04-29T01:15:25.019+0000] {logging_mixin.py:151} INFO - [2025-04-29T01:15:25.019+0000] {dag.py:2907} INFO - Sync 1 DAGs
[2025-04-29T01:15:25.034+0000] {logging_mixin.py:151} INFO - [2025-04-29T01:15:25.034+0000] {dag.py:3677} INFO - Setting next_dagrun for user_automation to 2025-04-29T00:00:00+00:00, run_after=2025-04-30T00:00:00+00:00
[2025-04-29T01:15:25.053+0000] {processor.py:179} INFO - Processing /opt/airflow/dags/kafka_stream.py took 0.086 seconds
[2025-04-29T01:15:55.377+0000] {processor.py:157} INFO - Started process (PID=4084) to work on /opt/airflow/dags/kafka_stream.py
[2025-04-29T01:15:55.379+0000] {processor.py:829} INFO - Processing file /opt/airflow/dags/kafka_stream.py for tasks to queue
[2025-04-29T01:15:55.380+0000] {logging_mixin.py:151} INFO - [2025-04-29T01:15:55.380+0000] {dagbag.py:539} INFO - Filling up the DagBag from /opt/airflow/dags/kafka_stream.py
[2025-04-29T01:15:55.411+0000] {processor.py:839} INFO - DAG(s) dict_keys(['user_automation']) retrieved from /opt/airflow/dags/kafka_stream.py
[2025-04-29T01:15:55.430+0000] {logging_mixin.py:151} INFO - [2025-04-29T01:15:55.430+0000] {dag.py:2907} INFO - Sync 1 DAGs
[2025-04-29T01:15:55.446+0000] {logging_mixin.py:151} INFO - [2025-04-29T01:15:55.446+0000] {dag.py:3677} INFO - Setting next_dagrun for user_automation to 2025-04-29T00:00:00+00:00, run_after=2025-04-30T00:00:00+00:00
[2025-04-29T01:15:55.477+0000] {processor.py:179} INFO - Processing /opt/airflow/dags/kafka_stream.py took 0.102 seconds
[2025-04-29T01:16:25.686+0000] {processor.py:157} INFO - Started process (PID=4085) to work on /opt/airflow/dags/kafka_stream.py
[2025-04-29T01:16:25.687+0000] {processor.py:829} INFO - Processing file /opt/airflow/dags/kafka_stream.py for tasks to queue
[2025-04-29T01:16:25.688+0000] {logging_mixin.py:151} INFO - [2025-04-29T01:16:25.688+0000] {dagbag.py:539} INFO - Filling up the DagBag from /opt/airflow/dags/kafka_stream.py
[2025-04-29T01:16:25.718+0000] {processor.py:839} INFO - DAG(s) dict_keys(['user_automation']) retrieved from /opt/airflow/dags/kafka_stream.py
[2025-04-29T01:16:25.740+0000] {logging_mixin.py:151} INFO - [2025-04-29T01:16:25.740+0000] {dag.py:2907} INFO - Sync 1 DAGs
[2025-04-29T01:16:25.757+0000] {logging_mixin.py:151} INFO - [2025-04-29T01:16:25.757+0000] {dag.py:3677} INFO - Setting next_dagrun for user_automation to 2025-04-29T00:00:00+00:00, run_after=2025-04-30T00:00:00+00:00
[2025-04-29T01:16:25.775+0000] {processor.py:179} INFO - Processing /opt/airflow/dags/kafka_stream.py took 0.092 seconds
[2025-04-29T01:16:56.052+0000] {processor.py:157} INFO - Started process (PID=4086) to work on /opt/airflow/dags/kafka_stream.py
[2025-04-29T01:16:56.053+0000] {processor.py:829} INFO - Processing file /opt/airflow/dags/kafka_stream.py for tasks to queue
[2025-04-29T01:16:56.055+0000] {logging_mixin.py:151} INFO - [2025-04-29T01:16:56.054+0000] {dagbag.py:539} INFO - Filling up the DagBag from /opt/airflow/dags/kafka_stream.py
[2025-04-29T01:16:56.089+0000] {processor.py:839} INFO - DAG(s) dict_keys(['user_automation']) retrieved from /opt/airflow/dags/kafka_stream.py
[2025-04-29T01:16:56.108+0000] {logging_mixin.py:151} INFO - [2025-04-29T01:16:56.108+0000] {dag.py:2907} INFO - Sync 1 DAGs
[2025-04-29T01:16:56.123+0000] {logging_mixin.py:151} INFO - [2025-04-29T01:16:56.123+0000] {dag.py:3677} INFO - Setting next_dagrun for user_automation to 2025-04-29T00:00:00+00:00, run_after=2025-04-30T00:00:00+00:00
[2025-04-29T01:16:56.146+0000] {processor.py:179} INFO - Processing /opt/airflow/dags/kafka_stream.py took 0.097 seconds
[2025-04-29T01:17:26.376+0000] {processor.py:157} INFO - Started process (PID=4087) to work on /opt/airflow/dags/kafka_stream.py
[2025-04-29T01:17:26.377+0000] {processor.py:829} INFO - Processing file /opt/airflow/dags/kafka_stream.py for tasks to queue
[2025-04-29T01:17:26.379+0000] {logging_mixin.py:151} INFO - [2025-04-29T01:17:26.378+0000] {dagbag.py:539} INFO - Filling up the DagBag from /opt/airflow/dags/kafka_stream.py
[2025-04-29T01:17:26.405+0000] {processor.py:839} INFO - DAG(s) dict_keys(['user_automation']) retrieved from /opt/airflow/dags/kafka_stream.py
[2025-04-29T01:17:26.426+0000] {logging_mixin.py:151} INFO - [2025-04-29T01:17:26.426+0000] {dag.py:2907} INFO - Sync 1 DAGs
[2025-04-29T01:17:26.441+0000] {logging_mixin.py:151} INFO - [2025-04-29T01:17:26.441+0000] {dag.py:3677} INFO - Setting next_dagrun for user_automation to 2025-04-29T00:00:00+00:00, run_after=2025-04-30T00:00:00+00:00
[2025-04-29T01:17:26.469+0000] {processor.py:179} INFO - Processing /opt/airflow/dags/kafka_stream.py took 0.096 seconds
[2025-04-29T01:17:56.796+0000] {processor.py:157} INFO - Started process (PID=4088) to work on /opt/airflow/dags/kafka_stream.py
[2025-04-29T01:17:56.797+0000] {processor.py:829} INFO - Processing file /opt/airflow/dags/kafka_stream.py for tasks to queue
[2025-04-29T01:17:56.799+0000] {logging_mixin.py:151} INFO - [2025-04-29T01:17:56.798+0000] {dagbag.py:539} INFO - Filling up the DagBag from /opt/airflow/dags/kafka_stream.py
[2025-04-29T01:17:56.833+0000] {processor.py:839} INFO - DAG(s) dict_keys(['user_automation']) retrieved from /opt/airflow/dags/kafka_stream.py
[2025-04-29T01:17:56.853+0000] {logging_mixin.py:151} INFO - [2025-04-29T01:17:56.853+0000] {dag.py:2907} INFO - Sync 1 DAGs
[2025-04-29T01:17:56.867+0000] {logging_mixin.py:151} INFO - [2025-04-29T01:17:56.867+0000] {dag.py:3677} INFO - Setting next_dagrun for user_automation to 2025-04-29T00:00:00+00:00, run_after=2025-04-30T00:00:00+00:00
[2025-04-29T01:17:56.894+0000] {processor.py:179} INFO - Processing /opt/airflow/dags/kafka_stream.py took 0.102 seconds
[2025-04-29T01:18:27.149+0000] {processor.py:157} INFO - Started process (PID=4089) to work on /opt/airflow/dags/kafka_stream.py
[2025-04-29T01:18:27.151+0000] {processor.py:829} INFO - Processing file /opt/airflow/dags/kafka_stream.py for tasks to queue
[2025-04-29T01:18:27.151+0000] {logging_mixin.py:151} INFO - [2025-04-29T01:18:27.151+0000] {dagbag.py:539} INFO - Filling up the DagBag from /opt/airflow/dags/kafka_stream.py
[2025-04-29T01:18:27.177+0000] {processor.py:839} INFO - DAG(s) dict_keys(['user_automation']) retrieved from /opt/airflow/dags/kafka_stream.py
[2025-04-29T01:18:27.195+0000] {logging_mixin.py:151} INFO - [2025-04-29T01:18:27.195+0000] {dag.py:2907} INFO - Sync 1 DAGs
[2025-04-29T01:18:27.210+0000] {logging_mixin.py:151} INFO - [2025-04-29T01:18:27.210+0000] {dag.py:3677} INFO - Setting next_dagrun for user_automation to 2025-04-29T00:00:00+00:00, run_after=2025-04-30T00:00:00+00:00
[2025-04-29T01:18:27.234+0000] {processor.py:179} INFO - Processing /opt/airflow/dags/kafka_stream.py took 0.088 seconds
[2025-04-29T01:18:57.499+0000] {processor.py:157} INFO - Started process (PID=4090) to work on /opt/airflow/dags/kafka_stream.py
[2025-04-29T01:18:57.501+0000] {processor.py:829} INFO - Processing file /opt/airflow/dags/kafka_stream.py for tasks to queue
[2025-04-29T01:18:57.502+0000] {logging_mixin.py:151} INFO - [2025-04-29T01:18:57.502+0000] {dagbag.py:539} INFO - Filling up the DagBag from /opt/airflow/dags/kafka_stream.py
[2025-04-29T01:18:57.534+0000] {processor.py:839} INFO - DAG(s) dict_keys(['user_automation']) retrieved from /opt/airflow/dags/kafka_stream.py
[2025-04-29T01:18:57.554+0000] {logging_mixin.py:151} INFO - [2025-04-29T01:18:57.554+0000] {dag.py:2907} INFO - Sync 1 DAGs
[2025-04-29T01:18:57.568+0000] {logging_mixin.py:151} INFO - [2025-04-29T01:18:57.568+0000] {dag.py:3677} INFO - Setting next_dagrun for user_automation to 2025-04-29T00:00:00+00:00, run_after=2025-04-30T00:00:00+00:00
[2025-04-29T01:18:57.591+0000] {processor.py:179} INFO - Processing /opt/airflow/dags/kafka_stream.py took 0.094 seconds
[2025-04-29T01:19:27.845+0000] {processor.py:157} INFO - Started process (PID=4091) to work on /opt/airflow/dags/kafka_stream.py
[2025-04-29T01:19:27.846+0000] {processor.py:829} INFO - Processing file /opt/airflow/dags/kafka_stream.py for tasks to queue
[2025-04-29T01:19:27.847+0000] {logging_mixin.py:151} INFO - [2025-04-29T01:19:27.847+0000] {dagbag.py:539} INFO - Filling up the DagBag from /opt/airflow/dags/kafka_stream.py
[2025-04-29T01:19:27.881+0000] {processor.py:839} INFO - DAG(s) dict_keys(['user_automation']) retrieved from /opt/airflow/dags/kafka_stream.py
[2025-04-29T01:19:27.903+0000] {logging_mixin.py:151} INFO - [2025-04-29T01:19:27.903+0000] {dag.py:2907} INFO - Sync 1 DAGs
[2025-04-29T01:19:27.917+0000] {logging_mixin.py:151} INFO - [2025-04-29T01:19:27.917+0000] {dag.py:3677} INFO - Setting next_dagrun for user_automation to 2025-04-29T00:00:00+00:00, run_after=2025-04-30T00:00:00+00:00
[2025-04-29T01:19:27.937+0000] {processor.py:179} INFO - Processing /opt/airflow/dags/kafka_stream.py took 0.096 seconds
[2025-04-29T01:19:58.180+0000] {processor.py:157} INFO - Started process (PID=4092) to work on /opt/airflow/dags/kafka_stream.py
[2025-04-29T01:19:58.181+0000] {processor.py:829} INFO - Processing file /opt/airflow/dags/kafka_stream.py for tasks to queue
[2025-04-29T01:19:58.182+0000] {logging_mixin.py:151} INFO - [2025-04-29T01:19:58.182+0000] {dagbag.py:539} INFO - Filling up the DagBag from /opt/airflow/dags/kafka_stream.py
[2025-04-29T01:19:58.210+0000] {processor.py:839} INFO - DAG(s) dict_keys(['user_automation']) retrieved from /opt/airflow/dags/kafka_stream.py
[2025-04-29T01:19:58.238+0000] {logging_mixin.py:151} INFO - [2025-04-29T01:19:58.238+0000] {dag.py:2907} INFO - Sync 1 DAGs
[2025-04-29T01:19:58.256+0000] {logging_mixin.py:151} INFO - [2025-04-29T01:19:58.256+0000] {dag.py:3677} INFO - Setting next_dagrun for user_automation to 2025-04-29T00:00:00+00:00, run_after=2025-04-30T00:00:00+00:00
[2025-04-29T01:19:58.277+0000] {processor.py:179} INFO - Processing /opt/airflow/dags/kafka_stream.py took 0.102 seconds
[2025-04-29T01:20:28.523+0000] {processor.py:157} INFO - Started process (PID=4093) to work on /opt/airflow/dags/kafka_stream.py
[2025-04-29T01:20:28.524+0000] {processor.py:829} INFO - Processing file /opt/airflow/dags/kafka_stream.py for tasks to queue
[2025-04-29T01:20:28.526+0000] {logging_mixin.py:151} INFO - [2025-04-29T01:20:28.526+0000] {dagbag.py:539} INFO - Filling up the DagBag from /opt/airflow/dags/kafka_stream.py
[2025-04-29T01:20:28.560+0000] {processor.py:839} INFO - DAG(s) dict_keys(['user_automation']) retrieved from /opt/airflow/dags/kafka_stream.py
[2025-04-29T01:20:28.582+0000] {logging_mixin.py:151} INFO - [2025-04-29T01:20:28.581+0000] {dag.py:2907} INFO - Sync 1 DAGs
[2025-04-29T01:20:28.597+0000] {logging_mixin.py:151} INFO - [2025-04-29T01:20:28.597+0000] {dag.py:3677} INFO - Setting next_dagrun for user_automation to 2025-04-29T00:00:00+00:00, run_after=2025-04-30T00:00:00+00:00
[2025-04-29T01:20:28.628+0000] {processor.py:179} INFO - Processing /opt/airflow/dags/kafka_stream.py took 0.109 seconds
[2025-04-29T01:20:58.955+0000] {processor.py:157} INFO - Started process (PID=4094) to work on /opt/airflow/dags/kafka_stream.py
[2025-04-29T01:20:58.956+0000] {processor.py:829} INFO - Processing file /opt/airflow/dags/kafka_stream.py for tasks to queue
[2025-04-29T01:20:58.957+0000] {logging_mixin.py:151} INFO - [2025-04-29T01:20:58.957+0000] {dagbag.py:539} INFO - Filling up the DagBag from /opt/airflow/dags/kafka_stream.py
[2025-04-29T01:20:58.977+0000] {processor.py:839} INFO - DAG(s) dict_keys(['user_automation']) retrieved from /opt/airflow/dags/kafka_stream.py
[2025-04-29T01:20:58.999+0000] {logging_mixin.py:151} INFO - [2025-04-29T01:20:58.999+0000] {dag.py:2907} INFO - Sync 1 DAGs
[2025-04-29T01:20:59.016+0000] {logging_mixin.py:151} INFO - [2025-04-29T01:20:59.016+0000] {dag.py:3677} INFO - Setting next_dagrun for user_automation to 2025-04-29T00:00:00+00:00, run_after=2025-04-30T00:00:00+00:00
[2025-04-29T01:20:59.044+0000] {processor.py:179} INFO - Processing /opt/airflow/dags/kafka_stream.py took 0.092 seconds
[2025-04-29T01:21:29.284+0000] {processor.py:157} INFO - Started process (PID=4095) to work on /opt/airflow/dags/kafka_stream.py
[2025-04-29T01:21:29.286+0000] {processor.py:829} INFO - Processing file /opt/airflow/dags/kafka_stream.py for tasks to queue
[2025-04-29T01:21:29.287+0000] {logging_mixin.py:151} INFO - [2025-04-29T01:21:29.287+0000] {dagbag.py:539} INFO - Filling up the DagBag from /opt/airflow/dags/kafka_stream.py
[2025-04-29T01:21:29.331+0000] {processor.py:839} INFO - DAG(s) dict_keys(['user_automation']) retrieved from /opt/airflow/dags/kafka_stream.py
[2025-04-29T01:21:29.352+0000] {logging_mixin.py:151} INFO - [2025-04-29T01:21:29.352+0000] {dag.py:2907} INFO - Sync 1 DAGs
[2025-04-29T01:21:29.369+0000] {logging_mixin.py:151} INFO - [2025-04-29T01:21:29.369+0000] {dag.py:3677} INFO - Setting next_dagrun for user_automation to 2025-04-29T00:00:00+00:00, run_after=2025-04-30T00:00:00+00:00
[2025-04-29T01:21:29.386+0000] {processor.py:179} INFO - Processing /opt/airflow/dags/kafka_stream.py took 0.105 seconds
[2025-04-29T01:21:59.664+0000] {processor.py:157} INFO - Started process (PID=4096) to work on /opt/airflow/dags/kafka_stream.py
[2025-04-29T01:21:59.665+0000] {processor.py:829} INFO - Processing file /opt/airflow/dags/kafka_stream.py for tasks to queue
[2025-04-29T01:21:59.666+0000] {logging_mixin.py:151} INFO - [2025-04-29T01:21:59.666+0000] {dagbag.py:539} INFO - Filling up the DagBag from /opt/airflow/dags/kafka_stream.py
[2025-04-29T01:21:59.697+0000] {processor.py:839} INFO - DAG(s) dict_keys(['user_automation']) retrieved from /opt/airflow/dags/kafka_stream.py
[2025-04-29T01:21:59.719+0000] {logging_mixin.py:151} INFO - [2025-04-29T01:21:59.719+0000] {dag.py:2907} INFO - Sync 1 DAGs
[2025-04-29T01:21:59.737+0000] {logging_mixin.py:151} INFO - [2025-04-29T01:21:59.737+0000] {dag.py:3677} INFO - Setting next_dagrun for user_automation to 2025-04-29T00:00:00+00:00, run_after=2025-04-30T00:00:00+00:00
[2025-04-29T01:21:59.768+0000] {processor.py:179} INFO - Processing /opt/airflow/dags/kafka_stream.py took 0.107 seconds
[2025-04-29T01:22:30.031+0000] {processor.py:157} INFO - Started process (PID=4097) to work on /opt/airflow/dags/kafka_stream.py
[2025-04-29T01:22:30.032+0000] {processor.py:829} INFO - Processing file /opt/airflow/dags/kafka_stream.py for tasks to queue
[2025-04-29T01:22:30.033+0000] {logging_mixin.py:151} INFO - [2025-04-29T01:22:30.033+0000] {dagbag.py:539} INFO - Filling up the DagBag from /opt/airflow/dags/kafka_stream.py
[2025-04-29T01:22:30.064+0000] {processor.py:839} INFO - DAG(s) dict_keys(['user_automation']) retrieved from /opt/airflow/dags/kafka_stream.py
[2025-04-29T01:22:30.082+0000] {logging_mixin.py:151} INFO - [2025-04-29T01:22:30.082+0000] {dag.py:2907} INFO - Sync 1 DAGs
[2025-04-29T01:22:30.097+0000] {logging_mixin.py:151} INFO - [2025-04-29T01:22:30.096+0000] {dag.py:3677} INFO - Setting next_dagrun for user_automation to 2025-04-29T00:00:00+00:00, run_after=2025-04-30T00:00:00+00:00
[2025-04-29T01:22:30.121+0000] {processor.py:179} INFO - Processing /opt/airflow/dags/kafka_stream.py took 0.093 seconds
[2025-04-29T01:23:00.352+0000] {processor.py:157} INFO - Started process (PID=4098) to work on /opt/airflow/dags/kafka_stream.py
[2025-04-29T01:23:00.353+0000] {processor.py:829} INFO - Processing file /opt/airflow/dags/kafka_stream.py for tasks to queue
[2025-04-29T01:23:00.355+0000] {logging_mixin.py:151} INFO - [2025-04-29T01:23:00.354+0000] {dagbag.py:539} INFO - Filling up the DagBag from /opt/airflow/dags/kafka_stream.py
[2025-04-29T01:23:00.379+0000] {processor.py:839} INFO - DAG(s) dict_keys(['user_automation']) retrieved from /opt/airflow/dags/kafka_stream.py
[2025-04-29T01:23:00.401+0000] {logging_mixin.py:151} INFO - [2025-04-29T01:23:00.401+0000] {dag.py:2907} INFO - Sync 1 DAGs
[2025-04-29T01:23:00.421+0000] {logging_mixin.py:151} INFO - [2025-04-29T01:23:00.421+0000] {dag.py:3677} INFO - Setting next_dagrun for user_automation to 2025-04-29T00:00:00+00:00, run_after=2025-04-30T00:00:00+00:00
[2025-04-29T01:23:00.443+0000] {processor.py:179} INFO - Processing /opt/airflow/dags/kafka_stream.py took 0.094 seconds
[2025-04-29T01:23:30.686+0000] {processor.py:157} INFO - Started process (PID=4099) to work on /opt/airflow/dags/kafka_stream.py
[2025-04-29T01:23:30.687+0000] {processor.py:829} INFO - Processing file /opt/airflow/dags/kafka_stream.py for tasks to queue
[2025-04-29T01:23:30.689+0000] {logging_mixin.py:151} INFO - [2025-04-29T01:23:30.688+0000] {dagbag.py:539} INFO - Filling up the DagBag from /opt/airflow/dags/kafka_stream.py
[2025-04-29T01:23:30.715+0000] {processor.py:839} INFO - DAG(s) dict_keys(['user_automation']) retrieved from /opt/airflow/dags/kafka_stream.py
[2025-04-29T01:23:30.735+0000] {logging_mixin.py:151} INFO - [2025-04-29T01:23:30.735+0000] {dag.py:2907} INFO - Sync 1 DAGs
[2025-04-29T01:23:30.749+0000] {logging_mixin.py:151} INFO - [2025-04-29T01:23:30.749+0000] {dag.py:3677} INFO - Setting next_dagrun for user_automation to 2025-04-29T00:00:00+00:00, run_after=2025-04-30T00:00:00+00:00
[2025-04-29T01:23:30.769+0000] {processor.py:179} INFO - Processing /opt/airflow/dags/kafka_stream.py took 0.085 seconds
[2025-04-29T01:24:00.981+0000] {processor.py:157} INFO - Started process (PID=4100) to work on /opt/airflow/dags/kafka_stream.py
[2025-04-29T01:24:00.982+0000] {processor.py:829} INFO - Processing file /opt/airflow/dags/kafka_stream.py for tasks to queue
[2025-04-29T01:24:00.984+0000] {logging_mixin.py:151} INFO - [2025-04-29T01:24:00.983+0000] {dagbag.py:539} INFO - Filling up the DagBag from /opt/airflow/dags/kafka_stream.py
[2025-04-29T01:24:01.016+0000] {processor.py:839} INFO - DAG(s) dict_keys(['user_automation']) retrieved from /opt/airflow/dags/kafka_stream.py
[2025-04-29T01:24:01.036+0000] {logging_mixin.py:151} INFO - [2025-04-29T01:24:01.036+0000] {dag.py:2907} INFO - Sync 1 DAGs
[2025-04-29T01:24:01.052+0000] {logging_mixin.py:151} INFO - [2025-04-29T01:24:01.052+0000] {dag.py:3677} INFO - Setting next_dagrun for user_automation to 2025-04-29T00:00:00+00:00, run_after=2025-04-30T00:00:00+00:00
[2025-04-29T01:24:01.075+0000] {processor.py:179} INFO - Processing /opt/airflow/dags/kafka_stream.py took 0.097 seconds
[2025-04-29T01:24:31.294+0000] {processor.py:157} INFO - Started process (PID=4101) to work on /opt/airflow/dags/kafka_stream.py
[2025-04-29T01:24:31.295+0000] {processor.py:829} INFO - Processing file /opt/airflow/dags/kafka_stream.py for tasks to queue
[2025-04-29T01:24:31.296+0000] {logging_mixin.py:151} INFO - [2025-04-29T01:24:31.296+0000] {dagbag.py:539} INFO - Filling up the DagBag from /opt/airflow/dags/kafka_stream.py
[2025-04-29T01:24:31.325+0000] {processor.py:839} INFO - DAG(s) dict_keys(['user_automation']) retrieved from /opt/airflow/dags/kafka_stream.py
[2025-04-29T01:24:31.345+0000] {logging_mixin.py:151} INFO - [2025-04-29T01:24:31.345+0000] {dag.py:2907} INFO - Sync 1 DAGs
[2025-04-29T01:24:31.361+0000] {logging_mixin.py:151} INFO - [2025-04-29T01:24:31.361+0000] {dag.py:3677} INFO - Setting next_dagrun for user_automation to 2025-04-29T00:00:00+00:00, run_after=2025-04-30T00:00:00+00:00
[2025-04-29T01:24:31.390+0000] {processor.py:179} INFO - Processing /opt/airflow/dags/kafka_stream.py took 0.100 seconds
[2025-04-29T01:25:01.646+0000] {processor.py:157} INFO - Started process (PID=4102) to work on /opt/airflow/dags/kafka_stream.py
[2025-04-29T01:25:01.648+0000] {processor.py:829} INFO - Processing file /opt/airflow/dags/kafka_stream.py for tasks to queue
[2025-04-29T01:25:01.649+0000] {logging_mixin.py:151} INFO - [2025-04-29T01:25:01.649+0000] {dagbag.py:539} INFO - Filling up the DagBag from /opt/airflow/dags/kafka_stream.py
[2025-04-29T01:25:01.677+0000] {processor.py:839} INFO - DAG(s) dict_keys(['user_automation']) retrieved from /opt/airflow/dags/kafka_stream.py
[2025-04-29T01:25:01.697+0000] {logging_mixin.py:151} INFO - [2025-04-29T01:25:01.697+0000] {dag.py:2907} INFO - Sync 1 DAGs
[2025-04-29T01:25:01.713+0000] {logging_mixin.py:151} INFO - [2025-04-29T01:25:01.713+0000] {dag.py:3677} INFO - Setting next_dagrun for user_automation to 2025-04-29T00:00:00+00:00, run_after=2025-04-30T00:00:00+00:00
[2025-04-29T01:25:01.745+0000] {processor.py:179} INFO - Processing /opt/airflow/dags/kafka_stream.py took 0.100 seconds
[2025-04-29T01:25:31.969+0000] {processor.py:157} INFO - Started process (PID=4103) to work on /opt/airflow/dags/kafka_stream.py
[2025-04-29T01:25:31.970+0000] {processor.py:829} INFO - Processing file /opt/airflow/dags/kafka_stream.py for tasks to queue
[2025-04-29T01:25:31.972+0000] {logging_mixin.py:151} INFO - [2025-04-29T01:25:31.971+0000] {dagbag.py:539} INFO - Filling up the DagBag from /opt/airflow/dags/kafka_stream.py
[2025-04-29T01:25:32.002+0000] {processor.py:839} INFO - DAG(s) dict_keys(['user_automation']) retrieved from /opt/airflow/dags/kafka_stream.py
[2025-04-29T01:25:32.022+0000] {logging_mixin.py:151} INFO - [2025-04-29T01:25:32.022+0000] {dag.py:2907} INFO - Sync 1 DAGs
[2025-04-29T01:25:32.037+0000] {logging_mixin.py:151} INFO - [2025-04-29T01:25:32.037+0000] {dag.py:3677} INFO - Setting next_dagrun for user_automation to 2025-04-29T00:00:00+00:00, run_after=2025-04-30T00:00:00+00:00
[2025-04-29T01:25:32.055+0000] {processor.py:179} INFO - Processing /opt/airflow/dags/kafka_stream.py took 0.088 seconds
[2025-04-29T01:26:02.404+0000] {processor.py:157} INFO - Started process (PID=4104) to work on /opt/airflow/dags/kafka_stream.py
[2025-04-29T01:26:02.405+0000] {processor.py:829} INFO - Processing file /opt/airflow/dags/kafka_stream.py for tasks to queue
[2025-04-29T01:26:02.407+0000] {logging_mixin.py:151} INFO - [2025-04-29T01:26:02.406+0000] {dagbag.py:539} INFO - Filling up the DagBag from /opt/airflow/dags/kafka_stream.py
[2025-04-29T01:26:02.436+0000] {processor.py:839} INFO - DAG(s) dict_keys(['user_automation']) retrieved from /opt/airflow/dags/kafka_stream.py
[2025-04-29T01:26:02.468+0000] {logging_mixin.py:151} INFO - [2025-04-29T01:26:02.468+0000] {dag.py:2907} INFO - Sync 1 DAGs
[2025-04-29T01:26:02.489+0000] {logging_mixin.py:151} INFO - [2025-04-29T01:26:02.488+0000] {dag.py:3677} INFO - Setting next_dagrun for user_automation to 2025-04-29T00:00:00+00:00, run_after=2025-04-30T00:00:00+00:00
[2025-04-29T01:26:02.517+0000] {processor.py:179} INFO - Processing /opt/airflow/dags/kafka_stream.py took 0.116 seconds
[2025-04-29T01:26:32.687+0000] {processor.py:157} INFO - Started process (PID=4105) to work on /opt/airflow/dags/kafka_stream.py
[2025-04-29T01:26:32.689+0000] {processor.py:829} INFO - Processing file /opt/airflow/dags/kafka_stream.py for tasks to queue
[2025-04-29T01:26:32.690+0000] {logging_mixin.py:151} INFO - [2025-04-29T01:26:32.690+0000] {dagbag.py:539} INFO - Filling up the DagBag from /opt/airflow/dags/kafka_stream.py
[2025-04-29T01:26:32.725+0000] {processor.py:839} INFO - DAG(s) dict_keys(['user_automation']) retrieved from /opt/airflow/dags/kafka_stream.py
[2025-04-29T01:26:32.749+0000] {logging_mixin.py:151} INFO - [2025-04-29T01:26:32.749+0000] {dag.py:2907} INFO - Sync 1 DAGs
[2025-04-29T01:26:32.768+0000] {logging_mixin.py:151} INFO - [2025-04-29T01:26:32.768+0000] {dag.py:3677} INFO - Setting next_dagrun for user_automation to 2025-04-29T00:00:00+00:00, run_after=2025-04-30T00:00:00+00:00
[2025-04-29T01:26:32.788+0000] {processor.py:179} INFO - Processing /opt/airflow/dags/kafka_stream.py took 0.104 seconds
[2025-04-29T01:27:03.015+0000] {processor.py:157} INFO - Started process (PID=4106) to work on /opt/airflow/dags/kafka_stream.py
[2025-04-29T01:27:03.016+0000] {processor.py:829} INFO - Processing file /opt/airflow/dags/kafka_stream.py for tasks to queue
[2025-04-29T01:27:03.017+0000] {logging_mixin.py:151} INFO - [2025-04-29T01:27:03.017+0000] {dagbag.py:539} INFO - Filling up the DagBag from /opt/airflow/dags/kafka_stream.py
[2025-04-29T01:27:03.047+0000] {processor.py:839} INFO - DAG(s) dict_keys(['user_automation']) retrieved from /opt/airflow/dags/kafka_stream.py
[2025-04-29T01:27:03.069+0000] {logging_mixin.py:151} INFO - [2025-04-29T01:27:03.069+0000] {dag.py:2907} INFO - Sync 1 DAGs
[2025-04-29T01:27:03.086+0000] {logging_mixin.py:151} INFO - [2025-04-29T01:27:03.086+0000] {dag.py:3677} INFO - Setting next_dagrun for user_automation to 2025-04-29T00:00:00+00:00, run_after=2025-04-30T00:00:00+00:00
[2025-04-29T01:27:03.115+0000] {processor.py:179} INFO - Processing /opt/airflow/dags/kafka_stream.py took 0.103 seconds
[2025-04-29T01:27:33.335+0000] {processor.py:157} INFO - Started process (PID=4107) to work on /opt/airflow/dags/kafka_stream.py
[2025-04-29T01:27:33.336+0000] {processor.py:829} INFO - Processing file /opt/airflow/dags/kafka_stream.py for tasks to queue
[2025-04-29T01:27:33.337+0000] {logging_mixin.py:151} INFO - [2025-04-29T01:27:33.337+0000] {dagbag.py:539} INFO - Filling up the DagBag from /opt/airflow/dags/kafka_stream.py
[2025-04-29T01:27:33.372+0000] {processor.py:839} INFO - DAG(s) dict_keys(['user_automation']) retrieved from /opt/airflow/dags/kafka_stream.py
[2025-04-29T01:27:33.394+0000] {logging_mixin.py:151} INFO - [2025-04-29T01:27:33.394+0000] {dag.py:2907} INFO - Sync 1 DAGs
[2025-04-29T01:27:33.411+0000] {logging_mixin.py:151} INFO - [2025-04-29T01:27:33.411+0000] {dag.py:3677} INFO - Setting next_dagrun for user_automation to 2025-04-29T00:00:00+00:00, run_after=2025-04-30T00:00:00+00:00
[2025-04-29T01:27:33.441+0000] {processor.py:179} INFO - Processing /opt/airflow/dags/kafka_stream.py took 0.110 seconds
[2025-04-29T01:28:03.665+0000] {processor.py:157} INFO - Started process (PID=4108) to work on /opt/airflow/dags/kafka_stream.py
[2025-04-29T01:28:03.666+0000] {processor.py:829} INFO - Processing file /opt/airflow/dags/kafka_stream.py for tasks to queue
[2025-04-29T01:28:03.668+0000] {logging_mixin.py:151} INFO - [2025-04-29T01:28:03.667+0000] {dagbag.py:539} INFO - Filling up the DagBag from /opt/airflow/dags/kafka_stream.py
[2025-04-29T01:28:03.697+0000] {processor.py:839} INFO - DAG(s) dict_keys(['user_automation']) retrieved from /opt/airflow/dags/kafka_stream.py
[2025-04-29T01:28:03.723+0000] {logging_mixin.py:151} INFO - [2025-04-29T01:28:03.723+0000] {dag.py:2907} INFO - Sync 1 DAGs
[2025-04-29T01:28:03.744+0000] {logging_mixin.py:151} INFO - [2025-04-29T01:28:03.744+0000] {dag.py:3677} INFO - Setting next_dagrun for user_automation to 2025-04-29T00:00:00+00:00, run_after=2025-04-30T00:00:00+00:00
[2025-04-29T01:28:03.770+0000] {processor.py:179} INFO - Processing /opt/airflow/dags/kafka_stream.py took 0.109 seconds
[2025-04-29T01:28:33.999+0000] {processor.py:157} INFO - Started process (PID=4109) to work on /opt/airflow/dags/kafka_stream.py
[2025-04-29T01:28:34.000+0000] {processor.py:829} INFO - Processing file /opt/airflow/dags/kafka_stream.py for tasks to queue
[2025-04-29T01:28:34.002+0000] {logging_mixin.py:151} INFO - [2025-04-29T01:28:34.002+0000] {dagbag.py:539} INFO - Filling up the DagBag from /opt/airflow/dags/kafka_stream.py
[2025-04-29T01:28:34.036+0000] {processor.py:839} INFO - DAG(s) dict_keys(['user_automation']) retrieved from /opt/airflow/dags/kafka_stream.py
[2025-04-29T01:28:34.057+0000] {logging_mixin.py:151} INFO - [2025-04-29T01:28:34.057+0000] {dag.py:2907} INFO - Sync 1 DAGs
[2025-04-29T01:28:34.072+0000] {logging_mixin.py:151} INFO - [2025-04-29T01:28:34.072+0000] {dag.py:3677} INFO - Setting next_dagrun for user_automation to 2025-04-29T00:00:00+00:00, run_after=2025-04-30T00:00:00+00:00
[2025-04-29T01:28:34.092+0000] {processor.py:179} INFO - Processing /opt/airflow/dags/kafka_stream.py took 0.096 seconds
[2025-04-29T01:29:04.312+0000] {processor.py:157} INFO - Started process (PID=4110) to work on /opt/airflow/dags/kafka_stream.py
[2025-04-29T01:29:04.313+0000] {processor.py:829} INFO - Processing file /opt/airflow/dags/kafka_stream.py for tasks to queue
[2025-04-29T01:29:04.314+0000] {logging_mixin.py:151} INFO - [2025-04-29T01:29:04.314+0000] {dagbag.py:539} INFO - Filling up the DagBag from /opt/airflow/dags/kafka_stream.py
[2025-04-29T01:29:04.339+0000] {processor.py:839} INFO - DAG(s) dict_keys(['user_automation']) retrieved from /opt/airflow/dags/kafka_stream.py
[2025-04-29T01:29:04.361+0000] {logging_mixin.py:151} INFO - [2025-04-29T01:29:04.361+0000] {dag.py:2907} INFO - Sync 1 DAGs
[2025-04-29T01:29:04.375+0000] {logging_mixin.py:151} INFO - [2025-04-29T01:29:04.375+0000] {dag.py:3677} INFO - Setting next_dagrun for user_automation to 2025-04-29T00:00:00+00:00, run_after=2025-04-30T00:00:00+00:00
[2025-04-29T01:29:04.395+0000] {processor.py:179} INFO - Processing /opt/airflow/dags/kafka_stream.py took 0.086 seconds
[2025-04-29T01:29:34.676+0000] {processor.py:157} INFO - Started process (PID=4111) to work on /opt/airflow/dags/kafka_stream.py
[2025-04-29T01:29:34.677+0000] {processor.py:829} INFO - Processing file /opt/airflow/dags/kafka_stream.py for tasks to queue
[2025-04-29T01:29:34.678+0000] {logging_mixin.py:151} INFO - [2025-04-29T01:29:34.678+0000] {dagbag.py:539} INFO - Filling up the DagBag from /opt/airflow/dags/kafka_stream.py
[2025-04-29T01:29:34.704+0000] {processor.py:839} INFO - DAG(s) dict_keys(['user_automation']) retrieved from /opt/airflow/dags/kafka_stream.py
[2025-04-29T01:29:34.722+0000] {logging_mixin.py:151} INFO - [2025-04-29T01:29:34.722+0000] {dag.py:2907} INFO - Sync 1 DAGs
[2025-04-29T01:29:34.737+0000] {logging_mixin.py:151} INFO - [2025-04-29T01:29:34.737+0000] {dag.py:3677} INFO - Setting next_dagrun for user_automation to 2025-04-29T00:00:00+00:00, run_after=2025-04-30T00:00:00+00:00
[2025-04-29T01:29:34.758+0000] {processor.py:179} INFO - Processing /opt/airflow/dags/kafka_stream.py took 0.084 seconds
[2025-04-29T01:30:05.019+0000] {processor.py:157} INFO - Started process (PID=4112) to work on /opt/airflow/dags/kafka_stream.py
[2025-04-29T01:30:05.021+0000] {processor.py:829} INFO - Processing file /opt/airflow/dags/kafka_stream.py for tasks to queue
[2025-04-29T01:30:05.022+0000] {logging_mixin.py:151} INFO - [2025-04-29T01:30:05.022+0000] {dagbag.py:539} INFO - Filling up the DagBag from /opt/airflow/dags/kafka_stream.py
[2025-04-29T01:30:05.052+0000] {processor.py:839} INFO - DAG(s) dict_keys(['user_automation']) retrieved from /opt/airflow/dags/kafka_stream.py
[2025-04-29T01:30:05.072+0000] {logging_mixin.py:151} INFO - [2025-04-29T01:30:05.072+0000] {dag.py:2907} INFO - Sync 1 DAGs
[2025-04-29T01:30:05.086+0000] {logging_mixin.py:151} INFO - [2025-04-29T01:30:05.086+0000] {dag.py:3677} INFO - Setting next_dagrun for user_automation to 2025-04-29T00:00:00+00:00, run_after=2025-04-30T00:00:00+00:00
[2025-04-29T01:30:05.107+0000] {processor.py:179} INFO - Processing /opt/airflow/dags/kafka_stream.py took 0.091 seconds
[2025-04-29T01:30:35.390+0000] {processor.py:157} INFO - Started process (PID=4113) to work on /opt/airflow/dags/kafka_stream.py
[2025-04-29T01:30:35.392+0000] {processor.py:829} INFO - Processing file /opt/airflow/dags/kafka_stream.py for tasks to queue
[2025-04-29T01:30:35.393+0000] {logging_mixin.py:151} INFO - [2025-04-29T01:30:35.392+0000] {dagbag.py:539} INFO - Filling up the DagBag from /opt/airflow/dags/kafka_stream.py
[2025-04-29T01:30:35.420+0000] {processor.py:839} INFO - DAG(s) dict_keys(['user_automation']) retrieved from /opt/airflow/dags/kafka_stream.py
[2025-04-29T01:30:35.439+0000] {logging_mixin.py:151} INFO - [2025-04-29T01:30:35.439+0000] {dag.py:2907} INFO - Sync 1 DAGs
[2025-04-29T01:30:35.454+0000] {logging_mixin.py:151} INFO - [2025-04-29T01:30:35.454+0000] {dag.py:3677} INFO - Setting next_dagrun for user_automation to 2025-04-29T00:00:00+00:00, run_after=2025-04-30T00:00:00+00:00
[2025-04-29T01:30:35.471+0000] {processor.py:179} INFO - Processing /opt/airflow/dags/kafka_stream.py took 0.083 seconds
[2025-04-29T01:31:05.795+0000] {processor.py:157} INFO - Started process (PID=4114) to work on /opt/airflow/dags/kafka_stream.py
[2025-04-29T01:31:05.796+0000] {processor.py:829} INFO - Processing file /opt/airflow/dags/kafka_stream.py for tasks to queue
[2025-04-29T01:31:05.797+0000] {logging_mixin.py:151} INFO - [2025-04-29T01:31:05.797+0000] {dagbag.py:539} INFO - Filling up the DagBag from /opt/airflow/dags/kafka_stream.py
[2025-04-29T01:31:05.818+0000] {processor.py:839} INFO - DAG(s) dict_keys(['user_automation']) retrieved from /opt/airflow/dags/kafka_stream.py
[2025-04-29T01:31:05.837+0000] {logging_mixin.py:151} INFO - [2025-04-29T01:31:05.837+0000] {dag.py:2907} INFO - Sync 1 DAGs
[2025-04-29T01:31:05.851+0000] {logging_mixin.py:151} INFO - [2025-04-29T01:31:05.851+0000] {dag.py:3677} INFO - Setting next_dagrun for user_automation to 2025-04-29T00:00:00+00:00, run_after=2025-04-30T00:00:00+00:00
[2025-04-29T01:31:05.884+0000] {processor.py:179} INFO - Processing /opt/airflow/dags/kafka_stream.py took 0.091 seconds
[2025-04-29T01:31:36.119+0000] {processor.py:157} INFO - Started process (PID=4115) to work on /opt/airflow/dags/kafka_stream.py
[2025-04-29T01:31:36.121+0000] {processor.py:829} INFO - Processing file /opt/airflow/dags/kafka_stream.py for tasks to queue
[2025-04-29T01:31:36.123+0000] {logging_mixin.py:151} INFO - [2025-04-29T01:31:36.122+0000] {dagbag.py:539} INFO - Filling up the DagBag from /opt/airflow/dags/kafka_stream.py
[2025-04-29T01:31:36.181+0000] {processor.py:839} INFO - DAG(s) dict_keys(['user_automation']) retrieved from /opt/airflow/dags/kafka_stream.py
[2025-04-29T01:31:36.224+0000] {logging_mixin.py:151} INFO - [2025-04-29T01:31:36.224+0000] {dag.py:2907} INFO - Sync 1 DAGs
[2025-04-29T01:31:36.241+0000] {logging_mixin.py:151} INFO - [2025-04-29T01:31:36.240+0000] {dag.py:3677} INFO - Setting next_dagrun for user_automation to 2025-04-29T00:00:00+00:00, run_after=2025-04-30T00:00:00+00:00
[2025-04-29T01:31:36.276+0000] {processor.py:179} INFO - Processing /opt/airflow/dags/kafka_stream.py took 0.161 seconds
[2025-04-29T01:32:06.471+0000] {processor.py:157} INFO - Started process (PID=4116) to work on /opt/airflow/dags/kafka_stream.py
[2025-04-29T01:32:06.472+0000] {processor.py:829} INFO - Processing file /opt/airflow/dags/kafka_stream.py for tasks to queue
[2025-04-29T01:32:06.474+0000] {logging_mixin.py:151} INFO - [2025-04-29T01:32:06.473+0000] {dagbag.py:539} INFO - Filling up the DagBag from /opt/airflow/dags/kafka_stream.py
[2025-04-29T01:32:06.506+0000] {processor.py:839} INFO - DAG(s) dict_keys(['user_automation']) retrieved from /opt/airflow/dags/kafka_stream.py
[2025-04-29T01:32:06.530+0000] {logging_mixin.py:151} INFO - [2025-04-29T01:32:06.530+0000] {dag.py:2907} INFO - Sync 1 DAGs
[2025-04-29T01:32:06.548+0000] {logging_mixin.py:151} INFO - [2025-04-29T01:32:06.548+0000] {dag.py:3677} INFO - Setting next_dagrun for user_automation to 2025-04-29T00:00:00+00:00, run_after=2025-04-30T00:00:00+00:00
[2025-04-29T01:32:06.568+0000] {processor.py:179} INFO - Processing /opt/airflow/dags/kafka_stream.py took 0.102 seconds
[2025-04-29T01:32:36.883+0000] {processor.py:157} INFO - Started process (PID=4117) to work on /opt/airflow/dags/kafka_stream.py
[2025-04-29T01:32:36.884+0000] {processor.py:829} INFO - Processing file /opt/airflow/dags/kafka_stream.py for tasks to queue
[2025-04-29T01:32:36.885+0000] {logging_mixin.py:151} INFO - [2025-04-29T01:32:36.885+0000] {dagbag.py:539} INFO - Filling up the DagBag from /opt/airflow/dags/kafka_stream.py
[2025-04-29T01:32:36.902+0000] {processor.py:839} INFO - DAG(s) dict_keys(['user_automation']) retrieved from /opt/airflow/dags/kafka_stream.py
[2025-04-29T01:32:36.923+0000] {logging_mixin.py:151} INFO - [2025-04-29T01:32:36.922+0000] {dag.py:2907} INFO - Sync 1 DAGs
[2025-04-29T01:32:36.938+0000] {logging_mixin.py:151} INFO - [2025-04-29T01:32:36.938+0000] {dag.py:3677} INFO - Setting next_dagrun for user_automation to 2025-04-29T00:00:00+00:00, run_after=2025-04-30T00:00:00+00:00
[2025-04-29T01:32:36.957+0000] {processor.py:179} INFO - Processing /opt/airflow/dags/kafka_stream.py took 0.077 seconds
[2025-04-29T01:33:07.221+0000] {processor.py:157} INFO - Started process (PID=4118) to work on /opt/airflow/dags/kafka_stream.py
[2025-04-29T01:33:07.222+0000] {processor.py:829} INFO - Processing file /opt/airflow/dags/kafka_stream.py for tasks to queue
[2025-04-29T01:33:07.224+0000] {logging_mixin.py:151} INFO - [2025-04-29T01:33:07.223+0000] {dagbag.py:539} INFO - Filling up the DagBag from /opt/airflow/dags/kafka_stream.py
[2025-04-29T01:33:07.250+0000] {processor.py:839} INFO - DAG(s) dict_keys(['user_automation']) retrieved from /opt/airflow/dags/kafka_stream.py
[2025-04-29T01:33:07.271+0000] {logging_mixin.py:151} INFO - [2025-04-29T01:33:07.271+0000] {dag.py:2907} INFO - Sync 1 DAGs
[2025-04-29T01:33:07.286+0000] {logging_mixin.py:151} INFO - [2025-04-29T01:33:07.285+0000] {dag.py:3677} INFO - Setting next_dagrun for user_automation to 2025-04-29T00:00:00+00:00, run_after=2025-04-30T00:00:00+00:00
[2025-04-29T01:33:07.309+0000] {processor.py:179} INFO - Processing /opt/airflow/dags/kafka_stream.py took 0.091 seconds
[2025-04-29T01:33:37.599+0000] {processor.py:157} INFO - Started process (PID=4119) to work on /opt/airflow/dags/kafka_stream.py
[2025-04-29T01:33:37.601+0000] {processor.py:829} INFO - Processing file /opt/airflow/dags/kafka_stream.py for tasks to queue
[2025-04-29T01:33:37.602+0000] {logging_mixin.py:151} INFO - [2025-04-29T01:33:37.602+0000] {dagbag.py:539} INFO - Filling up the DagBag from /opt/airflow/dags/kafka_stream.py
[2025-04-29T01:33:37.634+0000] {processor.py:839} INFO - DAG(s) dict_keys(['user_automation']) retrieved from /opt/airflow/dags/kafka_stream.py
[2025-04-29T01:33:37.655+0000] {logging_mixin.py:151} INFO - [2025-04-29T01:33:37.654+0000] {dag.py:2907} INFO - Sync 1 DAGs
[2025-04-29T01:33:37.669+0000] {logging_mixin.py:151} INFO - [2025-04-29T01:33:37.669+0000] {dag.py:3677} INFO - Setting next_dagrun for user_automation to 2025-04-29T00:00:00+00:00, run_after=2025-04-30T00:00:00+00:00
[2025-04-29T01:33:37.697+0000] {processor.py:179} INFO - Processing /opt/airflow/dags/kafka_stream.py took 0.102 seconds
[2025-04-29T01:34:07.944+0000] {processor.py:157} INFO - Started process (PID=4120) to work on /opt/airflow/dags/kafka_stream.py
[2025-04-29T01:34:07.945+0000] {processor.py:829} INFO - Processing file /opt/airflow/dags/kafka_stream.py for tasks to queue
[2025-04-29T01:34:07.947+0000] {logging_mixin.py:151} INFO - [2025-04-29T01:34:07.946+0000] {dagbag.py:539} INFO - Filling up the DagBag from /opt/airflow/dags/kafka_stream.py
[2025-04-29T01:34:07.977+0000] {processor.py:839} INFO - DAG(s) dict_keys(['user_automation']) retrieved from /opt/airflow/dags/kafka_stream.py
[2025-04-29T01:34:07.999+0000] {logging_mixin.py:151} INFO - [2025-04-29T01:34:07.999+0000] {dag.py:2907} INFO - Sync 1 DAGs
[2025-04-29T01:34:08.013+0000] {logging_mixin.py:151} INFO - [2025-04-29T01:34:08.013+0000] {dag.py:3677} INFO - Setting next_dagrun for user_automation to 2025-04-29T00:00:00+00:00, run_after=2025-04-30T00:00:00+00:00
[2025-04-29T01:34:08.043+0000] {processor.py:179} INFO - Processing /opt/airflow/dags/kafka_stream.py took 0.102 seconds
[2025-04-29T01:34:38.317+0000] {processor.py:157} INFO - Started process (PID=4121) to work on /opt/airflow/dags/kafka_stream.py
[2025-04-29T01:34:38.318+0000] {processor.py:829} INFO - Processing file /opt/airflow/dags/kafka_stream.py for tasks to queue
[2025-04-29T01:34:38.320+0000] {logging_mixin.py:151} INFO - [2025-04-29T01:34:38.319+0000] {dagbag.py:539} INFO - Filling up the DagBag from /opt/airflow/dags/kafka_stream.py
[2025-04-29T01:34:38.346+0000] {processor.py:839} INFO - DAG(s) dict_keys(['user_automation']) retrieved from /opt/airflow/dags/kafka_stream.py
[2025-04-29T01:34:38.364+0000] {logging_mixin.py:151} INFO - [2025-04-29T01:34:38.364+0000] {dag.py:2907} INFO - Sync 1 DAGs
[2025-04-29T01:34:38.378+0000] {logging_mixin.py:151} INFO - [2025-04-29T01:34:38.378+0000] {dag.py:3677} INFO - Setting next_dagrun for user_automation to 2025-04-29T00:00:00+00:00, run_after=2025-04-30T00:00:00+00:00
[2025-04-29T01:34:38.399+0000] {processor.py:179} INFO - Processing /opt/airflow/dags/kafka_stream.py took 0.084 seconds
[2025-04-29T01:35:08.628+0000] {processor.py:157} INFO - Started process (PID=4122) to work on /opt/airflow/dags/kafka_stream.py
[2025-04-29T01:35:08.629+0000] {processor.py:829} INFO - Processing file /opt/airflow/dags/kafka_stream.py for tasks to queue
[2025-04-29T01:35:08.630+0000] {logging_mixin.py:151} INFO - [2025-04-29T01:35:08.630+0000] {dagbag.py:539} INFO - Filling up the DagBag from /opt/airflow/dags/kafka_stream.py
[2025-04-29T01:35:08.656+0000] {processor.py:839} INFO - DAG(s) dict_keys(['user_automation']) retrieved from /opt/airflow/dags/kafka_stream.py
[2025-04-29T01:35:08.675+0000] {logging_mixin.py:151} INFO - [2025-04-29T01:35:08.675+0000] {dag.py:2907} INFO - Sync 1 DAGs
[2025-04-29T01:35:08.690+0000] {logging_mixin.py:151} INFO - [2025-04-29T01:35:08.690+0000] {dag.py:3677} INFO - Setting next_dagrun for user_automation to 2025-04-29T00:00:00+00:00, run_after=2025-04-30T00:00:00+00:00
[2025-04-29T01:35:08.710+0000] {processor.py:179} INFO - Processing /opt/airflow/dags/kafka_stream.py took 0.085 seconds
[2025-04-29T01:35:38.999+0000] {processor.py:157} INFO - Started process (PID=4123) to work on /opt/airflow/dags/kafka_stream.py
[2025-04-29T01:35:39.001+0000] {processor.py:829} INFO - Processing file /opt/airflow/dags/kafka_stream.py for tasks to queue
[2025-04-29T01:35:39.002+0000] {logging_mixin.py:151} INFO - [2025-04-29T01:35:39.002+0000] {dagbag.py:539} INFO - Filling up the DagBag from /opt/airflow/dags/kafka_stream.py
[2025-04-29T01:35:39.032+0000] {processor.py:839} INFO - DAG(s) dict_keys(['user_automation']) retrieved from /opt/airflow/dags/kafka_stream.py
[2025-04-29T01:35:39.054+0000] {logging_mixin.py:151} INFO - [2025-04-29T01:35:39.054+0000] {dag.py:2907} INFO - Sync 1 DAGs
[2025-04-29T01:35:39.070+0000] {logging_mixin.py:151} INFO - [2025-04-29T01:35:39.070+0000] {dag.py:3677} INFO - Setting next_dagrun for user_automation to 2025-04-29T00:00:00+00:00, run_after=2025-04-30T00:00:00+00:00
[2025-04-29T01:35:39.090+0000] {processor.py:179} INFO - Processing /opt/airflow/dags/kafka_stream.py took 0.094 seconds
[2025-04-29T01:36:09.383+0000] {processor.py:157} INFO - Started process (PID=4124) to work on /opt/airflow/dags/kafka_stream.py
[2025-04-29T01:36:09.384+0000] {processor.py:829} INFO - Processing file /opt/airflow/dags/kafka_stream.py for tasks to queue
[2025-04-29T01:36:09.385+0000] {logging_mixin.py:151} INFO - [2025-04-29T01:36:09.385+0000] {dagbag.py:539} INFO - Filling up the DagBag from /opt/airflow/dags/kafka_stream.py
[2025-04-29T01:36:09.410+0000] {processor.py:839} INFO - DAG(s) dict_keys(['user_automation']) retrieved from /opt/airflow/dags/kafka_stream.py
[2025-04-29T01:36:09.427+0000] {logging_mixin.py:151} INFO - [2025-04-29T01:36:09.427+0000] {dag.py:2907} INFO - Sync 1 DAGs
[2025-04-29T01:36:09.442+0000] {logging_mixin.py:151} INFO - [2025-04-29T01:36:09.442+0000] {dag.py:3677} INFO - Setting next_dagrun for user_automation to 2025-04-29T00:00:00+00:00, run_after=2025-04-30T00:00:00+00:00
[2025-04-29T01:36:09.462+0000] {processor.py:179} INFO - Processing /opt/airflow/dags/kafka_stream.py took 0.082 seconds
[2025-04-29T01:36:39.728+0000] {processor.py:157} INFO - Started process (PID=4125) to work on /opt/airflow/dags/kafka_stream.py
[2025-04-29T01:36:39.729+0000] {processor.py:829} INFO - Processing file /opt/airflow/dags/kafka_stream.py for tasks to queue
[2025-04-29T01:36:39.730+0000] {logging_mixin.py:151} INFO - [2025-04-29T01:36:39.730+0000] {dagbag.py:539} INFO - Filling up the DagBag from /opt/airflow/dags/kafka_stream.py
[2025-04-29T01:36:39.756+0000] {processor.py:839} INFO - DAG(s) dict_keys(['user_automation']) retrieved from /opt/airflow/dags/kafka_stream.py
[2025-04-29T01:36:39.779+0000] {logging_mixin.py:151} INFO - [2025-04-29T01:36:39.779+0000] {dag.py:2907} INFO - Sync 1 DAGs
[2025-04-29T01:36:39.795+0000] {logging_mixin.py:151} INFO - [2025-04-29T01:36:39.795+0000] {dag.py:3677} INFO - Setting next_dagrun for user_automation to 2025-04-29T00:00:00+00:00, run_after=2025-04-30T00:00:00+00:00
[2025-04-29T01:36:39.812+0000] {processor.py:179} INFO - Processing /opt/airflow/dags/kafka_stream.py took 0.088 seconds
[2025-04-29T01:37:10.041+0000] {processor.py:157} INFO - Started process (PID=4126) to work on /opt/airflow/dags/kafka_stream.py
[2025-04-29T01:37:10.042+0000] {processor.py:829} INFO - Processing file /opt/airflow/dags/kafka_stream.py for tasks to queue
[2025-04-29T01:37:10.044+0000] {logging_mixin.py:151} INFO - [2025-04-29T01:37:10.043+0000] {dagbag.py:539} INFO - Filling up the DagBag from /opt/airflow/dags/kafka_stream.py
[2025-04-29T01:37:10.068+0000] {processor.py:839} INFO - DAG(s) dict_keys(['user_automation']) retrieved from /opt/airflow/dags/kafka_stream.py
[2025-04-29T01:37:10.088+0000] {logging_mixin.py:151} INFO - [2025-04-29T01:37:10.088+0000] {dag.py:2907} INFO - Sync 1 DAGs
[2025-04-29T01:37:10.105+0000] {logging_mixin.py:151} INFO - [2025-04-29T01:37:10.105+0000] {dag.py:3677} INFO - Setting next_dagrun for user_automation to 2025-04-29T00:00:00+00:00, run_after=2025-04-30T00:00:00+00:00
[2025-04-29T01:37:10.123+0000] {processor.py:179} INFO - Processing /opt/airflow/dags/kafka_stream.py took 0.084 seconds
[2025-04-29T01:37:40.395+0000] {processor.py:157} INFO - Started process (PID=4127) to work on /opt/airflow/dags/kafka_stream.py
[2025-04-29T01:37:40.397+0000] {processor.py:829} INFO - Processing file /opt/airflow/dags/kafka_stream.py for tasks to queue
[2025-04-29T01:37:40.398+0000] {logging_mixin.py:151} INFO - [2025-04-29T01:37:40.398+0000] {dagbag.py:539} INFO - Filling up the DagBag from /opt/airflow/dags/kafka_stream.py
[2025-04-29T01:37:40.427+0000] {processor.py:839} INFO - DAG(s) dict_keys(['user_automation']) retrieved from /opt/airflow/dags/kafka_stream.py
[2025-04-29T01:37:40.449+0000] {logging_mixin.py:151} INFO - [2025-04-29T01:37:40.449+0000] {dag.py:2907} INFO - Sync 1 DAGs
[2025-04-29T01:37:40.465+0000] {logging_mixin.py:151} INFO - [2025-04-29T01:37:40.465+0000] {dag.py:3677} INFO - Setting next_dagrun for user_automation to 2025-04-29T00:00:00+00:00, run_after=2025-04-30T00:00:00+00:00
[2025-04-29T01:37:40.494+0000] {processor.py:179} INFO - Processing /opt/airflow/dags/kafka_stream.py took 0.103 seconds
[2025-04-29T01:38:10.726+0000] {processor.py:157} INFO - Started process (PID=4128) to work on /opt/airflow/dags/kafka_stream.py
[2025-04-29T01:38:10.727+0000] {processor.py:829} INFO - Processing file /opt/airflow/dags/kafka_stream.py for tasks to queue
[2025-04-29T01:38:10.728+0000] {logging_mixin.py:151} INFO - [2025-04-29T01:38:10.728+0000] {dagbag.py:539} INFO - Filling up the DagBag from /opt/airflow/dags/kafka_stream.py
[2025-04-29T01:38:10.755+0000] {processor.py:839} INFO - DAG(s) dict_keys(['user_automation']) retrieved from /opt/airflow/dags/kafka_stream.py
[2025-04-29T01:38:10.774+0000] {logging_mixin.py:151} INFO - [2025-04-29T01:38:10.774+0000] {dag.py:2907} INFO - Sync 1 DAGs
[2025-04-29T01:38:10.789+0000] {logging_mixin.py:151} INFO - [2025-04-29T01:38:10.789+0000] {dag.py:3677} INFO - Setting next_dagrun for user_automation to 2025-04-29T00:00:00+00:00, run_after=2025-04-30T00:00:00+00:00
[2025-04-29T01:38:10.809+0000] {processor.py:179} INFO - Processing /opt/airflow/dags/kafka_stream.py took 0.090 seconds
[2025-04-29T01:38:41.116+0000] {processor.py:157} INFO - Started process (PID=4129) to work on /opt/airflow/dags/kafka_stream.py
[2025-04-29T01:38:41.117+0000] {processor.py:829} INFO - Processing file /opt/airflow/dags/kafka_stream.py for tasks to queue
[2025-04-29T01:38:41.119+0000] {logging_mixin.py:151} INFO - [2025-04-29T01:38:41.118+0000] {dagbag.py:539} INFO - Filling up the DagBag from /opt/airflow/dags/kafka_stream.py
[2025-04-29T01:38:41.147+0000] {processor.py:839} INFO - DAG(s) dict_keys(['user_automation']) retrieved from /opt/airflow/dags/kafka_stream.py
[2025-04-29T01:38:41.166+0000] {logging_mixin.py:151} INFO - [2025-04-29T01:38:41.166+0000] {dag.py:2907} INFO - Sync 1 DAGs
[2025-04-29T01:38:41.181+0000] {logging_mixin.py:151} INFO - [2025-04-29T01:38:41.181+0000] {dag.py:3677} INFO - Setting next_dagrun for user_automation to 2025-04-29T00:00:00+00:00, run_after=2025-04-30T00:00:00+00:00
[2025-04-29T01:38:41.199+0000] {processor.py:179} INFO - Processing /opt/airflow/dags/kafka_stream.py took 0.085 seconds
[2025-04-29T01:39:11.444+0000] {processor.py:157} INFO - Started process (PID=4130) to work on /opt/airflow/dags/kafka_stream.py
[2025-04-29T01:39:11.445+0000] {processor.py:829} INFO - Processing file /opt/airflow/dags/kafka_stream.py for tasks to queue
[2025-04-29T01:39:11.447+0000] {logging_mixin.py:151} INFO - [2025-04-29T01:39:11.447+0000] {dagbag.py:539} INFO - Filling up the DagBag from /opt/airflow/dags/kafka_stream.py
[2025-04-29T01:39:11.478+0000] {processor.py:839} INFO - DAG(s) dict_keys(['user_automation']) retrieved from /opt/airflow/dags/kafka_stream.py
[2025-04-29T01:39:11.497+0000] {logging_mixin.py:151} INFO - [2025-04-29T01:39:11.497+0000] {dag.py:2907} INFO - Sync 1 DAGs
[2025-04-29T01:39:11.512+0000] {logging_mixin.py:151} INFO - [2025-04-29T01:39:11.512+0000] {dag.py:3677} INFO - Setting next_dagrun for user_automation to 2025-04-29T00:00:00+00:00, run_after=2025-04-30T00:00:00+00:00
[2025-04-29T01:39:11.538+0000] {processor.py:179} INFO - Processing /opt/airflow/dags/kafka_stream.py took 0.097 seconds
[2025-04-29T01:39:41.822+0000] {processor.py:157} INFO - Started process (PID=4131) to work on /opt/airflow/dags/kafka_stream.py
[2025-04-29T01:39:41.824+0000] {processor.py:829} INFO - Processing file /opt/airflow/dags/kafka_stream.py for tasks to queue
[2025-04-29T01:39:41.825+0000] {logging_mixin.py:151} INFO - [2025-04-29T01:39:41.825+0000] {dagbag.py:539} INFO - Filling up the DagBag from /opt/airflow/dags/kafka_stream.py
[2025-04-29T01:39:41.845+0000] {processor.py:839} INFO - DAG(s) dict_keys(['user_automation']) retrieved from /opt/airflow/dags/kafka_stream.py
[2025-04-29T01:39:41.864+0000] {logging_mixin.py:151} INFO - [2025-04-29T01:39:41.864+0000] {dag.py:2907} INFO - Sync 1 DAGs
[2025-04-29T01:39:41.879+0000] {logging_mixin.py:151} INFO - [2025-04-29T01:39:41.879+0000] {dag.py:3677} INFO - Setting next_dagrun for user_automation to 2025-04-29T00:00:00+00:00, run_after=2025-04-30T00:00:00+00:00
[2025-04-29T01:39:41.908+0000] {processor.py:179} INFO - Processing /opt/airflow/dags/kafka_stream.py took 0.088 seconds
[2025-04-29T01:40:12.131+0000] {processor.py:157} INFO - Started process (PID=4132) to work on /opt/airflow/dags/kafka_stream.py
[2025-04-29T01:40:12.132+0000] {processor.py:829} INFO - Processing file /opt/airflow/dags/kafka_stream.py for tasks to queue
[2025-04-29T01:40:12.133+0000] {logging_mixin.py:151} INFO - [2025-04-29T01:40:12.133+0000] {dagbag.py:539} INFO - Filling up the DagBag from /opt/airflow/dags/kafka_stream.py
[2025-04-29T01:40:12.158+0000] {processor.py:839} INFO - DAG(s) dict_keys(['user_automation']) retrieved from /opt/airflow/dags/kafka_stream.py
[2025-04-29T01:40:12.178+0000] {logging_mixin.py:151} INFO - [2025-04-29T01:40:12.178+0000] {dag.py:2907} INFO - Sync 1 DAGs
[2025-04-29T01:40:12.193+0000] {logging_mixin.py:151} INFO - [2025-04-29T01:40:12.192+0000] {dag.py:3677} INFO - Setting next_dagrun for user_automation to 2025-04-29T00:00:00+00:00, run_after=2025-04-30T00:00:00+00:00
[2025-04-29T01:40:12.216+0000] {processor.py:179} INFO - Processing /opt/airflow/dags/kafka_stream.py took 0.089 seconds
[2025-04-29T01:40:42.429+0000] {processor.py:157} INFO - Started process (PID=4133) to work on /opt/airflow/dags/kafka_stream.py
[2025-04-29T01:40:42.431+0000] {processor.py:829} INFO - Processing file /opt/airflow/dags/kafka_stream.py for tasks to queue
[2025-04-29T01:40:42.432+0000] {logging_mixin.py:151} INFO - [2025-04-29T01:40:42.432+0000] {dagbag.py:539} INFO - Filling up the DagBag from /opt/airflow/dags/kafka_stream.py
[2025-04-29T01:40:42.461+0000] {processor.py:839} INFO - DAG(s) dict_keys(['user_automation']) retrieved from /opt/airflow/dags/kafka_stream.py
[2025-04-29T01:40:42.484+0000] {logging_mixin.py:151} INFO - [2025-04-29T01:40:42.484+0000] {dag.py:2907} INFO - Sync 1 DAGs
[2025-04-29T01:40:42.501+0000] {logging_mixin.py:151} INFO - [2025-04-29T01:40:42.501+0000] {dag.py:3677} INFO - Setting next_dagrun for user_automation to 2025-04-29T00:00:00+00:00, run_after=2025-04-30T00:00:00+00:00
[2025-04-29T01:40:42.533+0000] {processor.py:179} INFO - Processing /opt/airflow/dags/kafka_stream.py took 0.106 seconds
[2025-04-29T01:41:12.757+0000] {processor.py:157} INFO - Started process (PID=4134) to work on /opt/airflow/dags/kafka_stream.py
[2025-04-29T01:41:12.758+0000] {processor.py:829} INFO - Processing file /opt/airflow/dags/kafka_stream.py for tasks to queue
[2025-04-29T01:41:12.760+0000] {logging_mixin.py:151} INFO - [2025-04-29T01:41:12.759+0000] {dagbag.py:539} INFO - Filling up the DagBag from /opt/airflow/dags/kafka_stream.py
[2025-04-29T01:41:12.785+0000] {processor.py:839} INFO - DAG(s) dict_keys(['user_automation']) retrieved from /opt/airflow/dags/kafka_stream.py
[2025-04-29T01:41:12.804+0000] {logging_mixin.py:151} INFO - [2025-04-29T01:41:12.804+0000] {dag.py:2907} INFO - Sync 1 DAGs
[2025-04-29T01:41:12.817+0000] {logging_mixin.py:151} INFO - [2025-04-29T01:41:12.817+0000] {dag.py:3677} INFO - Setting next_dagrun for user_automation to 2025-04-29T00:00:00+00:00, run_after=2025-04-30T00:00:00+00:00
[2025-04-29T01:41:12.846+0000] {processor.py:179} INFO - Processing /opt/airflow/dags/kafka_stream.py took 0.091 seconds
[2025-04-29T01:41:43.035+0000] {processor.py:157} INFO - Started process (PID=4135) to work on /opt/airflow/dags/kafka_stream.py
[2025-04-29T01:41:43.037+0000] {processor.py:829} INFO - Processing file /opt/airflow/dags/kafka_stream.py for tasks to queue
[2025-04-29T01:41:43.038+0000] {logging_mixin.py:151} INFO - [2025-04-29T01:41:43.038+0000] {dagbag.py:539} INFO - Filling up the DagBag from /opt/airflow/dags/kafka_stream.py
[2025-04-29T01:41:43.065+0000] {processor.py:839} INFO - DAG(s) dict_keys(['user_automation']) retrieved from /opt/airflow/dags/kafka_stream.py
[2025-04-29T01:41:43.086+0000] {logging_mixin.py:151} INFO - [2025-04-29T01:41:43.086+0000] {dag.py:2907} INFO - Sync 1 DAGs
[2025-04-29T01:41:43.105+0000] {logging_mixin.py:151} INFO - [2025-04-29T01:41:43.105+0000] {dag.py:3677} INFO - Setting next_dagrun for user_automation to 2025-04-29T00:00:00+00:00, run_after=2025-04-30T00:00:00+00:00
[2025-04-29T01:41:43.126+0000] {processor.py:179} INFO - Processing /opt/airflow/dags/kafka_stream.py took 0.094 seconds
[2025-04-29T01:42:13.375+0000] {processor.py:157} INFO - Started process (PID=4136) to work on /opt/airflow/dags/kafka_stream.py
[2025-04-29T01:42:13.377+0000] {processor.py:829} INFO - Processing file /opt/airflow/dags/kafka_stream.py for tasks to queue
[2025-04-29T01:42:13.378+0000] {logging_mixin.py:151} INFO - [2025-04-29T01:42:13.378+0000] {dagbag.py:539} INFO - Filling up the DagBag from /opt/airflow/dags/kafka_stream.py
[2025-04-29T01:42:13.420+0000] {processor.py:839} INFO - DAG(s) dict_keys(['user_automation']) retrieved from /opt/airflow/dags/kafka_stream.py
[2025-04-29T01:42:13.442+0000] {logging_mixin.py:151} INFO - [2025-04-29T01:42:13.442+0000] {dag.py:2907} INFO - Sync 1 DAGs
[2025-04-29T01:42:13.459+0000] {logging_mixin.py:151} INFO - [2025-04-29T01:42:13.459+0000] {dag.py:3677} INFO - Setting next_dagrun for user_automation to 2025-04-29T00:00:00+00:00, run_after=2025-04-30T00:00:00+00:00
[2025-04-29T01:42:13.479+0000] {processor.py:179} INFO - Processing /opt/airflow/dags/kafka_stream.py took 0.107 seconds
[2025-04-29T01:42:43.669+0000] {processor.py:157} INFO - Started process (PID=4137) to work on /opt/airflow/dags/kafka_stream.py
[2025-04-29T01:42:43.670+0000] {processor.py:829} INFO - Processing file /opt/airflow/dags/kafka_stream.py for tasks to queue
[2025-04-29T01:42:43.672+0000] {logging_mixin.py:151} INFO - [2025-04-29T01:42:43.672+0000] {dagbag.py:539} INFO - Filling up the DagBag from /opt/airflow/dags/kafka_stream.py
[2025-04-29T01:42:43.700+0000] {processor.py:839} INFO - DAG(s) dict_keys(['user_automation']) retrieved from /opt/airflow/dags/kafka_stream.py
[2025-04-29T01:42:43.722+0000] {logging_mixin.py:151} INFO - [2025-04-29T01:42:43.722+0000] {dag.py:2907} INFO - Sync 1 DAGs
[2025-04-29T01:42:43.737+0000] {logging_mixin.py:151} INFO - [2025-04-29T01:42:43.737+0000] {dag.py:3677} INFO - Setting next_dagrun for user_automation to 2025-04-29T00:00:00+00:00, run_after=2025-04-30T00:00:00+00:00
[2025-04-29T01:42:43.767+0000] {processor.py:179} INFO - Processing /opt/airflow/dags/kafka_stream.py took 0.102 seconds
[2025-04-29T01:43:14.022+0000] {processor.py:157} INFO - Started process (PID=4138) to work on /opt/airflow/dags/kafka_stream.py
[2025-04-29T01:43:14.024+0000] {processor.py:829} INFO - Processing file /opt/airflow/dags/kafka_stream.py for tasks to queue
[2025-04-29T01:43:14.025+0000] {logging_mixin.py:151} INFO - [2025-04-29T01:43:14.024+0000] {dagbag.py:539} INFO - Filling up the DagBag from /opt/airflow/dags/kafka_stream.py
[2025-04-29T01:43:14.051+0000] {processor.py:839} INFO - DAG(s) dict_keys(['user_automation']) retrieved from /opt/airflow/dags/kafka_stream.py
[2025-04-29T01:43:14.071+0000] {logging_mixin.py:151} INFO - [2025-04-29T01:43:14.071+0000] {dag.py:2907} INFO - Sync 1 DAGs
[2025-04-29T01:43:14.090+0000] {logging_mixin.py:151} INFO - [2025-04-29T01:43:14.090+0000] {dag.py:3677} INFO - Setting next_dagrun for user_automation to 2025-04-29T00:00:00+00:00, run_after=2025-04-30T00:00:00+00:00
[2025-04-29T01:43:14.120+0000] {processor.py:179} INFO - Processing /opt/airflow/dags/kafka_stream.py took 0.099 seconds
[2025-04-29T01:43:44.337+0000] {processor.py:157} INFO - Started process (PID=4139) to work on /opt/airflow/dags/kafka_stream.py
[2025-04-29T01:43:44.338+0000] {processor.py:829} INFO - Processing file /opt/airflow/dags/kafka_stream.py for tasks to queue
[2025-04-29T01:43:44.339+0000] {logging_mixin.py:151} INFO - [2025-04-29T01:43:44.339+0000] {dagbag.py:539} INFO - Filling up the DagBag from /opt/airflow/dags/kafka_stream.py
[2025-04-29T01:43:44.364+0000] {processor.py:839} INFO - DAG(s) dict_keys(['user_automation']) retrieved from /opt/airflow/dags/kafka_stream.py
[2025-04-29T01:43:44.384+0000] {logging_mixin.py:151} INFO - [2025-04-29T01:43:44.384+0000] {dag.py:2907} INFO - Sync 1 DAGs
[2025-04-29T01:43:44.400+0000] {logging_mixin.py:151} INFO - [2025-04-29T01:43:44.400+0000] {dag.py:3677} INFO - Setting next_dagrun for user_automation to 2025-04-29T00:00:00+00:00, run_after=2025-04-30T00:00:00+00:00
[2025-04-29T01:43:44.419+0000] {processor.py:179} INFO - Processing /opt/airflow/dags/kafka_stream.py took 0.085 seconds
[2025-04-29T01:44:14.610+0000] {processor.py:157} INFO - Started process (PID=4140) to work on /opt/airflow/dags/kafka_stream.py
[2025-04-29T01:44:14.611+0000] {processor.py:829} INFO - Processing file /opt/airflow/dags/kafka_stream.py for tasks to queue
[2025-04-29T01:44:14.612+0000] {logging_mixin.py:151} INFO - [2025-04-29T01:44:14.612+0000] {dagbag.py:539} INFO - Filling up the DagBag from /opt/airflow/dags/kafka_stream.py
[2025-04-29T01:44:14.635+0000] {processor.py:839} INFO - DAG(s) dict_keys(['user_automation']) retrieved from /opt/airflow/dags/kafka_stream.py
[2025-04-29T01:44:14.657+0000] {logging_mixin.py:151} INFO - [2025-04-29T01:44:14.657+0000] {dag.py:2907} INFO - Sync 1 DAGs
[2025-04-29T01:44:14.674+0000] {logging_mixin.py:151} INFO - [2025-04-29T01:44:14.674+0000] {dag.py:3677} INFO - Setting next_dagrun for user_automation to 2025-04-29T00:00:00+00:00, run_after=2025-04-30T00:00:00+00:00
[2025-04-29T01:44:14.701+0000] {processor.py:179} INFO - Processing /opt/airflow/dags/kafka_stream.py took 0.094 seconds
[2025-04-29T01:44:44.899+0000] {processor.py:157} INFO - Started process (PID=4141) to work on /opt/airflow/dags/kafka_stream.py
[2025-04-29T01:44:44.900+0000] {processor.py:829} INFO - Processing file /opt/airflow/dags/kafka_stream.py for tasks to queue
[2025-04-29T01:44:44.901+0000] {logging_mixin.py:151} INFO - [2025-04-29T01:44:44.901+0000] {dagbag.py:539} INFO - Filling up the DagBag from /opt/airflow/dags/kafka_stream.py
[2025-04-29T01:44:44.927+0000] {processor.py:839} INFO - DAG(s) dict_keys(['user_automation']) retrieved from /opt/airflow/dags/kafka_stream.py
[2025-04-29T01:44:44.945+0000] {logging_mixin.py:151} INFO - [2025-04-29T01:44:44.945+0000] {dag.py:2907} INFO - Sync 1 DAGs
[2025-04-29T01:44:44.960+0000] {logging_mixin.py:151} INFO - [2025-04-29T01:44:44.960+0000] {dag.py:3677} INFO - Setting next_dagrun for user_automation to 2025-04-29T00:00:00+00:00, run_after=2025-04-30T00:00:00+00:00
[2025-04-29T01:44:44.981+0000] {processor.py:179} INFO - Processing /opt/airflow/dags/kafka_stream.py took 0.085 seconds
[2025-04-29T01:45:15.180+0000] {processor.py:157} INFO - Started process (PID=4142) to work on /opt/airflow/dags/kafka_stream.py
[2025-04-29T01:45:15.181+0000] {processor.py:829} INFO - Processing file /opt/airflow/dags/kafka_stream.py for tasks to queue
[2025-04-29T01:45:15.182+0000] {logging_mixin.py:151} INFO - [2025-04-29T01:45:15.182+0000] {dagbag.py:539} INFO - Filling up the DagBag from /opt/airflow/dags/kafka_stream.py
[2025-04-29T01:45:15.208+0000] {processor.py:839} INFO - DAG(s) dict_keys(['user_automation']) retrieved from /opt/airflow/dags/kafka_stream.py
[2025-04-29T01:45:15.229+0000] {logging_mixin.py:151} INFO - [2025-04-29T01:45:15.229+0000] {dag.py:2907} INFO - Sync 1 DAGs
[2025-04-29T01:45:15.246+0000] {logging_mixin.py:151} INFO - [2025-04-29T01:45:15.245+0000] {dag.py:3677} INFO - Setting next_dagrun for user_automation to 2025-04-29T00:00:00+00:00, run_after=2025-04-30T00:00:00+00:00
[2025-04-29T01:45:15.266+0000] {processor.py:179} INFO - Processing /opt/airflow/dags/kafka_stream.py took 0.089 seconds
[2025-04-29T01:45:45.521+0000] {processor.py:157} INFO - Started process (PID=4143) to work on /opt/airflow/dags/kafka_stream.py
[2025-04-29T01:45:45.522+0000] {processor.py:829} INFO - Processing file /opt/airflow/dags/kafka_stream.py for tasks to queue
[2025-04-29T01:45:45.524+0000] {logging_mixin.py:151} INFO - [2025-04-29T01:45:45.524+0000] {dagbag.py:539} INFO - Filling up the DagBag from /opt/airflow/dags/kafka_stream.py
[2025-04-29T01:45:45.556+0000] {processor.py:839} INFO - DAG(s) dict_keys(['user_automation']) retrieved from /opt/airflow/dags/kafka_stream.py
[2025-04-29T01:45:45.577+0000] {logging_mixin.py:151} INFO - [2025-04-29T01:45:45.577+0000] {dag.py:2907} INFO - Sync 1 DAGs
[2025-04-29T01:45:45.592+0000] {logging_mixin.py:151} INFO - [2025-04-29T01:45:45.592+0000] {dag.py:3677} INFO - Setting next_dagrun for user_automation to 2025-04-29T00:00:00+00:00, run_after=2025-04-30T00:00:00+00:00
[2025-04-29T01:45:45.614+0000] {processor.py:179} INFO - Processing /opt/airflow/dags/kafka_stream.py took 0.097 seconds
[2025-04-29T01:46:15.957+0000] {processor.py:157} INFO - Started process (PID=4144) to work on /opt/airflow/dags/kafka_stream.py
[2025-04-29T01:46:15.958+0000] {processor.py:829} INFO - Processing file /opt/airflow/dags/kafka_stream.py for tasks to queue
[2025-04-29T01:46:15.959+0000] {logging_mixin.py:151} INFO - [2025-04-29T01:46:15.959+0000] {dagbag.py:539} INFO - Filling up the DagBag from /opt/airflow/dags/kafka_stream.py
[2025-04-29T01:46:15.977+0000] {processor.py:839} INFO - DAG(s) dict_keys(['user_automation']) retrieved from /opt/airflow/dags/kafka_stream.py
[2025-04-29T01:46:15.999+0000] {logging_mixin.py:151} INFO - [2025-04-29T01:46:15.998+0000] {dag.py:2907} INFO - Sync 1 DAGs
[2025-04-29T01:46:16.015+0000] {logging_mixin.py:151} INFO - [2025-04-29T01:46:16.014+0000] {dag.py:3677} INFO - Setting next_dagrun for user_automation to 2025-04-29T00:00:00+00:00, run_after=2025-04-30T00:00:00+00:00
[2025-04-29T01:46:16.037+0000] {processor.py:179} INFO - Processing /opt/airflow/dags/kafka_stream.py took 0.082 seconds
[2025-04-29T01:46:46.285+0000] {processor.py:157} INFO - Started process (PID=4145) to work on /opt/airflow/dags/kafka_stream.py
[2025-04-29T01:46:46.286+0000] {processor.py:829} INFO - Processing file /opt/airflow/dags/kafka_stream.py for tasks to queue
[2025-04-29T01:46:46.288+0000] {logging_mixin.py:151} INFO - [2025-04-29T01:46:46.287+0000] {dagbag.py:539} INFO - Filling up the DagBag from /opt/airflow/dags/kafka_stream.py
[2025-04-29T01:46:46.315+0000] {processor.py:839} INFO - DAG(s) dict_keys(['user_automation']) retrieved from /opt/airflow/dags/kafka_stream.py
[2025-04-29T01:46:46.334+0000] {logging_mixin.py:151} INFO - [2025-04-29T01:46:46.334+0000] {dag.py:2907} INFO - Sync 1 DAGs
[2025-04-29T01:46:46.348+0000] {logging_mixin.py:151} INFO - [2025-04-29T01:46:46.348+0000] {dag.py:3677} INFO - Setting next_dagrun for user_automation to 2025-04-29T00:00:00+00:00, run_after=2025-04-30T00:00:00+00:00
[2025-04-29T01:46:46.376+0000] {processor.py:179} INFO - Processing /opt/airflow/dags/kafka_stream.py took 0.095 seconds
[2025-04-29T01:47:16.631+0000] {processor.py:157} INFO - Started process (PID=4146) to work on /opt/airflow/dags/kafka_stream.py
[2025-04-29T01:47:16.632+0000] {processor.py:829} INFO - Processing file /opt/airflow/dags/kafka_stream.py for tasks to queue
[2025-04-29T01:47:16.633+0000] {logging_mixin.py:151} INFO - [2025-04-29T01:47:16.633+0000] {dagbag.py:539} INFO - Filling up the DagBag from /opt/airflow/dags/kafka_stream.py
[2025-04-29T01:47:16.659+0000] {processor.py:839} INFO - DAG(s) dict_keys(['user_automation']) retrieved from /opt/airflow/dags/kafka_stream.py
[2025-04-29T01:47:16.678+0000] {logging_mixin.py:151} INFO - [2025-04-29T01:47:16.678+0000] {dag.py:2907} INFO - Sync 1 DAGs
[2025-04-29T01:47:16.694+0000] {logging_mixin.py:151} INFO - [2025-04-29T01:47:16.693+0000] {dag.py:3677} INFO - Setting next_dagrun for user_automation to 2025-04-29T00:00:00+00:00, run_after=2025-04-30T00:00:00+00:00
[2025-04-29T01:47:16.721+0000] {processor.py:179} INFO - Processing /opt/airflow/dags/kafka_stream.py took 0.094 seconds
[2025-04-29T01:47:46.984+0000] {processor.py:157} INFO - Started process (PID=4147) to work on /opt/airflow/dags/kafka_stream.py
[2025-04-29T01:47:46.985+0000] {processor.py:829} INFO - Processing file /opt/airflow/dags/kafka_stream.py for tasks to queue
[2025-04-29T01:47:46.986+0000] {logging_mixin.py:151} INFO - [2025-04-29T01:47:46.986+0000] {dagbag.py:539} INFO - Filling up the DagBag from /opt/airflow/dags/kafka_stream.py
[2025-04-29T01:47:47.021+0000] {processor.py:839} INFO - DAG(s) dict_keys(['user_automation']) retrieved from /opt/airflow/dags/kafka_stream.py
[2025-04-29T01:47:47.041+0000] {logging_mixin.py:151} INFO - [2025-04-29T01:47:47.041+0000] {dag.py:2907} INFO - Sync 1 DAGs
[2025-04-29T01:47:47.057+0000] {logging_mixin.py:151} INFO - [2025-04-29T01:47:47.057+0000] {dag.py:3677} INFO - Setting next_dagrun for user_automation to 2025-04-29T00:00:00+00:00, run_after=2025-04-30T00:00:00+00:00
[2025-04-29T01:47:47.085+0000] {processor.py:179} INFO - Processing /opt/airflow/dags/kafka_stream.py took 0.103 seconds
[2025-04-29T01:48:17.324+0000] {processor.py:157} INFO - Started process (PID=4148) to work on /opt/airflow/dags/kafka_stream.py
[2025-04-29T01:48:17.326+0000] {processor.py:829} INFO - Processing file /opt/airflow/dags/kafka_stream.py for tasks to queue
[2025-04-29T01:48:17.327+0000] {logging_mixin.py:151} INFO - [2025-04-29T01:48:17.327+0000] {dagbag.py:539} INFO - Filling up the DagBag from /opt/airflow/dags/kafka_stream.py
[2025-04-29T01:48:17.366+0000] {processor.py:839} INFO - DAG(s) dict_keys(['user_automation']) retrieved from /opt/airflow/dags/kafka_stream.py
[2025-04-29T01:48:17.387+0000] {logging_mixin.py:151} INFO - [2025-04-29T01:48:17.387+0000] {dag.py:2907} INFO - Sync 1 DAGs
[2025-04-29T01:48:17.403+0000] {logging_mixin.py:151} INFO - [2025-04-29T01:48:17.403+0000] {dag.py:3677} INFO - Setting next_dagrun for user_automation to 2025-04-29T00:00:00+00:00, run_after=2025-04-30T00:00:00+00:00
[2025-04-29T01:48:17.425+0000] {processor.py:179} INFO - Processing /opt/airflow/dags/kafka_stream.py took 0.105 seconds
[2025-04-29T01:48:47.700+0000] {processor.py:157} INFO - Started process (PID=4149) to work on /opt/airflow/dags/kafka_stream.py
[2025-04-29T01:48:47.702+0000] {processor.py:829} INFO - Processing file /opt/airflow/dags/kafka_stream.py for tasks to queue
[2025-04-29T01:48:47.703+0000] {logging_mixin.py:151} INFO - [2025-04-29T01:48:47.702+0000] {dagbag.py:539} INFO - Filling up the DagBag from /opt/airflow/dags/kafka_stream.py
[2025-04-29T01:48:47.735+0000] {processor.py:839} INFO - DAG(s) dict_keys(['user_automation']) retrieved from /opt/airflow/dags/kafka_stream.py
[2025-04-29T01:48:47.756+0000] {logging_mixin.py:151} INFO - [2025-04-29T01:48:47.756+0000] {dag.py:2907} INFO - Sync 1 DAGs
[2025-04-29T01:48:47.770+0000] {logging_mixin.py:151} INFO - [2025-04-29T01:48:47.769+0000] {dag.py:3677} INFO - Setting next_dagrun for user_automation to 2025-04-29T00:00:00+00:00, run_after=2025-04-30T00:00:00+00:00
[2025-04-29T01:48:47.792+0000] {processor.py:179} INFO - Processing /opt/airflow/dags/kafka_stream.py took 0.094 seconds
[2025-04-29T01:49:18.015+0000] {processor.py:157} INFO - Started process (PID=4150) to work on /opt/airflow/dags/kafka_stream.py
[2025-04-29T01:49:18.016+0000] {processor.py:829} INFO - Processing file /opt/airflow/dags/kafka_stream.py for tasks to queue
[2025-04-29T01:49:18.017+0000] {logging_mixin.py:151} INFO - [2025-04-29T01:49:18.017+0000] {dagbag.py:539} INFO - Filling up the DagBag from /opt/airflow/dags/kafka_stream.py
[2025-04-29T01:49:18.044+0000] {processor.py:839} INFO - DAG(s) dict_keys(['user_automation']) retrieved from /opt/airflow/dags/kafka_stream.py
[2025-04-29T01:49:18.065+0000] {logging_mixin.py:151} INFO - [2025-04-29T01:49:18.065+0000] {dag.py:2907} INFO - Sync 1 DAGs
[2025-04-29T01:49:18.080+0000] {logging_mixin.py:151} INFO - [2025-04-29T01:49:18.080+0000] {dag.py:3677} INFO - Setting next_dagrun for user_automation to 2025-04-29T00:00:00+00:00, run_after=2025-04-30T00:00:00+00:00
[2025-04-29T01:49:18.096+0000] {processor.py:179} INFO - Processing /opt/airflow/dags/kafka_stream.py took 0.086 seconds
[2025-04-29T01:49:48.328+0000] {processor.py:157} INFO - Started process (PID=4151) to work on /opt/airflow/dags/kafka_stream.py
[2025-04-29T01:49:48.329+0000] {processor.py:829} INFO - Processing file /opt/airflow/dags/kafka_stream.py for tasks to queue
[2025-04-29T01:49:48.330+0000] {logging_mixin.py:151} INFO - [2025-04-29T01:49:48.330+0000] {dagbag.py:539} INFO - Filling up the DagBag from /opt/airflow/dags/kafka_stream.py
[2025-04-29T01:49:48.359+0000] {processor.py:839} INFO - DAG(s) dict_keys(['user_automation']) retrieved from /opt/airflow/dags/kafka_stream.py
[2025-04-29T01:49:48.389+0000] {logging_mixin.py:151} INFO - [2025-04-29T01:49:48.388+0000] {dag.py:2907} INFO - Sync 1 DAGs
[2025-04-29T01:49:48.419+0000] {logging_mixin.py:151} INFO - [2025-04-29T01:49:48.419+0000] {dag.py:3677} INFO - Setting next_dagrun for user_automation to 2025-04-29T00:00:00+00:00, run_after=2025-04-30T00:00:00+00:00
[2025-04-29T01:49:48.454+0000] {processor.py:179} INFO - Processing /opt/airflow/dags/kafka_stream.py took 0.128 seconds
[2025-04-29T01:50:18.603+0000] {processor.py:157} INFO - Started process (PID=4152) to work on /opt/airflow/dags/kafka_stream.py
[2025-04-29T01:50:18.605+0000] {processor.py:829} INFO - Processing file /opt/airflow/dags/kafka_stream.py for tasks to queue
[2025-04-29T01:50:18.606+0000] {logging_mixin.py:151} INFO - [2025-04-29T01:50:18.606+0000] {dagbag.py:539} INFO - Filling up the DagBag from /opt/airflow/dags/kafka_stream.py
[2025-04-29T01:50:18.634+0000] {processor.py:839} INFO - DAG(s) dict_keys(['user_automation']) retrieved from /opt/airflow/dags/kafka_stream.py
[2025-04-29T01:50:18.657+0000] {logging_mixin.py:151} INFO - [2025-04-29T01:50:18.657+0000] {dag.py:2907} INFO - Sync 1 DAGs
[2025-04-29T01:50:18.674+0000] {logging_mixin.py:151} INFO - [2025-04-29T01:50:18.674+0000] {dag.py:3677} INFO - Setting next_dagrun for user_automation to 2025-04-29T00:00:00+00:00, run_after=2025-04-30T00:00:00+00:00
[2025-04-29T01:50:18.693+0000] {processor.py:179} INFO - Processing /opt/airflow/dags/kafka_stream.py took 0.093 seconds
[2025-04-29T01:50:48.986+0000] {processor.py:157} INFO - Started process (PID=4153) to work on /opt/airflow/dags/kafka_stream.py
[2025-04-29T01:50:48.988+0000] {processor.py:829} INFO - Processing file /opt/airflow/dags/kafka_stream.py for tasks to queue
[2025-04-29T01:50:48.989+0000] {logging_mixin.py:151} INFO - [2025-04-29T01:50:48.989+0000] {dagbag.py:539} INFO - Filling up the DagBag from /opt/airflow/dags/kafka_stream.py
[2025-04-29T01:50:49.016+0000] {processor.py:839} INFO - DAG(s) dict_keys(['user_automation']) retrieved from /opt/airflow/dags/kafka_stream.py
[2025-04-29T01:50:49.038+0000] {logging_mixin.py:151} INFO - [2025-04-29T01:50:49.038+0000] {dag.py:2907} INFO - Sync 1 DAGs
[2025-04-29T01:50:49.056+0000] {logging_mixin.py:151} INFO - [2025-04-29T01:50:49.056+0000] {dag.py:3677} INFO - Setting next_dagrun for user_automation to 2025-04-29T00:00:00+00:00, run_after=2025-04-30T00:00:00+00:00
[2025-04-29T01:50:49.073+0000] {processor.py:179} INFO - Processing /opt/airflow/dags/kafka_stream.py took 0.089 seconds
[2025-04-29T01:51:19.343+0000] {processor.py:157} INFO - Started process (PID=4154) to work on /opt/airflow/dags/kafka_stream.py
[2025-04-29T01:51:19.344+0000] {processor.py:829} INFO - Processing file /opt/airflow/dags/kafka_stream.py for tasks to queue
[2025-04-29T01:51:19.345+0000] {logging_mixin.py:151} INFO - [2025-04-29T01:51:19.345+0000] {dagbag.py:539} INFO - Filling up the DagBag from /opt/airflow/dags/kafka_stream.py
[2025-04-29T01:51:19.366+0000] {processor.py:839} INFO - DAG(s) dict_keys(['user_automation']) retrieved from /opt/airflow/dags/kafka_stream.py
[2025-04-29T01:51:19.388+0000] {logging_mixin.py:151} INFO - [2025-04-29T01:51:19.388+0000] {dag.py:2907} INFO - Sync 1 DAGs
[2025-04-29T01:51:19.404+0000] {logging_mixin.py:151} INFO - [2025-04-29T01:51:19.404+0000] {dag.py:3677} INFO - Setting next_dagrun for user_automation to 2025-04-29T00:00:00+00:00, run_after=2025-04-30T00:00:00+00:00
[2025-04-29T01:51:19.431+0000] {processor.py:179} INFO - Processing /opt/airflow/dags/kafka_stream.py took 0.092 seconds
[2025-04-29T01:51:49.626+0000] {processor.py:157} INFO - Started process (PID=4155) to work on /opt/airflow/dags/kafka_stream.py
[2025-04-29T01:51:49.627+0000] {processor.py:829} INFO - Processing file /opt/airflow/dags/kafka_stream.py for tasks to queue
[2025-04-29T01:51:49.628+0000] {logging_mixin.py:151} INFO - [2025-04-29T01:51:49.628+0000] {dagbag.py:539} INFO - Filling up the DagBag from /opt/airflow/dags/kafka_stream.py
[2025-04-29T01:51:49.659+0000] {processor.py:839} INFO - DAG(s) dict_keys(['user_automation']) retrieved from /opt/airflow/dags/kafka_stream.py
[2025-04-29T01:51:49.679+0000] {logging_mixin.py:151} INFO - [2025-04-29T01:51:49.679+0000] {dag.py:2907} INFO - Sync 1 DAGs
[2025-04-29T01:51:49.694+0000] {logging_mixin.py:151} INFO - [2025-04-29T01:51:49.693+0000] {dag.py:3677} INFO - Setting next_dagrun for user_automation to 2025-04-29T00:00:00+00:00, run_after=2025-04-30T00:00:00+00:00
[2025-04-29T01:51:49.721+0000] {processor.py:179} INFO - Processing /opt/airflow/dags/kafka_stream.py took 0.098 seconds
[2025-04-29T01:52:19.889+0000] {processor.py:157} INFO - Started process (PID=4156) to work on /opt/airflow/dags/kafka_stream.py
[2025-04-29T01:52:19.890+0000] {processor.py:829} INFO - Processing file /opt/airflow/dags/kafka_stream.py for tasks to queue
[2025-04-29T01:52:19.891+0000] {logging_mixin.py:151} INFO - [2025-04-29T01:52:19.891+0000] {dagbag.py:539} INFO - Filling up the DagBag from /opt/airflow/dags/kafka_stream.py
[2025-04-29T01:52:19.918+0000] {processor.py:839} INFO - DAG(s) dict_keys(['user_automation']) retrieved from /opt/airflow/dags/kafka_stream.py
[2025-04-29T01:52:19.948+0000] {logging_mixin.py:151} INFO - [2025-04-29T01:52:19.948+0000] {dag.py:2907} INFO - Sync 1 DAGs
[2025-04-29T01:52:19.968+0000] {logging_mixin.py:151} INFO - [2025-04-29T01:52:19.968+0000] {dag.py:3677} INFO - Setting next_dagrun for user_automation to 2025-04-29T00:00:00+00:00, run_after=2025-04-30T00:00:00+00:00
[2025-04-29T01:52:19.985+0000] {processor.py:179} INFO - Processing /opt/airflow/dags/kafka_stream.py took 0.099 seconds
[2025-04-29T01:52:50.259+0000] {processor.py:157} INFO - Started process (PID=4157) to work on /opt/airflow/dags/kafka_stream.py
[2025-04-29T01:52:50.260+0000] {processor.py:829} INFO - Processing file /opt/airflow/dags/kafka_stream.py for tasks to queue
[2025-04-29T01:52:50.261+0000] {logging_mixin.py:151} INFO - [2025-04-29T01:52:50.261+0000] {dagbag.py:539} INFO - Filling up the DagBag from /opt/airflow/dags/kafka_stream.py
[2025-04-29T01:52:50.289+0000] {processor.py:839} INFO - DAG(s) dict_keys(['user_automation']) retrieved from /opt/airflow/dags/kafka_stream.py
[2025-04-29T01:52:50.310+0000] {logging_mixin.py:151} INFO - [2025-04-29T01:52:50.310+0000] {dag.py:2907} INFO - Sync 1 DAGs
[2025-04-29T01:52:50.325+0000] {logging_mixin.py:151} INFO - [2025-04-29T01:52:50.325+0000] {dag.py:3677} INFO - Setting next_dagrun for user_automation to 2025-04-29T00:00:00+00:00, run_after=2025-04-30T00:00:00+00:00
[2025-04-29T01:52:50.355+0000] {processor.py:179} INFO - Processing /opt/airflow/dags/kafka_stream.py took 0.099 seconds
[2025-04-29T01:53:20.561+0000] {processor.py:157} INFO - Started process (PID=4158) to work on /opt/airflow/dags/kafka_stream.py
[2025-04-29T01:53:20.563+0000] {processor.py:829} INFO - Processing file /opt/airflow/dags/kafka_stream.py for tasks to queue
[2025-04-29T01:53:20.564+0000] {logging_mixin.py:151} INFO - [2025-04-29T01:53:20.564+0000] {dagbag.py:539} INFO - Filling up the DagBag from /opt/airflow/dags/kafka_stream.py
[2025-04-29T01:53:20.586+0000] {processor.py:839} INFO - DAG(s) dict_keys(['user_automation']) retrieved from /opt/airflow/dags/kafka_stream.py
[2025-04-29T01:53:20.608+0000] {logging_mixin.py:151} INFO - [2025-04-29T01:53:20.608+0000] {dag.py:2907} INFO - Sync 1 DAGs
[2025-04-29T01:53:20.625+0000] {logging_mixin.py:151} INFO - [2025-04-29T01:53:20.625+0000] {dag.py:3677} INFO - Setting next_dagrun for user_automation to 2025-04-29T00:00:00+00:00, run_after=2025-04-30T00:00:00+00:00
[2025-04-29T01:53:20.645+0000] {processor.py:179} INFO - Processing /opt/airflow/dags/kafka_stream.py took 0.087 seconds
[2025-04-29T01:53:50.891+0000] {processor.py:157} INFO - Started process (PID=4159) to work on /opt/airflow/dags/kafka_stream.py
[2025-04-29T01:53:50.892+0000] {processor.py:829} INFO - Processing file /opt/airflow/dags/kafka_stream.py for tasks to queue
[2025-04-29T01:53:50.893+0000] {logging_mixin.py:151} INFO - [2025-04-29T01:53:50.893+0000] {dagbag.py:539} INFO - Filling up the DagBag from /opt/airflow/dags/kafka_stream.py
[2025-04-29T01:53:50.922+0000] {processor.py:839} INFO - DAG(s) dict_keys(['user_automation']) retrieved from /opt/airflow/dags/kafka_stream.py
[2025-04-29T01:53:50.949+0000] {logging_mixin.py:151} INFO - [2025-04-29T01:53:50.949+0000] {dag.py:2907} INFO - Sync 1 DAGs
[2025-04-29T01:53:50.969+0000] {logging_mixin.py:151} INFO - [2025-04-29T01:53:50.969+0000] {dag.py:3677} INFO - Setting next_dagrun for user_automation to 2025-04-29T00:00:00+00:00, run_after=2025-04-30T00:00:00+00:00
[2025-04-29T01:53:50.994+0000] {processor.py:179} INFO - Processing /opt/airflow/dags/kafka_stream.py took 0.106 seconds
[2025-04-29T01:54:21.186+0000] {processor.py:157} INFO - Started process (PID=4160) to work on /opt/airflow/dags/kafka_stream.py
[2025-04-29T01:54:21.187+0000] {processor.py:829} INFO - Processing file /opt/airflow/dags/kafka_stream.py for tasks to queue
[2025-04-29T01:54:21.188+0000] {logging_mixin.py:151} INFO - [2025-04-29T01:54:21.188+0000] {dagbag.py:539} INFO - Filling up the DagBag from /opt/airflow/dags/kafka_stream.py
[2025-04-29T01:54:21.212+0000] {processor.py:839} INFO - DAG(s) dict_keys(['user_automation']) retrieved from /opt/airflow/dags/kafka_stream.py
[2025-04-29T01:54:21.235+0000] {logging_mixin.py:151} INFO - [2025-04-29T01:54:21.234+0000] {dag.py:2907} INFO - Sync 1 DAGs
[2025-04-29T01:54:21.253+0000] {logging_mixin.py:151} INFO - [2025-04-29T01:54:21.253+0000] {dag.py:3677} INFO - Setting next_dagrun for user_automation to 2025-04-29T00:00:00+00:00, run_after=2025-04-30T00:00:00+00:00
[2025-04-29T01:54:21.276+0000] {processor.py:179} INFO - Processing /opt/airflow/dags/kafka_stream.py took 0.094 seconds
[2025-04-29T01:54:51.523+0000] {processor.py:157} INFO - Started process (PID=4161) to work on /opt/airflow/dags/kafka_stream.py
[2025-04-29T01:54:51.524+0000] {processor.py:829} INFO - Processing file /opt/airflow/dags/kafka_stream.py for tasks to queue
[2025-04-29T01:54:51.525+0000] {logging_mixin.py:151} INFO - [2025-04-29T01:54:51.525+0000] {dagbag.py:539} INFO - Filling up the DagBag from /opt/airflow/dags/kafka_stream.py
[2025-04-29T01:54:51.549+0000] {processor.py:839} INFO - DAG(s) dict_keys(['user_automation']) retrieved from /opt/airflow/dags/kafka_stream.py
[2025-04-29T01:54:51.568+0000] {logging_mixin.py:151} INFO - [2025-04-29T01:54:51.568+0000] {dag.py:2907} INFO - Sync 1 DAGs
[2025-04-29T01:54:51.584+0000] {logging_mixin.py:151} INFO - [2025-04-29T01:54:51.584+0000] {dag.py:3677} INFO - Setting next_dagrun for user_automation to 2025-04-29T00:00:00+00:00, run_after=2025-04-30T00:00:00+00:00
[2025-04-29T01:54:51.606+0000] {processor.py:179} INFO - Processing /opt/airflow/dags/kafka_stream.py took 0.085 seconds
[2025-04-29T01:55:21.806+0000] {processor.py:157} INFO - Started process (PID=4162) to work on /opt/airflow/dags/kafka_stream.py
[2025-04-29T01:55:21.807+0000] {processor.py:829} INFO - Processing file /opt/airflow/dags/kafka_stream.py for tasks to queue
[2025-04-29T01:55:21.808+0000] {logging_mixin.py:151} INFO - [2025-04-29T01:55:21.808+0000] {dagbag.py:539} INFO - Filling up the DagBag from /opt/airflow/dags/kafka_stream.py
[2025-04-29T01:55:21.835+0000] {processor.py:839} INFO - DAG(s) dict_keys(['user_automation']) retrieved from /opt/airflow/dags/kafka_stream.py
[2025-04-29T01:55:21.856+0000] {logging_mixin.py:151} INFO - [2025-04-29T01:55:21.855+0000] {dag.py:2907} INFO - Sync 1 DAGs
[2025-04-29T01:55:21.872+0000] {logging_mixin.py:151} INFO - [2025-04-29T01:55:21.872+0000] {dag.py:3677} INFO - Setting next_dagrun for user_automation to 2025-04-29T00:00:00+00:00, run_after=2025-04-30T00:00:00+00:00
[2025-04-29T01:55:21.898+0000] {processor.py:179} INFO - Processing /opt/airflow/dags/kafka_stream.py took 0.095 seconds
[2025-04-29T01:55:52.179+0000] {processor.py:157} INFO - Started process (PID=4163) to work on /opt/airflow/dags/kafka_stream.py
[2025-04-29T01:55:52.180+0000] {processor.py:829} INFO - Processing file /opt/airflow/dags/kafka_stream.py for tasks to queue
[2025-04-29T01:55:52.181+0000] {logging_mixin.py:151} INFO - [2025-04-29T01:55:52.180+0000] {dagbag.py:539} INFO - Filling up the DagBag from /opt/airflow/dags/kafka_stream.py
[2025-04-29T01:55:52.199+0000] {processor.py:839} INFO - DAG(s) dict_keys(['user_automation']) retrieved from /opt/airflow/dags/kafka_stream.py
[2025-04-29T01:55:52.222+0000] {logging_mixin.py:151} INFO - [2025-04-29T01:55:52.222+0000] {dag.py:2907} INFO - Sync 1 DAGs
[2025-04-29T01:55:52.240+0000] {logging_mixin.py:151} INFO - [2025-04-29T01:55:52.239+0000] {dag.py:3677} INFO - Setting next_dagrun for user_automation to 2025-04-29T00:00:00+00:00, run_after=2025-04-30T00:00:00+00:00
[2025-04-29T01:55:52.259+0000] {processor.py:179} INFO - Processing /opt/airflow/dags/kafka_stream.py took 0.084 seconds
[2025-04-29T01:56:22.467+0000] {processor.py:157} INFO - Started process (PID=4164) to work on /opt/airflow/dags/kafka_stream.py
[2025-04-29T01:56:22.469+0000] {processor.py:829} INFO - Processing file /opt/airflow/dags/kafka_stream.py for tasks to queue
[2025-04-29T01:56:22.470+0000] {logging_mixin.py:151} INFO - [2025-04-29T01:56:22.470+0000] {dagbag.py:539} INFO - Filling up the DagBag from /opt/airflow/dags/kafka_stream.py
[2025-04-29T01:56:22.500+0000] {processor.py:839} INFO - DAG(s) dict_keys(['user_automation']) retrieved from /opt/airflow/dags/kafka_stream.py
[2025-04-29T01:56:22.522+0000] {logging_mixin.py:151} INFO - [2025-04-29T01:56:22.522+0000] {dag.py:2907} INFO - Sync 1 DAGs
[2025-04-29T01:56:22.538+0000] {logging_mixin.py:151} INFO - [2025-04-29T01:56:22.537+0000] {dag.py:3677} INFO - Setting next_dagrun for user_automation to 2025-04-29T00:00:00+00:00, run_after=2025-04-30T00:00:00+00:00
[2025-04-29T01:56:22.566+0000] {processor.py:179} INFO - Processing /opt/airflow/dags/kafka_stream.py took 0.101 seconds
[2025-04-29T01:56:52.825+0000] {processor.py:157} INFO - Started process (PID=4165) to work on /opt/airflow/dags/kafka_stream.py
[2025-04-29T01:56:52.826+0000] {processor.py:829} INFO - Processing file /opt/airflow/dags/kafka_stream.py for tasks to queue
[2025-04-29T01:56:52.827+0000] {logging_mixin.py:151} INFO - [2025-04-29T01:56:52.827+0000] {dagbag.py:539} INFO - Filling up the DagBag from /opt/airflow/dags/kafka_stream.py
[2025-04-29T01:56:52.847+0000] {processor.py:839} INFO - DAG(s) dict_keys(['user_automation']) retrieved from /opt/airflow/dags/kafka_stream.py
[2025-04-29T01:56:52.866+0000] {logging_mixin.py:151} INFO - [2025-04-29T01:56:52.866+0000] {dag.py:2907} INFO - Sync 1 DAGs
[2025-04-29T01:56:52.884+0000] {logging_mixin.py:151} INFO - [2025-04-29T01:56:52.883+0000] {dag.py:3677} INFO - Setting next_dagrun for user_automation to 2025-04-29T00:00:00+00:00, run_after=2025-04-30T00:00:00+00:00
[2025-04-29T01:56:52.911+0000] {processor.py:179} INFO - Processing /opt/airflow/dags/kafka_stream.py took 0.089 seconds
[2025-04-29T01:57:23.125+0000] {processor.py:157} INFO - Started process (PID=4166) to work on /opt/airflow/dags/kafka_stream.py
[2025-04-29T01:57:23.126+0000] {processor.py:829} INFO - Processing file /opt/airflow/dags/kafka_stream.py for tasks to queue
[2025-04-29T01:57:23.128+0000] {logging_mixin.py:151} INFO - [2025-04-29T01:57:23.128+0000] {dagbag.py:539} INFO - Filling up the DagBag from /opt/airflow/dags/kafka_stream.py
[2025-04-29T01:57:23.161+0000] {processor.py:839} INFO - DAG(s) dict_keys(['user_automation']) retrieved from /opt/airflow/dags/kafka_stream.py
[2025-04-29T01:57:23.183+0000] {logging_mixin.py:151} INFO - [2025-04-29T01:57:23.183+0000] {dag.py:2907} INFO - Sync 1 DAGs
[2025-04-29T01:57:23.198+0000] {logging_mixin.py:151} INFO - [2025-04-29T01:57:23.198+0000] {dag.py:3677} INFO - Setting next_dagrun for user_automation to 2025-04-29T00:00:00+00:00, run_after=2025-04-30T00:00:00+00:00
[2025-04-29T01:57:23.221+0000] {processor.py:179} INFO - Processing /opt/airflow/dags/kafka_stream.py took 0.101 seconds
[2025-04-29T01:57:53.460+0000] {processor.py:157} INFO - Started process (PID=4167) to work on /opt/airflow/dags/kafka_stream.py
[2025-04-29T01:57:53.461+0000] {processor.py:829} INFO - Processing file /opt/airflow/dags/kafka_stream.py for tasks to queue
[2025-04-29T01:57:53.463+0000] {logging_mixin.py:151} INFO - [2025-04-29T01:57:53.462+0000] {dagbag.py:539} INFO - Filling up the DagBag from /opt/airflow/dags/kafka_stream.py
[2025-04-29T01:57:53.493+0000] {processor.py:839} INFO - DAG(s) dict_keys(['user_automation']) retrieved from /opt/airflow/dags/kafka_stream.py
[2025-04-29T01:57:53.516+0000] {logging_mixin.py:151} INFO - [2025-04-29T01:57:53.516+0000] {dag.py:2907} INFO - Sync 1 DAGs
[2025-04-29T01:57:53.535+0000] {logging_mixin.py:151} INFO - [2025-04-29T01:57:53.535+0000] {dag.py:3677} INFO - Setting next_dagrun for user_automation to 2025-04-29T00:00:00+00:00, run_after=2025-04-30T00:00:00+00:00
[2025-04-29T01:57:53.566+0000] {processor.py:179} INFO - Processing /opt/airflow/dags/kafka_stream.py took 0.109 seconds
[2025-04-29T01:58:23.791+0000] {processor.py:157} INFO - Started process (PID=4168) to work on /opt/airflow/dags/kafka_stream.py
[2025-04-29T01:58:23.792+0000] {processor.py:829} INFO - Processing file /opt/airflow/dags/kafka_stream.py for tasks to queue
[2025-04-29T01:58:23.794+0000] {logging_mixin.py:151} INFO - [2025-04-29T01:58:23.793+0000] {dagbag.py:539} INFO - Filling up the DagBag from /opt/airflow/dags/kafka_stream.py
[2025-04-29T01:58:23.818+0000] {processor.py:839} INFO - DAG(s) dict_keys(['user_automation']) retrieved from /opt/airflow/dags/kafka_stream.py
[2025-04-29T01:58:23.839+0000] {logging_mixin.py:151} INFO - [2025-04-29T01:58:23.839+0000] {dag.py:2907} INFO - Sync 1 DAGs
[2025-04-29T01:58:23.855+0000] {logging_mixin.py:151} INFO - [2025-04-29T01:58:23.855+0000] {dag.py:3677} INFO - Setting next_dagrun for user_automation to 2025-04-29T00:00:00+00:00, run_after=2025-04-30T00:00:00+00:00
[2025-04-29T01:58:23.882+0000] {processor.py:179} INFO - Processing /opt/airflow/dags/kafka_stream.py took 0.094 seconds
[2025-04-29T01:58:54.108+0000] {processor.py:157} INFO - Started process (PID=4169) to work on /opt/airflow/dags/kafka_stream.py
[2025-04-29T01:58:54.109+0000] {processor.py:829} INFO - Processing file /opt/airflow/dags/kafka_stream.py for tasks to queue
[2025-04-29T01:58:54.111+0000] {logging_mixin.py:151} INFO - [2025-04-29T01:58:54.110+0000] {dagbag.py:539} INFO - Filling up the DagBag from /opt/airflow/dags/kafka_stream.py
[2025-04-29T01:58:54.138+0000] {processor.py:839} INFO - DAG(s) dict_keys(['user_automation']) retrieved from /opt/airflow/dags/kafka_stream.py
[2025-04-29T01:58:54.156+0000] {logging_mixin.py:151} INFO - [2025-04-29T01:58:54.156+0000] {dag.py:2907} INFO - Sync 1 DAGs
[2025-04-29T01:58:54.171+0000] {logging_mixin.py:151} INFO - [2025-04-29T01:58:54.170+0000] {dag.py:3677} INFO - Setting next_dagrun for user_automation to 2025-04-29T00:00:00+00:00, run_after=2025-04-30T00:00:00+00:00
[2025-04-29T01:58:54.193+0000] {processor.py:179} INFO - Processing /opt/airflow/dags/kafka_stream.py took 0.088 seconds
[2025-04-29T01:59:24.431+0000] {processor.py:157} INFO - Started process (PID=4170) to work on /opt/airflow/dags/kafka_stream.py
[2025-04-29T01:59:24.432+0000] {processor.py:829} INFO - Processing file /opt/airflow/dags/kafka_stream.py for tasks to queue
[2025-04-29T01:59:24.433+0000] {logging_mixin.py:151} INFO - [2025-04-29T01:59:24.433+0000] {dagbag.py:539} INFO - Filling up the DagBag from /opt/airflow/dags/kafka_stream.py
[2025-04-29T01:59:24.461+0000] {processor.py:839} INFO - DAG(s) dict_keys(['user_automation']) retrieved from /opt/airflow/dags/kafka_stream.py
[2025-04-29T01:59:24.482+0000] {logging_mixin.py:151} INFO - [2025-04-29T01:59:24.482+0000] {dag.py:2907} INFO - Sync 1 DAGs
[2025-04-29T01:59:24.498+0000] {logging_mixin.py:151} INFO - [2025-04-29T01:59:24.498+0000] {dag.py:3677} INFO - Setting next_dagrun for user_automation to 2025-04-29T00:00:00+00:00, run_after=2025-04-30T00:00:00+00:00
[2025-04-29T01:59:24.528+0000] {processor.py:179} INFO - Processing /opt/airflow/dags/kafka_stream.py took 0.101 seconds
[2025-04-29T01:59:54.784+0000] {processor.py:157} INFO - Started process (PID=4171) to work on /opt/airflow/dags/kafka_stream.py
[2025-04-29T01:59:54.786+0000] {processor.py:829} INFO - Processing file /opt/airflow/dags/kafka_stream.py for tasks to queue
[2025-04-29T01:59:54.787+0000] {logging_mixin.py:151} INFO - [2025-04-29T01:59:54.787+0000] {dagbag.py:539} INFO - Filling up the DagBag from /opt/airflow/dags/kafka_stream.py
[2025-04-29T01:59:54.817+0000] {processor.py:839} INFO - DAG(s) dict_keys(['user_automation']) retrieved from /opt/airflow/dags/kafka_stream.py
[2025-04-29T01:59:54.838+0000] {logging_mixin.py:151} INFO - [2025-04-29T01:59:54.838+0000] {dag.py:2907} INFO - Sync 1 DAGs
[2025-04-29T01:59:54.854+0000] {logging_mixin.py:151} INFO - [2025-04-29T01:59:54.854+0000] {dag.py:3677} INFO - Setting next_dagrun for user_automation to 2025-04-29T00:00:00+00:00, run_after=2025-04-30T00:00:00+00:00
[2025-04-29T01:59:54.886+0000] {processor.py:179} INFO - Processing /opt/airflow/dags/kafka_stream.py took 0.105 seconds
[2025-04-29T02:00:25.104+0000] {processor.py:157} INFO - Started process (PID=4172) to work on /opt/airflow/dags/kafka_stream.py
[2025-04-29T02:00:25.105+0000] {processor.py:829} INFO - Processing file /opt/airflow/dags/kafka_stream.py for tasks to queue
[2025-04-29T02:00:25.106+0000] {logging_mixin.py:151} INFO - [2025-04-29T02:00:25.106+0000] {dagbag.py:539} INFO - Filling up the DagBag from /opt/airflow/dags/kafka_stream.py
[2025-04-29T02:00:25.137+0000] {processor.py:839} INFO - DAG(s) dict_keys(['user_automation']) retrieved from /opt/airflow/dags/kafka_stream.py
[2025-04-29T02:00:25.161+0000] {logging_mixin.py:151} INFO - [2025-04-29T02:00:25.161+0000] {dag.py:2907} INFO - Sync 1 DAGs
[2025-04-29T02:00:25.177+0000] {logging_mixin.py:151} INFO - [2025-04-29T02:00:25.177+0000] {dag.py:3677} INFO - Setting next_dagrun for user_automation to 2025-04-29T00:00:00+00:00, run_after=2025-04-30T00:00:00+00:00
[2025-04-29T02:00:25.207+0000] {processor.py:179} INFO - Processing /opt/airflow/dags/kafka_stream.py took 0.106 seconds
[2025-04-29T02:00:55.528+0000] {processor.py:157} INFO - Started process (PID=4173) to work on /opt/airflow/dags/kafka_stream.py
[2025-04-29T02:00:55.529+0000] {processor.py:829} INFO - Processing file /opt/airflow/dags/kafka_stream.py for tasks to queue
[2025-04-29T02:00:55.531+0000] {logging_mixin.py:151} INFO - [2025-04-29T02:00:55.530+0000] {dagbag.py:539} INFO - Filling up the DagBag from /opt/airflow/dags/kafka_stream.py
[2025-04-29T02:00:55.558+0000] {processor.py:839} INFO - DAG(s) dict_keys(['user_automation']) retrieved from /opt/airflow/dags/kafka_stream.py
[2025-04-29T02:00:55.580+0000] {logging_mixin.py:151} INFO - [2025-04-29T02:00:55.580+0000] {dag.py:2907} INFO - Sync 1 DAGs
[2025-04-29T02:00:55.598+0000] {logging_mixin.py:151} INFO - [2025-04-29T02:00:55.598+0000] {dag.py:3677} INFO - Setting next_dagrun for user_automation to 2025-04-29T00:00:00+00:00, run_after=2025-04-30T00:00:00+00:00
[2025-04-29T02:00:55.629+0000] {processor.py:179} INFO - Processing /opt/airflow/dags/kafka_stream.py took 0.104 seconds
[2025-04-29T02:01:25.829+0000] {processor.py:157} INFO - Started process (PID=4174) to work on /opt/airflow/dags/kafka_stream.py
[2025-04-29T02:01:25.830+0000] {processor.py:829} INFO - Processing file /opt/airflow/dags/kafka_stream.py for tasks to queue
[2025-04-29T02:01:25.831+0000] {logging_mixin.py:151} INFO - [2025-04-29T02:01:25.831+0000] {dagbag.py:539} INFO - Filling up the DagBag from /opt/airflow/dags/kafka_stream.py
[2025-04-29T02:01:25.861+0000] {processor.py:839} INFO - DAG(s) dict_keys(['user_automation']) retrieved from /opt/airflow/dags/kafka_stream.py
[2025-04-29T02:01:25.887+0000] {logging_mixin.py:151} INFO - [2025-04-29T02:01:25.886+0000] {dag.py:2907} INFO - Sync 1 DAGs
[2025-04-29T02:01:25.906+0000] {logging_mixin.py:151} INFO - [2025-04-29T02:01:25.906+0000] {dag.py:3677} INFO - Setting next_dagrun for user_automation to 2025-04-29T00:00:00+00:00, run_after=2025-04-30T00:00:00+00:00
[2025-04-29T02:01:25.933+0000] {processor.py:179} INFO - Processing /opt/airflow/dags/kafka_stream.py took 0.107 seconds
[2025-04-29T02:01:56.140+0000] {processor.py:157} INFO - Started process (PID=4175) to work on /opt/airflow/dags/kafka_stream.py
[2025-04-29T02:01:56.141+0000] {processor.py:829} INFO - Processing file /opt/airflow/dags/kafka_stream.py for tasks to queue
[2025-04-29T02:01:56.142+0000] {logging_mixin.py:151} INFO - [2025-04-29T02:01:56.142+0000] {dagbag.py:539} INFO - Filling up the DagBag from /opt/airflow/dags/kafka_stream.py
[2025-04-29T02:01:56.176+0000] {processor.py:839} INFO - DAG(s) dict_keys(['user_automation']) retrieved from /opt/airflow/dags/kafka_stream.py
[2025-04-29T02:01:56.197+0000] {logging_mixin.py:151} INFO - [2025-04-29T02:01:56.197+0000] {dag.py:2907} INFO - Sync 1 DAGs
[2025-04-29T02:01:56.214+0000] {logging_mixin.py:151} INFO - [2025-04-29T02:01:56.213+0000] {dag.py:3677} INFO - Setting next_dagrun for user_automation to 2025-04-29T00:00:00+00:00, run_after=2025-04-30T00:00:00+00:00
[2025-04-29T02:01:56.234+0000] {processor.py:179} INFO - Processing /opt/airflow/dags/kafka_stream.py took 0.097 seconds
[2025-04-29T02:02:26.400+0000] {processor.py:157} INFO - Started process (PID=4176) to work on /opt/airflow/dags/kafka_stream.py
[2025-04-29T02:02:26.402+0000] {processor.py:829} INFO - Processing file /opt/airflow/dags/kafka_stream.py for tasks to queue
[2025-04-29T02:02:26.403+0000] {logging_mixin.py:151} INFO - [2025-04-29T02:02:26.403+0000] {dagbag.py:539} INFO - Filling up the DagBag from /opt/airflow/dags/kafka_stream.py
[2025-04-29T02:02:26.430+0000] {processor.py:839} INFO - DAG(s) dict_keys(['user_automation']) retrieved from /opt/airflow/dags/kafka_stream.py
[2025-04-29T02:02:26.455+0000] {logging_mixin.py:151} INFO - [2025-04-29T02:02:26.455+0000] {dag.py:2907} INFO - Sync 1 DAGs
[2025-04-29T02:02:26.472+0000] {logging_mixin.py:151} INFO - [2025-04-29T02:02:26.471+0000] {dag.py:3677} INFO - Setting next_dagrun for user_automation to 2025-04-29T00:00:00+00:00, run_after=2025-04-30T00:00:00+00:00
[2025-04-29T02:02:26.500+0000] {processor.py:179} INFO - Processing /opt/airflow/dags/kafka_stream.py took 0.103 seconds
[2025-04-29T02:02:56.708+0000] {processor.py:157} INFO - Started process (PID=4177) to work on /opt/airflow/dags/kafka_stream.py
[2025-04-29T02:02:56.710+0000] {processor.py:829} INFO - Processing file /opt/airflow/dags/kafka_stream.py for tasks to queue
[2025-04-29T02:02:56.711+0000] {logging_mixin.py:151} INFO - [2025-04-29T02:02:56.711+0000] {dagbag.py:539} INFO - Filling up the DagBag from /opt/airflow/dags/kafka_stream.py
[2025-04-29T02:02:56.739+0000] {processor.py:839} INFO - DAG(s) dict_keys(['user_automation']) retrieved from /opt/airflow/dags/kafka_stream.py
[2025-04-29T02:02:56.761+0000] {logging_mixin.py:151} INFO - [2025-04-29T02:02:56.761+0000] {dag.py:2907} INFO - Sync 1 DAGs
[2025-04-29T02:02:56.781+0000] {logging_mixin.py:151} INFO - [2025-04-29T02:02:56.781+0000] {dag.py:3677} INFO - Setting next_dagrun for user_automation to 2025-04-29T00:00:00+00:00, run_after=2025-04-30T00:00:00+00:00
[2025-04-29T02:02:56.811+0000] {processor.py:179} INFO - Processing /opt/airflow/dags/kafka_stream.py took 0.106 seconds
[2025-04-29T02:03:27.013+0000] {processor.py:157} INFO - Started process (PID=4178) to work on /opt/airflow/dags/kafka_stream.py
[2025-04-29T02:03:27.014+0000] {processor.py:829} INFO - Processing file /opt/airflow/dags/kafka_stream.py for tasks to queue
[2025-04-29T02:03:27.016+0000] {logging_mixin.py:151} INFO - [2025-04-29T02:03:27.015+0000] {dagbag.py:539} INFO - Filling up the DagBag from /opt/airflow/dags/kafka_stream.py
[2025-04-29T02:03:27.048+0000] {processor.py:839} INFO - DAG(s) dict_keys(['user_automation']) retrieved from /opt/airflow/dags/kafka_stream.py
[2025-04-29T02:03:27.070+0000] {logging_mixin.py:151} INFO - [2025-04-29T02:03:27.069+0000] {dag.py:2907} INFO - Sync 1 DAGs
[2025-04-29T02:03:27.085+0000] {logging_mixin.py:151} INFO - [2025-04-29T02:03:27.084+0000] {dag.py:3677} INFO - Setting next_dagrun for user_automation to 2025-04-29T00:00:00+00:00, run_after=2025-04-30T00:00:00+00:00
[2025-04-29T02:03:27.113+0000] {processor.py:179} INFO - Processing /opt/airflow/dags/kafka_stream.py took 0.104 seconds
[2025-04-29T02:03:57.349+0000] {processor.py:157} INFO - Started process (PID=4179) to work on /opt/airflow/dags/kafka_stream.py
[2025-04-29T02:03:57.351+0000] {processor.py:829} INFO - Processing file /opt/airflow/dags/kafka_stream.py for tasks to queue
[2025-04-29T02:03:57.352+0000] {logging_mixin.py:151} INFO - [2025-04-29T02:03:57.352+0000] {dagbag.py:539} INFO - Filling up the DagBag from /opt/airflow/dags/kafka_stream.py
[2025-04-29T02:03:57.378+0000] {processor.py:839} INFO - DAG(s) dict_keys(['user_automation']) retrieved from /opt/airflow/dags/kafka_stream.py
[2025-04-29T02:03:57.399+0000] {logging_mixin.py:151} INFO - [2025-04-29T02:03:57.399+0000] {dag.py:2907} INFO - Sync 1 DAGs
[2025-04-29T02:03:57.413+0000] {logging_mixin.py:151} INFO - [2025-04-29T02:03:57.413+0000] {dag.py:3677} INFO - Setting next_dagrun for user_automation to 2025-04-29T00:00:00+00:00, run_after=2025-04-30T00:00:00+00:00
[2025-04-29T02:03:57.440+0000] {processor.py:179} INFO - Processing /opt/airflow/dags/kafka_stream.py took 0.093 seconds
[2025-04-29T02:04:27.643+0000] {processor.py:157} INFO - Started process (PID=4180) to work on /opt/airflow/dags/kafka_stream.py
[2025-04-29T02:04:27.644+0000] {processor.py:829} INFO - Processing file /opt/airflow/dags/kafka_stream.py for tasks to queue
[2025-04-29T02:04:27.646+0000] {logging_mixin.py:151} INFO - [2025-04-29T02:04:27.645+0000] {dagbag.py:539} INFO - Filling up the DagBag from /opt/airflow/dags/kafka_stream.py
[2025-04-29T02:04:27.679+0000] {processor.py:839} INFO - DAG(s) dict_keys(['user_automation']) retrieved from /opt/airflow/dags/kafka_stream.py
[2025-04-29T02:04:27.698+0000] {logging_mixin.py:151} INFO - [2025-04-29T02:04:27.698+0000] {dag.py:2907} INFO - Sync 1 DAGs
[2025-04-29T02:04:27.714+0000] {logging_mixin.py:151} INFO - [2025-04-29T02:04:27.713+0000] {dag.py:3677} INFO - Setting next_dagrun for user_automation to 2025-04-29T00:00:00+00:00, run_after=2025-04-30T00:00:00+00:00
[2025-04-29T02:04:27.731+0000] {processor.py:179} INFO - Processing /opt/airflow/dags/kafka_stream.py took 0.091 seconds
[2025-04-29T02:04:58.049+0000] {processor.py:157} INFO - Started process (PID=4181) to work on /opt/airflow/dags/kafka_stream.py
[2025-04-29T02:04:58.050+0000] {processor.py:829} INFO - Processing file /opt/airflow/dags/kafka_stream.py for tasks to queue
[2025-04-29T02:04:58.051+0000] {logging_mixin.py:151} INFO - [2025-04-29T02:04:58.051+0000] {dagbag.py:539} INFO - Filling up the DagBag from /opt/airflow/dags/kafka_stream.py
[2025-04-29T02:04:58.090+0000] {processor.py:839} INFO - DAG(s) dict_keys(['user_automation']) retrieved from /opt/airflow/dags/kafka_stream.py
[2025-04-29T02:04:58.111+0000] {logging_mixin.py:151} INFO - [2025-04-29T02:04:58.111+0000] {dag.py:2907} INFO - Sync 1 DAGs
[2025-04-29T02:04:58.127+0000] {logging_mixin.py:151} INFO - [2025-04-29T02:04:58.126+0000] {dag.py:3677} INFO - Setting next_dagrun for user_automation to 2025-04-29T00:00:00+00:00, run_after=2025-04-30T00:00:00+00:00
[2025-04-29T02:04:58.148+0000] {processor.py:179} INFO - Processing /opt/airflow/dags/kafka_stream.py took 0.102 seconds
[2025-04-29T02:05:28.352+0000] {processor.py:157} INFO - Started process (PID=4182) to work on /opt/airflow/dags/kafka_stream.py
[2025-04-29T02:05:28.354+0000] {processor.py:829} INFO - Processing file /opt/airflow/dags/kafka_stream.py for tasks to queue
[2025-04-29T02:05:28.355+0000] {logging_mixin.py:151} INFO - [2025-04-29T02:05:28.355+0000] {dagbag.py:539} INFO - Filling up the DagBag from /opt/airflow/dags/kafka_stream.py
[2025-04-29T02:05:28.385+0000] {processor.py:839} INFO - DAG(s) dict_keys(['user_automation']) retrieved from /opt/airflow/dags/kafka_stream.py
[2025-04-29T02:05:28.405+0000] {logging_mixin.py:151} INFO - [2025-04-29T02:05:28.405+0000] {dag.py:2907} INFO - Sync 1 DAGs
[2025-04-29T02:05:28.420+0000] {logging_mixin.py:151} INFO - [2025-04-29T02:05:28.420+0000] {dag.py:3677} INFO - Setting next_dagrun for user_automation to 2025-04-29T00:00:00+00:00, run_after=2025-04-30T00:00:00+00:00
[2025-04-29T02:05:28.450+0000] {processor.py:179} INFO - Processing /opt/airflow/dags/kafka_stream.py took 0.100 seconds
[2025-04-29T02:05:58.821+0000] {processor.py:157} INFO - Started process (PID=4183) to work on /opt/airflow/dags/kafka_stream.py
[2025-04-29T02:05:58.822+0000] {processor.py:829} INFO - Processing file /opt/airflow/dags/kafka_stream.py for tasks to queue
[2025-04-29T02:05:58.824+0000] {logging_mixin.py:151} INFO - [2025-04-29T02:05:58.824+0000] {dagbag.py:539} INFO - Filling up the DagBag from /opt/airflow/dags/kafka_stream.py
[2025-04-29T02:05:58.850+0000] {processor.py:839} INFO - DAG(s) dict_keys(['user_automation']) retrieved from /opt/airflow/dags/kafka_stream.py
[2025-04-29T02:05:58.870+0000] {logging_mixin.py:151} INFO - [2025-04-29T02:05:58.870+0000] {dag.py:2907} INFO - Sync 1 DAGs
[2025-04-29T02:05:58.884+0000] {logging_mixin.py:151} INFO - [2025-04-29T02:05:58.884+0000] {dag.py:3677} INFO - Setting next_dagrun for user_automation to 2025-04-29T00:00:00+00:00, run_after=2025-04-30T00:00:00+00:00
[2025-04-29T02:05:58.910+0000] {processor.py:179} INFO - Processing /opt/airflow/dags/kafka_stream.py took 0.091 seconds
[2025-04-29T02:06:29.146+0000] {processor.py:157} INFO - Started process (PID=4184) to work on /opt/airflow/dags/kafka_stream.py
[2025-04-29T02:06:29.147+0000] {processor.py:829} INFO - Processing file /opt/airflow/dags/kafka_stream.py for tasks to queue
[2025-04-29T02:06:29.148+0000] {logging_mixin.py:151} INFO - [2025-04-29T02:06:29.148+0000] {dagbag.py:539} INFO - Filling up the DagBag from /opt/airflow/dags/kafka_stream.py
[2025-04-29T02:06:29.180+0000] {processor.py:839} INFO - DAG(s) dict_keys(['user_automation']) retrieved from /opt/airflow/dags/kafka_stream.py
[2025-04-29T02:06:29.201+0000] {logging_mixin.py:151} INFO - [2025-04-29T02:06:29.201+0000] {dag.py:2907} INFO - Sync 1 DAGs
[2025-04-29T02:06:29.219+0000] {logging_mixin.py:151} INFO - [2025-04-29T02:06:29.219+0000] {dag.py:3677} INFO - Setting next_dagrun for user_automation to 2025-04-29T00:00:00+00:00, run_after=2025-04-30T00:00:00+00:00
[2025-04-29T02:06:29.237+0000] {processor.py:179} INFO - Processing /opt/airflow/dags/kafka_stream.py took 0.095 seconds
[2025-04-29T02:06:59.553+0000] {processor.py:157} INFO - Started process (PID=4185) to work on /opt/airflow/dags/kafka_stream.py
[2025-04-29T02:06:59.554+0000] {processor.py:829} INFO - Processing file /opt/airflow/dags/kafka_stream.py for tasks to queue
[2025-04-29T02:06:59.556+0000] {logging_mixin.py:151} INFO - [2025-04-29T02:06:59.556+0000] {dagbag.py:539} INFO - Filling up the DagBag from /opt/airflow/dags/kafka_stream.py
[2025-04-29T02:06:59.592+0000] {processor.py:839} INFO - DAG(s) dict_keys(['user_automation']) retrieved from /opt/airflow/dags/kafka_stream.py
[2025-04-29T02:06:59.613+0000] {logging_mixin.py:151} INFO - [2025-04-29T02:06:59.612+0000] {dag.py:2907} INFO - Sync 1 DAGs
[2025-04-29T02:06:59.628+0000] {logging_mixin.py:151} INFO - [2025-04-29T02:06:59.628+0000] {dag.py:3677} INFO - Setting next_dagrun for user_automation to 2025-04-29T00:00:00+00:00, run_after=2025-04-30T00:00:00+00:00
[2025-04-29T02:06:59.647+0000] {processor.py:179} INFO - Processing /opt/airflow/dags/kafka_stream.py took 0.096 seconds
[2025-04-29T02:07:29.840+0000] {processor.py:157} INFO - Started process (PID=4186) to work on /opt/airflow/dags/kafka_stream.py
[2025-04-29T02:07:29.842+0000] {processor.py:829} INFO - Processing file /opt/airflow/dags/kafka_stream.py for tasks to queue
[2025-04-29T02:07:29.843+0000] {logging_mixin.py:151} INFO - [2025-04-29T02:07:29.843+0000] {dagbag.py:539} INFO - Filling up the DagBag from /opt/airflow/dags/kafka_stream.py
[2025-04-29T02:07:29.877+0000] {processor.py:839} INFO - DAG(s) dict_keys(['user_automation']) retrieved from /opt/airflow/dags/kafka_stream.py
[2025-04-29T02:07:29.901+0000] {logging_mixin.py:151} INFO - [2025-04-29T02:07:29.901+0000] {dag.py:2907} INFO - Sync 1 DAGs
[2025-04-29T02:07:29.917+0000] {logging_mixin.py:151} INFO - [2025-04-29T02:07:29.917+0000] {dag.py:3677} INFO - Setting next_dagrun for user_automation to 2025-04-29T00:00:00+00:00, run_after=2025-04-30T00:00:00+00:00
[2025-04-29T02:07:29.947+0000] {processor.py:179} INFO - Processing /opt/airflow/dags/kafka_stream.py took 0.112 seconds
[2025-04-29T02:08:00.216+0000] {processor.py:157} INFO - Started process (PID=4187) to work on /opt/airflow/dags/kafka_stream.py
[2025-04-29T02:08:00.217+0000] {processor.py:829} INFO - Processing file /opt/airflow/dags/kafka_stream.py for tasks to queue
[2025-04-29T02:08:00.219+0000] {logging_mixin.py:151} INFO - [2025-04-29T02:08:00.218+0000] {dagbag.py:539} INFO - Filling up the DagBag from /opt/airflow/dags/kafka_stream.py
[2025-04-29T02:08:00.239+0000] {processor.py:839} INFO - DAG(s) dict_keys(['user_automation']) retrieved from /opt/airflow/dags/kafka_stream.py
[2025-04-29T02:08:00.261+0000] {logging_mixin.py:151} INFO - [2025-04-29T02:08:00.261+0000] {dag.py:2907} INFO - Sync 1 DAGs
[2025-04-29T02:08:00.278+0000] {logging_mixin.py:151} INFO - [2025-04-29T02:08:00.278+0000] {dag.py:3677} INFO - Setting next_dagrun for user_automation to 2025-04-29T00:00:00+00:00, run_after=2025-04-30T00:00:00+00:00
[2025-04-29T02:08:00.302+0000] {processor.py:179} INFO - Processing /opt/airflow/dags/kafka_stream.py took 0.090 seconds
[2025-04-29T02:08:30.550+0000] {processor.py:157} INFO - Started process (PID=4188) to work on /opt/airflow/dags/kafka_stream.py
[2025-04-29T02:08:30.552+0000] {processor.py:829} INFO - Processing file /opt/airflow/dags/kafka_stream.py for tasks to queue
[2025-04-29T02:08:30.553+0000] {logging_mixin.py:151} INFO - [2025-04-29T02:08:30.553+0000] {dagbag.py:539} INFO - Filling up the DagBag from /opt/airflow/dags/kafka_stream.py
[2025-04-29T02:08:30.577+0000] {processor.py:839} INFO - DAG(s) dict_keys(['user_automation']) retrieved from /opt/airflow/dags/kafka_stream.py
[2025-04-29T02:08:30.596+0000] {logging_mixin.py:151} INFO - [2025-04-29T02:08:30.596+0000] {dag.py:2907} INFO - Sync 1 DAGs
[2025-04-29T02:08:30.612+0000] {logging_mixin.py:151} INFO - [2025-04-29T02:08:30.612+0000] {dag.py:3677} INFO - Setting next_dagrun for user_automation to 2025-04-29T00:00:00+00:00, run_after=2025-04-30T00:00:00+00:00
[2025-04-29T02:08:30.632+0000] {processor.py:179} INFO - Processing /opt/airflow/dags/kafka_stream.py took 0.085 seconds
[2025-04-29T02:09:00.907+0000] {processor.py:157} INFO - Started process (PID=4189) to work on /opt/airflow/dags/kafka_stream.py
[2025-04-29T02:09:00.908+0000] {processor.py:829} INFO - Processing file /opt/airflow/dags/kafka_stream.py for tasks to queue
[2025-04-29T02:09:00.909+0000] {logging_mixin.py:151} INFO - [2025-04-29T02:09:00.909+0000] {dagbag.py:539} INFO - Filling up the DagBag from /opt/airflow/dags/kafka_stream.py
[2025-04-29T02:09:00.937+0000] {processor.py:839} INFO - DAG(s) dict_keys(['user_automation']) retrieved from /opt/airflow/dags/kafka_stream.py
[2025-04-29T02:09:00.956+0000] {logging_mixin.py:151} INFO - [2025-04-29T02:09:00.956+0000] {dag.py:2907} INFO - Sync 1 DAGs
[2025-04-29T02:09:00.970+0000] {logging_mixin.py:151} INFO - [2025-04-29T02:09:00.970+0000] {dag.py:3677} INFO - Setting next_dagrun for user_automation to 2025-04-29T00:00:00+00:00, run_after=2025-04-30T00:00:00+00:00
[2025-04-29T02:09:00.990+0000] {processor.py:179} INFO - Processing /opt/airflow/dags/kafka_stream.py took 0.085 seconds
[2025-04-29T02:09:31.228+0000] {processor.py:157} INFO - Started process (PID=4190) to work on /opt/airflow/dags/kafka_stream.py
[2025-04-29T02:09:31.231+0000] {processor.py:829} INFO - Processing file /opt/airflow/dags/kafka_stream.py for tasks to queue
[2025-04-29T02:09:31.232+0000] {logging_mixin.py:151} INFO - [2025-04-29T02:09:31.232+0000] {dagbag.py:539} INFO - Filling up the DagBag from /opt/airflow/dags/kafka_stream.py
[2025-04-29T02:09:31.254+0000] {processor.py:839} INFO - DAG(s) dict_keys(['user_automation']) retrieved from /opt/airflow/dags/kafka_stream.py
[2025-04-29T02:09:31.274+0000] {logging_mixin.py:151} INFO - [2025-04-29T02:09:31.273+0000] {dag.py:2907} INFO - Sync 1 DAGs
[2025-04-29T02:09:31.287+0000] {logging_mixin.py:151} INFO - [2025-04-29T02:09:31.287+0000] {dag.py:3677} INFO - Setting next_dagrun for user_automation to 2025-04-29T00:00:00+00:00, run_after=2025-04-30T00:00:00+00:00
[2025-04-29T02:09:31.314+0000] {processor.py:179} INFO - Processing /opt/airflow/dags/kafka_stream.py took 0.091 seconds
[2025-04-29T02:10:01.617+0000] {processor.py:157} INFO - Started process (PID=4191) to work on /opt/airflow/dags/kafka_stream.py
[2025-04-29T02:10:01.618+0000] {processor.py:829} INFO - Processing file /opt/airflow/dags/kafka_stream.py for tasks to queue
[2025-04-29T02:10:01.619+0000] {logging_mixin.py:151} INFO - [2025-04-29T02:10:01.619+0000] {dagbag.py:539} INFO - Filling up the DagBag from /opt/airflow/dags/kafka_stream.py
[2025-04-29T02:10:01.649+0000] {processor.py:839} INFO - DAG(s) dict_keys(['user_automation']) retrieved from /opt/airflow/dags/kafka_stream.py
[2025-04-29T02:10:01.668+0000] {logging_mixin.py:151} INFO - [2025-04-29T02:10:01.668+0000] {dag.py:2907} INFO - Sync 1 DAGs
[2025-04-29T02:10:01.681+0000] {logging_mixin.py:151} INFO - [2025-04-29T02:10:01.681+0000] {dag.py:3677} INFO - Setting next_dagrun for user_automation to 2025-04-29T00:00:00+00:00, run_after=2025-04-30T00:00:00+00:00
[2025-04-29T02:10:01.709+0000] {processor.py:179} INFO - Processing /opt/airflow/dags/kafka_stream.py took 0.095 seconds
[2025-04-29T02:10:31.930+0000] {processor.py:157} INFO - Started process (PID=4192) to work on /opt/airflow/dags/kafka_stream.py
[2025-04-29T02:10:31.931+0000] {processor.py:829} INFO - Processing file /opt/airflow/dags/kafka_stream.py for tasks to queue
[2025-04-29T02:10:31.933+0000] {logging_mixin.py:151} INFO - [2025-04-29T02:10:31.932+0000] {dagbag.py:539} INFO - Filling up the DagBag from /opt/airflow/dags/kafka_stream.py
[2025-04-29T02:10:31.958+0000] {processor.py:839} INFO - DAG(s) dict_keys(['user_automation']) retrieved from /opt/airflow/dags/kafka_stream.py
[2025-04-29T02:10:31.978+0000] {logging_mixin.py:151} INFO - [2025-04-29T02:10:31.977+0000] {dag.py:2907} INFO - Sync 1 DAGs
[2025-04-29T02:10:31.992+0000] {logging_mixin.py:151} INFO - [2025-04-29T02:10:31.992+0000] {dag.py:3677} INFO - Setting next_dagrun for user_automation to 2025-04-29T00:00:00+00:00, run_after=2025-04-30T00:00:00+00:00
[2025-04-29T02:10:32.014+0000] {processor.py:179} INFO - Processing /opt/airflow/dags/kafka_stream.py took 0.087 seconds
[2025-04-29T02:11:02.382+0000] {processor.py:157} INFO - Started process (PID=4193) to work on /opt/airflow/dags/kafka_stream.py
[2025-04-29T02:11:02.383+0000] {processor.py:829} INFO - Processing file /opt/airflow/dags/kafka_stream.py for tasks to queue
[2025-04-29T02:11:02.385+0000] {logging_mixin.py:151} INFO - [2025-04-29T02:11:02.385+0000] {dagbag.py:539} INFO - Filling up the DagBag from /opt/airflow/dags/kafka_stream.py
[2025-04-29T02:11:02.414+0000] {processor.py:839} INFO - DAG(s) dict_keys(['user_automation']) retrieved from /opt/airflow/dags/kafka_stream.py
[2025-04-29T02:11:02.438+0000] {logging_mixin.py:151} INFO - [2025-04-29T02:11:02.437+0000] {dag.py:2907} INFO - Sync 1 DAGs
[2025-04-29T02:11:02.457+0000] {logging_mixin.py:151} INFO - [2025-04-29T02:11:02.456+0000] {dag.py:3677} INFO - Setting next_dagrun for user_automation to 2025-04-29T00:00:00+00:00, run_after=2025-04-30T00:00:00+00:00
[2025-04-29T02:11:02.475+0000] {processor.py:179} INFO - Processing /opt/airflow/dags/kafka_stream.py took 0.095 seconds
[2025-04-29T02:11:32.689+0000] {processor.py:157} INFO - Started process (PID=4194) to work on /opt/airflow/dags/kafka_stream.py
[2025-04-29T02:11:32.691+0000] {processor.py:829} INFO - Processing file /opt/airflow/dags/kafka_stream.py for tasks to queue
[2025-04-29T02:11:32.692+0000] {logging_mixin.py:151} INFO - [2025-04-29T02:11:32.692+0000] {dagbag.py:539} INFO - Filling up the DagBag from /opt/airflow/dags/kafka_stream.py
[2025-04-29T02:11:32.718+0000] {processor.py:839} INFO - DAG(s) dict_keys(['user_automation']) retrieved from /opt/airflow/dags/kafka_stream.py
[2025-04-29T02:11:32.738+0000] {logging_mixin.py:151} INFO - [2025-04-29T02:11:32.738+0000] {dag.py:2907} INFO - Sync 1 DAGs
[2025-04-29T02:11:32.754+0000] {logging_mixin.py:151} INFO - [2025-04-29T02:11:32.754+0000] {dag.py:3677} INFO - Setting next_dagrun for user_automation to 2025-04-29T00:00:00+00:00, run_after=2025-04-30T00:00:00+00:00
[2025-04-29T02:11:32.774+0000] {processor.py:179} INFO - Processing /opt/airflow/dags/kafka_stream.py took 0.088 seconds
[2025-04-29T02:12:03.091+0000] {processor.py:157} INFO - Started process (PID=4195) to work on /opt/airflow/dags/kafka_stream.py
[2025-04-29T02:12:03.093+0000] {processor.py:829} INFO - Processing file /opt/airflow/dags/kafka_stream.py for tasks to queue
[2025-04-29T02:12:03.094+0000] {logging_mixin.py:151} INFO - [2025-04-29T02:12:03.094+0000] {dagbag.py:539} INFO - Filling up the DagBag from /opt/airflow/dags/kafka_stream.py
[2025-04-29T02:12:03.121+0000] {processor.py:839} INFO - DAG(s) dict_keys(['user_automation']) retrieved from /opt/airflow/dags/kafka_stream.py
[2025-04-29T02:12:03.141+0000] {logging_mixin.py:151} INFO - [2025-04-29T02:12:03.141+0000] {dag.py:2907} INFO - Sync 1 DAGs
[2025-04-29T02:12:03.156+0000] {logging_mixin.py:151} INFO - [2025-04-29T02:12:03.156+0000] {dag.py:3677} INFO - Setting next_dagrun for user_automation to 2025-04-29T00:00:00+00:00, run_after=2025-04-30T00:00:00+00:00
[2025-04-29T02:12:03.172+0000] {processor.py:179} INFO - Processing /opt/airflow/dags/kafka_stream.py took 0.083 seconds
[2025-04-29T02:12:33.460+0000] {processor.py:157} INFO - Started process (PID=4196) to work on /opt/airflow/dags/kafka_stream.py
[2025-04-29T02:12:33.462+0000] {processor.py:829} INFO - Processing file /opt/airflow/dags/kafka_stream.py for tasks to queue
[2025-04-29T02:12:33.463+0000] {logging_mixin.py:151} INFO - [2025-04-29T02:12:33.463+0000] {dagbag.py:539} INFO - Filling up the DagBag from /opt/airflow/dags/kafka_stream.py
[2025-04-29T02:12:33.509+0000] {processor.py:839} INFO - DAG(s) dict_keys(['user_automation']) retrieved from /opt/airflow/dags/kafka_stream.py
[2025-04-29T02:12:33.530+0000] {logging_mixin.py:151} INFO - [2025-04-29T02:12:33.530+0000] {dag.py:2907} INFO - Sync 1 DAGs
[2025-04-29T02:12:33.545+0000] {logging_mixin.py:151} INFO - [2025-04-29T02:12:33.545+0000] {dag.py:3677} INFO - Setting next_dagrun for user_automation to 2025-04-29T00:00:00+00:00, run_after=2025-04-30T00:00:00+00:00
[2025-04-29T02:12:33.573+0000] {processor.py:179} INFO - Processing /opt/airflow/dags/kafka_stream.py took 0.117 seconds
[2025-04-29T02:13:03.797+0000] {processor.py:157} INFO - Started process (PID=4197) to work on /opt/airflow/dags/kafka_stream.py
[2025-04-29T02:13:03.798+0000] {processor.py:829} INFO - Processing file /opt/airflow/dags/kafka_stream.py for tasks to queue
[2025-04-29T02:13:03.800+0000] {logging_mixin.py:151} INFO - [2025-04-29T02:13:03.799+0000] {dagbag.py:539} INFO - Filling up the DagBag from /opt/airflow/dags/kafka_stream.py
[2025-04-29T02:13:03.832+0000] {processor.py:839} INFO - DAG(s) dict_keys(['user_automation']) retrieved from /opt/airflow/dags/kafka_stream.py
[2025-04-29T02:13:03.853+0000] {logging_mixin.py:151} INFO - [2025-04-29T02:13:03.853+0000] {dag.py:2907} INFO - Sync 1 DAGs
[2025-04-29T02:13:03.868+0000] {logging_mixin.py:151} INFO - [2025-04-29T02:13:03.868+0000] {dag.py:3677} INFO - Setting next_dagrun for user_automation to 2025-04-29T00:00:00+00:00, run_after=2025-04-30T00:00:00+00:00
[2025-04-29T02:13:03.899+0000] {processor.py:179} INFO - Processing /opt/airflow/dags/kafka_stream.py took 0.106 seconds
[2025-04-29T02:13:34.206+0000] {processor.py:157} INFO - Started process (PID=4198) to work on /opt/airflow/dags/kafka_stream.py
[2025-04-29T02:13:34.207+0000] {processor.py:829} INFO - Processing file /opt/airflow/dags/kafka_stream.py for tasks to queue
[2025-04-29T02:13:34.209+0000] {logging_mixin.py:151} INFO - [2025-04-29T02:13:34.208+0000] {dagbag.py:539} INFO - Filling up the DagBag from /opt/airflow/dags/kafka_stream.py
[2025-04-29T02:13:34.247+0000] {processor.py:839} INFO - DAG(s) dict_keys(['user_automation']) retrieved from /opt/airflow/dags/kafka_stream.py
[2025-04-29T02:13:34.267+0000] {logging_mixin.py:151} INFO - [2025-04-29T02:13:34.267+0000] {dag.py:2907} INFO - Sync 1 DAGs
[2025-04-29T02:13:34.281+0000] {logging_mixin.py:151} INFO - [2025-04-29T02:13:34.281+0000] {dag.py:3677} INFO - Setting next_dagrun for user_automation to 2025-04-29T00:00:00+00:00, run_after=2025-04-30T00:00:00+00:00
[2025-04-29T02:13:34.308+0000] {processor.py:179} INFO - Processing /opt/airflow/dags/kafka_stream.py took 0.105 seconds
[2025-04-29T02:14:04.556+0000] {processor.py:157} INFO - Started process (PID=4199) to work on /opt/airflow/dags/kafka_stream.py
[2025-04-29T02:14:04.558+0000] {processor.py:829} INFO - Processing file /opt/airflow/dags/kafka_stream.py for tasks to queue
[2025-04-29T02:14:04.559+0000] {logging_mixin.py:151} INFO - [2025-04-29T02:14:04.559+0000] {dagbag.py:539} INFO - Filling up the DagBag from /opt/airflow/dags/kafka_stream.py
[2025-04-29T02:14:04.591+0000] {processor.py:839} INFO - DAG(s) dict_keys(['user_automation']) retrieved from /opt/airflow/dags/kafka_stream.py
[2025-04-29T02:14:04.609+0000] {logging_mixin.py:151} INFO - [2025-04-29T02:14:04.609+0000] {dag.py:2907} INFO - Sync 1 DAGs
[2025-04-29T02:14:04.625+0000] {logging_mixin.py:151} INFO - [2025-04-29T02:14:04.625+0000] {dag.py:3677} INFO - Setting next_dagrun for user_automation to 2025-04-29T00:00:00+00:00, run_after=2025-04-30T00:00:00+00:00
[2025-04-29T02:14:04.643+0000] {processor.py:179} INFO - Processing /opt/airflow/dags/kafka_stream.py took 0.090 seconds
[2025-04-29T02:14:34.919+0000] {processor.py:157} INFO - Started process (PID=4200) to work on /opt/airflow/dags/kafka_stream.py
[2025-04-29T02:14:34.920+0000] {processor.py:829} INFO - Processing file /opt/airflow/dags/kafka_stream.py for tasks to queue
[2025-04-29T02:14:34.921+0000] {logging_mixin.py:151} INFO - [2025-04-29T02:14:34.920+0000] {dagbag.py:539} INFO - Filling up the DagBag from /opt/airflow/dags/kafka_stream.py
[2025-04-29T02:14:34.939+0000] {processor.py:839} INFO - DAG(s) dict_keys(['user_automation']) retrieved from /opt/airflow/dags/kafka_stream.py
[2025-04-29T02:14:34.958+0000] {logging_mixin.py:151} INFO - [2025-04-29T02:14:34.958+0000] {dag.py:2907} INFO - Sync 1 DAGs
[2025-04-29T02:14:34.973+0000] {logging_mixin.py:151} INFO - [2025-04-29T02:14:34.973+0000] {dag.py:3677} INFO - Setting next_dagrun for user_automation to 2025-04-29T00:00:00+00:00, run_after=2025-04-30T00:00:00+00:00
[2025-04-29T02:14:34.990+0000] {processor.py:179} INFO - Processing /opt/airflow/dags/kafka_stream.py took 0.074 seconds
[2025-04-29T02:15:05.246+0000] {processor.py:157} INFO - Started process (PID=4201) to work on /opt/airflow/dags/kafka_stream.py
[2025-04-29T02:15:05.247+0000] {processor.py:829} INFO - Processing file /opt/airflow/dags/kafka_stream.py for tasks to queue
[2025-04-29T02:15:05.248+0000] {logging_mixin.py:151} INFO - [2025-04-29T02:15:05.248+0000] {dagbag.py:539} INFO - Filling up the DagBag from /opt/airflow/dags/kafka_stream.py
[2025-04-29T02:15:05.274+0000] {processor.py:839} INFO - DAG(s) dict_keys(['user_automation']) retrieved from /opt/airflow/dags/kafka_stream.py
[2025-04-29T02:15:05.294+0000] {logging_mixin.py:151} INFO - [2025-04-29T02:15:05.294+0000] {dag.py:2907} INFO - Sync 1 DAGs
[2025-04-29T02:15:05.309+0000] {logging_mixin.py:151} INFO - [2025-04-29T02:15:05.309+0000] {dag.py:3677} INFO - Setting next_dagrun for user_automation to 2025-04-29T00:00:00+00:00, run_after=2025-04-30T00:00:00+00:00
[2025-04-29T02:15:05.327+0000] {processor.py:179} INFO - Processing /opt/airflow/dags/kafka_stream.py took 0.084 seconds
[2025-04-29T02:15:35.611+0000] {processor.py:157} INFO - Started process (PID=4202) to work on /opt/airflow/dags/kafka_stream.py
[2025-04-29T02:15:35.613+0000] {processor.py:829} INFO - Processing file /opt/airflow/dags/kafka_stream.py for tasks to queue
[2025-04-29T02:15:35.615+0000] {logging_mixin.py:151} INFO - [2025-04-29T02:15:35.614+0000] {dagbag.py:539} INFO - Filling up the DagBag from /opt/airflow/dags/kafka_stream.py
[2025-04-29T02:15:35.638+0000] {processor.py:839} INFO - DAG(s) dict_keys(['user_automation']) retrieved from /opt/airflow/dags/kafka_stream.py
[2025-04-29T02:15:35.657+0000] {logging_mixin.py:151} INFO - [2025-04-29T02:15:35.657+0000] {dag.py:2907} INFO - Sync 1 DAGs
[2025-04-29T02:15:35.672+0000] {logging_mixin.py:151} INFO - [2025-04-29T02:15:35.672+0000] {dag.py:3677} INFO - Setting next_dagrun for user_automation to 2025-04-29T00:00:00+00:00, run_after=2025-04-30T00:00:00+00:00
[2025-04-29T02:15:35.697+0000] {processor.py:179} INFO - Processing /opt/airflow/dags/kafka_stream.py took 0.089 seconds
[2025-04-29T02:16:06.014+0000] {processor.py:157} INFO - Started process (PID=4203) to work on /opt/airflow/dags/kafka_stream.py
[2025-04-29T02:16:06.015+0000] {processor.py:829} INFO - Processing file /opt/airflow/dags/kafka_stream.py for tasks to queue
[2025-04-29T02:16:06.016+0000] {logging_mixin.py:151} INFO - [2025-04-29T02:16:06.016+0000] {dagbag.py:539} INFO - Filling up the DagBag from /opt/airflow/dags/kafka_stream.py
[2025-04-29T02:16:06.040+0000] {processor.py:839} INFO - DAG(s) dict_keys(['user_automation']) retrieved from /opt/airflow/dags/kafka_stream.py
[2025-04-29T02:16:06.061+0000] {logging_mixin.py:151} INFO - [2025-04-29T02:16:06.061+0000] {dag.py:2907} INFO - Sync 1 DAGs
[2025-04-29T02:16:06.076+0000] {logging_mixin.py:151} INFO - [2025-04-29T02:16:06.076+0000] {dag.py:3677} INFO - Setting next_dagrun for user_automation to 2025-04-29T00:00:00+00:00, run_after=2025-04-30T00:00:00+00:00
[2025-04-29T02:16:06.095+0000] {processor.py:179} INFO - Processing /opt/airflow/dags/kafka_stream.py took 0.084 seconds
[2025-04-29T02:16:36.335+0000] {processor.py:157} INFO - Started process (PID=4204) to work on /opt/airflow/dags/kafka_stream.py
[2025-04-29T02:16:36.336+0000] {processor.py:829} INFO - Processing file /opt/airflow/dags/kafka_stream.py for tasks to queue
[2025-04-29T02:16:36.337+0000] {logging_mixin.py:151} INFO - [2025-04-29T02:16:36.337+0000] {dagbag.py:539} INFO - Filling up the DagBag from /opt/airflow/dags/kafka_stream.py
[2025-04-29T02:16:36.356+0000] {processor.py:839} INFO - DAG(s) dict_keys(['user_automation']) retrieved from /opt/airflow/dags/kafka_stream.py
[2025-04-29T02:16:36.375+0000] {logging_mixin.py:151} INFO - [2025-04-29T02:16:36.375+0000] {dag.py:2907} INFO - Sync 1 DAGs
[2025-04-29T02:16:36.390+0000] {logging_mixin.py:151} INFO - [2025-04-29T02:16:36.390+0000] {dag.py:3677} INFO - Setting next_dagrun for user_automation to 2025-04-29T00:00:00+00:00, run_after=2025-04-30T00:00:00+00:00
[2025-04-29T02:16:36.407+0000] {processor.py:179} INFO - Processing /opt/airflow/dags/kafka_stream.py took 0.077 seconds
[2025-04-29T02:17:06.663+0000] {processor.py:157} INFO - Started process (PID=4205) to work on /opt/airflow/dags/kafka_stream.py
[2025-04-29T02:17:06.664+0000] {processor.py:829} INFO - Processing file /opt/airflow/dags/kafka_stream.py for tasks to queue
[2025-04-29T02:17:06.665+0000] {logging_mixin.py:151} INFO - [2025-04-29T02:17:06.665+0000] {dagbag.py:539} INFO - Filling up the DagBag from /opt/airflow/dags/kafka_stream.py
[2025-04-29T02:17:06.698+0000] {processor.py:839} INFO - DAG(s) dict_keys(['user_automation']) retrieved from /opt/airflow/dags/kafka_stream.py
[2025-04-29T02:17:06.718+0000] {logging_mixin.py:151} INFO - [2025-04-29T02:17:06.718+0000] {dag.py:2907} INFO - Sync 1 DAGs
[2025-04-29T02:17:06.733+0000] {logging_mixin.py:151} INFO - [2025-04-29T02:17:06.733+0000] {dag.py:3677} INFO - Setting next_dagrun for user_automation to 2025-04-29T00:00:00+00:00, run_after=2025-04-30T00:00:00+00:00
[2025-04-29T02:17:06.755+0000] {processor.py:179} INFO - Processing /opt/airflow/dags/kafka_stream.py took 0.094 seconds
[2025-04-29T02:17:36.980+0000] {processor.py:157} INFO - Started process (PID=4206) to work on /opt/airflow/dags/kafka_stream.py
[2025-04-29T02:17:36.982+0000] {processor.py:829} INFO - Processing file /opt/airflow/dags/kafka_stream.py for tasks to queue
[2025-04-29T02:17:36.983+0000] {logging_mixin.py:151} INFO - [2025-04-29T02:17:36.983+0000] {dagbag.py:539} INFO - Filling up the DagBag from /opt/airflow/dags/kafka_stream.py
[2025-04-29T02:17:37.009+0000] {processor.py:839} INFO - DAG(s) dict_keys(['user_automation']) retrieved from /opt/airflow/dags/kafka_stream.py
[2025-04-29T02:17:37.027+0000] {logging_mixin.py:151} INFO - [2025-04-29T02:17:37.027+0000] {dag.py:2907} INFO - Sync 1 DAGs
[2025-04-29T02:17:37.042+0000] {logging_mixin.py:151} INFO - [2025-04-29T02:17:37.042+0000] {dag.py:3677} INFO - Setting next_dagrun for user_automation to 2025-04-29T00:00:00+00:00, run_after=2025-04-30T00:00:00+00:00
[2025-04-29T02:17:37.061+0000] {processor.py:179} INFO - Processing /opt/airflow/dags/kafka_stream.py took 0.083 seconds
[2025-04-29T02:18:07.268+0000] {processor.py:157} INFO - Started process (PID=4207) to work on /opt/airflow/dags/kafka_stream.py
[2025-04-29T02:18:07.269+0000] {processor.py:829} INFO - Processing file /opt/airflow/dags/kafka_stream.py for tasks to queue
[2025-04-29T02:18:07.270+0000] {logging_mixin.py:151} INFO - [2025-04-29T02:18:07.270+0000] {dagbag.py:539} INFO - Filling up the DagBag from /opt/airflow/dags/kafka_stream.py
[2025-04-29T02:18:07.299+0000] {processor.py:839} INFO - DAG(s) dict_keys(['user_automation']) retrieved from /opt/airflow/dags/kafka_stream.py
[2025-04-29T02:18:07.317+0000] {logging_mixin.py:151} INFO - [2025-04-29T02:18:07.317+0000] {dag.py:2907} INFO - Sync 1 DAGs
[2025-04-29T02:18:07.333+0000] {logging_mixin.py:151} INFO - [2025-04-29T02:18:07.333+0000] {dag.py:3677} INFO - Setting next_dagrun for user_automation to 2025-04-29T00:00:00+00:00, run_after=2025-04-30T00:00:00+00:00
[2025-04-29T02:18:07.353+0000] {processor.py:179} INFO - Processing /opt/airflow/dags/kafka_stream.py took 0.088 seconds
[2025-04-29T02:18:37.557+0000] {processor.py:157} INFO - Started process (PID=4208) to work on /opt/airflow/dags/kafka_stream.py
[2025-04-29T02:18:37.558+0000] {processor.py:829} INFO - Processing file /opt/airflow/dags/kafka_stream.py for tasks to queue
[2025-04-29T02:18:37.559+0000] {logging_mixin.py:151} INFO - [2025-04-29T02:18:37.559+0000] {dagbag.py:539} INFO - Filling up the DagBag from /opt/airflow/dags/kafka_stream.py
[2025-04-29T02:18:37.593+0000] {processor.py:839} INFO - DAG(s) dict_keys(['user_automation']) retrieved from /opt/airflow/dags/kafka_stream.py
[2025-04-29T02:18:37.613+0000] {logging_mixin.py:151} INFO - [2025-04-29T02:18:37.613+0000] {dag.py:2907} INFO - Sync 1 DAGs
[2025-04-29T02:18:37.629+0000] {logging_mixin.py:151} INFO - [2025-04-29T02:18:37.629+0000] {dag.py:3677} INFO - Setting next_dagrun for user_automation to 2025-04-29T00:00:00+00:00, run_after=2025-04-30T00:00:00+00:00
[2025-04-29T02:18:37.651+0000] {processor.py:179} INFO - Processing /opt/airflow/dags/kafka_stream.py took 0.097 seconds
[2025-04-29T02:19:07.881+0000] {processor.py:157} INFO - Started process (PID=4209) to work on /opt/airflow/dags/kafka_stream.py
[2025-04-29T02:19:07.882+0000] {processor.py:829} INFO - Processing file /opt/airflow/dags/kafka_stream.py for tasks to queue
[2025-04-29T02:19:07.883+0000] {logging_mixin.py:151} INFO - [2025-04-29T02:19:07.883+0000] {dagbag.py:539} INFO - Filling up the DagBag from /opt/airflow/dags/kafka_stream.py
[2025-04-29T02:19:07.907+0000] {processor.py:839} INFO - DAG(s) dict_keys(['user_automation']) retrieved from /opt/airflow/dags/kafka_stream.py
[2025-04-29T02:19:07.930+0000] {logging_mixin.py:151} INFO - [2025-04-29T02:19:07.930+0000] {dag.py:2907} INFO - Sync 1 DAGs
[2025-04-29T02:19:07.945+0000] {logging_mixin.py:151} INFO - [2025-04-29T02:19:07.945+0000] {dag.py:3677} INFO - Setting next_dagrun for user_automation to 2025-04-29T00:00:00+00:00, run_after=2025-04-30T00:00:00+00:00
[2025-04-29T02:19:07.964+0000] {processor.py:179} INFO - Processing /opt/airflow/dags/kafka_stream.py took 0.086 seconds
[2025-04-29T02:19:38.223+0000] {processor.py:157} INFO - Started process (PID=4210) to work on /opt/airflow/dags/kafka_stream.py
[2025-04-29T02:19:38.224+0000] {processor.py:829} INFO - Processing file /opt/airflow/dags/kafka_stream.py for tasks to queue
[2025-04-29T02:19:38.225+0000] {logging_mixin.py:151} INFO - [2025-04-29T02:19:38.225+0000] {dagbag.py:539} INFO - Filling up the DagBag from /opt/airflow/dags/kafka_stream.py
[2025-04-29T02:19:38.250+0000] {processor.py:839} INFO - DAG(s) dict_keys(['user_automation']) retrieved from /opt/airflow/dags/kafka_stream.py
[2025-04-29T02:19:38.269+0000] {logging_mixin.py:151} INFO - [2025-04-29T02:19:38.269+0000] {dag.py:2907} INFO - Sync 1 DAGs
[2025-04-29T02:19:38.283+0000] {logging_mixin.py:151} INFO - [2025-04-29T02:19:38.283+0000] {dag.py:3677} INFO - Setting next_dagrun for user_automation to 2025-04-29T00:00:00+00:00, run_after=2025-04-30T00:00:00+00:00
[2025-04-29T02:19:38.302+0000] {processor.py:179} INFO - Processing /opt/airflow/dags/kafka_stream.py took 0.082 seconds
[2025-04-29T02:20:08.555+0000] {processor.py:157} INFO - Started process (PID=4211) to work on /opt/airflow/dags/kafka_stream.py
[2025-04-29T02:20:08.557+0000] {processor.py:829} INFO - Processing file /opt/airflow/dags/kafka_stream.py for tasks to queue
[2025-04-29T02:20:08.558+0000] {logging_mixin.py:151} INFO - [2025-04-29T02:20:08.558+0000] {dagbag.py:539} INFO - Filling up the DagBag from /opt/airflow/dags/kafka_stream.py
[2025-04-29T02:20:08.581+0000] {processor.py:839} INFO - DAG(s) dict_keys(['user_automation']) retrieved from /opt/airflow/dags/kafka_stream.py
[2025-04-29T02:20:08.601+0000] {logging_mixin.py:151} INFO - [2025-04-29T02:20:08.601+0000] {dag.py:2907} INFO - Sync 1 DAGs
[2025-04-29T02:20:08.616+0000] {logging_mixin.py:151} INFO - [2025-04-29T02:20:08.616+0000] {dag.py:3677} INFO - Setting next_dagrun for user_automation to 2025-04-29T00:00:00+00:00, run_after=2025-04-30T00:00:00+00:00
[2025-04-29T02:20:08.638+0000] {processor.py:179} INFO - Processing /opt/airflow/dags/kafka_stream.py took 0.086 seconds
[2025-04-29T02:20:38.920+0000] {processor.py:157} INFO - Started process (PID=4212) to work on /opt/airflow/dags/kafka_stream.py
[2025-04-29T02:20:38.921+0000] {processor.py:829} INFO - Processing file /opt/airflow/dags/kafka_stream.py for tasks to queue
[2025-04-29T02:20:38.923+0000] {logging_mixin.py:151} INFO - [2025-04-29T02:20:38.922+0000] {dagbag.py:539} INFO - Filling up the DagBag from /opt/airflow/dags/kafka_stream.py
[2025-04-29T02:20:38.955+0000] {processor.py:839} INFO - DAG(s) dict_keys(['user_automation']) retrieved from /opt/airflow/dags/kafka_stream.py
[2025-04-29T02:20:38.973+0000] {logging_mixin.py:151} INFO - [2025-04-29T02:20:38.973+0000] {dag.py:2907} INFO - Sync 1 DAGs
[2025-04-29T02:20:38.989+0000] {logging_mixin.py:151} INFO - [2025-04-29T02:20:38.988+0000] {dag.py:3677} INFO - Setting next_dagrun for user_automation to 2025-04-29T00:00:00+00:00, run_after=2025-04-30T00:00:00+00:00
[2025-04-29T02:20:39.016+0000] {processor.py:179} INFO - Processing /opt/airflow/dags/kafka_stream.py took 0.098 seconds
[2025-04-29T02:21:09.333+0000] {processor.py:157} INFO - Started process (PID=4213) to work on /opt/airflow/dags/kafka_stream.py
[2025-04-29T02:21:09.334+0000] {processor.py:829} INFO - Processing file /opt/airflow/dags/kafka_stream.py for tasks to queue
[2025-04-29T02:21:09.335+0000] {logging_mixin.py:151} INFO - [2025-04-29T02:21:09.335+0000] {dagbag.py:539} INFO - Filling up the DagBag from /opt/airflow/dags/kafka_stream.py
[2025-04-29T02:21:09.361+0000] {processor.py:839} INFO - DAG(s) dict_keys(['user_automation']) retrieved from /opt/airflow/dags/kafka_stream.py
[2025-04-29T02:21:09.380+0000] {logging_mixin.py:151} INFO - [2025-04-29T02:21:09.379+0000] {dag.py:2907} INFO - Sync 1 DAGs
[2025-04-29T02:21:09.394+0000] {logging_mixin.py:151} INFO - [2025-04-29T02:21:09.394+0000] {dag.py:3677} INFO - Setting next_dagrun for user_automation to 2025-04-29T00:00:00+00:00, run_after=2025-04-30T00:00:00+00:00
[2025-04-29T02:21:09.421+0000] {processor.py:179} INFO - Processing /opt/airflow/dags/kafka_stream.py took 0.091 seconds
[2025-04-29T02:21:39.684+0000] {processor.py:157} INFO - Started process (PID=4214) to work on /opt/airflow/dags/kafka_stream.py
[2025-04-29T02:21:39.685+0000] {processor.py:829} INFO - Processing file /opt/airflow/dags/kafka_stream.py for tasks to queue
[2025-04-29T02:21:39.686+0000] {logging_mixin.py:151} INFO - [2025-04-29T02:21:39.686+0000] {dagbag.py:539} INFO - Filling up the DagBag from /opt/airflow/dags/kafka_stream.py
[2025-04-29T02:21:39.732+0000] {processor.py:839} INFO - DAG(s) dict_keys(['user_automation']) retrieved from /opt/airflow/dags/kafka_stream.py
[2025-04-29T02:21:39.753+0000] {logging_mixin.py:151} INFO - [2025-04-29T02:21:39.753+0000] {dag.py:2907} INFO - Sync 1 DAGs
[2025-04-29T02:21:39.768+0000] {logging_mixin.py:151} INFO - [2025-04-29T02:21:39.768+0000] {dag.py:3677} INFO - Setting next_dagrun for user_automation to 2025-04-29T00:00:00+00:00, run_after=2025-04-30T00:00:00+00:00
[2025-04-29T02:21:39.787+0000] {processor.py:179} INFO - Processing /opt/airflow/dags/kafka_stream.py took 0.106 seconds
[2025-04-29T02:22:10.039+0000] {processor.py:157} INFO - Started process (PID=4215) to work on /opt/airflow/dags/kafka_stream.py
[2025-04-29T02:22:10.041+0000] {processor.py:829} INFO - Processing file /opt/airflow/dags/kafka_stream.py for tasks to queue
[2025-04-29T02:22:10.042+0000] {logging_mixin.py:151} INFO - [2025-04-29T02:22:10.042+0000] {dagbag.py:539} INFO - Filling up the DagBag from /opt/airflow/dags/kafka_stream.py
[2025-04-29T02:22:10.073+0000] {processor.py:839} INFO - DAG(s) dict_keys(['user_automation']) retrieved from /opt/airflow/dags/kafka_stream.py
[2025-04-29T02:22:10.093+0000] {logging_mixin.py:151} INFO - [2025-04-29T02:22:10.093+0000] {dag.py:2907} INFO - Sync 1 DAGs
[2025-04-29T02:22:10.108+0000] {logging_mixin.py:151} INFO - [2025-04-29T02:22:10.108+0000] {dag.py:3677} INFO - Setting next_dagrun for user_automation to 2025-04-29T00:00:00+00:00, run_after=2025-04-30T00:00:00+00:00
[2025-04-29T02:22:10.134+0000] {processor.py:179} INFO - Processing /opt/airflow/dags/kafka_stream.py took 0.099 seconds
[2025-04-29T02:22:40.405+0000] {processor.py:157} INFO - Started process (PID=4216) to work on /opt/airflow/dags/kafka_stream.py
[2025-04-29T02:22:40.406+0000] {processor.py:829} INFO - Processing file /opt/airflow/dags/kafka_stream.py for tasks to queue
[2025-04-29T02:22:40.408+0000] {logging_mixin.py:151} INFO - [2025-04-29T02:22:40.407+0000] {dagbag.py:539} INFO - Filling up the DagBag from /opt/airflow/dags/kafka_stream.py
[2025-04-29T02:22:40.437+0000] {processor.py:839} INFO - DAG(s) dict_keys(['user_automation']) retrieved from /opt/airflow/dags/kafka_stream.py
[2025-04-29T02:22:40.458+0000] {logging_mixin.py:151} INFO - [2025-04-29T02:22:40.457+0000] {dag.py:2907} INFO - Sync 1 DAGs
[2025-04-29T02:22:40.471+0000] {logging_mixin.py:151} INFO - [2025-04-29T02:22:40.471+0000] {dag.py:3677} INFO - Setting next_dagrun for user_automation to 2025-04-29T00:00:00+00:00, run_after=2025-04-30T00:00:00+00:00
[2025-04-29T02:22:40.491+0000] {processor.py:179} INFO - Processing /opt/airflow/dags/kafka_stream.py took 0.088 seconds
[2025-04-29T02:23:10.748+0000] {processor.py:157} INFO - Started process (PID=4217) to work on /opt/airflow/dags/kafka_stream.py
[2025-04-29T02:23:10.750+0000] {processor.py:829} INFO - Processing file /opt/airflow/dags/kafka_stream.py for tasks to queue
[2025-04-29T02:23:10.751+0000] {logging_mixin.py:151} INFO - [2025-04-29T02:23:10.751+0000] {dagbag.py:539} INFO - Filling up the DagBag from /opt/airflow/dags/kafka_stream.py
[2025-04-29T02:23:10.786+0000] {processor.py:839} INFO - DAG(s) dict_keys(['user_automation']) retrieved from /opt/airflow/dags/kafka_stream.py
[2025-04-29T02:23:10.806+0000] {logging_mixin.py:151} INFO - [2025-04-29T02:23:10.806+0000] {dag.py:2907} INFO - Sync 1 DAGs
[2025-04-29T02:23:10.821+0000] {logging_mixin.py:151} INFO - [2025-04-29T02:23:10.821+0000] {dag.py:3677} INFO - Setting next_dagrun for user_automation to 2025-04-29T00:00:00+00:00, run_after=2025-04-30T00:00:00+00:00
[2025-04-29T02:23:10.840+0000] {processor.py:179} INFO - Processing /opt/airflow/dags/kafka_stream.py took 0.096 seconds
[2025-04-29T02:23:41.105+0000] {processor.py:157} INFO - Started process (PID=4218) to work on /opt/airflow/dags/kafka_stream.py
[2025-04-29T02:23:41.106+0000] {processor.py:829} INFO - Processing file /opt/airflow/dags/kafka_stream.py for tasks to queue
[2025-04-29T02:23:41.108+0000] {logging_mixin.py:151} INFO - [2025-04-29T02:23:41.107+0000] {dagbag.py:539} INFO - Filling up the DagBag from /opt/airflow/dags/kafka_stream.py
[2025-04-29T02:23:41.139+0000] {processor.py:839} INFO - DAG(s) dict_keys(['user_automation']) retrieved from /opt/airflow/dags/kafka_stream.py
[2025-04-29T02:23:41.157+0000] {logging_mixin.py:151} INFO - [2025-04-29T02:23:41.157+0000] {dag.py:2907} INFO - Sync 1 DAGs
[2025-04-29T02:23:41.171+0000] {logging_mixin.py:151} INFO - [2025-04-29T02:23:41.171+0000] {dag.py:3677} INFO - Setting next_dagrun for user_automation to 2025-04-29T00:00:00+00:00, run_after=2025-04-30T00:00:00+00:00
[2025-04-29T02:23:41.193+0000] {processor.py:179} INFO - Processing /opt/airflow/dags/kafka_stream.py took 0.091 seconds
[2025-04-29T02:24:11.440+0000] {processor.py:157} INFO - Started process (PID=4219) to work on /opt/airflow/dags/kafka_stream.py
[2025-04-29T02:24:11.441+0000] {processor.py:829} INFO - Processing file /opt/airflow/dags/kafka_stream.py for tasks to queue
[2025-04-29T02:24:11.442+0000] {logging_mixin.py:151} INFO - [2025-04-29T02:24:11.442+0000] {dagbag.py:539} INFO - Filling up the DagBag from /opt/airflow/dags/kafka_stream.py
[2025-04-29T02:24:11.474+0000] {processor.py:839} INFO - DAG(s) dict_keys(['user_automation']) retrieved from /opt/airflow/dags/kafka_stream.py
[2025-04-29T02:24:11.493+0000] {logging_mixin.py:151} INFO - [2025-04-29T02:24:11.493+0000] {dag.py:2907} INFO - Sync 1 DAGs
[2025-04-29T02:24:11.507+0000] {logging_mixin.py:151} INFO - [2025-04-29T02:24:11.507+0000] {dag.py:3677} INFO - Setting next_dagrun for user_automation to 2025-04-29T00:00:00+00:00, run_after=2025-04-30T00:00:00+00:00
[2025-04-29T02:24:11.535+0000] {processor.py:179} INFO - Processing /opt/airflow/dags/kafka_stream.py took 0.100 seconds
[2025-04-29T02:24:41.789+0000] {processor.py:157} INFO - Started process (PID=4220) to work on /opt/airflow/dags/kafka_stream.py
[2025-04-29T02:24:41.790+0000] {processor.py:829} INFO - Processing file /opt/airflow/dags/kafka_stream.py for tasks to queue
[2025-04-29T02:24:41.791+0000] {logging_mixin.py:151} INFO - [2025-04-29T02:24:41.791+0000] {dagbag.py:539} INFO - Filling up the DagBag from /opt/airflow/dags/kafka_stream.py
[2025-04-29T02:24:41.822+0000] {processor.py:839} INFO - DAG(s) dict_keys(['user_automation']) retrieved from /opt/airflow/dags/kafka_stream.py
[2025-04-29T02:24:41.840+0000] {logging_mixin.py:151} INFO - [2025-04-29T02:24:41.840+0000] {dag.py:2907} INFO - Sync 1 DAGs
[2025-04-29T02:24:41.855+0000] {logging_mixin.py:151} INFO - [2025-04-29T02:24:41.855+0000] {dag.py:3677} INFO - Setting next_dagrun for user_automation to 2025-04-29T00:00:00+00:00, run_after=2025-04-30T00:00:00+00:00
[2025-04-29T02:24:41.877+0000] {processor.py:179} INFO - Processing /opt/airflow/dags/kafka_stream.py took 0.091 seconds
[2025-04-29T02:25:12.123+0000] {processor.py:157} INFO - Started process (PID=4221) to work on /opt/airflow/dags/kafka_stream.py
[2025-04-29T02:25:12.124+0000] {processor.py:829} INFO - Processing file /opt/airflow/dags/kafka_stream.py for tasks to queue
[2025-04-29T02:25:12.126+0000] {logging_mixin.py:151} INFO - [2025-04-29T02:25:12.125+0000] {dagbag.py:539} INFO - Filling up the DagBag from /opt/airflow/dags/kafka_stream.py
[2025-04-29T02:25:12.163+0000] {processor.py:839} INFO - DAG(s) dict_keys(['user_automation']) retrieved from /opt/airflow/dags/kafka_stream.py
[2025-04-29T02:25:12.182+0000] {logging_mixin.py:151} INFO - [2025-04-29T02:25:12.182+0000] {dag.py:2907} INFO - Sync 1 DAGs
[2025-04-29T02:25:12.195+0000] {logging_mixin.py:151} INFO - [2025-04-29T02:25:12.195+0000] {dag.py:3677} INFO - Setting next_dagrun for user_automation to 2025-04-29T00:00:00+00:00, run_after=2025-04-30T00:00:00+00:00
[2025-04-29T02:25:12.224+0000] {processor.py:179} INFO - Processing /opt/airflow/dags/kafka_stream.py took 0.105 seconds
[2025-04-29T02:25:42.458+0000] {processor.py:157} INFO - Started process (PID=4222) to work on /opt/airflow/dags/kafka_stream.py
[2025-04-29T02:25:42.459+0000] {processor.py:829} INFO - Processing file /opt/airflow/dags/kafka_stream.py for tasks to queue
[2025-04-29T02:25:42.460+0000] {logging_mixin.py:151} INFO - [2025-04-29T02:25:42.460+0000] {dagbag.py:539} INFO - Filling up the DagBag from /opt/airflow/dags/kafka_stream.py
[2025-04-29T02:25:42.486+0000] {processor.py:839} INFO - DAG(s) dict_keys(['user_automation']) retrieved from /opt/airflow/dags/kafka_stream.py
[2025-04-29T02:25:42.511+0000] {logging_mixin.py:151} INFO - [2025-04-29T02:25:42.511+0000] {dag.py:2907} INFO - Sync 1 DAGs
[2025-04-29T02:25:42.532+0000] {logging_mixin.py:151} INFO - [2025-04-29T02:25:42.532+0000] {dag.py:3677} INFO - Setting next_dagrun for user_automation to 2025-04-29T00:00:00+00:00, run_after=2025-04-30T00:00:00+00:00
[2025-04-29T02:25:42.555+0000] {processor.py:179} INFO - Processing /opt/airflow/dags/kafka_stream.py took 0.100 seconds
[2025-04-29T02:26:12.822+0000] {processor.py:157} INFO - Started process (PID=4223) to work on /opt/airflow/dags/kafka_stream.py
[2025-04-29T02:26:12.824+0000] {processor.py:829} INFO - Processing file /opt/airflow/dags/kafka_stream.py for tasks to queue
[2025-04-29T02:26:12.825+0000] {logging_mixin.py:151} INFO - [2025-04-29T02:26:12.825+0000] {dagbag.py:539} INFO - Filling up the DagBag from /opt/airflow/dags/kafka_stream.py
[2025-04-29T02:26:12.863+0000] {processor.py:839} INFO - DAG(s) dict_keys(['user_automation']) retrieved from /opt/airflow/dags/kafka_stream.py
[2025-04-29T02:26:12.885+0000] {logging_mixin.py:151} INFO - [2025-04-29T02:26:12.885+0000] {dag.py:2907} INFO - Sync 1 DAGs
[2025-04-29T02:26:12.901+0000] {logging_mixin.py:151} INFO - [2025-04-29T02:26:12.900+0000] {dag.py:3677} INFO - Setting next_dagrun for user_automation to 2025-04-29T00:00:00+00:00, run_after=2025-04-30T00:00:00+00:00
[2025-04-29T02:26:12.919+0000] {processor.py:179} INFO - Processing /opt/airflow/dags/kafka_stream.py took 0.099 seconds
[2025-04-29T02:26:43.115+0000] {processor.py:157} INFO - Started process (PID=4224) to work on /opt/airflow/dags/kafka_stream.py
[2025-04-29T02:26:43.116+0000] {processor.py:829} INFO - Processing file /opt/airflow/dags/kafka_stream.py for tasks to queue
[2025-04-29T02:26:43.118+0000] {logging_mixin.py:151} INFO - [2025-04-29T02:26:43.118+0000] {dagbag.py:539} INFO - Filling up the DagBag from /opt/airflow/dags/kafka_stream.py
[2025-04-29T02:26:43.147+0000] {processor.py:839} INFO - DAG(s) dict_keys(['user_automation']) retrieved from /opt/airflow/dags/kafka_stream.py
[2025-04-29T02:26:43.166+0000] {logging_mixin.py:151} INFO - [2025-04-29T02:26:43.166+0000] {dag.py:2907} INFO - Sync 1 DAGs
[2025-04-29T02:26:43.180+0000] {logging_mixin.py:151} INFO - [2025-04-29T02:26:43.180+0000] {dag.py:3677} INFO - Setting next_dagrun for user_automation to 2025-04-29T00:00:00+00:00, run_after=2025-04-30T00:00:00+00:00
[2025-04-29T02:26:43.201+0000] {processor.py:179} INFO - Processing /opt/airflow/dags/kafka_stream.py took 0.089 seconds
[2025-04-29T02:27:13.459+0000] {processor.py:157} INFO - Started process (PID=4225) to work on /opt/airflow/dags/kafka_stream.py
[2025-04-29T02:27:13.460+0000] {processor.py:829} INFO - Processing file /opt/airflow/dags/kafka_stream.py for tasks to queue
[2025-04-29T02:27:13.462+0000] {logging_mixin.py:151} INFO - [2025-04-29T02:27:13.461+0000] {dagbag.py:539} INFO - Filling up the DagBag from /opt/airflow/dags/kafka_stream.py
[2025-04-29T02:27:13.486+0000] {processor.py:839} INFO - DAG(s) dict_keys(['user_automation']) retrieved from /opt/airflow/dags/kafka_stream.py
[2025-04-29T02:27:13.505+0000] {logging_mixin.py:151} INFO - [2025-04-29T02:27:13.505+0000] {dag.py:2907} INFO - Sync 1 DAGs
[2025-04-29T02:27:13.524+0000] {logging_mixin.py:151} INFO - [2025-04-29T02:27:13.524+0000] {dag.py:3677} INFO - Setting next_dagrun for user_automation to 2025-04-29T00:00:00+00:00, run_after=2025-04-30T00:00:00+00:00
[2025-04-29T02:27:13.543+0000] {processor.py:179} INFO - Processing /opt/airflow/dags/kafka_stream.py took 0.086 seconds
[2025-04-29T02:27:43.768+0000] {processor.py:157} INFO - Started process (PID=4226) to work on /opt/airflow/dags/kafka_stream.py
[2025-04-29T02:27:43.770+0000] {processor.py:829} INFO - Processing file /opt/airflow/dags/kafka_stream.py for tasks to queue
[2025-04-29T02:27:43.771+0000] {logging_mixin.py:151} INFO - [2025-04-29T02:27:43.771+0000] {dagbag.py:539} INFO - Filling up the DagBag from /opt/airflow/dags/kafka_stream.py
[2025-04-29T02:27:43.807+0000] {processor.py:839} INFO - DAG(s) dict_keys(['user_automation']) retrieved from /opt/airflow/dags/kafka_stream.py
[2025-04-29T02:27:43.825+0000] {logging_mixin.py:151} INFO - [2025-04-29T02:27:43.825+0000] {dag.py:2907} INFO - Sync 1 DAGs
[2025-04-29T02:27:43.839+0000] {logging_mixin.py:151} INFO - [2025-04-29T02:27:43.839+0000] {dag.py:3677} INFO - Setting next_dagrun for user_automation to 2025-04-29T00:00:00+00:00, run_after=2025-04-30T00:00:00+00:00
[2025-04-29T02:27:43.861+0000] {processor.py:179} INFO - Processing /opt/airflow/dags/kafka_stream.py took 0.097 seconds
[2025-04-29T02:28:14.128+0000] {processor.py:157} INFO - Started process (PID=4227) to work on /opt/airflow/dags/kafka_stream.py
[2025-04-29T02:28:14.130+0000] {processor.py:829} INFO - Processing file /opt/airflow/dags/kafka_stream.py for tasks to queue
[2025-04-29T02:28:14.131+0000] {logging_mixin.py:151} INFO - [2025-04-29T02:28:14.130+0000] {dagbag.py:539} INFO - Filling up the DagBag from /opt/airflow/dags/kafka_stream.py
[2025-04-29T02:28:14.158+0000] {processor.py:839} INFO - DAG(s) dict_keys(['user_automation']) retrieved from /opt/airflow/dags/kafka_stream.py
[2025-04-29T02:28:14.178+0000] {logging_mixin.py:151} INFO - [2025-04-29T02:28:14.178+0000] {dag.py:2907} INFO - Sync 1 DAGs
[2025-04-29T02:28:14.193+0000] {logging_mixin.py:151} INFO - [2025-04-29T02:28:14.193+0000] {dag.py:3677} INFO - Setting next_dagrun for user_automation to 2025-04-29T00:00:00+00:00, run_after=2025-04-30T00:00:00+00:00
[2025-04-29T02:28:14.221+0000] {processor.py:179} INFO - Processing /opt/airflow/dags/kafka_stream.py took 0.095 seconds
[2025-04-29T02:28:44.411+0000] {processor.py:157} INFO - Started process (PID=4228) to work on /opt/airflow/dags/kafka_stream.py
[2025-04-29T02:28:44.412+0000] {processor.py:829} INFO - Processing file /opt/airflow/dags/kafka_stream.py for tasks to queue
[2025-04-29T02:28:44.414+0000] {logging_mixin.py:151} INFO - [2025-04-29T02:28:44.414+0000] {dagbag.py:539} INFO - Filling up the DagBag from /opt/airflow/dags/kafka_stream.py
[2025-04-29T02:28:44.439+0000] {processor.py:839} INFO - DAG(s) dict_keys(['user_automation']) retrieved from /opt/airflow/dags/kafka_stream.py
[2025-04-29T02:28:44.459+0000] {logging_mixin.py:151} INFO - [2025-04-29T02:28:44.459+0000] {dag.py:2907} INFO - Sync 1 DAGs
[2025-04-29T02:28:44.473+0000] {logging_mixin.py:151} INFO - [2025-04-29T02:28:44.473+0000] {dag.py:3677} INFO - Setting next_dagrun for user_automation to 2025-04-29T00:00:00+00:00, run_after=2025-04-30T00:00:00+00:00
[2025-04-29T02:28:44.502+0000] {processor.py:179} INFO - Processing /opt/airflow/dags/kafka_stream.py took 0.094 seconds
[2025-04-29T02:29:14.772+0000] {processor.py:157} INFO - Started process (PID=4229) to work on /opt/airflow/dags/kafka_stream.py
[2025-04-29T02:29:14.774+0000] {processor.py:829} INFO - Processing file /opt/airflow/dags/kafka_stream.py for tasks to queue
[2025-04-29T02:29:14.775+0000] {logging_mixin.py:151} INFO - [2025-04-29T02:29:14.775+0000] {dagbag.py:539} INFO - Filling up the DagBag from /opt/airflow/dags/kafka_stream.py
[2025-04-29T02:29:14.805+0000] {processor.py:839} INFO - DAG(s) dict_keys(['user_automation']) retrieved from /opt/airflow/dags/kafka_stream.py
[2025-04-29T02:29:14.826+0000] {logging_mixin.py:151} INFO - [2025-04-29T02:29:14.826+0000] {dag.py:2907} INFO - Sync 1 DAGs
[2025-04-29T02:29:14.842+0000] {logging_mixin.py:151} INFO - [2025-04-29T02:29:14.842+0000] {dag.py:3677} INFO - Setting next_dagrun for user_automation to 2025-04-29T00:00:00+00:00, run_after=2025-04-30T00:00:00+00:00
[2025-04-29T02:29:14.870+0000] {processor.py:179} INFO - Processing /opt/airflow/dags/kafka_stream.py took 0.101 seconds
[2025-04-29T02:29:45.074+0000] {processor.py:157} INFO - Started process (PID=4230) to work on /opt/airflow/dags/kafka_stream.py
[2025-04-29T02:29:45.075+0000] {processor.py:829} INFO - Processing file /opt/airflow/dags/kafka_stream.py for tasks to queue
[2025-04-29T02:29:45.076+0000] {logging_mixin.py:151} INFO - [2025-04-29T02:29:45.076+0000] {dagbag.py:539} INFO - Filling up the DagBag from /opt/airflow/dags/kafka_stream.py
[2025-04-29T02:29:45.112+0000] {processor.py:839} INFO - DAG(s) dict_keys(['user_automation']) retrieved from /opt/airflow/dags/kafka_stream.py
[2025-04-29T02:29:45.133+0000] {logging_mixin.py:151} INFO - [2025-04-29T02:29:45.132+0000] {dag.py:2907} INFO - Sync 1 DAGs
[2025-04-29T02:29:45.149+0000] {logging_mixin.py:151} INFO - [2025-04-29T02:29:45.149+0000] {dag.py:3677} INFO - Setting next_dagrun for user_automation to 2025-04-29T00:00:00+00:00, run_after=2025-04-30T00:00:00+00:00
[2025-04-29T02:29:45.168+0000] {processor.py:179} INFO - Processing /opt/airflow/dags/kafka_stream.py took 0.098 seconds
[2025-04-29T02:30:15.463+0000] {processor.py:157} INFO - Started process (PID=4231) to work on /opt/airflow/dags/kafka_stream.py
[2025-04-29T02:30:15.465+0000] {processor.py:829} INFO - Processing file /opt/airflow/dags/kafka_stream.py for tasks to queue
[2025-04-29T02:30:15.466+0000] {logging_mixin.py:151} INFO - [2025-04-29T02:30:15.466+0000] {dagbag.py:539} INFO - Filling up the DagBag from /opt/airflow/dags/kafka_stream.py
[2025-04-29T02:30:15.500+0000] {processor.py:839} INFO - DAG(s) dict_keys(['user_automation']) retrieved from /opt/airflow/dags/kafka_stream.py
[2025-04-29T02:30:15.521+0000] {logging_mixin.py:151} INFO - [2025-04-29T02:30:15.521+0000] {dag.py:2907} INFO - Sync 1 DAGs
[2025-04-29T02:30:15.536+0000] {logging_mixin.py:151} INFO - [2025-04-29T02:30:15.536+0000] {dag.py:3677} INFO - Setting next_dagrun for user_automation to 2025-04-29T00:00:00+00:00, run_after=2025-04-30T00:00:00+00:00
[2025-04-29T02:30:15.563+0000] {processor.py:179} INFO - Processing /opt/airflow/dags/kafka_stream.py took 0.103 seconds
[2025-04-29T02:30:45.752+0000] {processor.py:157} INFO - Started process (PID=4232) to work on /opt/airflow/dags/kafka_stream.py
[2025-04-29T02:30:45.753+0000] {processor.py:829} INFO - Processing file /opt/airflow/dags/kafka_stream.py for tasks to queue
[2025-04-29T02:30:45.755+0000] {logging_mixin.py:151} INFO - [2025-04-29T02:30:45.754+0000] {dagbag.py:539} INFO - Filling up the DagBag from /opt/airflow/dags/kafka_stream.py
[2025-04-29T02:30:45.781+0000] {processor.py:839} INFO - DAG(s) dict_keys(['user_automation']) retrieved from /opt/airflow/dags/kafka_stream.py
[2025-04-29T02:30:45.801+0000] {logging_mixin.py:151} INFO - [2025-04-29T02:30:45.800+0000] {dag.py:2907} INFO - Sync 1 DAGs
[2025-04-29T02:30:45.815+0000] {logging_mixin.py:151} INFO - [2025-04-29T02:30:45.815+0000] {dag.py:3677} INFO - Setting next_dagrun for user_automation to 2025-04-29T00:00:00+00:00, run_after=2025-04-30T00:00:00+00:00
[2025-04-29T02:30:45.841+0000] {processor.py:179} INFO - Processing /opt/airflow/dags/kafka_stream.py took 0.092 seconds
[2025-04-29T02:31:16.261+0000] {processor.py:157} INFO - Started process (PID=4233) to work on /opt/airflow/dags/kafka_stream.py
[2025-04-29T02:31:16.263+0000] {processor.py:829} INFO - Processing file /opt/airflow/dags/kafka_stream.py for tasks to queue
[2025-04-29T02:31:16.264+0000] {logging_mixin.py:151} INFO - [2025-04-29T02:31:16.264+0000] {dagbag.py:539} INFO - Filling up the DagBag from /opt/airflow/dags/kafka_stream.py
[2025-04-29T02:31:16.295+0000] {processor.py:839} INFO - DAG(s) dict_keys(['user_automation']) retrieved from /opt/airflow/dags/kafka_stream.py
[2025-04-29T02:31:16.315+0000] {logging_mixin.py:151} INFO - [2025-04-29T02:31:16.315+0000] {dag.py:2907} INFO - Sync 1 DAGs
[2025-04-29T02:31:16.331+0000] {logging_mixin.py:151} INFO - [2025-04-29T02:31:16.331+0000] {dag.py:3677} INFO - Setting next_dagrun for user_automation to 2025-04-29T00:00:00+00:00, run_after=2025-04-30T00:00:00+00:00
[2025-04-29T02:31:16.350+0000] {processor.py:179} INFO - Processing /opt/airflow/dags/kafka_stream.py took 0.091 seconds
[2025-04-29T02:31:46.579+0000] {processor.py:157} INFO - Started process (PID=4234) to work on /opt/airflow/dags/kafka_stream.py
[2025-04-29T02:31:46.581+0000] {processor.py:829} INFO - Processing file /opt/airflow/dags/kafka_stream.py for tasks to queue
[2025-04-29T02:31:46.582+0000] {logging_mixin.py:151} INFO - [2025-04-29T02:31:46.582+0000] {dagbag.py:539} INFO - Filling up the DagBag from /opt/airflow/dags/kafka_stream.py
[2025-04-29T02:31:46.606+0000] {processor.py:839} INFO - DAG(s) dict_keys(['user_automation']) retrieved from /opt/airflow/dags/kafka_stream.py
[2025-04-29T02:31:46.626+0000] {logging_mixin.py:151} INFO - [2025-04-29T02:31:46.626+0000] {dag.py:2907} INFO - Sync 1 DAGs
[2025-04-29T02:31:46.641+0000] {logging_mixin.py:151} INFO - [2025-04-29T02:31:46.641+0000] {dag.py:3677} INFO - Setting next_dagrun for user_automation to 2025-04-29T00:00:00+00:00, run_after=2025-04-30T00:00:00+00:00
[2025-04-29T02:31:46.670+0000] {processor.py:179} INFO - Processing /opt/airflow/dags/kafka_stream.py took 0.094 seconds
[2025-04-29T02:32:16.956+0000] {processor.py:157} INFO - Started process (PID=4235) to work on /opt/airflow/dags/kafka_stream.py
[2025-04-29T02:32:16.957+0000] {processor.py:829} INFO - Processing file /opt/airflow/dags/kafka_stream.py for tasks to queue
[2025-04-29T02:32:16.959+0000] {logging_mixin.py:151} INFO - [2025-04-29T02:32:16.958+0000] {dagbag.py:539} INFO - Filling up the DagBag from /opt/airflow/dags/kafka_stream.py
[2025-04-29T02:32:16.982+0000] {processor.py:839} INFO - DAG(s) dict_keys(['user_automation']) retrieved from /opt/airflow/dags/kafka_stream.py
[2025-04-29T02:32:17.004+0000] {logging_mixin.py:151} INFO - [2025-04-29T02:32:17.004+0000] {dag.py:2907} INFO - Sync 1 DAGs
[2025-04-29T02:32:17.022+0000] {logging_mixin.py:151} INFO - [2025-04-29T02:32:17.022+0000] {dag.py:3677} INFO - Setting next_dagrun for user_automation to 2025-04-29T00:00:00+00:00, run_after=2025-04-30T00:00:00+00:00
[2025-04-29T02:32:17.055+0000] {processor.py:179} INFO - Processing /opt/airflow/dags/kafka_stream.py took 0.102 seconds
[2025-04-29T02:32:47.285+0000] {processor.py:157} INFO - Started process (PID=4236) to work on /opt/airflow/dags/kafka_stream.py
[2025-04-29T02:32:47.286+0000] {processor.py:829} INFO - Processing file /opt/airflow/dags/kafka_stream.py for tasks to queue
[2025-04-29T02:32:47.288+0000] {logging_mixin.py:151} INFO - [2025-04-29T02:32:47.287+0000] {dagbag.py:539} INFO - Filling up the DagBag from /opt/airflow/dags/kafka_stream.py
[2025-04-29T02:32:47.320+0000] {processor.py:839} INFO - DAG(s) dict_keys(['user_automation']) retrieved from /opt/airflow/dags/kafka_stream.py
[2025-04-29T02:32:47.338+0000] {logging_mixin.py:151} INFO - [2025-04-29T02:32:47.338+0000] {dag.py:2907} INFO - Sync 1 DAGs
[2025-04-29T02:32:47.352+0000] {logging_mixin.py:151} INFO - [2025-04-29T02:32:47.352+0000] {dag.py:3677} INFO - Setting next_dagrun for user_automation to 2025-04-29T00:00:00+00:00, run_after=2025-04-30T00:00:00+00:00
[2025-04-29T02:32:47.380+0000] {processor.py:179} INFO - Processing /opt/airflow/dags/kafka_stream.py took 0.098 seconds
[2025-04-29T02:33:17.672+0000] {processor.py:157} INFO - Started process (PID=4237) to work on /opt/airflow/dags/kafka_stream.py
[2025-04-29T02:33:17.673+0000] {processor.py:829} INFO - Processing file /opt/airflow/dags/kafka_stream.py for tasks to queue
[2025-04-29T02:33:17.674+0000] {logging_mixin.py:151} INFO - [2025-04-29T02:33:17.674+0000] {dagbag.py:539} INFO - Filling up the DagBag from /opt/airflow/dags/kafka_stream.py
[2025-04-29T02:33:17.695+0000] {processor.py:839} INFO - DAG(s) dict_keys(['user_automation']) retrieved from /opt/airflow/dags/kafka_stream.py
[2025-04-29T02:33:17.716+0000] {logging_mixin.py:151} INFO - [2025-04-29T02:33:17.716+0000] {dag.py:2907} INFO - Sync 1 DAGs
[2025-04-29T02:33:17.733+0000] {logging_mixin.py:151} INFO - [2025-04-29T02:33:17.732+0000] {dag.py:3677} INFO - Setting next_dagrun for user_automation to 2025-04-29T00:00:00+00:00, run_after=2025-04-30T00:00:00+00:00
[2025-04-29T02:33:17.753+0000] {processor.py:179} INFO - Processing /opt/airflow/dags/kafka_stream.py took 0.083 seconds
[2025-04-29T02:33:47.993+0000] {processor.py:157} INFO - Started process (PID=4238) to work on /opt/airflow/dags/kafka_stream.py
[2025-04-29T02:33:47.994+0000] {processor.py:829} INFO - Processing file /opt/airflow/dags/kafka_stream.py for tasks to queue
[2025-04-29T02:33:47.996+0000] {logging_mixin.py:151} INFO - [2025-04-29T02:33:47.996+0000] {dagbag.py:539} INFO - Filling up the DagBag from /opt/airflow/dags/kafka_stream.py
[2025-04-29T02:33:48.028+0000] {processor.py:839} INFO - DAG(s) dict_keys(['user_automation']) retrieved from /opt/airflow/dags/kafka_stream.py
[2025-04-29T02:33:48.049+0000] {logging_mixin.py:151} INFO - [2025-04-29T02:33:48.049+0000] {dag.py:2907} INFO - Sync 1 DAGs
[2025-04-29T02:33:48.064+0000] {logging_mixin.py:151} INFO - [2025-04-29T02:33:48.063+0000] {dag.py:3677} INFO - Setting next_dagrun for user_automation to 2025-04-29T00:00:00+00:00, run_after=2025-04-30T00:00:00+00:00
[2025-04-29T02:33:48.081+0000] {processor.py:179} INFO - Processing /opt/airflow/dags/kafka_stream.py took 0.091 seconds
[2025-04-29T02:34:18.337+0000] {processor.py:157} INFO - Started process (PID=4239) to work on /opt/airflow/dags/kafka_stream.py
[2025-04-29T02:34:18.338+0000] {processor.py:829} INFO - Processing file /opt/airflow/dags/kafka_stream.py for tasks to queue
[2025-04-29T02:34:18.339+0000] {logging_mixin.py:151} INFO - [2025-04-29T02:34:18.339+0000] {dagbag.py:539} INFO - Filling up the DagBag from /opt/airflow/dags/kafka_stream.py
[2025-04-29T02:34:18.361+0000] {processor.py:839} INFO - DAG(s) dict_keys(['user_automation']) retrieved from /opt/airflow/dags/kafka_stream.py
[2025-04-29T02:34:18.380+0000] {logging_mixin.py:151} INFO - [2025-04-29T02:34:18.380+0000] {dag.py:2907} INFO - Sync 1 DAGs
[2025-04-29T02:34:18.394+0000] {logging_mixin.py:151} INFO - [2025-04-29T02:34:18.394+0000] {dag.py:3677} INFO - Setting next_dagrun for user_automation to 2025-04-29T00:00:00+00:00, run_after=2025-04-30T00:00:00+00:00
[2025-04-29T02:34:18.413+0000] {processor.py:179} INFO - Processing /opt/airflow/dags/kafka_stream.py took 0.079 seconds
[2025-04-29T02:34:48.675+0000] {processor.py:157} INFO - Started process (PID=4240) to work on /opt/airflow/dags/kafka_stream.py
[2025-04-29T02:34:48.677+0000] {processor.py:829} INFO - Processing file /opt/airflow/dags/kafka_stream.py for tasks to queue
[2025-04-29T02:34:48.678+0000] {logging_mixin.py:151} INFO - [2025-04-29T02:34:48.677+0000] {dagbag.py:539} INFO - Filling up the DagBag from /opt/airflow/dags/kafka_stream.py
[2025-04-29T02:34:48.695+0000] {processor.py:839} INFO - DAG(s) dict_keys(['user_automation']) retrieved from /opt/airflow/dags/kafka_stream.py
[2025-04-29T02:34:48.715+0000] {logging_mixin.py:151} INFO - [2025-04-29T02:34:48.715+0000] {dag.py:2907} INFO - Sync 1 DAGs
[2025-04-29T02:34:48.729+0000] {logging_mixin.py:151} INFO - [2025-04-29T02:34:48.729+0000] {dag.py:3677} INFO - Setting next_dagrun for user_automation to 2025-04-29T00:00:00+00:00, run_after=2025-04-30T00:00:00+00:00
[2025-04-29T02:34:48.750+0000] {processor.py:179} INFO - Processing /opt/airflow/dags/kafka_stream.py took 0.077 seconds
[2025-04-29T02:35:18.993+0000] {processor.py:157} INFO - Started process (PID=4241) to work on /opt/airflow/dags/kafka_stream.py
[2025-04-29T02:35:18.994+0000] {processor.py:829} INFO - Processing file /opt/airflow/dags/kafka_stream.py for tasks to queue
[2025-04-29T02:35:18.995+0000] {logging_mixin.py:151} INFO - [2025-04-29T02:35:18.995+0000] {dagbag.py:539} INFO - Filling up the DagBag from /opt/airflow/dags/kafka_stream.py
[2025-04-29T02:35:19.028+0000] {processor.py:839} INFO - DAG(s) dict_keys(['user_automation']) retrieved from /opt/airflow/dags/kafka_stream.py
[2025-04-29T02:35:19.047+0000] {logging_mixin.py:151} INFO - [2025-04-29T02:35:19.046+0000] {dag.py:2907} INFO - Sync 1 DAGs
[2025-04-29T02:35:19.061+0000] {logging_mixin.py:151} INFO - [2025-04-29T02:35:19.061+0000] {dag.py:3677} INFO - Setting next_dagrun for user_automation to 2025-04-29T00:00:00+00:00, run_after=2025-04-30T00:00:00+00:00
[2025-04-29T02:35:19.081+0000] {processor.py:179} INFO - Processing /opt/airflow/dags/kafka_stream.py took 0.092 seconds
[2025-04-29T02:35:49.337+0000] {processor.py:157} INFO - Started process (PID=4242) to work on /opt/airflow/dags/kafka_stream.py
[2025-04-29T02:35:49.339+0000] {processor.py:829} INFO - Processing file /opt/airflow/dags/kafka_stream.py for tasks to queue
[2025-04-29T02:35:49.340+0000] {logging_mixin.py:151} INFO - [2025-04-29T02:35:49.340+0000] {dagbag.py:539} INFO - Filling up the DagBag from /opt/airflow/dags/kafka_stream.py
[2025-04-29T02:35:49.370+0000] {processor.py:839} INFO - DAG(s) dict_keys(['user_automation']) retrieved from /opt/airflow/dags/kafka_stream.py
[2025-04-29T02:35:49.389+0000] {logging_mixin.py:151} INFO - [2025-04-29T02:35:49.389+0000] {dag.py:2907} INFO - Sync 1 DAGs
[2025-04-29T02:35:49.404+0000] {logging_mixin.py:151} INFO - [2025-04-29T02:35:49.403+0000] {dag.py:3677} INFO - Setting next_dagrun for user_automation to 2025-04-29T00:00:00+00:00, run_after=2025-04-30T00:00:00+00:00
[2025-04-29T02:35:49.424+0000] {processor.py:179} INFO - Processing /opt/airflow/dags/kafka_stream.py took 0.089 seconds
[2025-04-29T02:36:19.779+0000] {processor.py:157} INFO - Started process (PID=4243) to work on /opt/airflow/dags/kafka_stream.py
[2025-04-29T02:36:19.781+0000] {processor.py:829} INFO - Processing file /opt/airflow/dags/kafka_stream.py for tasks to queue
[2025-04-29T02:36:19.782+0000] {logging_mixin.py:151} INFO - [2025-04-29T02:36:19.782+0000] {dagbag.py:539} INFO - Filling up the DagBag from /opt/airflow/dags/kafka_stream.py
[2025-04-29T02:36:19.809+0000] {processor.py:839} INFO - DAG(s) dict_keys(['user_automation']) retrieved from /opt/airflow/dags/kafka_stream.py
[2025-04-29T02:36:19.829+0000] {logging_mixin.py:151} INFO - [2025-04-29T02:36:19.828+0000] {dag.py:2907} INFO - Sync 1 DAGs
[2025-04-29T02:36:19.843+0000] {logging_mixin.py:151} INFO - [2025-04-29T02:36:19.842+0000] {dag.py:3677} INFO - Setting next_dagrun for user_automation to 2025-04-29T00:00:00+00:00, run_after=2025-04-30T00:00:00+00:00
[2025-04-29T02:36:19.870+0000] {processor.py:179} INFO - Processing /opt/airflow/dags/kafka_stream.py took 0.093 seconds
[2025-04-29T02:36:50.131+0000] {processor.py:157} INFO - Started process (PID=4244) to work on /opt/airflow/dags/kafka_stream.py
[2025-04-29T02:36:50.133+0000] {processor.py:829} INFO - Processing file /opt/airflow/dags/kafka_stream.py for tasks to queue
[2025-04-29T02:36:50.135+0000] {logging_mixin.py:151} INFO - [2025-04-29T02:36:50.134+0000] {dagbag.py:539} INFO - Filling up the DagBag from /opt/airflow/dags/kafka_stream.py
[2025-04-29T02:36:50.171+0000] {processor.py:839} INFO - DAG(s) dict_keys(['user_automation']) retrieved from /opt/airflow/dags/kafka_stream.py
[2025-04-29T02:36:50.194+0000] {logging_mixin.py:151} INFO - [2025-04-29T02:36:50.194+0000] {dag.py:2907} INFO - Sync 1 DAGs
[2025-04-29T02:36:50.209+0000] {logging_mixin.py:151} INFO - [2025-04-29T02:36:50.209+0000] {dag.py:3677} INFO - Setting next_dagrun for user_automation to 2025-04-29T00:00:00+00:00, run_after=2025-04-30T00:00:00+00:00
[2025-04-29T02:36:50.235+0000] {processor.py:179} INFO - Processing /opt/airflow/dags/kafka_stream.py took 0.107 seconds
[2025-04-29T02:37:20.480+0000] {processor.py:157} INFO - Started process (PID=4245) to work on /opt/airflow/dags/kafka_stream.py
[2025-04-29T02:37:20.482+0000] {processor.py:829} INFO - Processing file /opt/airflow/dags/kafka_stream.py for tasks to queue
[2025-04-29T02:37:20.483+0000] {logging_mixin.py:151} INFO - [2025-04-29T02:37:20.483+0000] {dagbag.py:539} INFO - Filling up the DagBag from /opt/airflow/dags/kafka_stream.py
[2025-04-29T02:37:20.513+0000] {processor.py:839} INFO - DAG(s) dict_keys(['user_automation']) retrieved from /opt/airflow/dags/kafka_stream.py
[2025-04-29T02:37:20.532+0000] {logging_mixin.py:151} INFO - [2025-04-29T02:37:20.532+0000] {dag.py:2907} INFO - Sync 1 DAGs
[2025-04-29T02:37:20.547+0000] {logging_mixin.py:151} INFO - [2025-04-29T02:37:20.547+0000] {dag.py:3677} INFO - Setting next_dagrun for user_automation to 2025-04-29T00:00:00+00:00, run_after=2025-04-30T00:00:00+00:00
[2025-04-29T02:37:20.575+0000] {processor.py:179} INFO - Processing /opt/airflow/dags/kafka_stream.py took 0.098 seconds
[2025-04-29T02:37:50.836+0000] {processor.py:157} INFO - Started process (PID=4246) to work on /opt/airflow/dags/kafka_stream.py
[2025-04-29T02:37:50.837+0000] {processor.py:829} INFO - Processing file /opt/airflow/dags/kafka_stream.py for tasks to queue
[2025-04-29T02:37:50.838+0000] {logging_mixin.py:151} INFO - [2025-04-29T02:37:50.838+0000] {dagbag.py:539} INFO - Filling up the DagBag from /opt/airflow/dags/kafka_stream.py
[2025-04-29T02:37:50.871+0000] {processor.py:839} INFO - DAG(s) dict_keys(['user_automation']) retrieved from /opt/airflow/dags/kafka_stream.py
[2025-04-29T02:37:50.895+0000] {logging_mixin.py:151} INFO - [2025-04-29T02:37:50.895+0000] {dag.py:2907} INFO - Sync 1 DAGs
[2025-04-29T02:37:50.909+0000] {logging_mixin.py:151} INFO - [2025-04-29T02:37:50.909+0000] {dag.py:3677} INFO - Setting next_dagrun for user_automation to 2025-04-29T00:00:00+00:00, run_after=2025-04-30T00:00:00+00:00
[2025-04-29T02:37:50.937+0000] {processor.py:179} INFO - Processing /opt/airflow/dags/kafka_stream.py took 0.105 seconds
[2025-04-29T02:38:21.186+0000] {processor.py:157} INFO - Started process (PID=4247) to work on /opt/airflow/dags/kafka_stream.py
[2025-04-29T02:38:21.188+0000] {processor.py:829} INFO - Processing file /opt/airflow/dags/kafka_stream.py for tasks to queue
[2025-04-29T02:38:21.189+0000] {logging_mixin.py:151} INFO - [2025-04-29T02:38:21.189+0000] {dagbag.py:539} INFO - Filling up the DagBag from /opt/airflow/dags/kafka_stream.py
[2025-04-29T02:38:21.223+0000] {processor.py:839} INFO - DAG(s) dict_keys(['user_automation']) retrieved from /opt/airflow/dags/kafka_stream.py
[2025-04-29T02:38:21.245+0000] {logging_mixin.py:151} INFO - [2025-04-29T02:38:21.245+0000] {dag.py:2907} INFO - Sync 1 DAGs
[2025-04-29T02:38:21.259+0000] {logging_mixin.py:151} INFO - [2025-04-29T02:38:21.259+0000] {dag.py:3677} INFO - Setting next_dagrun for user_automation to 2025-04-29T00:00:00+00:00, run_after=2025-04-30T00:00:00+00:00
[2025-04-29T02:38:21.279+0000] {processor.py:179} INFO - Processing /opt/airflow/dags/kafka_stream.py took 0.097 seconds
[2025-04-29T02:38:51.522+0000] {processor.py:157} INFO - Started process (PID=4248) to work on /opt/airflow/dags/kafka_stream.py
[2025-04-29T02:38:51.523+0000] {processor.py:829} INFO - Processing file /opt/airflow/dags/kafka_stream.py for tasks to queue
[2025-04-29T02:38:51.525+0000] {logging_mixin.py:151} INFO - [2025-04-29T02:38:51.524+0000] {dagbag.py:539} INFO - Filling up the DagBag from /opt/airflow/dags/kafka_stream.py
[2025-04-29T02:38:51.556+0000] {processor.py:839} INFO - DAG(s) dict_keys(['user_automation']) retrieved from /opt/airflow/dags/kafka_stream.py
[2025-04-29T02:38:51.579+0000] {logging_mixin.py:151} INFO - [2025-04-29T02:38:51.579+0000] {dag.py:2907} INFO - Sync 1 DAGs
[2025-04-29T02:38:51.594+0000] {logging_mixin.py:151} INFO - [2025-04-29T02:38:51.593+0000] {dag.py:3677} INFO - Setting next_dagrun for user_automation to 2025-04-29T00:00:00+00:00, run_after=2025-04-30T00:00:00+00:00
[2025-04-29T02:38:51.614+0000] {processor.py:179} INFO - Processing /opt/airflow/dags/kafka_stream.py took 0.095 seconds
[2025-04-29T02:39:21.909+0000] {processor.py:157} INFO - Started process (PID=4249) to work on /opt/airflow/dags/kafka_stream.py
[2025-04-29T02:39:21.911+0000] {processor.py:829} INFO - Processing file /opt/airflow/dags/kafka_stream.py for tasks to queue
[2025-04-29T02:39:21.912+0000] {logging_mixin.py:151} INFO - [2025-04-29T02:39:21.912+0000] {dagbag.py:539} INFO - Filling up the DagBag from /opt/airflow/dags/kafka_stream.py
[2025-04-29T02:39:21.942+0000] {processor.py:839} INFO - DAG(s) dict_keys(['user_automation']) retrieved from /opt/airflow/dags/kafka_stream.py
[2025-04-29T02:39:21.967+0000] {logging_mixin.py:151} INFO - [2025-04-29T02:39:21.966+0000] {dag.py:2907} INFO - Sync 1 DAGs
[2025-04-29T02:39:21.987+0000] {logging_mixin.py:151} INFO - [2025-04-29T02:39:21.987+0000] {dag.py:3677} INFO - Setting next_dagrun for user_automation to 2025-04-29T00:00:00+00:00, run_after=2025-04-30T00:00:00+00:00
[2025-04-29T02:39:22.018+0000] {processor.py:179} INFO - Processing /opt/airflow/dags/kafka_stream.py took 0.112 seconds
[2025-04-29T02:39:52.248+0000] {processor.py:157} INFO - Started process (PID=4250) to work on /opt/airflow/dags/kafka_stream.py
[2025-04-29T02:39:52.249+0000] {processor.py:829} INFO - Processing file /opt/airflow/dags/kafka_stream.py for tasks to queue
[2025-04-29T02:39:52.251+0000] {logging_mixin.py:151} INFO - [2025-04-29T02:39:52.251+0000] {dagbag.py:539} INFO - Filling up the DagBag from /opt/airflow/dags/kafka_stream.py
[2025-04-29T02:39:52.284+0000] {processor.py:839} INFO - DAG(s) dict_keys(['user_automation']) retrieved from /opt/airflow/dags/kafka_stream.py
[2025-04-29T02:39:52.304+0000] {logging_mixin.py:151} INFO - [2025-04-29T02:39:52.304+0000] {dag.py:2907} INFO - Sync 1 DAGs
[2025-04-29T02:39:52.319+0000] {logging_mixin.py:151} INFO - [2025-04-29T02:39:52.318+0000] {dag.py:3677} INFO - Setting next_dagrun for user_automation to 2025-04-29T00:00:00+00:00, run_after=2025-04-30T00:00:00+00:00
[2025-04-29T02:39:52.345+0000] {processor.py:179} INFO - Processing /opt/airflow/dags/kafka_stream.py took 0.101 seconds
[2025-04-29T02:40:22.645+0000] {processor.py:157} INFO - Started process (PID=4251) to work on /opt/airflow/dags/kafka_stream.py
[2025-04-29T02:40:22.646+0000] {processor.py:829} INFO - Processing file /opt/airflow/dags/kafka_stream.py for tasks to queue
[2025-04-29T02:40:22.647+0000] {logging_mixin.py:151} INFO - [2025-04-29T02:40:22.647+0000] {dagbag.py:539} INFO - Filling up the DagBag from /opt/airflow/dags/kafka_stream.py
[2025-04-29T02:40:22.677+0000] {processor.py:839} INFO - DAG(s) dict_keys(['user_automation']) retrieved from /opt/airflow/dags/kafka_stream.py
[2025-04-29T02:40:22.702+0000] {logging_mixin.py:151} INFO - [2025-04-29T02:40:22.702+0000] {dag.py:2907} INFO - Sync 1 DAGs
[2025-04-29T02:40:22.717+0000] {logging_mixin.py:151} INFO - [2025-04-29T02:40:22.717+0000] {dag.py:3677} INFO - Setting next_dagrun for user_automation to 2025-04-29T00:00:00+00:00, run_after=2025-04-30T00:00:00+00:00
[2025-04-29T02:40:22.746+0000] {processor.py:179} INFO - Processing /opt/airflow/dags/kafka_stream.py took 0.104 seconds
[2025-04-29T02:40:52.982+0000] {processor.py:157} INFO - Started process (PID=4252) to work on /opt/airflow/dags/kafka_stream.py
[2025-04-29T02:40:52.984+0000] {processor.py:829} INFO - Processing file /opt/airflow/dags/kafka_stream.py for tasks to queue
[2025-04-29T02:40:52.985+0000] {logging_mixin.py:151} INFO - [2025-04-29T02:40:52.985+0000] {dagbag.py:539} INFO - Filling up the DagBag from /opt/airflow/dags/kafka_stream.py
[2025-04-29T02:40:53.032+0000] {processor.py:839} INFO - DAG(s) dict_keys(['user_automation']) retrieved from /opt/airflow/dags/kafka_stream.py
[2025-04-29T02:40:53.055+0000] {logging_mixin.py:151} INFO - [2025-04-29T02:40:53.055+0000] {dag.py:2907} INFO - Sync 1 DAGs
[2025-04-29T02:40:53.071+0000] {logging_mixin.py:151} INFO - [2025-04-29T02:40:53.071+0000] {dag.py:3677} INFO - Setting next_dagrun for user_automation to 2025-04-29T00:00:00+00:00, run_after=2025-04-30T00:00:00+00:00
[2025-04-29T02:40:53.095+0000] {processor.py:179} INFO - Processing /opt/airflow/dags/kafka_stream.py took 0.116 seconds
[2025-04-29T02:41:23.408+0000] {processor.py:157} INFO - Started process (PID=4253) to work on /opt/airflow/dags/kafka_stream.py
[2025-04-29T02:41:23.409+0000] {processor.py:829} INFO - Processing file /opt/airflow/dags/kafka_stream.py for tasks to queue
[2025-04-29T02:41:23.411+0000] {logging_mixin.py:151} INFO - [2025-04-29T02:41:23.410+0000] {dagbag.py:539} INFO - Filling up the DagBag from /opt/airflow/dags/kafka_stream.py
[2025-04-29T02:41:23.446+0000] {processor.py:839} INFO - DAG(s) dict_keys(['user_automation']) retrieved from /opt/airflow/dags/kafka_stream.py
[2025-04-29T02:41:23.472+0000] {logging_mixin.py:151} INFO - [2025-04-29T02:41:23.471+0000] {dag.py:2907} INFO - Sync 1 DAGs
[2025-04-29T02:41:23.488+0000] {logging_mixin.py:151} INFO - [2025-04-29T02:41:23.488+0000] {dag.py:3677} INFO - Setting next_dagrun for user_automation to 2025-04-29T00:00:00+00:00, run_after=2025-04-30T00:00:00+00:00
[2025-04-29T02:41:23.507+0000] {processor.py:179} INFO - Processing /opt/airflow/dags/kafka_stream.py took 0.102 seconds
[2025-04-29T02:41:53.724+0000] {processor.py:157} INFO - Started process (PID=4254) to work on /opt/airflow/dags/kafka_stream.py
[2025-04-29T02:41:53.726+0000] {processor.py:829} INFO - Processing file /opt/airflow/dags/kafka_stream.py for tasks to queue
[2025-04-29T02:41:53.727+0000] {logging_mixin.py:151} INFO - [2025-04-29T02:41:53.727+0000] {dagbag.py:539} INFO - Filling up the DagBag from /opt/airflow/dags/kafka_stream.py
[2025-04-29T02:41:53.763+0000] {processor.py:839} INFO - DAG(s) dict_keys(['user_automation']) retrieved from /opt/airflow/dags/kafka_stream.py
[2025-04-29T02:41:53.788+0000] {logging_mixin.py:151} INFO - [2025-04-29T02:41:53.788+0000] {dag.py:2907} INFO - Sync 1 DAGs
[2025-04-29T02:41:53.804+0000] {logging_mixin.py:151} INFO - [2025-04-29T02:41:53.804+0000] {dag.py:3677} INFO - Setting next_dagrun for user_automation to 2025-04-29T00:00:00+00:00, run_after=2025-04-30T00:00:00+00:00
[2025-04-29T02:41:53.823+0000] {processor.py:179} INFO - Processing /opt/airflow/dags/kafka_stream.py took 0.103 seconds
[2025-04-29T02:42:24.126+0000] {processor.py:157} INFO - Started process (PID=4255) to work on /opt/airflow/dags/kafka_stream.py
[2025-04-29T02:42:24.128+0000] {processor.py:829} INFO - Processing file /opt/airflow/dags/kafka_stream.py for tasks to queue
[2025-04-29T02:42:24.130+0000] {logging_mixin.py:151} INFO - [2025-04-29T02:42:24.130+0000] {dagbag.py:539} INFO - Filling up the DagBag from /opt/airflow/dags/kafka_stream.py
[2025-04-29T02:42:24.160+0000] {processor.py:839} INFO - DAG(s) dict_keys(['user_automation']) retrieved from /opt/airflow/dags/kafka_stream.py
[2025-04-29T02:42:24.187+0000] {logging_mixin.py:151} INFO - [2025-04-29T02:42:24.187+0000] {dag.py:2907} INFO - Sync 1 DAGs
[2025-04-29T02:42:24.209+0000] {logging_mixin.py:151} INFO - [2025-04-29T02:42:24.209+0000] {dag.py:3677} INFO - Setting next_dagrun for user_automation to 2025-04-29T00:00:00+00:00, run_after=2025-04-30T00:00:00+00:00
[2025-04-29T02:42:24.233+0000] {processor.py:179} INFO - Processing /opt/airflow/dags/kafka_stream.py took 0.113 seconds
[2025-04-29T02:42:54.414+0000] {processor.py:157} INFO - Started process (PID=4256) to work on /opt/airflow/dags/kafka_stream.py
[2025-04-29T02:42:54.416+0000] {processor.py:829} INFO - Processing file /opt/airflow/dags/kafka_stream.py for tasks to queue
[2025-04-29T02:42:54.417+0000] {logging_mixin.py:151} INFO - [2025-04-29T02:42:54.416+0000] {dagbag.py:539} INFO - Filling up the DagBag from /opt/airflow/dags/kafka_stream.py
[2025-04-29T02:42:54.443+0000] {processor.py:839} INFO - DAG(s) dict_keys(['user_automation']) retrieved from /opt/airflow/dags/kafka_stream.py
[2025-04-29T02:42:54.465+0000] {logging_mixin.py:151} INFO - [2025-04-29T02:42:54.465+0000] {dag.py:2907} INFO - Sync 1 DAGs
[2025-04-29T02:42:54.481+0000] {logging_mixin.py:151} INFO - [2025-04-29T02:42:54.481+0000] {dag.py:3677} INFO - Setting next_dagrun for user_automation to 2025-04-29T00:00:00+00:00, run_after=2025-04-30T00:00:00+00:00
[2025-04-29T02:42:54.502+0000] {processor.py:179} INFO - Processing /opt/airflow/dags/kafka_stream.py took 0.090 seconds
[2025-04-29T02:43:24.858+0000] {processor.py:157} INFO - Started process (PID=4257) to work on /opt/airflow/dags/kafka_stream.py
[2025-04-29T02:43:24.860+0000] {processor.py:829} INFO - Processing file /opt/airflow/dags/kafka_stream.py for tasks to queue
[2025-04-29T02:43:24.861+0000] {logging_mixin.py:151} INFO - [2025-04-29T02:43:24.861+0000] {dagbag.py:539} INFO - Filling up the DagBag from /opt/airflow/dags/kafka_stream.py
[2025-04-29T02:43:24.894+0000] {processor.py:839} INFO - DAG(s) dict_keys(['user_automation']) retrieved from /opt/airflow/dags/kafka_stream.py
[2025-04-29T02:43:24.920+0000] {logging_mixin.py:151} INFO - [2025-04-29T02:43:24.920+0000] {dag.py:2907} INFO - Sync 1 DAGs
[2025-04-29T02:43:24.940+0000] {logging_mixin.py:151} INFO - [2025-04-29T02:43:24.940+0000] {dag.py:3677} INFO - Setting next_dagrun for user_automation to 2025-04-29T00:00:00+00:00, run_after=2025-04-30T00:00:00+00:00
[2025-04-29T02:43:24.967+0000] {processor.py:179} INFO - Processing /opt/airflow/dags/kafka_stream.py took 0.112 seconds
[2025-04-29T02:43:55.201+0000] {processor.py:157} INFO - Started process (PID=4258) to work on /opt/airflow/dags/kafka_stream.py
[2025-04-29T02:43:55.202+0000] {processor.py:829} INFO - Processing file /opt/airflow/dags/kafka_stream.py for tasks to queue
[2025-04-29T02:43:55.203+0000] {logging_mixin.py:151} INFO - [2025-04-29T02:43:55.203+0000] {dagbag.py:539} INFO - Filling up the DagBag from /opt/airflow/dags/kafka_stream.py
[2025-04-29T02:43:55.235+0000] {processor.py:839} INFO - DAG(s) dict_keys(['user_automation']) retrieved from /opt/airflow/dags/kafka_stream.py
[2025-04-29T02:43:55.256+0000] {logging_mixin.py:151} INFO - [2025-04-29T02:43:55.256+0000] {dag.py:2907} INFO - Sync 1 DAGs
[2025-04-29T02:43:55.271+0000] {logging_mixin.py:151} INFO - [2025-04-29T02:43:55.271+0000] {dag.py:3677} INFO - Setting next_dagrun for user_automation to 2025-04-29T00:00:00+00:00, run_after=2025-04-30T00:00:00+00:00
[2025-04-29T02:43:55.298+0000] {processor.py:179} INFO - Processing /opt/airflow/dags/kafka_stream.py took 0.101 seconds
[2025-04-29T02:44:25.580+0000] {processor.py:157} INFO - Started process (PID=4259) to work on /opt/airflow/dags/kafka_stream.py
[2025-04-29T02:44:25.582+0000] {processor.py:829} INFO - Processing file /opt/airflow/dags/kafka_stream.py for tasks to queue
[2025-04-29T02:44:25.583+0000] {logging_mixin.py:151} INFO - [2025-04-29T02:44:25.583+0000] {dagbag.py:539} INFO - Filling up the DagBag from /opt/airflow/dags/kafka_stream.py
[2025-04-29T02:44:25.613+0000] {processor.py:839} INFO - DAG(s) dict_keys(['user_automation']) retrieved from /opt/airflow/dags/kafka_stream.py
[2025-04-29T02:44:25.640+0000] {logging_mixin.py:151} INFO - [2025-04-29T02:44:25.639+0000] {dag.py:2907} INFO - Sync 1 DAGs
[2025-04-29T02:44:25.661+0000] {logging_mixin.py:151} INFO - [2025-04-29T02:44:25.661+0000] {dag.py:3677} INFO - Setting next_dagrun for user_automation to 2025-04-29T00:00:00+00:00, run_after=2025-04-30T00:00:00+00:00
[2025-04-29T02:44:25.686+0000] {processor.py:179} INFO - Processing /opt/airflow/dags/kafka_stream.py took 0.109 seconds
[2025-04-29T02:44:55.930+0000] {processor.py:157} INFO - Started process (PID=4260) to work on /opt/airflow/dags/kafka_stream.py
[2025-04-29T02:44:55.932+0000] {processor.py:829} INFO - Processing file /opt/airflow/dags/kafka_stream.py for tasks to queue
[2025-04-29T02:44:55.933+0000] {logging_mixin.py:151} INFO - [2025-04-29T02:44:55.933+0000] {dagbag.py:539} INFO - Filling up the DagBag from /opt/airflow/dags/kafka_stream.py
[2025-04-29T02:44:55.965+0000] {processor.py:839} INFO - DAG(s) dict_keys(['user_automation']) retrieved from /opt/airflow/dags/kafka_stream.py
[2025-04-29T02:44:55.985+0000] {logging_mixin.py:151} INFO - [2025-04-29T02:44:55.985+0000] {dag.py:2907} INFO - Sync 1 DAGs
[2025-04-29T02:44:56.001+0000] {logging_mixin.py:151} INFO - [2025-04-29T02:44:56.000+0000] {dag.py:3677} INFO - Setting next_dagrun for user_automation to 2025-04-29T00:00:00+00:00, run_after=2025-04-30T00:00:00+00:00
[2025-04-29T02:44:56.029+0000] {processor.py:179} INFO - Processing /opt/airflow/dags/kafka_stream.py took 0.102 seconds
[2025-04-29T02:45:26.300+0000] {processor.py:157} INFO - Started process (PID=4261) to work on /opt/airflow/dags/kafka_stream.py
[2025-04-29T02:45:26.301+0000] {processor.py:829} INFO - Processing file /opt/airflow/dags/kafka_stream.py for tasks to queue
[2025-04-29T02:45:26.302+0000] {logging_mixin.py:151} INFO - [2025-04-29T02:45:26.302+0000] {dagbag.py:539} INFO - Filling up the DagBag from /opt/airflow/dags/kafka_stream.py
[2025-04-29T02:45:26.330+0000] {processor.py:839} INFO - DAG(s) dict_keys(['user_automation']) retrieved from /opt/airflow/dags/kafka_stream.py
[2025-04-29T02:45:26.349+0000] {logging_mixin.py:151} INFO - [2025-04-29T02:45:26.349+0000] {dag.py:2907} INFO - Sync 1 DAGs
[2025-04-29T02:45:26.363+0000] {logging_mixin.py:151} INFO - [2025-04-29T02:45:26.362+0000] {dag.py:3677} INFO - Setting next_dagrun for user_automation to 2025-04-29T00:00:00+00:00, run_after=2025-04-30T00:00:00+00:00
[2025-04-29T02:45:26.389+0000] {processor.py:179} INFO - Processing /opt/airflow/dags/kafka_stream.py took 0.092 seconds
[2025-04-29T02:45:56.650+0000] {processor.py:157} INFO - Started process (PID=4262) to work on /opt/airflow/dags/kafka_stream.py
[2025-04-29T02:45:56.651+0000] {processor.py:829} INFO - Processing file /opt/airflow/dags/kafka_stream.py for tasks to queue
[2025-04-29T02:45:56.652+0000] {logging_mixin.py:151} INFO - [2025-04-29T02:45:56.652+0000] {dagbag.py:539} INFO - Filling up the DagBag from /opt/airflow/dags/kafka_stream.py
[2025-04-29T02:45:56.665+0000] {processor.py:839} INFO - DAG(s) dict_keys(['user_automation']) retrieved from /opt/airflow/dags/kafka_stream.py
[2025-04-29T02:45:56.687+0000] {logging_mixin.py:151} INFO - [2025-04-29T02:45:56.687+0000] {dag.py:2907} INFO - Sync 1 DAGs
[2025-04-29T02:45:56.704+0000] {logging_mixin.py:151} INFO - [2025-04-29T02:45:56.704+0000] {dag.py:3677} INFO - Setting next_dagrun for user_automation to 2025-04-29T00:00:00+00:00, run_after=2025-04-30T00:00:00+00:00
[2025-04-29T02:45:56.734+0000] {processor.py:179} INFO - Processing /opt/airflow/dags/kafka_stream.py took 0.087 seconds
[2025-04-29T02:46:27.126+0000] {processor.py:157} INFO - Started process (PID=4263) to work on /opt/airflow/dags/kafka_stream.py
[2025-04-29T02:46:27.127+0000] {processor.py:829} INFO - Processing file /opt/airflow/dags/kafka_stream.py for tasks to queue
[2025-04-29T02:46:27.128+0000] {logging_mixin.py:151} INFO - [2025-04-29T02:46:27.128+0000] {dagbag.py:539} INFO - Filling up the DagBag from /opt/airflow/dags/kafka_stream.py
[2025-04-29T02:46:27.152+0000] {processor.py:839} INFO - DAG(s) dict_keys(['user_automation']) retrieved from /opt/airflow/dags/kafka_stream.py
[2025-04-29T02:46:27.173+0000] {logging_mixin.py:151} INFO - [2025-04-29T02:46:27.173+0000] {dag.py:2907} INFO - Sync 1 DAGs
[2025-04-29T02:46:27.189+0000] {logging_mixin.py:151} INFO - [2025-04-29T02:46:27.189+0000] {dag.py:3677} INFO - Setting next_dagrun for user_automation to 2025-04-29T00:00:00+00:00, run_after=2025-04-30T00:00:00+00:00
[2025-04-29T02:46:27.212+0000] {processor.py:179} INFO - Processing /opt/airflow/dags/kafka_stream.py took 0.089 seconds
[2025-04-29T02:46:57.477+0000] {processor.py:157} INFO - Started process (PID=4264) to work on /opt/airflow/dags/kafka_stream.py
[2025-04-29T02:46:57.478+0000] {processor.py:829} INFO - Processing file /opt/airflow/dags/kafka_stream.py for tasks to queue
[2025-04-29T02:46:57.479+0000] {logging_mixin.py:151} INFO - [2025-04-29T02:46:57.479+0000] {dagbag.py:539} INFO - Filling up the DagBag from /opt/airflow/dags/kafka_stream.py
[2025-04-29T02:46:57.507+0000] {processor.py:839} INFO - DAG(s) dict_keys(['user_automation']) retrieved from /opt/airflow/dags/kafka_stream.py
[2025-04-29T02:46:57.530+0000] {logging_mixin.py:151} INFO - [2025-04-29T02:46:57.530+0000] {dag.py:2907} INFO - Sync 1 DAGs
[2025-04-29T02:46:57.544+0000] {logging_mixin.py:151} INFO - [2025-04-29T02:46:57.544+0000] {dag.py:3677} INFO - Setting next_dagrun for user_automation to 2025-04-29T00:00:00+00:00, run_after=2025-04-30T00:00:00+00:00
[2025-04-29T02:46:57.565+0000] {processor.py:179} INFO - Processing /opt/airflow/dags/kafka_stream.py took 0.091 seconds
[2025-04-29T02:47:28.161+0000] {processor.py:157} INFO - Started process (PID=4265) to work on /opt/airflow/dags/kafka_stream.py
[2025-04-29T02:47:28.161+0000] {processor.py:829} INFO - Processing file /opt/airflow/dags/kafka_stream.py for tasks to queue
[2025-04-29T02:47:28.162+0000] {logging_mixin.py:151} INFO - [2025-04-29T02:47:28.162+0000] {dagbag.py:539} INFO - Filling up the DagBag from /opt/airflow/dags/kafka_stream.py
[2025-04-29T02:47:28.174+0000] {processor.py:839} INFO - DAG(s) dict_keys(['user_automation']) retrieved from /opt/airflow/dags/kafka_stream.py
[2025-04-29T02:47:28.193+0000] {logging_mixin.py:151} INFO - [2025-04-29T02:47:28.193+0000] {dag.py:2907} INFO - Sync 1 DAGs
[2025-04-29T02:47:28.208+0000] {logging_mixin.py:151} INFO - [2025-04-29T02:47:28.208+0000] {dag.py:3677} INFO - Setting next_dagrun for user_automation to 2025-04-29T00:00:00+00:00, run_after=2025-04-30T00:00:00+00:00
[2025-04-29T02:47:28.236+0000] {processor.py:179} INFO - Processing /opt/airflow/dags/kafka_stream.py took 0.078 seconds
[2025-04-29T02:47:58.547+0000] {processor.py:157} INFO - Started process (PID=4266) to work on /opt/airflow/dags/kafka_stream.py
[2025-04-29T02:47:58.549+0000] {processor.py:829} INFO - Processing file /opt/airflow/dags/kafka_stream.py for tasks to queue
[2025-04-29T02:47:58.550+0000] {logging_mixin.py:151} INFO - [2025-04-29T02:47:58.550+0000] {dagbag.py:539} INFO - Filling up the DagBag from /opt/airflow/dags/kafka_stream.py
[2025-04-29T02:47:58.584+0000] {processor.py:839} INFO - DAG(s) dict_keys(['user_automation']) retrieved from /opt/airflow/dags/kafka_stream.py
[2025-04-29T02:47:58.602+0000] {logging_mixin.py:151} INFO - [2025-04-29T02:47:58.602+0000] {dag.py:2907} INFO - Sync 1 DAGs
[2025-04-29T02:47:58.617+0000] {logging_mixin.py:151} INFO - [2025-04-29T02:47:58.616+0000] {dag.py:3677} INFO - Setting next_dagrun for user_automation to 2025-04-29T00:00:00+00:00, run_after=2025-04-30T00:00:00+00:00
[2025-04-29T02:47:58.640+0000] {processor.py:179} INFO - Processing /opt/airflow/dags/kafka_stream.py took 0.097 seconds
[2025-04-29T02:48:28.819+0000] {processor.py:157} INFO - Started process (PID=4267) to work on /opt/airflow/dags/kafka_stream.py
[2025-04-29T02:48:28.820+0000] {processor.py:829} INFO - Processing file /opt/airflow/dags/kafka_stream.py for tasks to queue
[2025-04-29T02:48:28.821+0000] {logging_mixin.py:151} INFO - [2025-04-29T02:48:28.821+0000] {dagbag.py:539} INFO - Filling up the DagBag from /opt/airflow/dags/kafka_stream.py
[2025-04-29T02:48:28.832+0000] {processor.py:839} INFO - DAG(s) dict_keys(['user_automation']) retrieved from /opt/airflow/dags/kafka_stream.py
[2025-04-29T02:48:28.851+0000] {logging_mixin.py:151} INFO - [2025-04-29T02:48:28.851+0000] {dag.py:2907} INFO - Sync 1 DAGs
[2025-04-29T02:48:28.873+0000] {logging_mixin.py:151} INFO - [2025-04-29T02:48:28.873+0000] {dag.py:3677} INFO - Setting next_dagrun for user_automation to 2025-04-29T00:00:00+00:00, run_after=2025-04-30T00:00:00+00:00
[2025-04-29T02:48:28.893+0000] {processor.py:179} INFO - Processing /opt/airflow/dags/kafka_stream.py took 0.078 seconds
[2025-04-29T02:48:59.163+0000] {processor.py:157} INFO - Started process (PID=4268) to work on /opt/airflow/dags/kafka_stream.py
[2025-04-29T02:48:59.164+0000] {processor.py:829} INFO - Processing file /opt/airflow/dags/kafka_stream.py for tasks to queue
[2025-04-29T02:48:59.165+0000] {logging_mixin.py:151} INFO - [2025-04-29T02:48:59.165+0000] {dagbag.py:539} INFO - Filling up the DagBag from /opt/airflow/dags/kafka_stream.py
[2025-04-29T02:48:59.186+0000] {processor.py:839} INFO - DAG(s) dict_keys(['user_automation']) retrieved from /opt/airflow/dags/kafka_stream.py
[2025-04-29T02:48:59.209+0000] {logging_mixin.py:151} INFO - [2025-04-29T02:48:59.209+0000] {dag.py:2907} INFO - Sync 1 DAGs
[2025-04-29T02:48:59.232+0000] {logging_mixin.py:151} INFO - [2025-04-29T02:48:59.232+0000] {dag.py:3677} INFO - Setting next_dagrun for user_automation to 2025-04-29T00:00:00+00:00, run_after=2025-04-30T00:00:00+00:00
[2025-04-29T02:48:59.259+0000] {processor.py:179} INFO - Processing /opt/airflow/dags/kafka_stream.py took 0.102 seconds
[2025-04-29T02:49:29.558+0000] {processor.py:157} INFO - Started process (PID=4269) to work on /opt/airflow/dags/kafka_stream.py
[2025-04-29T02:49:29.559+0000] {processor.py:829} INFO - Processing file /opt/airflow/dags/kafka_stream.py for tasks to queue
[2025-04-29T02:49:29.560+0000] {logging_mixin.py:151} INFO - [2025-04-29T02:49:29.560+0000] {dagbag.py:539} INFO - Filling up the DagBag from /opt/airflow/dags/kafka_stream.py
[2025-04-29T02:49:29.575+0000] {processor.py:839} INFO - DAG(s) dict_keys(['user_automation']) retrieved from /opt/airflow/dags/kafka_stream.py
[2025-04-29T02:49:29.594+0000] {logging_mixin.py:151} INFO - [2025-04-29T02:49:29.593+0000] {dag.py:2907} INFO - Sync 1 DAGs
[2025-04-29T02:49:29.608+0000] {logging_mixin.py:151} INFO - [2025-04-29T02:49:29.608+0000] {dag.py:3677} INFO - Setting next_dagrun for user_automation to 2025-04-29T00:00:00+00:00, run_after=2025-04-30T00:00:00+00:00
[2025-04-29T02:49:29.635+0000] {processor.py:179} INFO - Processing /opt/airflow/dags/kafka_stream.py took 0.081 seconds
[2025-04-29T02:49:59.960+0000] {processor.py:157} INFO - Started process (PID=4270) to work on /opt/airflow/dags/kafka_stream.py
[2025-04-29T02:49:59.962+0000] {processor.py:829} INFO - Processing file /opt/airflow/dags/kafka_stream.py for tasks to queue
[2025-04-29T02:49:59.963+0000] {logging_mixin.py:151} INFO - [2025-04-29T02:49:59.962+0000] {dagbag.py:539} INFO - Filling up the DagBag from /opt/airflow/dags/kafka_stream.py
[2025-04-29T02:49:59.986+0000] {processor.py:839} INFO - DAG(s) dict_keys(['user_automation']) retrieved from /opt/airflow/dags/kafka_stream.py
[2025-04-29T02:50:00.007+0000] {logging_mixin.py:151} INFO - [2025-04-29T02:50:00.007+0000] {dag.py:2907} INFO - Sync 1 DAGs
[2025-04-29T02:50:00.026+0000] {logging_mixin.py:151} INFO - [2025-04-29T02:50:00.025+0000] {dag.py:3677} INFO - Setting next_dagrun for user_automation to 2025-04-29T00:00:00+00:00, run_after=2025-04-30T00:00:00+00:00
[2025-04-29T02:50:00.044+0000] {processor.py:179} INFO - Processing /opt/airflow/dags/kafka_stream.py took 0.086 seconds
[2025-04-29T02:50:30.296+0000] {processor.py:157} INFO - Started process (PID=4271) to work on /opt/airflow/dags/kafka_stream.py
[2025-04-29T02:50:30.297+0000] {processor.py:829} INFO - Processing file /opt/airflow/dags/kafka_stream.py for tasks to queue
[2025-04-29T02:50:30.298+0000] {logging_mixin.py:151} INFO - [2025-04-29T02:50:30.298+0000] {dagbag.py:539} INFO - Filling up the DagBag from /opt/airflow/dags/kafka_stream.py
[2025-04-29T02:50:30.311+0000] {processor.py:839} INFO - DAG(s) dict_keys(['user_automation']) retrieved from /opt/airflow/dags/kafka_stream.py
[2025-04-29T02:50:30.331+0000] {logging_mixin.py:151} INFO - [2025-04-29T02:50:30.331+0000] {dag.py:2907} INFO - Sync 1 DAGs
[2025-04-29T02:50:30.345+0000] {logging_mixin.py:151} INFO - [2025-04-29T02:50:30.345+0000] {dag.py:3677} INFO - Setting next_dagrun for user_automation to 2025-04-29T00:00:00+00:00, run_after=2025-04-30T00:00:00+00:00
[2025-04-29T02:50:30.366+0000] {processor.py:179} INFO - Processing /opt/airflow/dags/kafka_stream.py took 0.073 seconds
[2025-04-29T02:51:00.731+0000] {processor.py:157} INFO - Started process (PID=4272) to work on /opt/airflow/dags/kafka_stream.py
[2025-04-29T02:51:00.732+0000] {processor.py:829} INFO - Processing file /opt/airflow/dags/kafka_stream.py for tasks to queue
[2025-04-29T02:51:00.732+0000] {logging_mixin.py:151} INFO - [2025-04-29T02:51:00.732+0000] {dagbag.py:539} INFO - Filling up the DagBag from /opt/airflow/dags/kafka_stream.py
[2025-04-29T02:51:00.742+0000] {processor.py:839} INFO - DAG(s) dict_keys(['user_automation']) retrieved from /opt/airflow/dags/kafka_stream.py
[2025-04-29T02:51:00.759+0000] {logging_mixin.py:151} INFO - [2025-04-29T02:51:00.759+0000] {dag.py:2907} INFO - Sync 1 DAGs
[2025-04-29T02:51:00.773+0000] {logging_mixin.py:151} INFO - [2025-04-29T02:51:00.773+0000] {dag.py:3677} INFO - Setting next_dagrun for user_automation to 2025-04-29T00:00:00+00:00, run_after=2025-04-30T00:00:00+00:00
[2025-04-29T02:51:00.793+0000] {processor.py:179} INFO - Processing /opt/airflow/dags/kafka_stream.py took 0.065 seconds
[2025-04-29T02:51:31.050+0000] {processor.py:157} INFO - Started process (PID=4273) to work on /opt/airflow/dags/kafka_stream.py
[2025-04-29T02:51:31.052+0000] {processor.py:829} INFO - Processing file /opt/airflow/dags/kafka_stream.py for tasks to queue
[2025-04-29T02:51:31.053+0000] {logging_mixin.py:151} INFO - [2025-04-29T02:51:31.052+0000] {dagbag.py:539} INFO - Filling up the DagBag from /opt/airflow/dags/kafka_stream.py
[2025-04-29T02:51:31.066+0000] {processor.py:839} INFO - DAG(s) dict_keys(['user_automation']) retrieved from /opt/airflow/dags/kafka_stream.py
[2025-04-29T02:51:31.085+0000] {logging_mixin.py:151} INFO - [2025-04-29T02:51:31.085+0000] {dag.py:2907} INFO - Sync 1 DAGs
[2025-04-29T02:51:31.100+0000] {logging_mixin.py:151} INFO - [2025-04-29T02:51:31.100+0000] {dag.py:3677} INFO - Setting next_dagrun for user_automation to 2025-04-29T00:00:00+00:00, run_after=2025-04-30T00:00:00+00:00
[2025-04-29T02:51:31.116+0000] {processor.py:179} INFO - Processing /opt/airflow/dags/kafka_stream.py took 0.069 seconds
[2025-04-29T02:52:01.440+0000] {processor.py:157} INFO - Started process (PID=4274) to work on /opt/airflow/dags/kafka_stream.py
[2025-04-29T02:52:01.441+0000] {processor.py:829} INFO - Processing file /opt/airflow/dags/kafka_stream.py for tasks to queue
[2025-04-29T02:52:01.442+0000] {logging_mixin.py:151} INFO - [2025-04-29T02:52:01.442+0000] {dagbag.py:539} INFO - Filling up the DagBag from /opt/airflow/dags/kafka_stream.py
[2025-04-29T02:52:01.466+0000] {processor.py:839} INFO - DAG(s) dict_keys(['user_automation']) retrieved from /opt/airflow/dags/kafka_stream.py
[2025-04-29T02:52:01.485+0000] {logging_mixin.py:151} INFO - [2025-04-29T02:52:01.485+0000] {dag.py:2907} INFO - Sync 1 DAGs
[2025-04-29T02:52:01.499+0000] {logging_mixin.py:151} INFO - [2025-04-29T02:52:01.499+0000] {dag.py:3677} INFO - Setting next_dagrun for user_automation to 2025-04-29T00:00:00+00:00, run_after=2025-04-30T00:00:00+00:00
[2025-04-29T02:52:01.524+0000] {processor.py:179} INFO - Processing /opt/airflow/dags/kafka_stream.py took 0.086 seconds
[2025-04-29T02:52:31.772+0000] {processor.py:157} INFO - Started process (PID=4275) to work on /opt/airflow/dags/kafka_stream.py
[2025-04-29T02:52:31.773+0000] {processor.py:829} INFO - Processing file /opt/airflow/dags/kafka_stream.py for tasks to queue
[2025-04-29T02:52:31.774+0000] {logging_mixin.py:151} INFO - [2025-04-29T02:52:31.773+0000] {dagbag.py:539} INFO - Filling up the DagBag from /opt/airflow/dags/kafka_stream.py
[2025-04-29T02:52:31.782+0000] {processor.py:839} INFO - DAG(s) dict_keys(['user_automation']) retrieved from /opt/airflow/dags/kafka_stream.py
[2025-04-29T02:52:31.799+0000] {logging_mixin.py:151} INFO - [2025-04-29T02:52:31.799+0000] {dag.py:2907} INFO - Sync 1 DAGs
[2025-04-29T02:52:31.813+0000] {logging_mixin.py:151} INFO - [2025-04-29T02:52:31.813+0000] {dag.py:3677} INFO - Setting next_dagrun for user_automation to 2025-04-29T00:00:00+00:00, run_after=2025-04-30T00:00:00+00:00
[2025-04-29T02:52:32.112+0000] {processor.py:179} INFO - Processing /opt/airflow/dags/kafka_stream.py took 0.342 seconds
[2025-04-29T02:53:02.384+0000] {processor.py:157} INFO - Started process (PID=4276) to work on /opt/airflow/dags/kafka_stream.py
[2025-04-29T02:53:02.386+0000] {processor.py:829} INFO - Processing file /opt/airflow/dags/kafka_stream.py for tasks to queue
[2025-04-29T02:53:02.387+0000] {logging_mixin.py:151} INFO - [2025-04-29T02:53:02.387+0000] {dagbag.py:539} INFO - Filling up the DagBag from /opt/airflow/dags/kafka_stream.py
[2025-04-29T02:53:02.412+0000] {processor.py:839} INFO - DAG(s) dict_keys(['user_automation']) retrieved from /opt/airflow/dags/kafka_stream.py
[2025-04-29T02:53:02.432+0000] {logging_mixin.py:151} INFO - [2025-04-29T02:53:02.432+0000] {dag.py:2907} INFO - Sync 1 DAGs
[2025-04-29T02:53:02.446+0000] {logging_mixin.py:151} INFO - [2025-04-29T02:53:02.446+0000] {dag.py:3677} INFO - Setting next_dagrun for user_automation to 2025-04-29T00:00:00+00:00, run_after=2025-04-30T00:00:00+00:00
[2025-04-29T02:53:02.468+0000] {processor.py:179} INFO - Processing /opt/airflow/dags/kafka_stream.py took 0.086 seconds
[2025-04-29T02:53:32.726+0000] {processor.py:157} INFO - Started process (PID=4277) to work on /opt/airflow/dags/kafka_stream.py
[2025-04-29T02:53:32.727+0000] {processor.py:829} INFO - Processing file /opt/airflow/dags/kafka_stream.py for tasks to queue
[2025-04-29T02:53:32.728+0000] {logging_mixin.py:151} INFO - [2025-04-29T02:53:32.727+0000] {dagbag.py:539} INFO - Filling up the DagBag from /opt/airflow/dags/kafka_stream.py
[2025-04-29T02:53:32.737+0000] {processor.py:839} INFO - DAG(s) dict_keys(['user_automation']) retrieved from /opt/airflow/dags/kafka_stream.py
[2025-04-29T02:53:32.755+0000] {logging_mixin.py:151} INFO - [2025-04-29T02:53:32.755+0000] {dag.py:2907} INFO - Sync 1 DAGs
[2025-04-29T02:53:32.771+0000] {logging_mixin.py:151} INFO - [2025-04-29T02:53:32.771+0000] {dag.py:3677} INFO - Setting next_dagrun for user_automation to 2025-04-29T00:00:00+00:00, run_after=2025-04-30T00:00:00+00:00
[2025-04-29T02:53:32.790+0000] {processor.py:179} INFO - Processing /opt/airflow/dags/kafka_stream.py took 0.067 seconds
[2025-04-29T02:54:03.142+0000] {processor.py:157} INFO - Started process (PID=4278) to work on /opt/airflow/dags/kafka_stream.py
[2025-04-29T02:54:03.143+0000] {processor.py:829} INFO - Processing file /opt/airflow/dags/kafka_stream.py for tasks to queue
[2025-04-29T02:54:03.144+0000] {logging_mixin.py:151} INFO - [2025-04-29T02:54:03.144+0000] {dagbag.py:539} INFO - Filling up the DagBag from /opt/airflow/dags/kafka_stream.py
[2025-04-29T02:54:03.157+0000] {processor.py:839} INFO - DAG(s) dict_keys(['user_automation']) retrieved from /opt/airflow/dags/kafka_stream.py
[2025-04-29T02:54:03.175+0000] {logging_mixin.py:151} INFO - [2025-04-29T02:54:03.175+0000] {dag.py:2907} INFO - Sync 1 DAGs
[2025-04-29T02:54:03.190+0000] {logging_mixin.py:151} INFO - [2025-04-29T02:54:03.190+0000] {dag.py:3677} INFO - Setting next_dagrun for user_automation to 2025-04-29T00:00:00+00:00, run_after=2025-04-30T00:00:00+00:00
[2025-04-29T02:54:03.216+0000] {processor.py:179} INFO - Processing /opt/airflow/dags/kafka_stream.py took 0.077 seconds
[2025-04-29T02:54:33.468+0000] {processor.py:157} INFO - Started process (PID=4279) to work on /opt/airflow/dags/kafka_stream.py
[2025-04-29T02:54:33.469+0000] {processor.py:829} INFO - Processing file /opt/airflow/dags/kafka_stream.py for tasks to queue
[2025-04-29T02:54:33.470+0000] {logging_mixin.py:151} INFO - [2025-04-29T02:54:33.469+0000] {dagbag.py:539} INFO - Filling up the DagBag from /opt/airflow/dags/kafka_stream.py
[2025-04-29T02:54:33.483+0000] {processor.py:839} INFO - DAG(s) dict_keys(['user_automation']) retrieved from /opt/airflow/dags/kafka_stream.py
[2025-04-29T02:54:33.502+0000] {logging_mixin.py:151} INFO - [2025-04-29T02:54:33.501+0000] {dag.py:2907} INFO - Sync 1 DAGs
[2025-04-29T02:54:33.515+0000] {logging_mixin.py:151} INFO - [2025-04-29T02:54:33.515+0000] {dag.py:3677} INFO - Setting next_dagrun for user_automation to 2025-04-29T00:00:00+00:00, run_after=2025-04-30T00:00:00+00:00
[2025-04-29T02:54:33.541+0000] {processor.py:179} INFO - Processing /opt/airflow/dags/kafka_stream.py took 0.076 seconds
[2025-04-29T02:55:03.873+0000] {processor.py:157} INFO - Started process (PID=4280) to work on /opt/airflow/dags/kafka_stream.py
[2025-04-29T02:55:03.874+0000] {processor.py:829} INFO - Processing file /opt/airflow/dags/kafka_stream.py for tasks to queue
[2025-04-29T02:55:03.875+0000] {logging_mixin.py:151} INFO - [2025-04-29T02:55:03.875+0000] {dagbag.py:539} INFO - Filling up the DagBag from /opt/airflow/dags/kafka_stream.py
[2025-04-29T02:55:03.886+0000] {processor.py:839} INFO - DAG(s) dict_keys(['user_automation']) retrieved from /opt/airflow/dags/kafka_stream.py
[2025-04-29T02:55:03.906+0000] {logging_mixin.py:151} INFO - [2025-04-29T02:55:03.906+0000] {dag.py:2907} INFO - Sync 1 DAGs
[2025-04-29T02:55:03.922+0000] {logging_mixin.py:151} INFO - [2025-04-29T02:55:03.922+0000] {dag.py:3677} INFO - Setting next_dagrun for user_automation to 2025-04-29T00:00:00+00:00, run_after=2025-04-30T00:00:00+00:00
[2025-04-29T02:55:04.031+0000] {processor.py:179} INFO - Processing /opt/airflow/dags/kafka_stream.py took 0.161 seconds
[2025-04-29T02:55:34.273+0000] {processor.py:157} INFO - Started process (PID=4281) to work on /opt/airflow/dags/kafka_stream.py
[2025-04-29T02:55:34.274+0000] {processor.py:829} INFO - Processing file /opt/airflow/dags/kafka_stream.py for tasks to queue
[2025-04-29T02:55:34.275+0000] {logging_mixin.py:151} INFO - [2025-04-29T02:55:34.275+0000] {dagbag.py:539} INFO - Filling up the DagBag from /opt/airflow/dags/kafka_stream.py
[2025-04-29T02:55:34.286+0000] {processor.py:839} INFO - DAG(s) dict_keys(['user_automation']) retrieved from /opt/airflow/dags/kafka_stream.py
[2025-04-29T02:55:34.304+0000] {logging_mixin.py:151} INFO - [2025-04-29T02:55:34.304+0000] {dag.py:2907} INFO - Sync 1 DAGs
[2025-04-29T02:55:34.320+0000] {logging_mixin.py:151} INFO - [2025-04-29T02:55:34.320+0000] {dag.py:3677} INFO - Setting next_dagrun for user_automation to 2025-04-29T00:00:00+00:00, run_after=2025-04-30T00:00:00+00:00
[2025-04-29T02:55:34.343+0000] {processor.py:179} INFO - Processing /opt/airflow/dags/kafka_stream.py took 0.073 seconds
[2025-04-29T02:56:04.686+0000] {processor.py:157} INFO - Started process (PID=4282) to work on /opt/airflow/dags/kafka_stream.py
[2025-04-29T02:56:04.687+0000] {processor.py:829} INFO - Processing file /opt/airflow/dags/kafka_stream.py for tasks to queue
[2025-04-29T02:56:04.688+0000] {logging_mixin.py:151} INFO - [2025-04-29T02:56:04.687+0000] {dagbag.py:539} INFO - Filling up the DagBag from /opt/airflow/dags/kafka_stream.py
[2025-04-29T02:56:04.702+0000] {processor.py:839} INFO - DAG(s) dict_keys(['user_automation']) retrieved from /opt/airflow/dags/kafka_stream.py
[2025-04-29T02:56:04.723+0000] {logging_mixin.py:151} INFO - [2025-04-29T02:56:04.723+0000] {dag.py:2907} INFO - Sync 1 DAGs
[2025-04-29T02:56:04.740+0000] {logging_mixin.py:151} INFO - [2025-04-29T02:56:04.740+0000] {dag.py:3677} INFO - Setting next_dagrun for user_automation to 2025-04-29T00:00:00+00:00, run_after=2025-04-30T00:00:00+00:00
[2025-04-29T02:56:04.763+0000] {processor.py:179} INFO - Processing /opt/airflow/dags/kafka_stream.py took 0.081 seconds
[2025-04-29T02:56:35.021+0000] {processor.py:157} INFO - Started process (PID=4283) to work on /opt/airflow/dags/kafka_stream.py
[2025-04-29T02:56:35.022+0000] {processor.py:829} INFO - Processing file /opt/airflow/dags/kafka_stream.py for tasks to queue
[2025-04-29T02:56:35.023+0000] {logging_mixin.py:151} INFO - [2025-04-29T02:56:35.023+0000] {dagbag.py:539} INFO - Filling up the DagBag from /opt/airflow/dags/kafka_stream.py
[2025-04-29T02:56:35.056+0000] {processor.py:839} INFO - DAG(s) dict_keys(['user_automation']) retrieved from /opt/airflow/dags/kafka_stream.py
[2025-04-29T02:56:35.081+0000] {logging_mixin.py:151} INFO - [2025-04-29T02:56:35.081+0000] {dag.py:2907} INFO - Sync 1 DAGs
[2025-04-29T02:56:35.098+0000] {logging_mixin.py:151} INFO - [2025-04-29T02:56:35.098+0000] {dag.py:3677} INFO - Setting next_dagrun for user_automation to 2025-04-29T00:00:00+00:00, run_after=2025-04-30T00:00:00+00:00
[2025-04-29T02:56:35.119+0000] {processor.py:179} INFO - Processing /opt/airflow/dags/kafka_stream.py took 0.101 seconds
[2025-04-29T02:57:05.298+0000] {processor.py:157} INFO - Started process (PID=4284) to work on /opt/airflow/dags/kafka_stream.py
[2025-04-29T02:57:05.299+0000] {processor.py:829} INFO - Processing file /opt/airflow/dags/kafka_stream.py for tasks to queue
[2025-04-29T02:57:05.300+0000] {logging_mixin.py:151} INFO - [2025-04-29T02:57:05.300+0000] {dagbag.py:539} INFO - Filling up the DagBag from /opt/airflow/dags/kafka_stream.py
[2025-04-29T02:57:05.312+0000] {processor.py:839} INFO - DAG(s) dict_keys(['user_automation']) retrieved from /opt/airflow/dags/kafka_stream.py
[2025-04-29T02:57:05.338+0000] {logging_mixin.py:151} INFO - [2025-04-29T02:57:05.337+0000] {dag.py:2907} INFO - Sync 1 DAGs
[2025-04-29T02:57:05.355+0000] {logging_mixin.py:151} INFO - [2025-04-29T02:57:05.355+0000] {dag.py:3677} INFO - Setting next_dagrun for user_automation to 2025-04-29T00:00:00+00:00, run_after=2025-04-30T00:00:00+00:00
[2025-04-29T02:57:05.370+0000] {processor.py:179} INFO - Processing /opt/airflow/dags/kafka_stream.py took 0.076 seconds
[2025-04-29T02:57:35.617+0000] {processor.py:157} INFO - Started process (PID=4285) to work on /opt/airflow/dags/kafka_stream.py
[2025-04-29T02:57:35.618+0000] {processor.py:829} INFO - Processing file /opt/airflow/dags/kafka_stream.py for tasks to queue
[2025-04-29T02:57:35.619+0000] {logging_mixin.py:151} INFO - [2025-04-29T02:57:35.618+0000] {dagbag.py:539} INFO - Filling up the DagBag from /opt/airflow/dags/kafka_stream.py
[2025-04-29T02:57:35.641+0000] {processor.py:839} INFO - DAG(s) dict_keys(['user_automation']) retrieved from /opt/airflow/dags/kafka_stream.py
[2025-04-29T02:57:35.701+0000] {logging_mixin.py:151} INFO - [2025-04-29T02:57:35.701+0000] {dag.py:2907} INFO - Sync 1 DAGs
[2025-04-29T02:57:35.718+0000] {logging_mixin.py:151} INFO - [2025-04-29T02:57:35.718+0000] {dag.py:3677} INFO - Setting next_dagrun for user_automation to 2025-04-29T00:00:00+00:00, run_after=2025-04-30T00:00:00+00:00
[2025-04-29T02:57:35.747+0000] {processor.py:179} INFO - Processing /opt/airflow/dags/kafka_stream.py took 0.133 seconds
[2025-04-29T02:58:05.956+0000] {processor.py:157} INFO - Started process (PID=4286) to work on /opt/airflow/dags/kafka_stream.py
[2025-04-29T02:58:05.957+0000] {processor.py:829} INFO - Processing file /opt/airflow/dags/kafka_stream.py for tasks to queue
[2025-04-29T02:58:05.958+0000] {logging_mixin.py:151} INFO - [2025-04-29T02:58:05.958+0000] {dagbag.py:539} INFO - Filling up the DagBag from /opt/airflow/dags/kafka_stream.py
[2025-04-29T02:58:05.972+0000] {processor.py:839} INFO - DAG(s) dict_keys(['user_automation']) retrieved from /opt/airflow/dags/kafka_stream.py
[2025-04-29T02:58:06.000+0000] {logging_mixin.py:151} INFO - [2025-04-29T02:58:06.000+0000] {dag.py:2907} INFO - Sync 1 DAGs
[2025-04-29T02:58:06.017+0000] {logging_mixin.py:151} INFO - [2025-04-29T02:58:06.017+0000] {dag.py:3677} INFO - Setting next_dagrun for user_automation to 2025-04-29T00:00:00+00:00, run_after=2025-04-30T00:00:00+00:00
[2025-04-29T02:58:06.033+0000] {processor.py:179} INFO - Processing /opt/airflow/dags/kafka_stream.py took 0.080 seconds
[2025-04-29T02:58:36.326+0000] {processor.py:157} INFO - Started process (PID=4287) to work on /opt/airflow/dags/kafka_stream.py
[2025-04-29T02:58:36.327+0000] {processor.py:829} INFO - Processing file /opt/airflow/dags/kafka_stream.py for tasks to queue
[2025-04-29T02:58:36.328+0000] {logging_mixin.py:151} INFO - [2025-04-29T02:58:36.328+0000] {dagbag.py:539} INFO - Filling up the DagBag from /opt/airflow/dags/kafka_stream.py
[2025-04-29T02:58:36.362+0000] {processor.py:839} INFO - DAG(s) dict_keys(['user_automation']) retrieved from /opt/airflow/dags/kafka_stream.py
[2025-04-29T02:58:36.385+0000] {logging_mixin.py:151} INFO - [2025-04-29T02:58:36.385+0000] {dag.py:2907} INFO - Sync 1 DAGs
[2025-04-29T02:58:36.400+0000] {logging_mixin.py:151} INFO - [2025-04-29T02:58:36.400+0000] {dag.py:3677} INFO - Setting next_dagrun for user_automation to 2025-04-29T00:00:00+00:00, run_after=2025-04-30T00:00:00+00:00
[2025-04-29T02:58:36.421+0000] {processor.py:179} INFO - Processing /opt/airflow/dags/kafka_stream.py took 0.099 seconds
[2025-04-29T02:59:06.626+0000] {processor.py:157} INFO - Started process (PID=4288) to work on /opt/airflow/dags/kafka_stream.py
[2025-04-29T02:59:06.627+0000] {processor.py:829} INFO - Processing file /opt/airflow/dags/kafka_stream.py for tasks to queue
[2025-04-29T02:59:06.627+0000] {logging_mixin.py:151} INFO - [2025-04-29T02:59:06.627+0000] {dagbag.py:539} INFO - Filling up the DagBag from /opt/airflow/dags/kafka_stream.py
[2025-04-29T02:59:06.640+0000] {processor.py:839} INFO - DAG(s) dict_keys(['user_automation']) retrieved from /opt/airflow/dags/kafka_stream.py
[2025-04-29T02:59:06.659+0000] {logging_mixin.py:151} INFO - [2025-04-29T02:59:06.659+0000] {dag.py:2907} INFO - Sync 1 DAGs
[2025-04-29T02:59:06.674+0000] {logging_mixin.py:151} INFO - [2025-04-29T02:59:06.674+0000] {dag.py:3677} INFO - Setting next_dagrun for user_automation to 2025-04-29T00:00:00+00:00, run_after=2025-04-30T00:00:00+00:00
[2025-04-29T02:59:06.689+0000] {processor.py:179} INFO - Processing /opt/airflow/dags/kafka_stream.py took 0.066 seconds
[2025-04-29T02:59:37.106+0000] {processor.py:157} INFO - Started process (PID=4289) to work on /opt/airflow/dags/kafka_stream.py
[2025-04-29T02:59:37.107+0000] {processor.py:829} INFO - Processing file /opt/airflow/dags/kafka_stream.py for tasks to queue
[2025-04-29T02:59:37.108+0000] {logging_mixin.py:151} INFO - [2025-04-29T02:59:37.107+0000] {dagbag.py:539} INFO - Filling up the DagBag from /opt/airflow/dags/kafka_stream.py
[2025-04-29T02:59:37.120+0000] {processor.py:839} INFO - DAG(s) dict_keys(['user_automation']) retrieved from /opt/airflow/dags/kafka_stream.py
[2025-04-29T02:59:37.151+0000] {logging_mixin.py:151} INFO - [2025-04-29T02:59:37.151+0000] {dag.py:2907} INFO - Sync 1 DAGs
[2025-04-29T02:59:37.167+0000] {logging_mixin.py:151} INFO - [2025-04-29T02:59:37.167+0000] {dag.py:3677} INFO - Setting next_dagrun for user_automation to 2025-04-29T00:00:00+00:00, run_after=2025-04-30T00:00:00+00:00
[2025-04-29T02:59:37.184+0000] {processor.py:179} INFO - Processing /opt/airflow/dags/kafka_stream.py took 0.081 seconds
[2025-04-29T03:00:07.530+0000] {processor.py:157} INFO - Started process (PID=4290) to work on /opt/airflow/dags/kafka_stream.py
[2025-04-29T03:00:07.543+0000] {processor.py:829} INFO - Processing file /opt/airflow/dags/kafka_stream.py for tasks to queue
[2025-04-29T03:00:07.545+0000] {logging_mixin.py:151} INFO - [2025-04-29T03:00:07.545+0000] {dagbag.py:539} INFO - Filling up the DagBag from /opt/airflow/dags/kafka_stream.py
[2025-04-29T03:00:07.592+0000] {processor.py:839} INFO - DAG(s) dict_keys(['user_automation']) retrieved from /opt/airflow/dags/kafka_stream.py
[2025-04-29T03:00:07.623+0000] {logging_mixin.py:151} INFO - [2025-04-29T03:00:07.623+0000] {dag.py:2907} INFO - Sync 1 DAGs
[2025-04-29T03:00:07.643+0000] {logging_mixin.py:151} INFO - [2025-04-29T03:00:07.643+0000] {dag.py:3677} INFO - Setting next_dagrun for user_automation to 2025-04-29T00:00:00+00:00, run_after=2025-04-30T00:00:00+00:00
[2025-04-29T03:00:07.661+0000] {processor.py:179} INFO - Processing /opt/airflow/dags/kafka_stream.py took 0.133 seconds
[2025-04-29T03:00:37.869+0000] {processor.py:157} INFO - Started process (PID=4291) to work on /opt/airflow/dags/kafka_stream.py
[2025-04-29T03:00:37.870+0000] {processor.py:829} INFO - Processing file /opt/airflow/dags/kafka_stream.py for tasks to queue
[2025-04-29T03:00:37.872+0000] {logging_mixin.py:151} INFO - [2025-04-29T03:00:37.871+0000] {dagbag.py:539} INFO - Filling up the DagBag from /opt/airflow/dags/kafka_stream.py
[2025-04-29T03:00:37.906+0000] {processor.py:839} INFO - DAG(s) dict_keys(['user_automation']) retrieved from /opt/airflow/dags/kafka_stream.py
[2025-04-29T03:00:37.936+0000] {logging_mixin.py:151} INFO - [2025-04-29T03:00:37.935+0000] {dag.py:2907} INFO - Sync 1 DAGs
[2025-04-29T03:00:38.050+0000] {logging_mixin.py:151} INFO - [2025-04-29T03:00:38.050+0000] {dag.py:3677} INFO - Setting next_dagrun for user_automation to 2025-04-29T00:00:00+00:00, run_after=2025-04-30T00:00:00+00:00
[2025-04-29T03:00:38.081+0000] {processor.py:179} INFO - Processing /opt/airflow/dags/kafka_stream.py took 0.218 seconds
[2025-04-29T03:01:08.281+0000] {processor.py:157} INFO - Started process (PID=4292) to work on /opt/airflow/dags/kafka_stream.py
[2025-04-29T03:01:08.282+0000] {processor.py:829} INFO - Processing file /opt/airflow/dags/kafka_stream.py for tasks to queue
[2025-04-29T03:01:08.284+0000] {logging_mixin.py:151} INFO - [2025-04-29T03:01:08.283+0000] {dagbag.py:539} INFO - Filling up the DagBag from /opt/airflow/dags/kafka_stream.py
[2025-04-29T03:01:08.309+0000] {processor.py:839} INFO - DAG(s) dict_keys(['user_automation']) retrieved from /opt/airflow/dags/kafka_stream.py
[2025-04-29T03:01:08.336+0000] {logging_mixin.py:151} INFO - [2025-04-29T03:01:08.335+0000] {dag.py:2907} INFO - Sync 1 DAGs
[2025-04-29T03:01:08.353+0000] {logging_mixin.py:151} INFO - [2025-04-29T03:01:08.352+0000] {dag.py:3677} INFO - Setting next_dagrun for user_automation to 2025-04-29T00:00:00+00:00, run_after=2025-04-30T00:00:00+00:00
[2025-04-29T03:01:08.378+0000] {processor.py:179} INFO - Processing /opt/airflow/dags/kafka_stream.py took 0.101 seconds
[2025-04-29T03:01:38.644+0000] {processor.py:157} INFO - Started process (PID=4293) to work on /opt/airflow/dags/kafka_stream.py
[2025-04-29T03:01:38.645+0000] {processor.py:829} INFO - Processing file /opt/airflow/dags/kafka_stream.py for tasks to queue
[2025-04-29T03:01:38.646+0000] {logging_mixin.py:151} INFO - [2025-04-29T03:01:38.646+0000] {dagbag.py:539} INFO - Filling up the DagBag from /opt/airflow/dags/kafka_stream.py
[2025-04-29T03:01:38.667+0000] {processor.py:839} INFO - DAG(s) dict_keys(['user_automation']) retrieved from /opt/airflow/dags/kafka_stream.py
[2025-04-29T03:01:38.692+0000] {logging_mixin.py:151} INFO - [2025-04-29T03:01:38.692+0000] {dag.py:2907} INFO - Sync 1 DAGs
[2025-04-29T03:01:38.713+0000] {logging_mixin.py:151} INFO - [2025-04-29T03:01:38.712+0000] {dag.py:3677} INFO - Setting next_dagrun for user_automation to 2025-04-29T00:00:00+00:00, run_after=2025-04-30T00:00:00+00:00
[2025-04-29T03:01:38.741+0000] {processor.py:179} INFO - Processing /opt/airflow/dags/kafka_stream.py took 0.102 seconds
[2025-04-29T03:02:09.057+0000] {processor.py:157} INFO - Started process (PID=4294) to work on /opt/airflow/dags/kafka_stream.py
[2025-04-29T03:02:09.058+0000] {processor.py:829} INFO - Processing file /opt/airflow/dags/kafka_stream.py for tasks to queue
[2025-04-29T03:02:09.059+0000] {logging_mixin.py:151} INFO - [2025-04-29T03:02:09.058+0000] {dagbag.py:539} INFO - Filling up the DagBag from /opt/airflow/dags/kafka_stream.py
[2025-04-29T03:02:09.070+0000] {processor.py:839} INFO - DAG(s) dict_keys(['user_automation']) retrieved from /opt/airflow/dags/kafka_stream.py
[2025-04-29T03:02:09.089+0000] {logging_mixin.py:151} INFO - [2025-04-29T03:02:09.089+0000] {dag.py:2907} INFO - Sync 1 DAGs
[2025-04-29T03:02:09.103+0000] {logging_mixin.py:151} INFO - [2025-04-29T03:02:09.103+0000] {dag.py:3677} INFO - Setting next_dagrun for user_automation to 2025-04-29T00:00:00+00:00, run_after=2025-04-30T00:00:00+00:00
[2025-04-29T03:02:09.124+0000] {processor.py:179} INFO - Processing /opt/airflow/dags/kafka_stream.py took 0.069 seconds
[2025-04-29T03:02:39.418+0000] {processor.py:157} INFO - Started process (PID=4295) to work on /opt/airflow/dags/kafka_stream.py
[2025-04-29T03:02:39.419+0000] {processor.py:829} INFO - Processing file /opt/airflow/dags/kafka_stream.py for tasks to queue
[2025-04-29T03:02:39.420+0000] {logging_mixin.py:151} INFO - [2025-04-29T03:02:39.420+0000] {dagbag.py:539} INFO - Filling up the DagBag from /opt/airflow/dags/kafka_stream.py
[2025-04-29T03:02:39.436+0000] {processor.py:839} INFO - DAG(s) dict_keys(['user_automation']) retrieved from /opt/airflow/dags/kafka_stream.py
[2025-04-29T03:02:39.455+0000] {logging_mixin.py:151} INFO - [2025-04-29T03:02:39.455+0000] {dag.py:2907} INFO - Sync 1 DAGs
[2025-04-29T03:02:39.470+0000] {logging_mixin.py:151} INFO - [2025-04-29T03:02:39.470+0000] {dag.py:3677} INFO - Setting next_dagrun for user_automation to 2025-04-29T00:00:00+00:00, run_after=2025-04-30T00:00:00+00:00
[2025-04-29T03:02:39.502+0000] {processor.py:179} INFO - Processing /opt/airflow/dags/kafka_stream.py took 0.087 seconds
[2025-04-29T03:03:09.819+0000] {processor.py:157} INFO - Started process (PID=4296) to work on /opt/airflow/dags/kafka_stream.py
[2025-04-29T03:03:09.820+0000] {processor.py:829} INFO - Processing file /opt/airflow/dags/kafka_stream.py for tasks to queue
[2025-04-29T03:03:09.821+0000] {logging_mixin.py:151} INFO - [2025-04-29T03:03:09.820+0000] {dagbag.py:539} INFO - Filling up the DagBag from /opt/airflow/dags/kafka_stream.py
[2025-04-29T03:03:09.832+0000] {processor.py:839} INFO - DAG(s) dict_keys(['user_automation']) retrieved from /opt/airflow/dags/kafka_stream.py
[2025-04-29T03:03:09.849+0000] {logging_mixin.py:151} INFO - [2025-04-29T03:03:09.848+0000] {dag.py:2907} INFO - Sync 1 DAGs
[2025-04-29T03:03:09.961+0000] {logging_mixin.py:151} INFO - [2025-04-29T03:03:09.961+0000] {dag.py:3677} INFO - Setting next_dagrun for user_automation to 2025-04-29T00:00:00+00:00, run_after=2025-04-30T00:00:00+00:00
[2025-04-29T03:03:09.981+0000] {processor.py:179} INFO - Processing /opt/airflow/dags/kafka_stream.py took 0.165 seconds
[2025-04-29T03:03:40.223+0000] {processor.py:157} INFO - Started process (PID=4297) to work on /opt/airflow/dags/kafka_stream.py
[2025-04-29T03:03:40.224+0000] {processor.py:829} INFO - Processing file /opt/airflow/dags/kafka_stream.py for tasks to queue
[2025-04-29T03:03:40.225+0000] {logging_mixin.py:151} INFO - [2025-04-29T03:03:40.224+0000] {dagbag.py:539} INFO - Filling up the DagBag from /opt/airflow/dags/kafka_stream.py
[2025-04-29T03:03:40.237+0000] {processor.py:839} INFO - DAG(s) dict_keys(['user_automation']) retrieved from /opt/airflow/dags/kafka_stream.py
[2025-04-29T03:03:40.258+0000] {logging_mixin.py:151} INFO - [2025-04-29T03:03:40.258+0000] {dag.py:2907} INFO - Sync 1 DAGs
[2025-04-29T03:03:40.273+0000] {logging_mixin.py:151} INFO - [2025-04-29T03:03:40.273+0000] {dag.py:3677} INFO - Setting next_dagrun for user_automation to 2025-04-29T00:00:00+00:00, run_after=2025-04-30T00:00:00+00:00
[2025-04-29T03:03:40.289+0000] {processor.py:179} INFO - Processing /opt/airflow/dags/kafka_stream.py took 0.069 seconds
[2025-04-29T03:04:10.548+0000] {processor.py:157} INFO - Started process (PID=4298) to work on /opt/airflow/dags/kafka_stream.py
[2025-04-29T03:04:10.549+0000] {processor.py:829} INFO - Processing file /opt/airflow/dags/kafka_stream.py for tasks to queue
[2025-04-29T03:04:10.550+0000] {logging_mixin.py:151} INFO - [2025-04-29T03:04:10.550+0000] {dagbag.py:539} INFO - Filling up the DagBag from /opt/airflow/dags/kafka_stream.py
[2025-04-29T03:04:10.561+0000] {processor.py:839} INFO - DAG(s) dict_keys(['user_automation']) retrieved from /opt/airflow/dags/kafka_stream.py
[2025-04-29T03:04:10.580+0000] {logging_mixin.py:151} INFO - [2025-04-29T03:04:10.580+0000] {dag.py:2907} INFO - Sync 1 DAGs
[2025-04-29T03:04:10.595+0000] {logging_mixin.py:151} INFO - [2025-04-29T03:04:10.595+0000] {dag.py:3677} INFO - Setting next_dagrun for user_automation to 2025-04-29T00:00:00+00:00, run_after=2025-04-30T00:00:00+00:00
[2025-04-29T03:04:10.610+0000] {processor.py:179} INFO - Processing /opt/airflow/dags/kafka_stream.py took 0.064 seconds
[2025-04-29T03:04:40.935+0000] {processor.py:157} INFO - Started process (PID=4299) to work on /opt/airflow/dags/kafka_stream.py
[2025-04-29T03:04:40.937+0000] {processor.py:829} INFO - Processing file /opt/airflow/dags/kafka_stream.py for tasks to queue
[2025-04-29T03:04:40.938+0000] {logging_mixin.py:151} INFO - [2025-04-29T03:04:40.938+0000] {dagbag.py:539} INFO - Filling up the DagBag from /opt/airflow/dags/kafka_stream.py
[2025-04-29T03:04:40.971+0000] {processor.py:839} INFO - DAG(s) dict_keys(['user_automation']) retrieved from /opt/airflow/dags/kafka_stream.py
[2025-04-29T03:04:40.995+0000] {logging_mixin.py:151} INFO - [2025-04-29T03:04:40.995+0000] {dag.py:2907} INFO - Sync 1 DAGs
[2025-04-29T03:04:41.009+0000] {logging_mixin.py:151} INFO - [2025-04-29T03:04:41.009+0000] {dag.py:3677} INFO - Setting next_dagrun for user_automation to 2025-04-29T00:00:00+00:00, run_after=2025-04-30T00:00:00+00:00
[2025-04-29T03:04:41.038+0000] {processor.py:179} INFO - Processing /opt/airflow/dags/kafka_stream.py took 0.109 seconds
[2025-04-29T03:05:11.371+0000] {processor.py:157} INFO - Started process (PID=4300) to work on /opt/airflow/dags/kafka_stream.py
[2025-04-29T03:05:11.372+0000] {processor.py:829} INFO - Processing file /opt/airflow/dags/kafka_stream.py for tasks to queue
[2025-04-29T03:05:11.373+0000] {logging_mixin.py:151} INFO - [2025-04-29T03:05:11.373+0000] {dagbag.py:539} INFO - Filling up the DagBag from /opt/airflow/dags/kafka_stream.py
[2025-04-29T03:05:11.403+0000] {processor.py:839} INFO - DAG(s) dict_keys(['user_automation']) retrieved from /opt/airflow/dags/kafka_stream.py
[2025-04-29T03:05:11.421+0000] {logging_mixin.py:151} INFO - [2025-04-29T03:05:11.421+0000] {dag.py:2907} INFO - Sync 1 DAGs
[2025-04-29T03:05:11.435+0000] {logging_mixin.py:151} INFO - [2025-04-29T03:05:11.435+0000] {dag.py:3677} INFO - Setting next_dagrun for user_automation to 2025-04-29T00:00:00+00:00, run_after=2025-04-30T00:00:00+00:00
[2025-04-29T03:05:11.455+0000] {processor.py:179} INFO - Processing /opt/airflow/dags/kafka_stream.py took 0.087 seconds
[2025-04-29T03:05:41.750+0000] {processor.py:157} INFO - Started process (PID=4301) to work on /opt/airflow/dags/kafka_stream.py
[2025-04-29T03:05:41.751+0000] {processor.py:829} INFO - Processing file /opt/airflow/dags/kafka_stream.py for tasks to queue
[2025-04-29T03:05:41.752+0000] {logging_mixin.py:151} INFO - [2025-04-29T03:05:41.752+0000] {dagbag.py:539} INFO - Filling up the DagBag from /opt/airflow/dags/kafka_stream.py
[2025-04-29T03:05:41.779+0000] {processor.py:839} INFO - DAG(s) dict_keys(['user_automation']) retrieved from /opt/airflow/dags/kafka_stream.py
[2025-04-29T03:05:41.800+0000] {logging_mixin.py:151} INFO - [2025-04-29T03:05:41.800+0000] {dag.py:2907} INFO - Sync 1 DAGs
[2025-04-29T03:05:41.815+0000] {logging_mixin.py:151} INFO - [2025-04-29T03:05:41.815+0000] {dag.py:3677} INFO - Setting next_dagrun for user_automation to 2025-04-29T00:00:00+00:00, run_after=2025-04-30T00:00:00+00:00
[2025-04-29T03:05:41.923+0000] {processor.py:179} INFO - Processing /opt/airflow/dags/kafka_stream.py took 0.175 seconds
[2025-04-29T03:06:12.082+0000] {processor.py:157} INFO - Started process (PID=4302) to work on /opt/airflow/dags/kafka_stream.py
[2025-04-29T03:06:12.083+0000] {processor.py:829} INFO - Processing file /opt/airflow/dags/kafka_stream.py for tasks to queue
[2025-04-29T03:06:12.084+0000] {logging_mixin.py:151} INFO - [2025-04-29T03:06:12.084+0000] {dagbag.py:539} INFO - Filling up the DagBag from /opt/airflow/dags/kafka_stream.py
[2025-04-29T03:06:12.094+0000] {processor.py:839} INFO - DAG(s) dict_keys(['user_automation']) retrieved from /opt/airflow/dags/kafka_stream.py
[2025-04-29T03:06:12.112+0000] {logging_mixin.py:151} INFO - [2025-04-29T03:06:12.112+0000] {dag.py:2907} INFO - Sync 1 DAGs
[2025-04-29T03:06:12.126+0000] {logging_mixin.py:151} INFO - [2025-04-29T03:06:12.126+0000] {dag.py:3677} INFO - Setting next_dagrun for user_automation to 2025-04-29T00:00:00+00:00, run_after=2025-04-30T00:00:00+00:00
[2025-04-29T03:06:12.149+0000] {processor.py:179} INFO - Processing /opt/airflow/dags/kafka_stream.py took 0.070 seconds
[2025-04-29T03:06:42.477+0000] {processor.py:157} INFO - Started process (PID=4303) to work on /opt/airflow/dags/kafka_stream.py
[2025-04-29T03:06:42.478+0000] {processor.py:829} INFO - Processing file /opt/airflow/dags/kafka_stream.py for tasks to queue
[2025-04-29T03:06:42.480+0000] {logging_mixin.py:151} INFO - [2025-04-29T03:06:42.479+0000] {dagbag.py:539} INFO - Filling up the DagBag from /opt/airflow/dags/kafka_stream.py
[2025-04-29T03:06:42.494+0000] {processor.py:839} INFO - DAG(s) dict_keys(['user_automation']) retrieved from /opt/airflow/dags/kafka_stream.py
[2025-04-29T03:06:42.512+0000] {logging_mixin.py:151} INFO - [2025-04-29T03:06:42.512+0000] {dag.py:2907} INFO - Sync 1 DAGs
[2025-04-29T03:06:42.528+0000] {logging_mixin.py:151} INFO - [2025-04-29T03:06:42.528+0000] {dag.py:3677} INFO - Setting next_dagrun for user_automation to 2025-04-29T00:00:00+00:00, run_after=2025-04-30T00:00:00+00:00
[2025-04-29T03:06:42.557+0000] {processor.py:179} INFO - Processing /opt/airflow/dags/kafka_stream.py took 0.084 seconds
[2025-04-29T03:07:12.794+0000] {processor.py:157} INFO - Started process (PID=4304) to work on /opt/airflow/dags/kafka_stream.py
[2025-04-29T03:07:12.795+0000] {processor.py:829} INFO - Processing file /opt/airflow/dags/kafka_stream.py for tasks to queue
[2025-04-29T03:07:12.797+0000] {logging_mixin.py:151} INFO - [2025-04-29T03:07:12.796+0000] {dagbag.py:539} INFO - Filling up the DagBag from /opt/airflow/dags/kafka_stream.py
[2025-04-29T03:07:12.839+0000] {processor.py:839} INFO - DAG(s) dict_keys(['user_automation']) retrieved from /opt/airflow/dags/kafka_stream.py
[2025-04-29T03:07:12.863+0000] {logging_mixin.py:151} INFO - [2025-04-29T03:07:12.863+0000] {dag.py:2907} INFO - Sync 1 DAGs
[2025-04-29T03:07:12.881+0000] {logging_mixin.py:151} INFO - [2025-04-29T03:07:12.881+0000] {dag.py:3677} INFO - Setting next_dagrun for user_automation to 2025-04-29T00:00:00+00:00, run_after=2025-04-30T00:00:00+00:00
[2025-04-29T03:07:12.902+0000] {processor.py:179} INFO - Processing /opt/airflow/dags/kafka_stream.py took 0.111 seconds
[2025-04-29T03:07:43.180+0000] {processor.py:157} INFO - Started process (PID=4305) to work on /opt/airflow/dags/kafka_stream.py
[2025-04-29T03:07:43.182+0000] {processor.py:829} INFO - Processing file /opt/airflow/dags/kafka_stream.py for tasks to queue
[2025-04-29T03:07:43.184+0000] {logging_mixin.py:151} INFO - [2025-04-29T03:07:43.183+0000] {dagbag.py:539} INFO - Filling up the DagBag from /opt/airflow/dags/kafka_stream.py
[2025-04-29T03:07:43.216+0000] {processor.py:839} INFO - DAG(s) dict_keys(['user_automation']) retrieved from /opt/airflow/dags/kafka_stream.py
[2025-04-29T03:07:43.235+0000] {logging_mixin.py:151} INFO - [2025-04-29T03:07:43.235+0000] {dag.py:2907} INFO - Sync 1 DAGs
[2025-04-29T03:07:43.250+0000] {logging_mixin.py:151} INFO - [2025-04-29T03:07:43.250+0000] {dag.py:3677} INFO - Setting next_dagrun for user_automation to 2025-04-29T00:00:00+00:00, run_after=2025-04-30T00:00:00+00:00
[2025-04-29T03:07:43.268+0000] {processor.py:179} INFO - Processing /opt/airflow/dags/kafka_stream.py took 0.091 seconds
[2025-04-29T03:08:13.521+0000] {processor.py:157} INFO - Started process (PID=4306) to work on /opt/airflow/dags/kafka_stream.py
[2025-04-29T03:08:13.522+0000] {processor.py:829} INFO - Processing file /opt/airflow/dags/kafka_stream.py for tasks to queue
[2025-04-29T03:08:13.523+0000] {logging_mixin.py:151} INFO - [2025-04-29T03:08:13.523+0000] {dagbag.py:539} INFO - Filling up the DagBag from /opt/airflow/dags/kafka_stream.py
[2025-04-29T03:08:13.557+0000] {processor.py:839} INFO - DAG(s) dict_keys(['user_automation']) retrieved from /opt/airflow/dags/kafka_stream.py
[2025-04-29T03:08:13.577+0000] {logging_mixin.py:151} INFO - [2025-04-29T03:08:13.576+0000] {dag.py:2907} INFO - Sync 1 DAGs
[2025-04-29T03:08:13.591+0000] {logging_mixin.py:151} INFO - [2025-04-29T03:08:13.591+0000] {dag.py:3677} INFO - Setting next_dagrun for user_automation to 2025-04-29T00:00:00+00:00, run_after=2025-04-30T00:00:00+00:00
[2025-04-29T03:08:13.684+0000] {processor.py:179} INFO - Processing /opt/airflow/dags/kafka_stream.py took 0.166 seconds
[2025-04-29T03:08:43.842+0000] {processor.py:157} INFO - Started process (PID=4307) to work on /opt/airflow/dags/kafka_stream.py
[2025-04-29T03:08:43.843+0000] {processor.py:829} INFO - Processing file /opt/airflow/dags/kafka_stream.py for tasks to queue
[2025-04-29T03:08:43.845+0000] {logging_mixin.py:151} INFO - [2025-04-29T03:08:43.844+0000] {dagbag.py:539} INFO - Filling up the DagBag from /opt/airflow/dags/kafka_stream.py
[2025-04-29T03:08:43.881+0000] {processor.py:839} INFO - DAG(s) dict_keys(['user_automation']) retrieved from /opt/airflow/dags/kafka_stream.py
[2025-04-29T03:08:43.901+0000] {logging_mixin.py:151} INFO - [2025-04-29T03:08:43.901+0000] {dag.py:2907} INFO - Sync 1 DAGs
[2025-04-29T03:08:43.991+0000] {logging_mixin.py:151} INFO - [2025-04-29T03:08:43.991+0000] {dag.py:3677} INFO - Setting next_dagrun for user_automation to 2025-04-29T00:00:00+00:00, run_after=2025-04-30T00:00:00+00:00
[2025-04-29T03:08:44.021+0000] {processor.py:179} INFO - Processing /opt/airflow/dags/kafka_stream.py took 0.182 seconds
[2025-04-29T03:09:14.319+0000] {processor.py:157} INFO - Started process (PID=4308) to work on /opt/airflow/dags/kafka_stream.py
[2025-04-29T03:09:14.321+0000] {processor.py:829} INFO - Processing file /opt/airflow/dags/kafka_stream.py for tasks to queue
[2025-04-29T03:09:14.323+0000] {logging_mixin.py:151} INFO - [2025-04-29T03:09:14.322+0000] {dagbag.py:539} INFO - Filling up the DagBag from /opt/airflow/dags/kafka_stream.py
[2025-04-29T03:09:14.361+0000] {processor.py:839} INFO - DAG(s) dict_keys(['user_automation']) retrieved from /opt/airflow/dags/kafka_stream.py
[2025-04-29T03:09:14.381+0000] {logging_mixin.py:151} INFO - [2025-04-29T03:09:14.381+0000] {dag.py:2907} INFO - Sync 1 DAGs
[2025-04-29T03:09:14.395+0000] {logging_mixin.py:151} INFO - [2025-04-29T03:09:14.395+0000] {dag.py:3677} INFO - Setting next_dagrun for user_automation to 2025-04-29T00:00:00+00:00, run_after=2025-04-30T00:00:00+00:00
[2025-04-29T03:09:14.414+0000] {processor.py:179} INFO - Processing /opt/airflow/dags/kafka_stream.py took 0.098 seconds
[2025-04-29T03:09:44.626+0000] {processor.py:157} INFO - Started process (PID=4309) to work on /opt/airflow/dags/kafka_stream.py
[2025-04-29T03:09:44.628+0000] {processor.py:829} INFO - Processing file /opt/airflow/dags/kafka_stream.py for tasks to queue
[2025-04-29T03:09:44.629+0000] {logging_mixin.py:151} INFO - [2025-04-29T03:09:44.628+0000] {dagbag.py:539} INFO - Filling up the DagBag from /opt/airflow/dags/kafka_stream.py
[2025-04-29T03:09:44.653+0000] {processor.py:839} INFO - DAG(s) dict_keys(['user_automation']) retrieved from /opt/airflow/dags/kafka_stream.py
[2025-04-29T03:09:44.673+0000] {logging_mixin.py:151} INFO - [2025-04-29T03:09:44.673+0000] {dag.py:2907} INFO - Sync 1 DAGs
[2025-04-29T03:09:44.688+0000] {logging_mixin.py:151} INFO - [2025-04-29T03:09:44.688+0000] {dag.py:3677} INFO - Setting next_dagrun for user_automation to 2025-04-29T00:00:00+00:00, run_after=2025-04-30T00:00:00+00:00
[2025-04-29T03:09:44.708+0000] {processor.py:179} INFO - Processing /opt/airflow/dags/kafka_stream.py took 0.084 seconds
[2025-04-29T03:10:15.024+0000] {processor.py:157} INFO - Started process (PID=4310) to work on /opt/airflow/dags/kafka_stream.py
[2025-04-29T03:10:15.025+0000] {processor.py:829} INFO - Processing file /opt/airflow/dags/kafka_stream.py for tasks to queue
[2025-04-29T03:10:15.026+0000] {logging_mixin.py:151} INFO - [2025-04-29T03:10:15.026+0000] {dagbag.py:539} INFO - Filling up the DagBag from /opt/airflow/dags/kafka_stream.py
[2025-04-29T03:10:15.054+0000] {processor.py:839} INFO - DAG(s) dict_keys(['user_automation']) retrieved from /opt/airflow/dags/kafka_stream.py
[2025-04-29T03:10:15.072+0000] {logging_mixin.py:151} INFO - [2025-04-29T03:10:15.071+0000] {dag.py:2907} INFO - Sync 1 DAGs
[2025-04-29T03:10:15.086+0000] {logging_mixin.py:151} INFO - [2025-04-29T03:10:15.086+0000] {dag.py:3677} INFO - Setting next_dagrun for user_automation to 2025-04-29T00:00:00+00:00, run_after=2025-04-30T00:00:00+00:00
[2025-04-29T03:10:15.103+0000] {processor.py:179} INFO - Processing /opt/airflow/dags/kafka_stream.py took 0.082 seconds
[2025-04-29T03:10:45.379+0000] {processor.py:157} INFO - Started process (PID=4311) to work on /opt/airflow/dags/kafka_stream.py
[2025-04-29T03:10:45.381+0000] {processor.py:829} INFO - Processing file /opt/airflow/dags/kafka_stream.py for tasks to queue
[2025-04-29T03:10:45.382+0000] {logging_mixin.py:151} INFO - [2025-04-29T03:10:45.382+0000] {dagbag.py:539} INFO - Filling up the DagBag from /opt/airflow/dags/kafka_stream.py
[2025-04-29T03:10:45.420+0000] {processor.py:839} INFO - DAG(s) dict_keys(['user_automation']) retrieved from /opt/airflow/dags/kafka_stream.py
[2025-04-29T03:10:45.445+0000] {logging_mixin.py:151} INFO - [2025-04-29T03:10:45.444+0000] {dag.py:2907} INFO - Sync 1 DAGs
[2025-04-29T03:10:45.460+0000] {logging_mixin.py:151} INFO - [2025-04-29T03:10:45.460+0000] {dag.py:3677} INFO - Setting next_dagrun for user_automation to 2025-04-29T00:00:00+00:00, run_after=2025-04-30T00:00:00+00:00
[2025-04-29T03:10:45.488+0000] {processor.py:179} INFO - Processing /opt/airflow/dags/kafka_stream.py took 0.116 seconds
[2025-04-29T03:11:15.799+0000] {processor.py:157} INFO - Started process (PID=4312) to work on /opt/airflow/dags/kafka_stream.py
[2025-04-29T03:11:15.800+0000] {processor.py:829} INFO - Processing file /opt/airflow/dags/kafka_stream.py for tasks to queue
[2025-04-29T03:11:15.801+0000] {logging_mixin.py:151} INFO - [2025-04-29T03:11:15.801+0000] {dagbag.py:539} INFO - Filling up the DagBag from /opt/airflow/dags/kafka_stream.py
[2025-04-29T03:11:15.826+0000] {processor.py:839} INFO - DAG(s) dict_keys(['user_automation']) retrieved from /opt/airflow/dags/kafka_stream.py
[2025-04-29T03:11:15.845+0000] {logging_mixin.py:151} INFO - [2025-04-29T03:11:15.845+0000] {dag.py:2907} INFO - Sync 1 DAGs
[2025-04-29T03:11:15.933+0000] {logging_mixin.py:151} INFO - [2025-04-29T03:11:15.933+0000] {dag.py:3677} INFO - Setting next_dagrun for user_automation to 2025-04-29T00:00:00+00:00, run_after=2025-04-30T00:00:00+00:00
[2025-04-29T03:11:15.962+0000] {processor.py:179} INFO - Processing /opt/airflow/dags/kafka_stream.py took 0.166 seconds
[2025-04-29T03:11:46.155+0000] {processor.py:157} INFO - Started process (PID=4313) to work on /opt/airflow/dags/kafka_stream.py
[2025-04-29T03:11:46.156+0000] {processor.py:829} INFO - Processing file /opt/airflow/dags/kafka_stream.py for tasks to queue
[2025-04-29T03:11:46.158+0000] {logging_mixin.py:151} INFO - [2025-04-29T03:11:46.158+0000] {dagbag.py:539} INFO - Filling up the DagBag from /opt/airflow/dags/kafka_stream.py
[2025-04-29T03:11:46.186+0000] {processor.py:839} INFO - DAG(s) dict_keys(['user_automation']) retrieved from /opt/airflow/dags/kafka_stream.py
[2025-04-29T03:11:46.205+0000] {logging_mixin.py:151} INFO - [2025-04-29T03:11:46.205+0000] {dag.py:2907} INFO - Sync 1 DAGs
[2025-04-29T03:11:46.219+0000] {logging_mixin.py:151} INFO - [2025-04-29T03:11:46.219+0000] {dag.py:3677} INFO - Setting next_dagrun for user_automation to 2025-04-29T00:00:00+00:00, run_after=2025-04-30T00:00:00+00:00
[2025-04-29T03:11:46.250+0000] {processor.py:179} INFO - Processing /opt/airflow/dags/kafka_stream.py took 0.098 seconds
[2025-04-29T03:12:16.471+0000] {processor.py:157} INFO - Started process (PID=4314) to work on /opt/airflow/dags/kafka_stream.py
[2025-04-29T03:12:16.472+0000] {processor.py:829} INFO - Processing file /opt/airflow/dags/kafka_stream.py for tasks to queue
[2025-04-29T03:12:16.473+0000] {logging_mixin.py:151} INFO - [2025-04-29T03:12:16.473+0000] {dagbag.py:539} INFO - Filling up the DagBag from /opt/airflow/dags/kafka_stream.py
[2025-04-29T03:12:16.501+0000] {processor.py:839} INFO - DAG(s) dict_keys(['user_automation']) retrieved from /opt/airflow/dags/kafka_stream.py
[2025-04-29T03:12:16.520+0000] {logging_mixin.py:151} INFO - [2025-04-29T03:12:16.520+0000] {dag.py:2907} INFO - Sync 1 DAGs
[2025-04-29T03:12:16.535+0000] {logging_mixin.py:151} INFO - [2025-04-29T03:12:16.535+0000] {dag.py:3677} INFO - Setting next_dagrun for user_automation to 2025-04-29T00:00:00+00:00, run_after=2025-04-30T00:00:00+00:00
[2025-04-29T03:12:16.564+0000] {processor.py:179} INFO - Processing /opt/airflow/dags/kafka_stream.py took 0.097 seconds
[2025-04-29T03:12:46.881+0000] {processor.py:157} INFO - Started process (PID=4315) to work on /opt/airflow/dags/kafka_stream.py
[2025-04-29T03:12:46.883+0000] {processor.py:829} INFO - Processing file /opt/airflow/dags/kafka_stream.py for tasks to queue
[2025-04-29T03:12:46.884+0000] {logging_mixin.py:151} INFO - [2025-04-29T03:12:46.884+0000] {dagbag.py:539} INFO - Filling up the DagBag from /opt/airflow/dags/kafka_stream.py
[2025-04-29T03:12:46.909+0000] {processor.py:839} INFO - DAG(s) dict_keys(['user_automation']) retrieved from /opt/airflow/dags/kafka_stream.py
[2025-04-29T03:12:46.931+0000] {logging_mixin.py:151} INFO - [2025-04-29T03:12:46.931+0000] {dag.py:2907} INFO - Sync 1 DAGs
[2025-04-29T03:12:46.946+0000] {logging_mixin.py:151} INFO - [2025-04-29T03:12:46.946+0000] {dag.py:3677} INFO - Setting next_dagrun for user_automation to 2025-04-29T00:00:00+00:00, run_after=2025-04-30T00:00:00+00:00
[2025-04-29T03:12:46.965+0000] {processor.py:179} INFO - Processing /opt/airflow/dags/kafka_stream.py took 0.086 seconds
[2025-04-29T03:13:17.223+0000] {processor.py:157} INFO - Started process (PID=4316) to work on /opt/airflow/dags/kafka_stream.py
[2025-04-29T03:13:17.224+0000] {processor.py:829} INFO - Processing file /opt/airflow/dags/kafka_stream.py for tasks to queue
[2025-04-29T03:13:17.226+0000] {logging_mixin.py:151} INFO - [2025-04-29T03:13:17.225+0000] {dagbag.py:539} INFO - Filling up the DagBag from /opt/airflow/dags/kafka_stream.py
[2025-04-29T03:13:17.254+0000] {processor.py:839} INFO - DAG(s) dict_keys(['user_automation']) retrieved from /opt/airflow/dags/kafka_stream.py
[2025-04-29T03:13:17.276+0000] {logging_mixin.py:151} INFO - [2025-04-29T03:13:17.276+0000] {dag.py:2907} INFO - Sync 1 DAGs
[2025-04-29T03:13:17.295+0000] {logging_mixin.py:151} INFO - [2025-04-29T03:13:17.294+0000] {dag.py:3677} INFO - Setting next_dagrun for user_automation to 2025-04-29T00:00:00+00:00, run_after=2025-04-30T00:00:00+00:00
[2025-04-29T03:13:17.325+0000] {processor.py:179} INFO - Processing /opt/airflow/dags/kafka_stream.py took 0.105 seconds
[2025-04-29T03:13:47.601+0000] {processor.py:157} INFO - Started process (PID=4317) to work on /opt/airflow/dags/kafka_stream.py
[2025-04-29T03:13:47.602+0000] {processor.py:829} INFO - Processing file /opt/airflow/dags/kafka_stream.py for tasks to queue
[2025-04-29T03:13:47.603+0000] {logging_mixin.py:151} INFO - [2025-04-29T03:13:47.603+0000] {dagbag.py:539} INFO - Filling up the DagBag from /opt/airflow/dags/kafka_stream.py
[2025-04-29T03:13:47.637+0000] {processor.py:839} INFO - DAG(s) dict_keys(['user_automation']) retrieved from /opt/airflow/dags/kafka_stream.py
[2025-04-29T03:13:47.661+0000] {logging_mixin.py:151} INFO - [2025-04-29T03:13:47.661+0000] {dag.py:2907} INFO - Sync 1 DAGs
[2025-04-29T03:13:47.752+0000] {logging_mixin.py:151} INFO - [2025-04-29T03:13:47.752+0000] {dag.py:3677} INFO - Setting next_dagrun for user_automation to 2025-04-29T00:00:00+00:00, run_after=2025-04-30T00:00:00+00:00
[2025-04-29T03:13:47.768+0000] {processor.py:179} INFO - Processing /opt/airflow/dags/kafka_stream.py took 0.170 seconds
[2025-04-29T03:14:17.928+0000] {processor.py:157} INFO - Started process (PID=4318) to work on /opt/airflow/dags/kafka_stream.py
[2025-04-29T03:14:17.930+0000] {processor.py:829} INFO - Processing file /opt/airflow/dags/kafka_stream.py for tasks to queue
[2025-04-29T03:14:17.931+0000] {logging_mixin.py:151} INFO - [2025-04-29T03:14:17.931+0000] {dagbag.py:539} INFO - Filling up the DagBag from /opt/airflow/dags/kafka_stream.py
[2025-04-29T03:14:17.960+0000] {processor.py:839} INFO - DAG(s) dict_keys(['user_automation']) retrieved from /opt/airflow/dags/kafka_stream.py
[2025-04-29T03:14:17.979+0000] {logging_mixin.py:151} INFO - [2025-04-29T03:14:17.979+0000] {dag.py:2907} INFO - Sync 1 DAGs
[2025-04-29T03:14:18.070+0000] {logging_mixin.py:151} INFO - [2025-04-29T03:14:18.070+0000] {dag.py:3677} INFO - Setting next_dagrun for user_automation to 2025-04-29T00:00:00+00:00, run_after=2025-04-30T00:00:00+00:00
[2025-04-29T03:14:18.087+0000] {processor.py:179} INFO - Processing /opt/airflow/dags/kafka_stream.py took 0.162 seconds
[2025-04-29T03:14:48.356+0000] {processor.py:157} INFO - Started process (PID=4319) to work on /opt/airflow/dags/kafka_stream.py
[2025-04-29T03:14:48.357+0000] {processor.py:829} INFO - Processing file /opt/airflow/dags/kafka_stream.py for tasks to queue
[2025-04-29T03:14:48.359+0000] {logging_mixin.py:151} INFO - [2025-04-29T03:14:48.358+0000] {dagbag.py:539} INFO - Filling up the DagBag from /opt/airflow/dags/kafka_stream.py
[2025-04-29T03:14:48.389+0000] {processor.py:839} INFO - DAG(s) dict_keys(['user_automation']) retrieved from /opt/airflow/dags/kafka_stream.py
[2025-04-29T03:14:48.410+0000] {logging_mixin.py:151} INFO - [2025-04-29T03:14:48.410+0000] {dag.py:2907} INFO - Sync 1 DAGs
[2025-04-29T03:14:48.427+0000] {logging_mixin.py:151} INFO - [2025-04-29T03:14:48.427+0000] {dag.py:3677} INFO - Setting next_dagrun for user_automation to 2025-04-29T00:00:00+00:00, run_after=2025-04-30T00:00:00+00:00
[2025-04-29T03:14:48.447+0000] {processor.py:179} INFO - Processing /opt/airflow/dags/kafka_stream.py took 0.094 seconds
[2025-04-29T03:15:18.675+0000] {processor.py:157} INFO - Started process (PID=4320) to work on /opt/airflow/dags/kafka_stream.py
[2025-04-29T03:15:18.677+0000] {processor.py:829} INFO - Processing file /opt/airflow/dags/kafka_stream.py for tasks to queue
[2025-04-29T03:15:18.678+0000] {logging_mixin.py:151} INFO - [2025-04-29T03:15:18.678+0000] {dagbag.py:539} INFO - Filling up the DagBag from /opt/airflow/dags/kafka_stream.py
[2025-04-29T03:15:18.715+0000] {processor.py:839} INFO - DAG(s) dict_keys(['user_automation']) retrieved from /opt/airflow/dags/kafka_stream.py
[2025-04-29T03:15:18.738+0000] {logging_mixin.py:151} INFO - [2025-04-29T03:15:18.738+0000] {dag.py:2907} INFO - Sync 1 DAGs
[2025-04-29T03:15:18.752+0000] {logging_mixin.py:151} INFO - [2025-04-29T03:15:18.752+0000] {dag.py:3677} INFO - Setting next_dagrun for user_automation to 2025-04-29T00:00:00+00:00, run_after=2025-04-30T00:00:00+00:00
[2025-04-29T03:15:18.783+0000] {processor.py:179} INFO - Processing /opt/airflow/dags/kafka_stream.py took 0.111 seconds
[2025-04-29T03:15:49.042+0000] {processor.py:157} INFO - Started process (PID=4321) to work on /opt/airflow/dags/kafka_stream.py
[2025-04-29T03:15:49.043+0000] {processor.py:829} INFO - Processing file /opt/airflow/dags/kafka_stream.py for tasks to queue
[2025-04-29T03:15:49.045+0000] {logging_mixin.py:151} INFO - [2025-04-29T03:15:49.044+0000] {dagbag.py:539} INFO - Filling up the DagBag from /opt/airflow/dags/kafka_stream.py
[2025-04-29T03:15:49.077+0000] {processor.py:839} INFO - DAG(s) dict_keys(['user_automation']) retrieved from /opt/airflow/dags/kafka_stream.py
[2025-04-29T03:15:49.098+0000] {logging_mixin.py:151} INFO - [2025-04-29T03:15:49.098+0000] {dag.py:2907} INFO - Sync 1 DAGs
[2025-04-29T03:15:49.113+0000] {logging_mixin.py:151} INFO - [2025-04-29T03:15:49.113+0000] {dag.py:3677} INFO - Setting next_dagrun for user_automation to 2025-04-29T00:00:00+00:00, run_after=2025-04-30T00:00:00+00:00
[2025-04-29T03:15:49.142+0000] {processor.py:179} INFO - Processing /opt/airflow/dags/kafka_stream.py took 0.103 seconds
[2025-04-29T03:16:19.440+0000] {processor.py:157} INFO - Started process (PID=4322) to work on /opt/airflow/dags/kafka_stream.py
[2025-04-29T03:16:19.441+0000] {processor.py:829} INFO - Processing file /opt/airflow/dags/kafka_stream.py for tasks to queue
[2025-04-29T03:16:19.442+0000] {logging_mixin.py:151} INFO - [2025-04-29T03:16:19.442+0000] {dagbag.py:539} INFO - Filling up the DagBag from /opt/airflow/dags/kafka_stream.py
[2025-04-29T03:16:19.475+0000] {processor.py:839} INFO - DAG(s) dict_keys(['user_automation']) retrieved from /opt/airflow/dags/kafka_stream.py
[2025-04-29T03:16:19.495+0000] {logging_mixin.py:151} INFO - [2025-04-29T03:16:19.494+0000] {dag.py:2907} INFO - Sync 1 DAGs
[2025-04-29T03:16:19.585+0000] {logging_mixin.py:151} INFO - [2025-04-29T03:16:19.585+0000] {dag.py:3677} INFO - Setting next_dagrun for user_automation to 2025-04-29T00:00:00+00:00, run_after=2025-04-30T00:00:00+00:00
[2025-04-29T03:16:19.605+0000] {processor.py:179} INFO - Processing /opt/airflow/dags/kafka_stream.py took 0.167 seconds
[2025-04-29T03:16:49.749+0000] {processor.py:157} INFO - Started process (PID=4323) to work on /opt/airflow/dags/kafka_stream.py
[2025-04-29T03:16:49.750+0000] {processor.py:829} INFO - Processing file /opt/airflow/dags/kafka_stream.py for tasks to queue
[2025-04-29T03:16:49.751+0000] {logging_mixin.py:151} INFO - [2025-04-29T03:16:49.751+0000] {dagbag.py:539} INFO - Filling up the DagBag from /opt/airflow/dags/kafka_stream.py
[2025-04-29T03:16:49.775+0000] {processor.py:839} INFO - DAG(s) dict_keys(['user_automation']) retrieved from /opt/airflow/dags/kafka_stream.py
[2025-04-29T03:16:49.797+0000] {logging_mixin.py:151} INFO - [2025-04-29T03:16:49.797+0000] {dag.py:2907} INFO - Sync 1 DAGs
[2025-04-29T03:16:49.886+0000] {logging_mixin.py:151} INFO - [2025-04-29T03:16:49.886+0000] {dag.py:3677} INFO - Setting next_dagrun for user_automation to 2025-04-29T00:00:00+00:00, run_after=2025-04-30T00:00:00+00:00
[2025-04-29T03:16:49.909+0000] {processor.py:179} INFO - Processing /opt/airflow/dags/kafka_stream.py took 0.163 seconds
[2025-04-29T03:17:20.194+0000] {processor.py:157} INFO - Started process (PID=4324) to work on /opt/airflow/dags/kafka_stream.py
[2025-04-29T03:17:20.196+0000] {processor.py:829} INFO - Processing file /opt/airflow/dags/kafka_stream.py for tasks to queue
[2025-04-29T03:17:20.197+0000] {logging_mixin.py:151} INFO - [2025-04-29T03:17:20.197+0000] {dagbag.py:539} INFO - Filling up the DagBag from /opt/airflow/dags/kafka_stream.py
[2025-04-29T03:17:20.241+0000] {processor.py:839} INFO - DAG(s) dict_keys(['user_automation']) retrieved from /opt/airflow/dags/kafka_stream.py
[2025-04-29T03:17:20.262+0000] {logging_mixin.py:151} INFO - [2025-04-29T03:17:20.261+0000] {dag.py:2907} INFO - Sync 1 DAGs
[2025-04-29T03:17:20.276+0000] {logging_mixin.py:151} INFO - [2025-04-29T03:17:20.276+0000] {dag.py:3677} INFO - Setting next_dagrun for user_automation to 2025-04-29T00:00:00+00:00, run_after=2025-04-30T00:00:00+00:00
[2025-04-29T03:17:20.301+0000] {processor.py:179} INFO - Processing /opt/airflow/dags/kafka_stream.py took 0.110 seconds
[2025-04-29T03:17:50.528+0000] {processor.py:157} INFO - Started process (PID=4325) to work on /opt/airflow/dags/kafka_stream.py
[2025-04-29T03:17:50.529+0000] {processor.py:829} INFO - Processing file /opt/airflow/dags/kafka_stream.py for tasks to queue
[2025-04-29T03:17:50.530+0000] {logging_mixin.py:151} INFO - [2025-04-29T03:17:50.530+0000] {dagbag.py:539} INFO - Filling up the DagBag from /opt/airflow/dags/kafka_stream.py
[2025-04-29T03:17:50.562+0000] {processor.py:839} INFO - DAG(s) dict_keys(['user_automation']) retrieved from /opt/airflow/dags/kafka_stream.py
[2025-04-29T03:17:50.580+0000] {logging_mixin.py:151} INFO - [2025-04-29T03:17:50.579+0000] {dag.py:2907} INFO - Sync 1 DAGs
[2025-04-29T03:17:50.594+0000] {logging_mixin.py:151} INFO - [2025-04-29T03:17:50.594+0000] {dag.py:3677} INFO - Setting next_dagrun for user_automation to 2025-04-29T00:00:00+00:00, run_after=2025-04-30T00:00:00+00:00
[2025-04-29T03:17:50.620+0000] {processor.py:179} INFO - Processing /opt/airflow/dags/kafka_stream.py took 0.095 seconds
[2025-04-29T03:18:20.943+0000] {processor.py:157} INFO - Started process (PID=4326) to work on /opt/airflow/dags/kafka_stream.py
[2025-04-29T03:18:20.944+0000] {processor.py:829} INFO - Processing file /opt/airflow/dags/kafka_stream.py for tasks to queue
[2025-04-29T03:18:20.946+0000] {logging_mixin.py:151} INFO - [2025-04-29T03:18:20.945+0000] {dagbag.py:539} INFO - Filling up the DagBag from /opt/airflow/dags/kafka_stream.py
[2025-04-29T03:18:20.974+0000] {processor.py:839} INFO - DAG(s) dict_keys(['user_automation']) retrieved from /opt/airflow/dags/kafka_stream.py
[2025-04-29T03:18:20.993+0000] {logging_mixin.py:151} INFO - [2025-04-29T03:18:20.992+0000] {dag.py:2907} INFO - Sync 1 DAGs
[2025-04-29T03:18:21.007+0000] {logging_mixin.py:151} INFO - [2025-04-29T03:18:21.007+0000] {dag.py:3677} INFO - Setting next_dagrun for user_automation to 2025-04-29T00:00:00+00:00, run_after=2025-04-30T00:00:00+00:00
[2025-04-29T03:18:21.025+0000] {processor.py:179} INFO - Processing /opt/airflow/dags/kafka_stream.py took 0.085 seconds
[2025-04-29T03:18:51.275+0000] {processor.py:157} INFO - Started process (PID=4327) to work on /opt/airflow/dags/kafka_stream.py
[2025-04-29T03:18:51.277+0000] {processor.py:829} INFO - Processing file /opt/airflow/dags/kafka_stream.py for tasks to queue
[2025-04-29T03:18:51.278+0000] {logging_mixin.py:151} INFO - [2025-04-29T03:18:51.278+0000] {dagbag.py:539} INFO - Filling up the DagBag from /opt/airflow/dags/kafka_stream.py
[2025-04-29T03:18:51.302+0000] {processor.py:839} INFO - DAG(s) dict_keys(['user_automation']) retrieved from /opt/airflow/dags/kafka_stream.py
[2025-04-29T03:18:51.321+0000] {logging_mixin.py:151} INFO - [2025-04-29T03:18:51.321+0000] {dag.py:2907} INFO - Sync 1 DAGs
[2025-04-29T03:18:51.336+0000] {logging_mixin.py:151} INFO - [2025-04-29T03:18:51.336+0000] {dag.py:3677} INFO - Setting next_dagrun for user_automation to 2025-04-29T00:00:00+00:00, run_after=2025-04-30T00:00:00+00:00
[2025-04-29T03:18:51.441+0000] {processor.py:179} INFO - Processing /opt/airflow/dags/kafka_stream.py took 0.170 seconds
[2025-04-29T03:19:21.654+0000] {processor.py:157} INFO - Started process (PID=4328) to work on /opt/airflow/dags/kafka_stream.py
[2025-04-29T03:19:21.655+0000] {processor.py:829} INFO - Processing file /opt/airflow/dags/kafka_stream.py for tasks to queue
[2025-04-29T03:19:21.656+0000] {logging_mixin.py:151} INFO - [2025-04-29T03:19:21.656+0000] {dagbag.py:539} INFO - Filling up the DagBag from /opt/airflow/dags/kafka_stream.py
[2025-04-29T03:19:21.675+0000] {processor.py:839} INFO - DAG(s) dict_keys(['user_automation']) retrieved from /opt/airflow/dags/kafka_stream.py
[2025-04-29T03:19:21.695+0000] {logging_mixin.py:151} INFO - [2025-04-29T03:19:21.695+0000] {dag.py:2907} INFO - Sync 1 DAGs
[2025-04-29T03:19:21.792+0000] {logging_mixin.py:151} INFO - [2025-04-29T03:19:21.792+0000] {dag.py:3677} INFO - Setting next_dagrun for user_automation to 2025-04-29T00:00:00+00:00, run_after=2025-04-30T00:00:00+00:00
[2025-04-29T03:19:21.813+0000] {processor.py:179} INFO - Processing /opt/airflow/dags/kafka_stream.py took 0.162 seconds
[2025-04-29T03:19:52.084+0000] {processor.py:157} INFO - Started process (PID=4329) to work on /opt/airflow/dags/kafka_stream.py
[2025-04-29T03:19:52.085+0000] {processor.py:829} INFO - Processing file /opt/airflow/dags/kafka_stream.py for tasks to queue
[2025-04-29T03:19:52.087+0000] {logging_mixin.py:151} INFO - [2025-04-29T03:19:52.086+0000] {dagbag.py:539} INFO - Filling up the DagBag from /opt/airflow/dags/kafka_stream.py
[2025-04-29T03:19:52.117+0000] {processor.py:839} INFO - DAG(s) dict_keys(['user_automation']) retrieved from /opt/airflow/dags/kafka_stream.py
[2025-04-29T03:19:52.138+0000] {logging_mixin.py:151} INFO - [2025-04-29T03:19:52.138+0000] {dag.py:2907} INFO - Sync 1 DAGs
[2025-04-29T03:19:52.154+0000] {logging_mixin.py:151} INFO - [2025-04-29T03:19:52.153+0000] {dag.py:3677} INFO - Setting next_dagrun for user_automation to 2025-04-29T00:00:00+00:00, run_after=2025-04-30T00:00:00+00:00
[2025-04-29T03:19:52.170+0000] {processor.py:179} INFO - Processing /opt/airflow/dags/kafka_stream.py took 0.091 seconds
[2025-04-29T03:20:22.409+0000] {processor.py:157} INFO - Started process (PID=4330) to work on /opt/airflow/dags/kafka_stream.py
[2025-04-29T03:20:22.411+0000] {processor.py:829} INFO - Processing file /opt/airflow/dags/kafka_stream.py for tasks to queue
[2025-04-29T03:20:22.412+0000] {logging_mixin.py:151} INFO - [2025-04-29T03:20:22.411+0000] {dagbag.py:539} INFO - Filling up the DagBag from /opt/airflow/dags/kafka_stream.py
[2025-04-29T03:20:22.436+0000] {processor.py:839} INFO - DAG(s) dict_keys(['user_automation']) retrieved from /opt/airflow/dags/kafka_stream.py
[2025-04-29T03:20:22.456+0000] {logging_mixin.py:151} INFO - [2025-04-29T03:20:22.456+0000] {dag.py:2907} INFO - Sync 1 DAGs
[2025-04-29T03:20:22.474+0000] {logging_mixin.py:151} INFO - [2025-04-29T03:20:22.474+0000] {dag.py:3677} INFO - Setting next_dagrun for user_automation to 2025-04-29T00:00:00+00:00, run_after=2025-04-30T00:00:00+00:00
[2025-04-29T03:20:22.500+0000] {processor.py:179} INFO - Processing /opt/airflow/dags/kafka_stream.py took 0.094 seconds
[2025-04-29T03:20:52.781+0000] {processor.py:157} INFO - Started process (PID=4331) to work on /opt/airflow/dags/kafka_stream.py
[2025-04-29T03:20:52.782+0000] {processor.py:829} INFO - Processing file /opt/airflow/dags/kafka_stream.py for tasks to queue
[2025-04-29T03:20:52.784+0000] {logging_mixin.py:151} INFO - [2025-04-29T03:20:52.783+0000] {dagbag.py:539} INFO - Filling up the DagBag from /opt/airflow/dags/kafka_stream.py
[2025-04-29T03:20:52.816+0000] {processor.py:839} INFO - DAG(s) dict_keys(['user_automation']) retrieved from /opt/airflow/dags/kafka_stream.py
[2025-04-29T03:20:52.837+0000] {logging_mixin.py:151} INFO - [2025-04-29T03:20:52.836+0000] {dag.py:2907} INFO - Sync 1 DAGs
[2025-04-29T03:20:52.852+0000] {logging_mixin.py:151} INFO - [2025-04-29T03:20:52.851+0000] {dag.py:3677} INFO - Setting next_dagrun for user_automation to 2025-04-29T00:00:00+00:00, run_after=2025-04-30T00:00:00+00:00
[2025-04-29T03:20:52.873+0000] {processor.py:179} INFO - Processing /opt/airflow/dags/kafka_stream.py took 0.094 seconds
[2025-04-29T03:21:23.186+0000] {processor.py:157} INFO - Started process (PID=4332) to work on /opt/airflow/dags/kafka_stream.py
[2025-04-29T03:21:23.187+0000] {processor.py:829} INFO - Processing file /opt/airflow/dags/kafka_stream.py for tasks to queue
[2025-04-29T03:21:23.189+0000] {logging_mixin.py:151} INFO - [2025-04-29T03:21:23.188+0000] {dagbag.py:539} INFO - Filling up the DagBag from /opt/airflow/dags/kafka_stream.py
[2025-04-29T03:21:23.219+0000] {processor.py:839} INFO - DAG(s) dict_keys(['user_automation']) retrieved from /opt/airflow/dags/kafka_stream.py
[2025-04-29T03:21:23.240+0000] {logging_mixin.py:151} INFO - [2025-04-29T03:21:23.240+0000] {dag.py:2907} INFO - Sync 1 DAGs
[2025-04-29T03:21:23.255+0000] {logging_mixin.py:151} INFO - [2025-04-29T03:21:23.255+0000] {dag.py:3677} INFO - Setting next_dagrun for user_automation to 2025-04-29T00:00:00+00:00, run_after=2025-04-30T00:00:00+00:00
[2025-04-29T03:21:23.358+0000] {processor.py:179} INFO - Processing /opt/airflow/dags/kafka_stream.py took 0.175 seconds
[2025-04-29T03:21:53.477+0000] {processor.py:157} INFO - Started process (PID=4333) to work on /opt/airflow/dags/kafka_stream.py
[2025-04-29T03:21:53.479+0000] {processor.py:829} INFO - Processing file /opt/airflow/dags/kafka_stream.py for tasks to queue
[2025-04-29T03:21:53.480+0000] {logging_mixin.py:151} INFO - [2025-04-29T03:21:53.480+0000] {dagbag.py:539} INFO - Filling up the DagBag from /opt/airflow/dags/kafka_stream.py
[2025-04-29T03:21:53.513+0000] {processor.py:839} INFO - DAG(s) dict_keys(['user_automation']) retrieved from /opt/airflow/dags/kafka_stream.py
[2025-04-29T03:21:53.535+0000] {logging_mixin.py:151} INFO - [2025-04-29T03:21:53.535+0000] {dag.py:2907} INFO - Sync 1 DAGs
[2025-04-29T03:21:53.627+0000] {logging_mixin.py:151} INFO - [2025-04-29T03:21:53.627+0000] {dag.py:3677} INFO - Setting next_dagrun for user_automation to 2025-04-29T00:00:00+00:00, run_after=2025-04-30T00:00:00+00:00
[2025-04-29T03:21:53.647+0000] {processor.py:179} INFO - Processing /opt/airflow/dags/kafka_stream.py took 0.172 seconds
[2025-04-29T03:22:23.992+0000] {processor.py:157} INFO - Started process (PID=4334) to work on /opt/airflow/dags/kafka_stream.py
[2025-04-29T03:22:23.993+0000] {processor.py:829} INFO - Processing file /opt/airflow/dags/kafka_stream.py for tasks to queue
[2025-04-29T03:22:23.994+0000] {logging_mixin.py:151} INFO - [2025-04-29T03:22:23.994+0000] {dagbag.py:539} INFO - Filling up the DagBag from /opt/airflow/dags/kafka_stream.py
[2025-04-29T03:22:24.016+0000] {processor.py:839} INFO - DAG(s) dict_keys(['user_automation']) retrieved from /opt/airflow/dags/kafka_stream.py
[2025-04-29T03:22:24.034+0000] {logging_mixin.py:151} INFO - [2025-04-29T03:22:24.034+0000] {dag.py:2907} INFO - Sync 1 DAGs
[2025-04-29T03:22:24.048+0000] {logging_mixin.py:151} INFO - [2025-04-29T03:22:24.048+0000] {dag.py:3677} INFO - Setting next_dagrun for user_automation to 2025-04-29T00:00:00+00:00, run_after=2025-04-30T00:00:00+00:00
[2025-04-29T03:22:24.078+0000] {processor.py:179} INFO - Processing /opt/airflow/dags/kafka_stream.py took 0.089 seconds
[2025-04-29T03:22:54.342+0000] {processor.py:157} INFO - Started process (PID=4335) to work on /opt/airflow/dags/kafka_stream.py
[2025-04-29T03:22:54.343+0000] {processor.py:829} INFO - Processing file /opt/airflow/dags/kafka_stream.py for tasks to queue
[2025-04-29T03:22:54.344+0000] {logging_mixin.py:151} INFO - [2025-04-29T03:22:54.344+0000] {dagbag.py:539} INFO - Filling up the DagBag from /opt/airflow/dags/kafka_stream.py
[2025-04-29T03:22:54.378+0000] {processor.py:839} INFO - DAG(s) dict_keys(['user_automation']) retrieved from /opt/airflow/dags/kafka_stream.py
[2025-04-29T03:22:54.400+0000] {logging_mixin.py:151} INFO - [2025-04-29T03:22:54.400+0000] {dag.py:2907} INFO - Sync 1 DAGs
[2025-04-29T03:22:54.414+0000] {logging_mixin.py:151} INFO - [2025-04-29T03:22:54.414+0000] {dag.py:3677} INFO - Setting next_dagrun for user_automation to 2025-04-29T00:00:00+00:00, run_after=2025-04-30T00:00:00+00:00
[2025-04-29T03:22:54.441+0000] {processor.py:179} INFO - Processing /opt/airflow/dags/kafka_stream.py took 0.102 seconds
[2025-04-29T03:23:24.692+0000] {processor.py:157} INFO - Started process (PID=4336) to work on /opt/airflow/dags/kafka_stream.py
[2025-04-29T03:23:24.693+0000] {processor.py:829} INFO - Processing file /opt/airflow/dags/kafka_stream.py for tasks to queue
[2025-04-29T03:23:24.695+0000] {logging_mixin.py:151} INFO - [2025-04-29T03:23:24.694+0000] {dagbag.py:539} INFO - Filling up the DagBag from /opt/airflow/dags/kafka_stream.py
[2025-04-29T03:23:24.722+0000] {processor.py:839} INFO - DAG(s) dict_keys(['user_automation']) retrieved from /opt/airflow/dags/kafka_stream.py
[2025-04-29T03:23:24.742+0000] {logging_mixin.py:151} INFO - [2025-04-29T03:23:24.742+0000] {dag.py:2907} INFO - Sync 1 DAGs
[2025-04-29T03:23:24.756+0000] {logging_mixin.py:151} INFO - [2025-04-29T03:23:24.756+0000] {dag.py:3677} INFO - Setting next_dagrun for user_automation to 2025-04-29T00:00:00+00:00, run_after=2025-04-30T00:00:00+00:00
[2025-04-29T03:23:24.777+0000] {processor.py:179} INFO - Processing /opt/airflow/dags/kafka_stream.py took 0.088 seconds
[2025-04-29T03:23:55.041+0000] {processor.py:157} INFO - Started process (PID=4337) to work on /opt/airflow/dags/kafka_stream.py
[2025-04-29T03:23:55.043+0000] {processor.py:829} INFO - Processing file /opt/airflow/dags/kafka_stream.py for tasks to queue
[2025-04-29T03:23:55.044+0000] {logging_mixin.py:151} INFO - [2025-04-29T03:23:55.044+0000] {dagbag.py:539} INFO - Filling up the DagBag from /opt/airflow/dags/kafka_stream.py
[2025-04-29T03:23:55.078+0000] {processor.py:839} INFO - DAG(s) dict_keys(['user_automation']) retrieved from /opt/airflow/dags/kafka_stream.py
[2025-04-29T03:23:55.098+0000] {logging_mixin.py:151} INFO - [2025-04-29T03:23:55.098+0000] {dag.py:2907} INFO - Sync 1 DAGs
[2025-04-29T03:23:55.112+0000] {logging_mixin.py:151} INFO - [2025-04-29T03:23:55.112+0000] {dag.py:3677} INFO - Setting next_dagrun for user_automation to 2025-04-29T00:00:00+00:00, run_after=2025-04-30T00:00:00+00:00
[2025-04-29T03:23:55.142+0000] {processor.py:179} INFO - Processing /opt/airflow/dags/kafka_stream.py took 0.103 seconds
[2025-04-29T03:24:25.385+0000] {processor.py:157} INFO - Started process (PID=4338) to work on /opt/airflow/dags/kafka_stream.py
[2025-04-29T03:24:25.386+0000] {processor.py:829} INFO - Processing file /opt/airflow/dags/kafka_stream.py for tasks to queue
[2025-04-29T03:24:25.388+0000] {logging_mixin.py:151} INFO - [2025-04-29T03:24:25.388+0000] {dagbag.py:539} INFO - Filling up the DagBag from /opt/airflow/dags/kafka_stream.py
[2025-04-29T03:24:25.419+0000] {processor.py:839} INFO - DAG(s) dict_keys(['user_automation']) retrieved from /opt/airflow/dags/kafka_stream.py
[2025-04-29T03:24:25.440+0000] {logging_mixin.py:151} INFO - [2025-04-29T03:24:25.440+0000] {dag.py:2907} INFO - Sync 1 DAGs
[2025-04-29T03:24:25.534+0000] {logging_mixin.py:151} INFO - [2025-04-29T03:24:25.533+0000] {dag.py:3677} INFO - Setting next_dagrun for user_automation to 2025-04-29T00:00:00+00:00, run_after=2025-04-30T00:00:00+00:00
[2025-04-29T03:24:25.561+0000] {processor.py:179} INFO - Processing /opt/airflow/dags/kafka_stream.py took 0.181 seconds
[2025-04-29T03:24:55.796+0000] {processor.py:157} INFO - Started process (PID=4339) to work on /opt/airflow/dags/kafka_stream.py
[2025-04-29T03:24:55.798+0000] {processor.py:829} INFO - Processing file /opt/airflow/dags/kafka_stream.py for tasks to queue
[2025-04-29T03:24:55.799+0000] {logging_mixin.py:151} INFO - [2025-04-29T03:24:55.799+0000] {dagbag.py:539} INFO - Filling up the DagBag from /opt/airflow/dags/kafka_stream.py
[2025-04-29T03:24:55.845+0000] {processor.py:839} INFO - DAG(s) dict_keys(['user_automation']) retrieved from /opt/airflow/dags/kafka_stream.py
[2025-04-29T03:24:55.941+0000] {logging_mixin.py:151} INFO - [2025-04-29T03:24:55.940+0000] {dag.py:2907} INFO - Sync 1 DAGs
[2025-04-29T03:24:55.954+0000] {logging_mixin.py:151} INFO - [2025-04-29T03:24:55.954+0000] {dag.py:3677} INFO - Setting next_dagrun for user_automation to 2025-04-29T00:00:00+00:00, run_after=2025-04-30T00:00:00+00:00
[2025-04-29T03:24:55.970+0000] {processor.py:179} INFO - Processing /opt/airflow/dags/kafka_stream.py took 0.178 seconds
[2025-04-29T03:25:26.184+0000] {processor.py:157} INFO - Started process (PID=4340) to work on /opt/airflow/dags/kafka_stream.py
[2025-04-29T03:25:26.185+0000] {processor.py:829} INFO - Processing file /opt/airflow/dags/kafka_stream.py for tasks to queue
[2025-04-29T03:25:26.187+0000] {logging_mixin.py:151} INFO - [2025-04-29T03:25:26.187+0000] {dagbag.py:539} INFO - Filling up the DagBag from /opt/airflow/dags/kafka_stream.py
[2025-04-29T03:25:26.220+0000] {processor.py:839} INFO - DAG(s) dict_keys(['user_automation']) retrieved from /opt/airflow/dags/kafka_stream.py
[2025-04-29T03:25:26.241+0000] {logging_mixin.py:151} INFO - [2025-04-29T03:25:26.241+0000] {dag.py:2907} INFO - Sync 1 DAGs
[2025-04-29T03:25:26.255+0000] {logging_mixin.py:151} INFO - [2025-04-29T03:25:26.255+0000] {dag.py:3677} INFO - Setting next_dagrun for user_automation to 2025-04-29T00:00:00+00:00, run_after=2025-04-30T00:00:00+00:00
[2025-04-29T03:25:26.275+0000] {processor.py:179} INFO - Processing /opt/airflow/dags/kafka_stream.py took 0.096 seconds
[2025-04-29T03:25:56.598+0000] {processor.py:157} INFO - Started process (PID=4341) to work on /opt/airflow/dags/kafka_stream.py
[2025-04-29T03:25:56.599+0000] {processor.py:829} INFO - Processing file /opt/airflow/dags/kafka_stream.py for tasks to queue
[2025-04-29T03:25:56.600+0000] {logging_mixin.py:151} INFO - [2025-04-29T03:25:56.600+0000] {dagbag.py:539} INFO - Filling up the DagBag from /opt/airflow/dags/kafka_stream.py
[2025-04-29T03:25:56.624+0000] {processor.py:839} INFO - DAG(s) dict_keys(['user_automation']) retrieved from /opt/airflow/dags/kafka_stream.py
[2025-04-29T03:25:56.644+0000] {logging_mixin.py:151} INFO - [2025-04-29T03:25:56.644+0000] {dag.py:2907} INFO - Sync 1 DAGs
[2025-04-29T03:25:56.660+0000] {logging_mixin.py:151} INFO - [2025-04-29T03:25:56.660+0000] {dag.py:3677} INFO - Setting next_dagrun for user_automation to 2025-04-29T00:00:00+00:00, run_after=2025-04-30T00:00:00+00:00
[2025-04-29T03:25:56.686+0000] {processor.py:179} INFO - Processing /opt/airflow/dags/kafka_stream.py took 0.091 seconds
[2025-04-29T03:26:26.994+0000] {processor.py:157} INFO - Started process (PID=4342) to work on /opt/airflow/dags/kafka_stream.py
[2025-04-29T03:26:26.995+0000] {processor.py:829} INFO - Processing file /opt/airflow/dags/kafka_stream.py for tasks to queue
[2025-04-29T03:26:26.997+0000] {logging_mixin.py:151} INFO - [2025-04-29T03:26:26.996+0000] {dagbag.py:539} INFO - Filling up the DagBag from /opt/airflow/dags/kafka_stream.py
[2025-04-29T03:26:27.026+0000] {processor.py:839} INFO - DAG(s) dict_keys(['user_automation']) retrieved from /opt/airflow/dags/kafka_stream.py
[2025-04-29T03:26:27.046+0000] {logging_mixin.py:151} INFO - [2025-04-29T03:26:27.046+0000] {dag.py:2907} INFO - Sync 1 DAGs
[2025-04-29T03:26:27.061+0000] {logging_mixin.py:151} INFO - [2025-04-29T03:26:27.060+0000] {dag.py:3677} INFO - Setting next_dagrun for user_automation to 2025-04-29T00:00:00+00:00, run_after=2025-04-30T00:00:00+00:00
[2025-04-29T03:26:27.091+0000] {processor.py:179} INFO - Processing /opt/airflow/dags/kafka_stream.py took 0.099 seconds
[2025-04-29T03:26:57.308+0000] {processor.py:157} INFO - Started process (PID=4343) to work on /opt/airflow/dags/kafka_stream.py
[2025-04-29T03:26:57.310+0000] {processor.py:829} INFO - Processing file /opt/airflow/dags/kafka_stream.py for tasks to queue
[2025-04-29T03:26:57.311+0000] {logging_mixin.py:151} INFO - [2025-04-29T03:26:57.311+0000] {dagbag.py:539} INFO - Filling up the DagBag from /opt/airflow/dags/kafka_stream.py
[2025-04-29T03:26:57.336+0000] {processor.py:839} INFO - DAG(s) dict_keys(['user_automation']) retrieved from /opt/airflow/dags/kafka_stream.py
[2025-04-29T03:26:57.356+0000] {logging_mixin.py:151} INFO - [2025-04-29T03:26:57.356+0000] {dag.py:2907} INFO - Sync 1 DAGs
[2025-04-29T03:26:57.445+0000] {logging_mixin.py:151} INFO - [2025-04-29T03:26:57.445+0000] {dag.py:3677} INFO - Setting next_dagrun for user_automation to 2025-04-29T00:00:00+00:00, run_after=2025-04-30T00:00:00+00:00
[2025-04-29T03:26:57.469+0000] {processor.py:179} INFO - Processing /opt/airflow/dags/kafka_stream.py took 0.164 seconds
[2025-04-29T03:27:27.651+0000] {processor.py:157} INFO - Started process (PID=4344) to work on /opt/airflow/dags/kafka_stream.py
[2025-04-29T03:27:27.653+0000] {processor.py:829} INFO - Processing file /opt/airflow/dags/kafka_stream.py for tasks to queue
[2025-04-29T03:27:27.654+0000] {logging_mixin.py:151} INFO - [2025-04-29T03:27:27.654+0000] {dagbag.py:539} INFO - Filling up the DagBag from /opt/airflow/dags/kafka_stream.py
[2025-04-29T03:27:27.686+0000] {processor.py:839} INFO - DAG(s) dict_keys(['user_automation']) retrieved from /opt/airflow/dags/kafka_stream.py
[2025-04-29T03:27:27.708+0000] {logging_mixin.py:151} INFO - [2025-04-29T03:27:27.708+0000] {dag.py:2907} INFO - Sync 1 DAGs
[2025-04-29T03:27:27.801+0000] {logging_mixin.py:151} INFO - [2025-04-29T03:27:27.801+0000] {dag.py:3677} INFO - Setting next_dagrun for user_automation to 2025-04-29T00:00:00+00:00, run_after=2025-04-30T00:00:00+00:00
[2025-04-29T03:27:27.818+0000] {processor.py:179} INFO - Processing /opt/airflow/dags/kafka_stream.py took 0.170 seconds
[2025-04-29T03:27:58.014+0000] {processor.py:157} INFO - Started process (PID=4345) to work on /opt/airflow/dags/kafka_stream.py
[2025-04-29T03:27:58.015+0000] {processor.py:829} INFO - Processing file /opt/airflow/dags/kafka_stream.py for tasks to queue
[2025-04-29T03:27:58.016+0000] {logging_mixin.py:151} INFO - [2025-04-29T03:27:58.016+0000] {dagbag.py:539} INFO - Filling up the DagBag from /opt/airflow/dags/kafka_stream.py
[2025-04-29T03:27:58.047+0000] {processor.py:839} INFO - DAG(s) dict_keys(['user_automation']) retrieved from /opt/airflow/dags/kafka_stream.py
[2025-04-29T03:27:58.072+0000] {logging_mixin.py:151} INFO - [2025-04-29T03:27:58.072+0000] {dag.py:2907} INFO - Sync 1 DAGs
[2025-04-29T03:27:58.089+0000] {logging_mixin.py:151} INFO - [2025-04-29T03:27:58.089+0000] {dag.py:3677} INFO - Setting next_dagrun for user_automation to 2025-04-29T00:00:00+00:00, run_after=2025-04-30T00:00:00+00:00
[2025-04-29T03:27:58.119+0000] {processor.py:179} INFO - Processing /opt/airflow/dags/kafka_stream.py took 0.110 seconds
[2025-04-29T03:28:28.414+0000] {processor.py:157} INFO - Started process (PID=4346) to work on /opt/airflow/dags/kafka_stream.py
[2025-04-29T03:28:28.415+0000] {processor.py:829} INFO - Processing file /opt/airflow/dags/kafka_stream.py for tasks to queue
[2025-04-29T03:28:28.417+0000] {logging_mixin.py:151} INFO - [2025-04-29T03:28:28.416+0000] {dagbag.py:539} INFO - Filling up the DagBag from /opt/airflow/dags/kafka_stream.py
[2025-04-29T03:28:28.447+0000] {processor.py:839} INFO - DAG(s) dict_keys(['user_automation']) retrieved from /opt/airflow/dags/kafka_stream.py
[2025-04-29T03:28:28.466+0000] {logging_mixin.py:151} INFO - [2025-04-29T03:28:28.466+0000] {dag.py:2907} INFO - Sync 1 DAGs
[2025-04-29T03:28:28.480+0000] {logging_mixin.py:151} INFO - [2025-04-29T03:28:28.480+0000] {dag.py:3677} INFO - Setting next_dagrun for user_automation to 2025-04-29T00:00:00+00:00, run_after=2025-04-30T00:00:00+00:00
[2025-04-29T03:28:28.499+0000] {processor.py:179} INFO - Processing /opt/airflow/dags/kafka_stream.py took 0.089 seconds
[2025-04-29T03:28:58.706+0000] {processor.py:157} INFO - Started process (PID=4347) to work on /opt/airflow/dags/kafka_stream.py
[2025-04-29T03:28:58.708+0000] {processor.py:829} INFO - Processing file /opt/airflow/dags/kafka_stream.py for tasks to queue
[2025-04-29T03:28:58.709+0000] {logging_mixin.py:151} INFO - [2025-04-29T03:28:58.709+0000] {dagbag.py:539} INFO - Filling up the DagBag from /opt/airflow/dags/kafka_stream.py
[2025-04-29T03:28:58.729+0000] {processor.py:839} INFO - DAG(s) dict_keys(['user_automation']) retrieved from /opt/airflow/dags/kafka_stream.py
[2025-04-29T03:28:58.751+0000] {logging_mixin.py:151} INFO - [2025-04-29T03:28:58.751+0000] {dag.py:2907} INFO - Sync 1 DAGs
[2025-04-29T03:28:58.768+0000] {logging_mixin.py:151} INFO - [2025-04-29T03:28:58.768+0000] {dag.py:3677} INFO - Setting next_dagrun for user_automation to 2025-04-29T00:00:00+00:00, run_after=2025-04-30T00:00:00+00:00
[2025-04-29T03:28:58.790+0000] {processor.py:179} INFO - Processing /opt/airflow/dags/kafka_stream.py took 0.087 seconds
[2025-04-29T03:29:29.074+0000] {processor.py:157} INFO - Started process (PID=4348) to work on /opt/airflow/dags/kafka_stream.py
[2025-04-29T03:29:29.075+0000] {processor.py:829} INFO - Processing file /opt/airflow/dags/kafka_stream.py for tasks to queue
[2025-04-29T03:29:29.076+0000] {logging_mixin.py:151} INFO - [2025-04-29T03:29:29.076+0000] {dagbag.py:539} INFO - Filling up the DagBag from /opt/airflow/dags/kafka_stream.py
[2025-04-29T03:29:29.108+0000] {processor.py:839} INFO - DAG(s) dict_keys(['user_automation']) retrieved from /opt/airflow/dags/kafka_stream.py
[2025-04-29T03:29:29.127+0000] {logging_mixin.py:151} INFO - [2025-04-29T03:29:29.127+0000] {dag.py:2907} INFO - Sync 1 DAGs
[2025-04-29T03:29:29.142+0000] {logging_mixin.py:151} INFO - [2025-04-29T03:29:29.142+0000] {dag.py:3677} INFO - Setting next_dagrun for user_automation to 2025-04-29T00:00:00+00:00, run_after=2025-04-30T00:00:00+00:00
[2025-04-29T03:29:29.243+0000] {processor.py:179} INFO - Processing /opt/airflow/dags/kafka_stream.py took 0.171 seconds
[2025-04-29T03:29:59.426+0000] {processor.py:157} INFO - Started process (PID=4349) to work on /opt/airflow/dags/kafka_stream.py
[2025-04-29T03:29:59.428+0000] {processor.py:829} INFO - Processing file /opt/airflow/dags/kafka_stream.py for tasks to queue
[2025-04-29T03:29:59.429+0000] {logging_mixin.py:151} INFO - [2025-04-29T03:29:59.429+0000] {dagbag.py:539} INFO - Filling up the DagBag from /opt/airflow/dags/kafka_stream.py
[2025-04-29T03:29:59.454+0000] {processor.py:839} INFO - DAG(s) dict_keys(['user_automation']) retrieved from /opt/airflow/dags/kafka_stream.py
[2025-04-29T03:29:59.497+0000] {logging_mixin.py:151} INFO - [2025-04-29T03:29:59.496+0000] {dag.py:2907} INFO - Sync 1 DAGs
[2025-04-29T03:29:59.588+0000] {logging_mixin.py:151} INFO - [2025-04-29T03:29:59.588+0000] {dag.py:3677} INFO - Setting next_dagrun for user_automation to 2025-04-29T00:00:00+00:00, run_after=2025-04-30T00:00:00+00:00
[2025-04-29T03:29:59.617+0000] {processor.py:179} INFO - Processing /opt/airflow/dags/kafka_stream.py took 0.194 seconds
[2025-04-29T03:30:29.854+0000] {processor.py:157} INFO - Started process (PID=4350) to work on /opt/airflow/dags/kafka_stream.py
[2025-04-29T03:30:29.856+0000] {processor.py:829} INFO - Processing file /opt/airflow/dags/kafka_stream.py for tasks to queue
[2025-04-29T03:30:29.857+0000] {logging_mixin.py:151} INFO - [2025-04-29T03:30:29.857+0000] {dagbag.py:539} INFO - Filling up the DagBag from /opt/airflow/dags/kafka_stream.py
[2025-04-29T03:30:29.888+0000] {processor.py:839} INFO - DAG(s) dict_keys(['user_automation']) retrieved from /opt/airflow/dags/kafka_stream.py
[2025-04-29T03:30:29.978+0000] {logging_mixin.py:151} INFO - [2025-04-29T03:30:29.978+0000] {dag.py:2907} INFO - Sync 1 DAGs
[2025-04-29T03:30:29.991+0000] {logging_mixin.py:151} INFO - [2025-04-29T03:30:29.991+0000] {dag.py:3677} INFO - Setting next_dagrun for user_automation to 2025-04-29T00:00:00+00:00, run_after=2025-04-30T00:00:00+00:00
[2025-04-29T03:30:30.008+0000] {processor.py:179} INFO - Processing /opt/airflow/dags/kafka_stream.py took 0.157 seconds
[2025-04-29T03:31:00.376+0000] {processor.py:157} INFO - Started process (PID=4351) to work on /opt/airflow/dags/kafka_stream.py
[2025-04-29T03:31:00.377+0000] {processor.py:829} INFO - Processing file /opt/airflow/dags/kafka_stream.py for tasks to queue
[2025-04-29T03:31:00.378+0000] {logging_mixin.py:151} INFO - [2025-04-29T03:31:00.378+0000] {dagbag.py:539} INFO - Filling up the DagBag from /opt/airflow/dags/kafka_stream.py
[2025-04-29T03:31:00.393+0000] {processor.py:839} INFO - DAG(s) dict_keys(['user_automation']) retrieved from /opt/airflow/dags/kafka_stream.py
[2025-04-29T03:31:00.413+0000] {logging_mixin.py:151} INFO - [2025-04-29T03:31:00.412+0000] {dag.py:2907} INFO - Sync 1 DAGs
[2025-04-29T03:31:00.429+0000] {logging_mixin.py:151} INFO - [2025-04-29T03:31:00.429+0000] {dag.py:3677} INFO - Setting next_dagrun for user_automation to 2025-04-29T00:00:00+00:00, run_after=2025-04-30T00:00:00+00:00
[2025-04-29T03:31:00.450+0000] {processor.py:179} INFO - Processing /opt/airflow/dags/kafka_stream.py took 0.076 seconds
[2025-04-29T03:31:30.700+0000] {processor.py:157} INFO - Started process (PID=4352) to work on /opt/airflow/dags/kafka_stream.py
[2025-04-29T03:31:30.701+0000] {processor.py:829} INFO - Processing file /opt/airflow/dags/kafka_stream.py for tasks to queue
[2025-04-29T03:31:30.703+0000] {logging_mixin.py:151} INFO - [2025-04-29T03:31:30.703+0000] {dagbag.py:539} INFO - Filling up the DagBag from /opt/airflow/dags/kafka_stream.py
[2025-04-29T03:31:30.734+0000] {processor.py:839} INFO - DAG(s) dict_keys(['user_automation']) retrieved from /opt/airflow/dags/kafka_stream.py
[2025-04-29T03:31:30.754+0000] {logging_mixin.py:151} INFO - [2025-04-29T03:31:30.754+0000] {dag.py:2907} INFO - Sync 1 DAGs
[2025-04-29T03:31:30.769+0000] {logging_mixin.py:151} INFO - [2025-04-29T03:31:30.769+0000] {dag.py:3677} INFO - Setting next_dagrun for user_automation to 2025-04-29T00:00:00+00:00, run_after=2025-04-30T00:00:00+00:00
[2025-04-29T03:31:30.788+0000] {processor.py:179} INFO - Processing /opt/airflow/dags/kafka_stream.py took 0.094 seconds
[2025-04-29T03:32:01.063+0000] {processor.py:157} INFO - Started process (PID=4353) to work on /opt/airflow/dags/kafka_stream.py
[2025-04-29T03:32:01.065+0000] {processor.py:829} INFO - Processing file /opt/airflow/dags/kafka_stream.py for tasks to queue
[2025-04-29T03:32:01.066+0000] {logging_mixin.py:151} INFO - [2025-04-29T03:32:01.066+0000] {dagbag.py:539} INFO - Filling up the DagBag from /opt/airflow/dags/kafka_stream.py
[2025-04-29T03:32:01.124+0000] {processor.py:839} INFO - DAG(s) dict_keys(['user_automation']) retrieved from /opt/airflow/dags/kafka_stream.py
[2025-04-29T03:32:01.151+0000] {logging_mixin.py:151} INFO - [2025-04-29T03:32:01.151+0000] {dag.py:2907} INFO - Sync 1 DAGs
[2025-04-29T03:32:01.168+0000] {logging_mixin.py:151} INFO - [2025-04-29T03:32:01.168+0000] {dag.py:3677} INFO - Setting next_dagrun for user_automation to 2025-04-29T00:00:00+00:00, run_after=2025-04-30T00:00:00+00:00
[2025-04-29T03:32:01.206+0000] {processor.py:179} INFO - Processing /opt/airflow/dags/kafka_stream.py took 0.145 seconds
[2025-04-29T03:32:31.374+0000] {processor.py:157} INFO - Started process (PID=4354) to work on /opt/airflow/dags/kafka_stream.py
[2025-04-29T03:32:31.375+0000] {processor.py:829} INFO - Processing file /opt/airflow/dags/kafka_stream.py for tasks to queue
[2025-04-29T03:32:31.377+0000] {logging_mixin.py:151} INFO - [2025-04-29T03:32:31.376+0000] {dagbag.py:539} INFO - Filling up the DagBag from /opt/airflow/dags/kafka_stream.py
[2025-04-29T03:32:31.407+0000] {processor.py:839} INFO - DAG(s) dict_keys(['user_automation']) retrieved from /opt/airflow/dags/kafka_stream.py
[2025-04-29T03:32:31.427+0000] {logging_mixin.py:151} INFO - [2025-04-29T03:32:31.427+0000] {dag.py:2907} INFO - Sync 1 DAGs
[2025-04-29T03:32:31.442+0000] {logging_mixin.py:151} INFO - [2025-04-29T03:32:31.442+0000] {dag.py:3677} INFO - Setting next_dagrun for user_automation to 2025-04-29T00:00:00+00:00, run_after=2025-04-30T00:00:00+00:00
[2025-04-29T03:32:31.461+0000] {processor.py:179} INFO - Processing /opt/airflow/dags/kafka_stream.py took 0.091 seconds
[2025-04-29T03:33:01.699+0000] {processor.py:157} INFO - Started process (PID=4355) to work on /opt/airflow/dags/kafka_stream.py
[2025-04-29T03:33:01.701+0000] {processor.py:829} INFO - Processing file /opt/airflow/dags/kafka_stream.py for tasks to queue
[2025-04-29T03:33:01.703+0000] {logging_mixin.py:151} INFO - [2025-04-29T03:33:01.702+0000] {dagbag.py:539} INFO - Filling up the DagBag from /opt/airflow/dags/kafka_stream.py
[2025-04-29T03:33:01.732+0000] {processor.py:839} INFO - DAG(s) dict_keys(['user_automation']) retrieved from /opt/airflow/dags/kafka_stream.py
[2025-04-29T03:33:01.753+0000] {logging_mixin.py:151} INFO - [2025-04-29T03:33:01.753+0000] {dag.py:2907} INFO - Sync 1 DAGs
[2025-04-29T03:33:01.767+0000] {logging_mixin.py:151} INFO - [2025-04-29T03:33:01.767+0000] {dag.py:3677} INFO - Setting next_dagrun for user_automation to 2025-04-29T00:00:00+00:00, run_after=2025-04-30T00:00:00+00:00
[2025-04-29T03:33:01.795+0000] {processor.py:179} INFO - Processing /opt/airflow/dags/kafka_stream.py took 0.098 seconds
[2025-04-29T03:33:32.036+0000] {processor.py:157} INFO - Started process (PID=4356) to work on /opt/airflow/dags/kafka_stream.py
[2025-04-29T03:33:32.037+0000] {processor.py:829} INFO - Processing file /opt/airflow/dags/kafka_stream.py for tasks to queue
[2025-04-29T03:33:32.038+0000] {logging_mixin.py:151} INFO - [2025-04-29T03:33:32.038+0000] {dagbag.py:539} INFO - Filling up the DagBag from /opt/airflow/dags/kafka_stream.py
[2025-04-29T03:33:32.066+0000] {processor.py:839} INFO - DAG(s) dict_keys(['user_automation']) retrieved from /opt/airflow/dags/kafka_stream.py
[2025-04-29T03:33:32.086+0000] {logging_mixin.py:151} INFO - [2025-04-29T03:33:32.086+0000] {dag.py:2907} INFO - Sync 1 DAGs
[2025-04-29T03:33:32.100+0000] {logging_mixin.py:151} INFO - [2025-04-29T03:33:32.100+0000] {dag.py:3677} INFO - Setting next_dagrun for user_automation to 2025-04-29T00:00:00+00:00, run_after=2025-04-30T00:00:00+00:00
[2025-04-29T03:33:32.120+0000] {processor.py:179} INFO - Processing /opt/airflow/dags/kafka_stream.py took 0.087 seconds
[2025-04-29T03:34:02.400+0000] {processor.py:157} INFO - Started process (PID=4357) to work on /opt/airflow/dags/kafka_stream.py
[2025-04-29T03:34:02.401+0000] {processor.py:829} INFO - Processing file /opt/airflow/dags/kafka_stream.py for tasks to queue
[2025-04-29T03:34:02.402+0000] {logging_mixin.py:151} INFO - [2025-04-29T03:34:02.402+0000] {dagbag.py:539} INFO - Filling up the DagBag from /opt/airflow/dags/kafka_stream.py
[2025-04-29T03:34:02.435+0000] {processor.py:839} INFO - DAG(s) dict_keys(['user_automation']) retrieved from /opt/airflow/dags/kafka_stream.py
[2025-04-29T03:34:02.456+0000] {logging_mixin.py:151} INFO - [2025-04-29T03:34:02.455+0000] {dag.py:2907} INFO - Sync 1 DAGs
[2025-04-29T03:34:02.471+0000] {logging_mixin.py:151} INFO - [2025-04-29T03:34:02.471+0000] {dag.py:3677} INFO - Setting next_dagrun for user_automation to 2025-04-29T00:00:00+00:00, run_after=2025-04-30T00:00:00+00:00
[2025-04-29T03:34:02.488+0000] {processor.py:179} INFO - Processing /opt/airflow/dags/kafka_stream.py took 0.091 seconds
[2025-04-29T03:34:32.725+0000] {processor.py:157} INFO - Started process (PID=4358) to work on /opt/airflow/dags/kafka_stream.py
[2025-04-29T03:34:32.727+0000] {processor.py:829} INFO - Processing file /opt/airflow/dags/kafka_stream.py for tasks to queue
[2025-04-29T03:34:32.728+0000] {logging_mixin.py:151} INFO - [2025-04-29T03:34:32.727+0000] {dagbag.py:539} INFO - Filling up the DagBag from /opt/airflow/dags/kafka_stream.py
[2025-04-29T03:34:32.752+0000] {processor.py:839} INFO - DAG(s) dict_keys(['user_automation']) retrieved from /opt/airflow/dags/kafka_stream.py
[2025-04-29T03:34:32.771+0000] {logging_mixin.py:151} INFO - [2025-04-29T03:34:32.770+0000] {dag.py:2907} INFO - Sync 1 DAGs
[2025-04-29T03:34:32.785+0000] {logging_mixin.py:151} INFO - [2025-04-29T03:34:32.785+0000] {dag.py:3677} INFO - Setting next_dagrun for user_automation to 2025-04-29T00:00:00+00:00, run_after=2025-04-30T00:00:00+00:00
[2025-04-29T03:34:32.803+0000] {processor.py:179} INFO - Processing /opt/airflow/dags/kafka_stream.py took 0.080 seconds
[2025-04-29T03:35:03.037+0000] {processor.py:157} INFO - Started process (PID=4359) to work on /opt/airflow/dags/kafka_stream.py
[2025-04-29T03:35:03.039+0000] {processor.py:829} INFO - Processing file /opt/airflow/dags/kafka_stream.py for tasks to queue
[2025-04-29T03:35:03.040+0000] {logging_mixin.py:151} INFO - [2025-04-29T03:35:03.040+0000] {dagbag.py:539} INFO - Filling up the DagBag from /opt/airflow/dags/kafka_stream.py
[2025-04-29T03:35:03.069+0000] {processor.py:839} INFO - DAG(s) dict_keys(['user_automation']) retrieved from /opt/airflow/dags/kafka_stream.py
[2025-04-29T03:35:03.088+0000] {logging_mixin.py:151} INFO - [2025-04-29T03:35:03.088+0000] {dag.py:2907} INFO - Sync 1 DAGs
[2025-04-29T03:35:03.103+0000] {logging_mixin.py:151} INFO - [2025-04-29T03:35:03.102+0000] {dag.py:3677} INFO - Setting next_dagrun for user_automation to 2025-04-29T00:00:00+00:00, run_after=2025-04-30T00:00:00+00:00
[2025-04-29T03:35:03.124+0000] {processor.py:179} INFO - Processing /opt/airflow/dags/kafka_stream.py took 0.089 seconds
[2025-04-29T03:35:33.345+0000] {processor.py:157} INFO - Started process (PID=4360) to work on /opt/airflow/dags/kafka_stream.py
[2025-04-29T03:35:33.347+0000] {processor.py:829} INFO - Processing file /opt/airflow/dags/kafka_stream.py for tasks to queue
[2025-04-29T03:35:33.348+0000] {logging_mixin.py:151} INFO - [2025-04-29T03:35:33.348+0000] {dagbag.py:539} INFO - Filling up the DagBag from /opt/airflow/dags/kafka_stream.py
[2025-04-29T03:35:33.377+0000] {processor.py:839} INFO - DAG(s) dict_keys(['user_automation']) retrieved from /opt/airflow/dags/kafka_stream.py
[2025-04-29T03:35:33.397+0000] {logging_mixin.py:151} INFO - [2025-04-29T03:35:33.397+0000] {dag.py:2907} INFO - Sync 1 DAGs
[2025-04-29T03:35:33.412+0000] {logging_mixin.py:151} INFO - [2025-04-29T03:35:33.411+0000] {dag.py:3677} INFO - Setting next_dagrun for user_automation to 2025-04-29T00:00:00+00:00, run_after=2025-04-30T00:00:00+00:00
[2025-04-29T03:35:33.432+0000] {processor.py:179} INFO - Processing /opt/airflow/dags/kafka_stream.py took 0.090 seconds
[2025-04-29T03:36:03.830+0000] {processor.py:157} INFO - Started process (PID=4361) to work on /opt/airflow/dags/kafka_stream.py
[2025-04-29T03:36:03.832+0000] {processor.py:829} INFO - Processing file /opt/airflow/dags/kafka_stream.py for tasks to queue
[2025-04-29T03:36:03.833+0000] {logging_mixin.py:151} INFO - [2025-04-29T03:36:03.833+0000] {dagbag.py:539} INFO - Filling up the DagBag from /opt/airflow/dags/kafka_stream.py
[2025-04-29T03:36:03.884+0000] {processor.py:839} INFO - DAG(s) dict_keys(['user_automation']) retrieved from /opt/airflow/dags/kafka_stream.py
[2025-04-29T03:36:03.904+0000] {logging_mixin.py:151} INFO - [2025-04-29T03:36:03.903+0000] {dag.py:2907} INFO - Sync 1 DAGs
[2025-04-29T03:36:03.918+0000] {logging_mixin.py:151} INFO - [2025-04-29T03:36:03.918+0000] {dag.py:3677} INFO - Setting next_dagrun for user_automation to 2025-04-29T00:00:00+00:00, run_after=2025-04-30T00:00:00+00:00
[2025-04-29T03:36:03.938+0000] {processor.py:179} INFO - Processing /opt/airflow/dags/kafka_stream.py took 0.111 seconds
[2025-04-29T03:36:34.146+0000] {processor.py:157} INFO - Started process (PID=4362) to work on /opt/airflow/dags/kafka_stream.py
[2025-04-29T03:36:34.148+0000] {processor.py:829} INFO - Processing file /opt/airflow/dags/kafka_stream.py for tasks to queue
[2025-04-29T03:36:34.149+0000] {logging_mixin.py:151} INFO - [2025-04-29T03:36:34.149+0000] {dagbag.py:539} INFO - Filling up the DagBag from /opt/airflow/dags/kafka_stream.py
[2025-04-29T03:36:34.181+0000] {processor.py:839} INFO - DAG(s) dict_keys(['user_automation']) retrieved from /opt/airflow/dags/kafka_stream.py
[2025-04-29T03:36:34.206+0000] {logging_mixin.py:151} INFO - [2025-04-29T03:36:34.206+0000] {dag.py:2907} INFO - Sync 1 DAGs
[2025-04-29T03:36:34.222+0000] {logging_mixin.py:151} INFO - [2025-04-29T03:36:34.222+0000] {dag.py:3677} INFO - Setting next_dagrun for user_automation to 2025-04-29T00:00:00+00:00, run_after=2025-04-30T00:00:00+00:00
[2025-04-29T03:36:34.244+0000] {processor.py:179} INFO - Processing /opt/airflow/dags/kafka_stream.py took 0.103 seconds
[2025-04-29T03:37:04.564+0000] {processor.py:157} INFO - Started process (PID=4363) to work on /opt/airflow/dags/kafka_stream.py
[2025-04-29T03:37:04.566+0000] {processor.py:829} INFO - Processing file /opt/airflow/dags/kafka_stream.py for tasks to queue
[2025-04-29T03:37:04.567+0000] {logging_mixin.py:151} INFO - [2025-04-29T03:37:04.566+0000] {dagbag.py:539} INFO - Filling up the DagBag from /opt/airflow/dags/kafka_stream.py
[2025-04-29T03:37:04.602+0000] {processor.py:839} INFO - DAG(s) dict_keys(['user_automation']) retrieved from /opt/airflow/dags/kafka_stream.py
[2025-04-29T03:37:04.622+0000] {logging_mixin.py:151} INFO - [2025-04-29T03:37:04.622+0000] {dag.py:2907} INFO - Sync 1 DAGs
[2025-04-29T03:37:04.640+0000] {logging_mixin.py:151} INFO - [2025-04-29T03:37:04.640+0000] {dag.py:3677} INFO - Setting next_dagrun for user_automation to 2025-04-29T00:00:00+00:00, run_after=2025-04-30T00:00:00+00:00
[2025-04-29T03:37:04.666+0000] {processor.py:179} INFO - Processing /opt/airflow/dags/kafka_stream.py took 0.104 seconds
[2025-04-29T03:37:34.863+0000] {processor.py:157} INFO - Started process (PID=4364) to work on /opt/airflow/dags/kafka_stream.py
[2025-04-29T03:37:34.864+0000] {processor.py:829} INFO - Processing file /opt/airflow/dags/kafka_stream.py for tasks to queue
[2025-04-29T03:37:34.866+0000] {logging_mixin.py:151} INFO - [2025-04-29T03:37:34.866+0000] {dagbag.py:539} INFO - Filling up the DagBag from /opt/airflow/dags/kafka_stream.py
[2025-04-29T03:37:34.895+0000] {processor.py:839} INFO - DAG(s) dict_keys(['user_automation']) retrieved from /opt/airflow/dags/kafka_stream.py
[2025-04-29T03:37:34.916+0000] {logging_mixin.py:151} INFO - [2025-04-29T03:37:34.915+0000] {dag.py:2907} INFO - Sync 1 DAGs
[2025-04-29T03:37:34.930+0000] {logging_mixin.py:151} INFO - [2025-04-29T03:37:34.930+0000] {dag.py:3677} INFO - Setting next_dagrun for user_automation to 2025-04-29T00:00:00+00:00, run_after=2025-04-30T00:00:00+00:00
[2025-04-29T03:37:34.961+0000] {processor.py:179} INFO - Processing /opt/airflow/dags/kafka_stream.py took 0.101 seconds
[2025-04-29T03:38:05.248+0000] {processor.py:157} INFO - Started process (PID=4365) to work on /opt/airflow/dags/kafka_stream.py
[2025-04-29T03:38:05.249+0000] {processor.py:829} INFO - Processing file /opt/airflow/dags/kafka_stream.py for tasks to queue
[2025-04-29T03:38:05.250+0000] {logging_mixin.py:151} INFO - [2025-04-29T03:38:05.250+0000] {dagbag.py:539} INFO - Filling up the DagBag from /opt/airflow/dags/kafka_stream.py
[2025-04-29T03:38:05.277+0000] {processor.py:839} INFO - DAG(s) dict_keys(['user_automation']) retrieved from /opt/airflow/dags/kafka_stream.py
[2025-04-29T03:38:05.303+0000] {logging_mixin.py:151} INFO - [2025-04-29T03:38:05.303+0000] {dag.py:2907} INFO - Sync 1 DAGs
[2025-04-29T03:38:05.321+0000] {logging_mixin.py:151} INFO - [2025-04-29T03:38:05.320+0000] {dag.py:3677} INFO - Setting next_dagrun for user_automation to 2025-04-29T00:00:00+00:00, run_after=2025-04-30T00:00:00+00:00
[2025-04-29T03:38:05.342+0000] {processor.py:179} INFO - Processing /opt/airflow/dags/kafka_stream.py took 0.097 seconds
[2025-04-29T03:38:35.609+0000] {processor.py:157} INFO - Started process (PID=4366) to work on /opt/airflow/dags/kafka_stream.py
[2025-04-29T03:38:35.610+0000] {processor.py:829} INFO - Processing file /opt/airflow/dags/kafka_stream.py for tasks to queue
[2025-04-29T03:38:35.612+0000] {logging_mixin.py:151} INFO - [2025-04-29T03:38:35.611+0000] {dagbag.py:539} INFO - Filling up the DagBag from /opt/airflow/dags/kafka_stream.py
[2025-04-29T03:38:35.642+0000] {processor.py:839} INFO - DAG(s) dict_keys(['user_automation']) retrieved from /opt/airflow/dags/kafka_stream.py
[2025-04-29T03:38:35.661+0000] {logging_mixin.py:151} INFO - [2025-04-29T03:38:35.661+0000] {dag.py:2907} INFO - Sync 1 DAGs
[2025-04-29T03:38:35.675+0000] {logging_mixin.py:151} INFO - [2025-04-29T03:38:35.675+0000] {dag.py:3677} INFO - Setting next_dagrun for user_automation to 2025-04-29T00:00:00+00:00, run_after=2025-04-30T00:00:00+00:00
[2025-04-29T03:38:35.705+0000] {processor.py:179} INFO - Processing /opt/airflow/dags/kafka_stream.py took 0.099 seconds
[2025-04-29T03:39:05.966+0000] {processor.py:157} INFO - Started process (PID=4367) to work on /opt/airflow/dags/kafka_stream.py
[2025-04-29T03:39:05.967+0000] {processor.py:829} INFO - Processing file /opt/airflow/dags/kafka_stream.py for tasks to queue
[2025-04-29T03:39:05.969+0000] {logging_mixin.py:151} INFO - [2025-04-29T03:39:05.969+0000] {dagbag.py:539} INFO - Filling up the DagBag from /opt/airflow/dags/kafka_stream.py
[2025-04-29T03:39:05.997+0000] {processor.py:839} INFO - DAG(s) dict_keys(['user_automation']) retrieved from /opt/airflow/dags/kafka_stream.py
[2025-04-29T03:39:06.017+0000] {logging_mixin.py:151} INFO - [2025-04-29T03:39:06.017+0000] {dag.py:2907} INFO - Sync 1 DAGs
[2025-04-29T03:39:06.035+0000] {logging_mixin.py:151} INFO - [2025-04-29T03:39:06.035+0000] {dag.py:3677} INFO - Setting next_dagrun for user_automation to 2025-04-29T00:00:00+00:00, run_after=2025-04-30T00:00:00+00:00
[2025-04-29T03:39:06.065+0000] {processor.py:179} INFO - Processing /opt/airflow/dags/kafka_stream.py took 0.103 seconds
[2025-04-29T03:39:36.348+0000] {processor.py:157} INFO - Started process (PID=4368) to work on /opt/airflow/dags/kafka_stream.py
[2025-04-29T03:39:36.349+0000] {processor.py:829} INFO - Processing file /opt/airflow/dags/kafka_stream.py for tasks to queue
[2025-04-29T03:39:36.350+0000] {logging_mixin.py:151} INFO - [2025-04-29T03:39:36.350+0000] {dagbag.py:539} INFO - Filling up the DagBag from /opt/airflow/dags/kafka_stream.py
[2025-04-29T03:39:36.377+0000] {processor.py:839} INFO - DAG(s) dict_keys(['user_automation']) retrieved from /opt/airflow/dags/kafka_stream.py
[2025-04-29T03:39:36.396+0000] {logging_mixin.py:151} INFO - [2025-04-29T03:39:36.396+0000] {dag.py:2907} INFO - Sync 1 DAGs
[2025-04-29T03:39:36.412+0000] {logging_mixin.py:151} INFO - [2025-04-29T03:39:36.412+0000] {dag.py:3677} INFO - Setting next_dagrun for user_automation to 2025-04-29T00:00:00+00:00, run_after=2025-04-30T00:00:00+00:00
[2025-04-29T03:39:36.440+0000] {processor.py:179} INFO - Processing /opt/airflow/dags/kafka_stream.py took 0.096 seconds
[2025-04-29T03:40:06.698+0000] {processor.py:157} INFO - Started process (PID=4369) to work on /opt/airflow/dags/kafka_stream.py
[2025-04-29T03:40:06.700+0000] {processor.py:829} INFO - Processing file /opt/airflow/dags/kafka_stream.py for tasks to queue
[2025-04-29T03:40:06.701+0000] {logging_mixin.py:151} INFO - [2025-04-29T03:40:06.701+0000] {dagbag.py:539} INFO - Filling up the DagBag from /opt/airflow/dags/kafka_stream.py
[2025-04-29T03:40:06.728+0000] {processor.py:839} INFO - DAG(s) dict_keys(['user_automation']) retrieved from /opt/airflow/dags/kafka_stream.py
[2025-04-29T03:40:06.750+0000] {logging_mixin.py:151} INFO - [2025-04-29T03:40:06.750+0000] {dag.py:2907} INFO - Sync 1 DAGs
[2025-04-29T03:40:06.766+0000] {logging_mixin.py:151} INFO - [2025-04-29T03:40:06.766+0000] {dag.py:3677} INFO - Setting next_dagrun for user_automation to 2025-04-29T00:00:00+00:00, run_after=2025-04-30T00:00:00+00:00
[2025-04-29T03:40:06.789+0000] {processor.py:179} INFO - Processing /opt/airflow/dags/kafka_stream.py took 0.094 seconds
[2025-04-29T03:40:37.068+0000] {processor.py:157} INFO - Started process (PID=4370) to work on /opt/airflow/dags/kafka_stream.py
[2025-04-29T03:40:37.069+0000] {processor.py:829} INFO - Processing file /opt/airflow/dags/kafka_stream.py for tasks to queue
[2025-04-29T03:40:37.070+0000] {logging_mixin.py:151} INFO - [2025-04-29T03:40:37.070+0000] {dagbag.py:539} INFO - Filling up the DagBag from /opt/airflow/dags/kafka_stream.py
[2025-04-29T03:40:37.091+0000] {processor.py:839} INFO - DAG(s) dict_keys(['user_automation']) retrieved from /opt/airflow/dags/kafka_stream.py
[2025-04-29T03:40:37.115+0000] {logging_mixin.py:151} INFO - [2025-04-29T03:40:37.114+0000] {dag.py:2907} INFO - Sync 1 DAGs
[2025-04-29T03:40:37.130+0000] {logging_mixin.py:151} INFO - [2025-04-29T03:40:37.130+0000] {dag.py:3677} INFO - Setting next_dagrun for user_automation to 2025-04-29T00:00:00+00:00, run_after=2025-04-30T00:00:00+00:00
[2025-04-29T03:40:37.157+0000] {processor.py:179} INFO - Processing /opt/airflow/dags/kafka_stream.py took 0.092 seconds
[2025-04-29T03:41:07.462+0000] {processor.py:157} INFO - Started process (PID=4371) to work on /opt/airflow/dags/kafka_stream.py
[2025-04-29T03:41:07.464+0000] {processor.py:829} INFO - Processing file /opt/airflow/dags/kafka_stream.py for tasks to queue
[2025-04-29T03:41:07.465+0000] {logging_mixin.py:151} INFO - [2025-04-29T03:41:07.465+0000] {dagbag.py:539} INFO - Filling up the DagBag from /opt/airflow/dags/kafka_stream.py
[2025-04-29T03:41:07.488+0000] {processor.py:839} INFO - DAG(s) dict_keys(['user_automation']) retrieved from /opt/airflow/dags/kafka_stream.py
[2025-04-29T03:41:07.508+0000] {logging_mixin.py:151} INFO - [2025-04-29T03:41:07.508+0000] {dag.py:2907} INFO - Sync 1 DAGs
[2025-04-29T03:41:07.523+0000] {logging_mixin.py:151} INFO - [2025-04-29T03:41:07.523+0000] {dag.py:3677} INFO - Setting next_dagrun for user_automation to 2025-04-29T00:00:00+00:00, run_after=2025-04-30T00:00:00+00:00
[2025-04-29T03:41:07.542+0000] {processor.py:179} INFO - Processing /opt/airflow/dags/kafka_stream.py took 0.082 seconds
[2025-04-29T03:41:37.808+0000] {processor.py:157} INFO - Started process (PID=4372) to work on /opt/airflow/dags/kafka_stream.py
[2025-04-29T03:41:37.809+0000] {processor.py:829} INFO - Processing file /opt/airflow/dags/kafka_stream.py for tasks to queue
[2025-04-29T03:41:37.810+0000] {logging_mixin.py:151} INFO - [2025-04-29T03:41:37.810+0000] {dagbag.py:539} INFO - Filling up the DagBag from /opt/airflow/dags/kafka_stream.py
[2025-04-29T03:41:37.835+0000] {processor.py:839} INFO - DAG(s) dict_keys(['user_automation']) retrieved from /opt/airflow/dags/kafka_stream.py
[2025-04-29T03:41:37.853+0000] {logging_mixin.py:151} INFO - [2025-04-29T03:41:37.853+0000] {dag.py:2907} INFO - Sync 1 DAGs
[2025-04-29T03:41:37.868+0000] {logging_mixin.py:151} INFO - [2025-04-29T03:41:37.868+0000] {dag.py:3677} INFO - Setting next_dagrun for user_automation to 2025-04-29T00:00:00+00:00, run_after=2025-04-30T00:00:00+00:00
[2025-04-29T03:41:37.897+0000] {processor.py:179} INFO - Processing /opt/airflow/dags/kafka_stream.py took 0.092 seconds
[2025-04-29T03:42:08.172+0000] {processor.py:157} INFO - Started process (PID=4373) to work on /opt/airflow/dags/kafka_stream.py
[2025-04-29T03:42:08.173+0000] {processor.py:829} INFO - Processing file /opt/airflow/dags/kafka_stream.py for tasks to queue
[2025-04-29T03:42:08.174+0000] {logging_mixin.py:151} INFO - [2025-04-29T03:42:08.174+0000] {dagbag.py:539} INFO - Filling up the DagBag from /opt/airflow/dags/kafka_stream.py
[2025-04-29T03:42:08.199+0000] {processor.py:839} INFO - DAG(s) dict_keys(['user_automation']) retrieved from /opt/airflow/dags/kafka_stream.py
[2025-04-29T03:42:08.220+0000] {logging_mixin.py:151} INFO - [2025-04-29T03:42:08.220+0000] {dag.py:2907} INFO - Sync 1 DAGs
[2025-04-29T03:42:08.236+0000] {logging_mixin.py:151} INFO - [2025-04-29T03:42:08.236+0000] {dag.py:3677} INFO - Setting next_dagrun for user_automation to 2025-04-29T00:00:00+00:00, run_after=2025-04-30T00:00:00+00:00
[2025-04-29T03:42:08.253+0000] {processor.py:179} INFO - Processing /opt/airflow/dags/kafka_stream.py took 0.085 seconds
[2025-04-29T03:42:38.479+0000] {processor.py:157} INFO - Started process (PID=4374) to work on /opt/airflow/dags/kafka_stream.py
[2025-04-29T03:42:38.480+0000] {processor.py:829} INFO - Processing file /opt/airflow/dags/kafka_stream.py for tasks to queue
[2025-04-29T03:42:38.481+0000] {logging_mixin.py:151} INFO - [2025-04-29T03:42:38.481+0000] {dagbag.py:539} INFO - Filling up the DagBag from /opt/airflow/dags/kafka_stream.py
[2025-04-29T03:42:38.497+0000] {processor.py:839} INFO - DAG(s) dict_keys(['user_automation']) retrieved from /opt/airflow/dags/kafka_stream.py
[2025-04-29T03:42:38.517+0000] {logging_mixin.py:151} INFO - [2025-04-29T03:42:38.516+0000] {dag.py:2907} INFO - Sync 1 DAGs
[2025-04-29T03:42:38.535+0000] {logging_mixin.py:151} INFO - [2025-04-29T03:42:38.534+0000] {dag.py:3677} INFO - Setting next_dagrun for user_automation to 2025-04-29T00:00:00+00:00, run_after=2025-04-30T00:00:00+00:00
[2025-04-29T03:42:38.552+0000] {processor.py:179} INFO - Processing /opt/airflow/dags/kafka_stream.py took 0.076 seconds
[2025-04-29T03:43:08.804+0000] {processor.py:157} INFO - Started process (PID=4375) to work on /opt/airflow/dags/kafka_stream.py
[2025-04-29T03:43:08.805+0000] {processor.py:829} INFO - Processing file /opt/airflow/dags/kafka_stream.py for tasks to queue
[2025-04-29T03:43:08.806+0000] {logging_mixin.py:151} INFO - [2025-04-29T03:43:08.806+0000] {dagbag.py:539} INFO - Filling up the DagBag from /opt/airflow/dags/kafka_stream.py
[2025-04-29T03:43:08.835+0000] {processor.py:839} INFO - DAG(s) dict_keys(['user_automation']) retrieved from /opt/airflow/dags/kafka_stream.py
[2025-04-29T03:43:08.856+0000] {logging_mixin.py:151} INFO - [2025-04-29T03:43:08.856+0000] {dag.py:2907} INFO - Sync 1 DAGs
[2025-04-29T03:43:08.871+0000] {logging_mixin.py:151} INFO - [2025-04-29T03:43:08.871+0000] {dag.py:3677} INFO - Setting next_dagrun for user_automation to 2025-04-29T00:00:00+00:00, run_after=2025-04-30T00:00:00+00:00
[2025-04-29T03:43:08.893+0000] {processor.py:179} INFO - Processing /opt/airflow/dags/kafka_stream.py took 0.092 seconds
[2025-04-29T03:43:39.137+0000] {processor.py:157} INFO - Started process (PID=4376) to work on /opt/airflow/dags/kafka_stream.py
[2025-04-29T03:43:39.139+0000] {processor.py:829} INFO - Processing file /opt/airflow/dags/kafka_stream.py for tasks to queue
[2025-04-29T03:43:39.140+0000] {logging_mixin.py:151} INFO - [2025-04-29T03:43:39.140+0000] {dagbag.py:539} INFO - Filling up the DagBag from /opt/airflow/dags/kafka_stream.py
[2025-04-29T03:43:39.165+0000] {processor.py:839} INFO - DAG(s) dict_keys(['user_automation']) retrieved from /opt/airflow/dags/kafka_stream.py
[2025-04-29T03:43:39.183+0000] {logging_mixin.py:151} INFO - [2025-04-29T03:43:39.182+0000] {dag.py:2907} INFO - Sync 1 DAGs
[2025-04-29T03:43:39.198+0000] {logging_mixin.py:151} INFO - [2025-04-29T03:43:39.198+0000] {dag.py:3677} INFO - Setting next_dagrun for user_automation to 2025-04-29T00:00:00+00:00, run_after=2025-04-30T00:00:00+00:00
[2025-04-29T03:43:39.221+0000] {processor.py:179} INFO - Processing /opt/airflow/dags/kafka_stream.py took 0.086 seconds
[2025-04-29T03:44:09.502+0000] {processor.py:157} INFO - Started process (PID=4377) to work on /opt/airflow/dags/kafka_stream.py
[2025-04-29T03:44:09.503+0000] {processor.py:829} INFO - Processing file /opt/airflow/dags/kafka_stream.py for tasks to queue
[2025-04-29T03:44:09.504+0000] {logging_mixin.py:151} INFO - [2025-04-29T03:44:09.504+0000] {dagbag.py:539} INFO - Filling up the DagBag from /opt/airflow/dags/kafka_stream.py
[2025-04-29T03:44:09.532+0000] {processor.py:839} INFO - DAG(s) dict_keys(['user_automation']) retrieved from /opt/airflow/dags/kafka_stream.py
[2025-04-29T03:44:09.559+0000] {logging_mixin.py:151} INFO - [2025-04-29T03:44:09.559+0000] {dag.py:2907} INFO - Sync 1 DAGs
[2025-04-29T03:44:09.575+0000] {logging_mixin.py:151} INFO - [2025-04-29T03:44:09.575+0000] {dag.py:3677} INFO - Setting next_dagrun for user_automation to 2025-04-29T00:00:00+00:00, run_after=2025-04-30T00:00:00+00:00
[2025-04-29T03:44:09.599+0000] {processor.py:179} INFO - Processing /opt/airflow/dags/kafka_stream.py took 0.100 seconds
[2025-04-29T03:44:39.783+0000] {processor.py:157} INFO - Started process (PID=4378) to work on /opt/airflow/dags/kafka_stream.py
[2025-04-29T03:44:39.784+0000] {processor.py:829} INFO - Processing file /opt/airflow/dags/kafka_stream.py for tasks to queue
[2025-04-29T03:44:39.785+0000] {logging_mixin.py:151} INFO - [2025-04-29T03:44:39.785+0000] {dagbag.py:539} INFO - Filling up the DagBag from /opt/airflow/dags/kafka_stream.py
[2025-04-29T03:44:39.798+0000] {processor.py:839} INFO - DAG(s) dict_keys(['user_automation']) retrieved from /opt/airflow/dags/kafka_stream.py
[2025-04-29T03:44:39.820+0000] {logging_mixin.py:151} INFO - [2025-04-29T03:44:39.820+0000] {dag.py:2907} INFO - Sync 1 DAGs
[2025-04-29T03:44:39.841+0000] {logging_mixin.py:151} INFO - [2025-04-29T03:44:39.841+0000] {dag.py:3677} INFO - Setting next_dagrun for user_automation to 2025-04-29T00:00:00+00:00, run_after=2025-04-30T00:00:00+00:00
[2025-04-29T03:44:39.870+0000] {processor.py:179} INFO - Processing /opt/airflow/dags/kafka_stream.py took 0.089 seconds
[2025-04-29T03:45:10.228+0000] {processor.py:157} INFO - Started process (PID=4379) to work on /opt/airflow/dags/kafka_stream.py
[2025-04-29T03:45:10.229+0000] {processor.py:829} INFO - Processing file /opt/airflow/dags/kafka_stream.py for tasks to queue
[2025-04-29T03:45:10.231+0000] {logging_mixin.py:151} INFO - [2025-04-29T03:45:10.230+0000] {dagbag.py:539} INFO - Filling up the DagBag from /opt/airflow/dags/kafka_stream.py
[2025-04-29T03:45:10.258+0000] {processor.py:839} INFO - DAG(s) dict_keys(['user_automation']) retrieved from /opt/airflow/dags/kafka_stream.py
[2025-04-29T03:45:10.278+0000] {logging_mixin.py:151} INFO - [2025-04-29T03:45:10.278+0000] {dag.py:2907} INFO - Sync 1 DAGs
[2025-04-29T03:45:10.294+0000] {logging_mixin.py:151} INFO - [2025-04-29T03:45:10.294+0000] {dag.py:3677} INFO - Setting next_dagrun for user_automation to 2025-04-29T00:00:00+00:00, run_after=2025-04-30T00:00:00+00:00
[2025-04-29T03:45:10.317+0000] {processor.py:179} INFO - Processing /opt/airflow/dags/kafka_stream.py took 0.092 seconds
[2025-04-29T03:45:40.543+0000] {processor.py:157} INFO - Started process (PID=4380) to work on /opt/airflow/dags/kafka_stream.py
[2025-04-29T03:45:40.545+0000] {processor.py:829} INFO - Processing file /opt/airflow/dags/kafka_stream.py for tasks to queue
[2025-04-29T03:45:40.548+0000] {logging_mixin.py:151} INFO - [2025-04-29T03:45:40.547+0000] {dagbag.py:539} INFO - Filling up the DagBag from /opt/airflow/dags/kafka_stream.py
[2025-04-29T03:45:40.587+0000] {processor.py:839} INFO - DAG(s) dict_keys(['user_automation']) retrieved from /opt/airflow/dags/kafka_stream.py
[2025-04-29T03:45:40.610+0000] {logging_mixin.py:151} INFO - [2025-04-29T03:45:40.610+0000] {dag.py:2907} INFO - Sync 1 DAGs
[2025-04-29T03:45:40.628+0000] {logging_mixin.py:151} INFO - [2025-04-29T03:45:40.627+0000] {dag.py:3677} INFO - Setting next_dagrun for user_automation to 2025-04-29T00:00:00+00:00, run_after=2025-04-30T00:00:00+00:00
[2025-04-29T03:45:40.659+0000] {processor.py:179} INFO - Processing /opt/airflow/dags/kafka_stream.py took 0.123 seconds
[2025-04-29T03:46:10.979+0000] {processor.py:157} INFO - Started process (PID=4381) to work on /opt/airflow/dags/kafka_stream.py
[2025-04-29T03:46:10.980+0000] {processor.py:829} INFO - Processing file /opt/airflow/dags/kafka_stream.py for tasks to queue
[2025-04-29T03:46:10.982+0000] {logging_mixin.py:151} INFO - [2025-04-29T03:46:10.981+0000] {dagbag.py:539} INFO - Filling up the DagBag from /opt/airflow/dags/kafka_stream.py
[2025-04-29T03:46:11.006+0000] {processor.py:839} INFO - DAG(s) dict_keys(['user_automation']) retrieved from /opt/airflow/dags/kafka_stream.py
[2025-04-29T03:46:11.030+0000] {logging_mixin.py:151} INFO - [2025-04-29T03:46:11.030+0000] {dag.py:2907} INFO - Sync 1 DAGs
[2025-04-29T03:46:11.049+0000] {logging_mixin.py:151} INFO - [2025-04-29T03:46:11.048+0000] {dag.py:3677} INFO - Setting next_dagrun for user_automation to 2025-04-29T00:00:00+00:00, run_after=2025-04-30T00:00:00+00:00
[2025-04-29T03:46:11.069+0000] {processor.py:179} INFO - Processing /opt/airflow/dags/kafka_stream.py took 0.092 seconds
[2025-04-29T03:46:41.318+0000] {processor.py:157} INFO - Started process (PID=4382) to work on /opt/airflow/dags/kafka_stream.py
[2025-04-29T03:46:41.320+0000] {processor.py:829} INFO - Processing file /opt/airflow/dags/kafka_stream.py for tasks to queue
[2025-04-29T03:46:41.321+0000] {logging_mixin.py:151} INFO - [2025-04-29T03:46:41.320+0000] {dagbag.py:539} INFO - Filling up the DagBag from /opt/airflow/dags/kafka_stream.py
[2025-04-29T03:46:41.346+0000] {processor.py:839} INFO - DAG(s) dict_keys(['user_automation']) retrieved from /opt/airflow/dags/kafka_stream.py
[2025-04-29T03:46:41.364+0000] {logging_mixin.py:151} INFO - [2025-04-29T03:46:41.364+0000] {dag.py:2907} INFO - Sync 1 DAGs
[2025-04-29T03:46:41.380+0000] {logging_mixin.py:151} INFO - [2025-04-29T03:46:41.379+0000] {dag.py:3677} INFO - Setting next_dagrun for user_automation to 2025-04-29T00:00:00+00:00, run_after=2025-04-30T00:00:00+00:00
[2025-04-29T03:46:41.407+0000] {processor.py:179} INFO - Processing /opt/airflow/dags/kafka_stream.py took 0.092 seconds
[2025-04-29T03:47:11.679+0000] {processor.py:157} INFO - Started process (PID=4383) to work on /opt/airflow/dags/kafka_stream.py
[2025-04-29T03:47:11.681+0000] {processor.py:829} INFO - Processing file /opt/airflow/dags/kafka_stream.py for tasks to queue
[2025-04-29T03:47:11.683+0000] {logging_mixin.py:151} INFO - [2025-04-29T03:47:11.683+0000] {dagbag.py:539} INFO - Filling up the DagBag from /opt/airflow/dags/kafka_stream.py
[2025-04-29T03:47:11.737+0000] {processor.py:839} INFO - DAG(s) dict_keys(['user_automation']) retrieved from /opt/airflow/dags/kafka_stream.py
[2025-04-29T03:47:11.778+0000] {logging_mixin.py:151} INFO - [2025-04-29T03:47:11.778+0000] {dag.py:2907} INFO - Sync 1 DAGs
[2025-04-29T03:47:11.802+0000] {logging_mixin.py:151} INFO - [2025-04-29T03:47:11.802+0000] {dag.py:3677} INFO - Setting next_dagrun for user_automation to 2025-04-29T00:00:00+00:00, run_after=2025-04-30T00:00:00+00:00
[2025-04-29T03:47:11.831+0000] {processor.py:179} INFO - Processing /opt/airflow/dags/kafka_stream.py took 0.157 seconds
[2025-04-29T03:47:42.012+0000] {processor.py:157} INFO - Started process (PID=4384) to work on /opt/airflow/dags/kafka_stream.py
[2025-04-29T03:47:42.013+0000] {processor.py:829} INFO - Processing file /opt/airflow/dags/kafka_stream.py for tasks to queue
[2025-04-29T03:47:42.014+0000] {logging_mixin.py:151} INFO - [2025-04-29T03:47:42.014+0000] {dagbag.py:539} INFO - Filling up the DagBag from /opt/airflow/dags/kafka_stream.py
[2025-04-29T03:47:42.040+0000] {processor.py:839} INFO - DAG(s) dict_keys(['user_automation']) retrieved from /opt/airflow/dags/kafka_stream.py
[2025-04-29T03:47:42.061+0000] {logging_mixin.py:151} INFO - [2025-04-29T03:47:42.061+0000] {dag.py:2907} INFO - Sync 1 DAGs
[2025-04-29T03:47:42.075+0000] {logging_mixin.py:151} INFO - [2025-04-29T03:47:42.075+0000] {dag.py:3677} INFO - Setting next_dagrun for user_automation to 2025-04-29T00:00:00+00:00, run_after=2025-04-30T00:00:00+00:00
[2025-04-29T03:47:42.096+0000] {processor.py:179} INFO - Processing /opt/airflow/dags/kafka_stream.py took 0.087 seconds
[2025-04-29T03:48:12.342+0000] {processor.py:157} INFO - Started process (PID=4385) to work on /opt/airflow/dags/kafka_stream.py
[2025-04-29T03:48:12.343+0000] {processor.py:829} INFO - Processing file /opt/airflow/dags/kafka_stream.py for tasks to queue
[2025-04-29T03:48:12.345+0000] {logging_mixin.py:151} INFO - [2025-04-29T03:48:12.345+0000] {dagbag.py:539} INFO - Filling up the DagBag from /opt/airflow/dags/kafka_stream.py
[2025-04-29T03:48:12.376+0000] {processor.py:839} INFO - DAG(s) dict_keys(['user_automation']) retrieved from /opt/airflow/dags/kafka_stream.py
[2025-04-29T03:48:12.396+0000] {logging_mixin.py:151} INFO - [2025-04-29T03:48:12.396+0000] {dag.py:2907} INFO - Sync 1 DAGs
[2025-04-29T03:48:12.412+0000] {logging_mixin.py:151} INFO - [2025-04-29T03:48:12.412+0000] {dag.py:3677} INFO - Setting next_dagrun for user_automation to 2025-04-29T00:00:00+00:00, run_after=2025-04-30T00:00:00+00:00
[2025-04-29T03:48:12.429+0000] {processor.py:179} INFO - Processing /opt/airflow/dags/kafka_stream.py took 0.090 seconds
[2025-04-29T03:48:42.724+0000] {processor.py:157} INFO - Started process (PID=4386) to work on /opt/airflow/dags/kafka_stream.py
[2025-04-29T03:48:42.725+0000] {processor.py:829} INFO - Processing file /opt/airflow/dags/kafka_stream.py for tasks to queue
[2025-04-29T03:48:42.726+0000] {logging_mixin.py:151} INFO - [2025-04-29T03:48:42.726+0000] {dagbag.py:539} INFO - Filling up the DagBag from /opt/airflow/dags/kafka_stream.py
[2025-04-29T03:48:42.745+0000] {processor.py:839} INFO - DAG(s) dict_keys(['user_automation']) retrieved from /opt/airflow/dags/kafka_stream.py
[2025-04-29T03:48:42.763+0000] {logging_mixin.py:151} INFO - [2025-04-29T03:48:42.763+0000] {dag.py:2907} INFO - Sync 1 DAGs
[2025-04-29T03:48:42.778+0000] {logging_mixin.py:151} INFO - [2025-04-29T03:48:42.777+0000] {dag.py:3677} INFO - Setting next_dagrun for user_automation to 2025-04-29T00:00:00+00:00, run_after=2025-04-30T00:00:00+00:00
[2025-04-29T03:48:42.807+0000] {processor.py:179} INFO - Processing /opt/airflow/dags/kafka_stream.py took 0.086 seconds
[2025-04-29T03:49:13.064+0000] {processor.py:157} INFO - Started process (PID=4387) to work on /opt/airflow/dags/kafka_stream.py
[2025-04-29T03:49:13.065+0000] {processor.py:829} INFO - Processing file /opt/airflow/dags/kafka_stream.py for tasks to queue
[2025-04-29T03:49:13.066+0000] {logging_mixin.py:151} INFO - [2025-04-29T03:49:13.066+0000] {dagbag.py:539} INFO - Filling up the DagBag from /opt/airflow/dags/kafka_stream.py
[2025-04-29T03:49:13.092+0000] {processor.py:839} INFO - DAG(s) dict_keys(['user_automation']) retrieved from /opt/airflow/dags/kafka_stream.py
[2025-04-29T03:49:13.113+0000] {logging_mixin.py:151} INFO - [2025-04-29T03:49:13.113+0000] {dag.py:2907} INFO - Sync 1 DAGs
[2025-04-29T03:49:13.131+0000] {logging_mixin.py:151} INFO - [2025-04-29T03:49:13.130+0000] {dag.py:3677} INFO - Setting next_dagrun for user_automation to 2025-04-29T00:00:00+00:00, run_after=2025-04-30T00:00:00+00:00
[2025-04-29T03:49:13.154+0000] {processor.py:179} INFO - Processing /opt/airflow/dags/kafka_stream.py took 0.094 seconds
[2025-04-29T03:49:43.413+0000] {processor.py:157} INFO - Started process (PID=4388) to work on /opt/airflow/dags/kafka_stream.py
[2025-04-29T03:49:43.415+0000] {processor.py:829} INFO - Processing file /opt/airflow/dags/kafka_stream.py for tasks to queue
[2025-04-29T03:49:43.416+0000] {logging_mixin.py:151} INFO - [2025-04-29T03:49:43.416+0000] {dagbag.py:539} INFO - Filling up the DagBag from /opt/airflow/dags/kafka_stream.py
[2025-04-29T03:49:43.442+0000] {processor.py:839} INFO - DAG(s) dict_keys(['user_automation']) retrieved from /opt/airflow/dags/kafka_stream.py
[2025-04-29T03:49:43.460+0000] {logging_mixin.py:151} INFO - [2025-04-29T03:49:43.460+0000] {dag.py:2907} INFO - Sync 1 DAGs
[2025-04-29T03:49:43.474+0000] {logging_mixin.py:151} INFO - [2025-04-29T03:49:43.474+0000] {dag.py:3677} INFO - Setting next_dagrun for user_automation to 2025-04-29T00:00:00+00:00, run_after=2025-04-30T00:00:00+00:00
[2025-04-29T03:49:43.492+0000] {processor.py:179} INFO - Processing /opt/airflow/dags/kafka_stream.py took 0.081 seconds
[2025-04-29T03:50:13.752+0000] {processor.py:157} INFO - Started process (PID=4389) to work on /opt/airflow/dags/kafka_stream.py
[2025-04-29T03:50:13.754+0000] {processor.py:829} INFO - Processing file /opt/airflow/dags/kafka_stream.py for tasks to queue
[2025-04-29T03:50:13.755+0000] {logging_mixin.py:151} INFO - [2025-04-29T03:50:13.755+0000] {dagbag.py:539} INFO - Filling up the DagBag from /opt/airflow/dags/kafka_stream.py
[2025-04-29T03:50:13.779+0000] {processor.py:839} INFO - DAG(s) dict_keys(['user_automation']) retrieved from /opt/airflow/dags/kafka_stream.py
[2025-04-29T03:50:13.801+0000] {logging_mixin.py:151} INFO - [2025-04-29T03:50:13.801+0000] {dag.py:2907} INFO - Sync 1 DAGs
[2025-04-29T03:50:13.815+0000] {logging_mixin.py:151} INFO - [2025-04-29T03:50:13.815+0000] {dag.py:3677} INFO - Setting next_dagrun for user_automation to 2025-04-29T00:00:00+00:00, run_after=2025-04-30T00:00:00+00:00
[2025-04-29T03:50:13.833+0000] {processor.py:179} INFO - Processing /opt/airflow/dags/kafka_stream.py took 0.083 seconds
[2025-04-29T03:50:44.063+0000] {processor.py:157} INFO - Started process (PID=4390) to work on /opt/airflow/dags/kafka_stream.py
[2025-04-29T03:50:44.065+0000] {processor.py:829} INFO - Processing file /opt/airflow/dags/kafka_stream.py for tasks to queue
[2025-04-29T03:50:44.066+0000] {logging_mixin.py:151} INFO - [2025-04-29T03:50:44.066+0000] {dagbag.py:539} INFO - Filling up the DagBag from /opt/airflow/dags/kafka_stream.py
[2025-04-29T03:50:44.096+0000] {processor.py:839} INFO - DAG(s) dict_keys(['user_automation']) retrieved from /opt/airflow/dags/kafka_stream.py
[2025-04-29T03:50:44.117+0000] {logging_mixin.py:151} INFO - [2025-04-29T03:50:44.117+0000] {dag.py:2907} INFO - Sync 1 DAGs
[2025-04-29T03:50:44.133+0000] {logging_mixin.py:151} INFO - [2025-04-29T03:50:44.133+0000] {dag.py:3677} INFO - Setting next_dagrun for user_automation to 2025-04-29T00:00:00+00:00, run_after=2025-04-30T00:00:00+00:00
[2025-04-29T03:50:44.153+0000] {processor.py:179} INFO - Processing /opt/airflow/dags/kafka_stream.py took 0.093 seconds
[2025-04-29T03:51:14.492+0000] {processor.py:157} INFO - Started process (PID=4391) to work on /opt/airflow/dags/kafka_stream.py
[2025-04-29T03:51:14.493+0000] {processor.py:829} INFO - Processing file /opt/airflow/dags/kafka_stream.py for tasks to queue
[2025-04-29T03:51:14.495+0000] {logging_mixin.py:151} INFO - [2025-04-29T03:51:14.494+0000] {dagbag.py:539} INFO - Filling up the DagBag from /opt/airflow/dags/kafka_stream.py
[2025-04-29T03:51:14.519+0000] {processor.py:839} INFO - DAG(s) dict_keys(['user_automation']) retrieved from /opt/airflow/dags/kafka_stream.py
[2025-04-29T03:51:14.542+0000] {logging_mixin.py:151} INFO - [2025-04-29T03:51:14.542+0000] {dag.py:2907} INFO - Sync 1 DAGs
[2025-04-29T03:51:14.557+0000] {logging_mixin.py:151} INFO - [2025-04-29T03:51:14.557+0000] {dag.py:3677} INFO - Setting next_dagrun for user_automation to 2025-04-29T00:00:00+00:00, run_after=2025-04-30T00:00:00+00:00
[2025-04-29T03:51:14.577+0000] {processor.py:179} INFO - Processing /opt/airflow/dags/kafka_stream.py took 0.088 seconds
[2025-04-29T03:51:44.834+0000] {processor.py:157} INFO - Started process (PID=4392) to work on /opt/airflow/dags/kafka_stream.py
[2025-04-29T03:51:44.835+0000] {processor.py:829} INFO - Processing file /opt/airflow/dags/kafka_stream.py for tasks to queue
[2025-04-29T03:51:44.836+0000] {logging_mixin.py:151} INFO - [2025-04-29T03:51:44.836+0000] {dagbag.py:539} INFO - Filling up the DagBag from /opt/airflow/dags/kafka_stream.py
[2025-04-29T03:51:44.863+0000] {processor.py:839} INFO - DAG(s) dict_keys(['user_automation']) retrieved from /opt/airflow/dags/kafka_stream.py
[2025-04-29T03:51:44.880+0000] {logging_mixin.py:151} INFO - [2025-04-29T03:51:44.880+0000] {dag.py:2907} INFO - Sync 1 DAGs
[2025-04-29T03:51:44.894+0000] {logging_mixin.py:151} INFO - [2025-04-29T03:51:44.894+0000] {dag.py:3677} INFO - Setting next_dagrun for user_automation to 2025-04-29T00:00:00+00:00, run_after=2025-04-30T00:00:00+00:00
[2025-04-29T03:51:44.921+0000] {processor.py:179} INFO - Processing /opt/airflow/dags/kafka_stream.py took 0.091 seconds
[2025-04-29T03:52:15.204+0000] {processor.py:157} INFO - Started process (PID=4393) to work on /opt/airflow/dags/kafka_stream.py
[2025-04-29T03:52:15.206+0000] {processor.py:829} INFO - Processing file /opt/airflow/dags/kafka_stream.py for tasks to queue
[2025-04-29T03:52:15.207+0000] {logging_mixin.py:151} INFO - [2025-04-29T03:52:15.206+0000] {dagbag.py:539} INFO - Filling up the DagBag from /opt/airflow/dags/kafka_stream.py
[2025-04-29T03:52:15.249+0000] {processor.py:839} INFO - DAG(s) dict_keys(['user_automation']) retrieved from /opt/airflow/dags/kafka_stream.py
[2025-04-29T03:52:15.270+0000] {logging_mixin.py:151} INFO - [2025-04-29T03:52:15.270+0000] {dag.py:2907} INFO - Sync 1 DAGs
[2025-04-29T03:52:15.284+0000] {logging_mixin.py:151} INFO - [2025-04-29T03:52:15.284+0000] {dag.py:3677} INFO - Setting next_dagrun for user_automation to 2025-04-29T00:00:00+00:00, run_after=2025-04-30T00:00:00+00:00
[2025-04-29T03:52:15.314+0000] {processor.py:179} INFO - Processing /opt/airflow/dags/kafka_stream.py took 0.112 seconds
[2025-04-29T03:52:45.524+0000] {processor.py:157} INFO - Started process (PID=4394) to work on /opt/airflow/dags/kafka_stream.py
[2025-04-29T03:52:45.525+0000] {processor.py:829} INFO - Processing file /opt/airflow/dags/kafka_stream.py for tasks to queue
[2025-04-29T03:52:45.527+0000] {logging_mixin.py:151} INFO - [2025-04-29T03:52:45.527+0000] {dagbag.py:539} INFO - Filling up the DagBag from /opt/airflow/dags/kafka_stream.py
[2025-04-29T03:52:45.560+0000] {processor.py:839} INFO - DAG(s) dict_keys(['user_automation']) retrieved from /opt/airflow/dags/kafka_stream.py
[2025-04-29T03:52:45.580+0000] {logging_mixin.py:151} INFO - [2025-04-29T03:52:45.580+0000] {dag.py:2907} INFO - Sync 1 DAGs
[2025-04-29T03:52:45.595+0000] {logging_mixin.py:151} INFO - [2025-04-29T03:52:45.595+0000] {dag.py:3677} INFO - Setting next_dagrun for user_automation to 2025-04-29T00:00:00+00:00, run_after=2025-04-30T00:00:00+00:00
[2025-04-29T03:52:45.624+0000] {processor.py:179} INFO - Processing /opt/airflow/dags/kafka_stream.py took 0.103 seconds
[2025-04-29T03:53:15.979+0000] {processor.py:157} INFO - Started process (PID=4395) to work on /opt/airflow/dags/kafka_stream.py
[2025-04-29T03:53:15.981+0000] {processor.py:829} INFO - Processing file /opt/airflow/dags/kafka_stream.py for tasks to queue
[2025-04-29T03:53:15.982+0000] {logging_mixin.py:151} INFO - [2025-04-29T03:53:15.982+0000] {dagbag.py:539} INFO - Filling up the DagBag from /opt/airflow/dags/kafka_stream.py
[2025-04-29T03:53:16.011+0000] {processor.py:839} INFO - DAG(s) dict_keys(['user_automation']) retrieved from /opt/airflow/dags/kafka_stream.py
[2025-04-29T03:53:16.034+0000] {logging_mixin.py:151} INFO - [2025-04-29T03:53:16.034+0000] {dag.py:2907} INFO - Sync 1 DAGs
[2025-04-29T03:53:16.050+0000] {logging_mixin.py:151} INFO - [2025-04-29T03:53:16.050+0000] {dag.py:3677} INFO - Setting next_dagrun for user_automation to 2025-04-29T00:00:00+00:00, run_after=2025-04-30T00:00:00+00:00
[2025-04-29T03:53:16.073+0000] {processor.py:179} INFO - Processing /opt/airflow/dags/kafka_stream.py took 0.097 seconds
[2025-04-29T03:53:46.310+0000] {processor.py:157} INFO - Started process (PID=4396) to work on /opt/airflow/dags/kafka_stream.py
[2025-04-29T03:53:46.311+0000] {processor.py:829} INFO - Processing file /opt/airflow/dags/kafka_stream.py for tasks to queue
[2025-04-29T03:53:46.313+0000] {logging_mixin.py:151} INFO - [2025-04-29T03:53:46.313+0000] {dagbag.py:539} INFO - Filling up the DagBag from /opt/airflow/dags/kafka_stream.py
[2025-04-29T03:53:46.346+0000] {processor.py:839} INFO - DAG(s) dict_keys(['user_automation']) retrieved from /opt/airflow/dags/kafka_stream.py
[2025-04-29T03:53:46.366+0000] {logging_mixin.py:151} INFO - [2025-04-29T03:53:46.366+0000] {dag.py:2907} INFO - Sync 1 DAGs
[2025-04-29T03:53:46.380+0000] {logging_mixin.py:151} INFO - [2025-04-29T03:53:46.380+0000] {dag.py:3677} INFO - Setting next_dagrun for user_automation to 2025-04-29T00:00:00+00:00, run_after=2025-04-30T00:00:00+00:00
[2025-04-29T03:53:46.410+0000] {processor.py:179} INFO - Processing /opt/airflow/dags/kafka_stream.py took 0.103 seconds
[2025-04-29T03:54:16.688+0000] {processor.py:157} INFO - Started process (PID=4397) to work on /opt/airflow/dags/kafka_stream.py
[2025-04-29T03:54:16.690+0000] {processor.py:829} INFO - Processing file /opt/airflow/dags/kafka_stream.py for tasks to queue
[2025-04-29T03:54:16.691+0000] {logging_mixin.py:151} INFO - [2025-04-29T03:54:16.691+0000] {dagbag.py:539} INFO - Filling up the DagBag from /opt/airflow/dags/kafka_stream.py
[2025-04-29T03:54:16.718+0000] {processor.py:839} INFO - DAG(s) dict_keys(['user_automation']) retrieved from /opt/airflow/dags/kafka_stream.py
[2025-04-29T03:54:16.738+0000] {logging_mixin.py:151} INFO - [2025-04-29T03:54:16.737+0000] {dag.py:2907} INFO - Sync 1 DAGs
[2025-04-29T03:54:16.752+0000] {logging_mixin.py:151} INFO - [2025-04-29T03:54:16.751+0000] {dag.py:3677} INFO - Setting next_dagrun for user_automation to 2025-04-29T00:00:00+00:00, run_after=2025-04-30T00:00:00+00:00
[2025-04-29T03:54:16.781+0000] {processor.py:179} INFO - Processing /opt/airflow/dags/kafka_stream.py took 0.095 seconds
[2025-04-29T03:54:47.052+0000] {processor.py:157} INFO - Started process (PID=4398) to work on /opt/airflow/dags/kafka_stream.py
[2025-04-29T03:54:47.053+0000] {processor.py:829} INFO - Processing file /opt/airflow/dags/kafka_stream.py for tasks to queue
[2025-04-29T03:54:47.055+0000] {logging_mixin.py:151} INFO - [2025-04-29T03:54:47.054+0000] {dagbag.py:539} INFO - Filling up the DagBag from /opt/airflow/dags/kafka_stream.py
[2025-04-29T03:54:47.089+0000] {processor.py:839} INFO - DAG(s) dict_keys(['user_automation']) retrieved from /opt/airflow/dags/kafka_stream.py
[2025-04-29T03:54:47.111+0000] {logging_mixin.py:151} INFO - [2025-04-29T03:54:47.111+0000] {dag.py:2907} INFO - Sync 1 DAGs
[2025-04-29T03:54:47.127+0000] {logging_mixin.py:151} INFO - [2025-04-29T03:54:47.127+0000] {dag.py:3677} INFO - Setting next_dagrun for user_automation to 2025-04-29T00:00:00+00:00, run_after=2025-04-30T00:00:00+00:00
[2025-04-29T03:54:47.147+0000] {processor.py:179} INFO - Processing /opt/airflow/dags/kafka_stream.py took 0.099 seconds
[2025-04-29T03:55:17.419+0000] {processor.py:157} INFO - Started process (PID=4399) to work on /opt/airflow/dags/kafka_stream.py
[2025-04-29T03:55:17.420+0000] {processor.py:829} INFO - Processing file /opt/airflow/dags/kafka_stream.py for tasks to queue
[2025-04-29T03:55:17.421+0000] {logging_mixin.py:151} INFO - [2025-04-29T03:55:17.421+0000] {dagbag.py:539} INFO - Filling up the DagBag from /opt/airflow/dags/kafka_stream.py
[2025-04-29T03:55:17.452+0000] {processor.py:839} INFO - DAG(s) dict_keys(['user_automation']) retrieved from /opt/airflow/dags/kafka_stream.py
[2025-04-29T03:55:17.472+0000] {logging_mixin.py:151} INFO - [2025-04-29T03:55:17.472+0000] {dag.py:2907} INFO - Sync 1 DAGs
[2025-04-29T03:55:17.488+0000] {logging_mixin.py:151} INFO - [2025-04-29T03:55:17.488+0000] {dag.py:3677} INFO - Setting next_dagrun for user_automation to 2025-04-29T00:00:00+00:00, run_after=2025-04-30T00:00:00+00:00
[2025-04-29T03:55:17.509+0000] {processor.py:179} INFO - Processing /opt/airflow/dags/kafka_stream.py took 0.093 seconds
[2025-04-29T03:55:47.777+0000] {processor.py:157} INFO - Started process (PID=4400) to work on /opt/airflow/dags/kafka_stream.py
[2025-04-29T03:55:47.779+0000] {processor.py:829} INFO - Processing file /opt/airflow/dags/kafka_stream.py for tasks to queue
[2025-04-29T03:55:47.780+0000] {logging_mixin.py:151} INFO - [2025-04-29T03:55:47.780+0000] {dagbag.py:539} INFO - Filling up the DagBag from /opt/airflow/dags/kafka_stream.py
[2025-04-29T03:55:47.802+0000] {processor.py:839} INFO - DAG(s) dict_keys(['user_automation']) retrieved from /opt/airflow/dags/kafka_stream.py
[2025-04-29T03:55:47.823+0000] {logging_mixin.py:151} INFO - [2025-04-29T03:55:47.823+0000] {dag.py:2907} INFO - Sync 1 DAGs
[2025-04-29T03:55:47.838+0000] {logging_mixin.py:151} INFO - [2025-04-29T03:55:47.838+0000] {dag.py:3677} INFO - Setting next_dagrun for user_automation to 2025-04-29T00:00:00+00:00, run_after=2025-04-30T00:00:00+00:00
[2025-04-29T03:55:47.858+0000] {processor.py:179} INFO - Processing /opt/airflow/dags/kafka_stream.py took 0.084 seconds
[2025-04-29T03:56:18.174+0000] {processor.py:157} INFO - Started process (PID=4401) to work on /opt/airflow/dags/kafka_stream.py
[2025-04-29T03:56:18.175+0000] {processor.py:829} INFO - Processing file /opt/airflow/dags/kafka_stream.py for tasks to queue
[2025-04-29T03:56:18.176+0000] {logging_mixin.py:151} INFO - [2025-04-29T03:56:18.176+0000] {dagbag.py:539} INFO - Filling up the DagBag from /opt/airflow/dags/kafka_stream.py
[2025-04-29T03:56:18.200+0000] {processor.py:839} INFO - DAG(s) dict_keys(['user_automation']) retrieved from /opt/airflow/dags/kafka_stream.py
[2025-04-29T03:56:18.222+0000] {logging_mixin.py:151} INFO - [2025-04-29T03:56:18.222+0000] {dag.py:2907} INFO - Sync 1 DAGs
[2025-04-29T03:56:18.240+0000] {logging_mixin.py:151} INFO - [2025-04-29T03:56:18.239+0000] {dag.py:3677} INFO - Setting next_dagrun for user_automation to 2025-04-29T00:00:00+00:00, run_after=2025-04-30T00:00:00+00:00
[2025-04-29T03:56:18.268+0000] {processor.py:179} INFO - Processing /opt/airflow/dags/kafka_stream.py took 0.096 seconds
[2025-04-29T03:56:48.482+0000] {processor.py:157} INFO - Started process (PID=4402) to work on /opt/airflow/dags/kafka_stream.py
[2025-04-29T03:56:48.484+0000] {processor.py:829} INFO - Processing file /opt/airflow/dags/kafka_stream.py for tasks to queue
[2025-04-29T03:56:48.485+0000] {logging_mixin.py:151} INFO - [2025-04-29T03:56:48.485+0000] {dagbag.py:539} INFO - Filling up the DagBag from /opt/airflow/dags/kafka_stream.py
[2025-04-29T03:56:48.517+0000] {processor.py:839} INFO - DAG(s) dict_keys(['user_automation']) retrieved from /opt/airflow/dags/kafka_stream.py
[2025-04-29T03:56:48.540+0000] {logging_mixin.py:151} INFO - [2025-04-29T03:56:48.540+0000] {dag.py:2907} INFO - Sync 1 DAGs
[2025-04-29T03:56:48.556+0000] {logging_mixin.py:151} INFO - [2025-04-29T03:56:48.556+0000] {dag.py:3677} INFO - Setting next_dagrun for user_automation to 2025-04-29T00:00:00+00:00, run_after=2025-04-30T00:00:00+00:00
[2025-04-29T03:56:48.584+0000] {processor.py:179} INFO - Processing /opt/airflow/dags/kafka_stream.py took 0.106 seconds
[2025-04-29T03:57:18.844+0000] {processor.py:157} INFO - Started process (PID=4403) to work on /opt/airflow/dags/kafka_stream.py
[2025-04-29T03:57:18.846+0000] {processor.py:829} INFO - Processing file /opt/airflow/dags/kafka_stream.py for tasks to queue
[2025-04-29T03:57:18.847+0000] {logging_mixin.py:151} INFO - [2025-04-29T03:57:18.847+0000] {dagbag.py:539} INFO - Filling up the DagBag from /opt/airflow/dags/kafka_stream.py
[2025-04-29T03:57:18.879+0000] {processor.py:839} INFO - DAG(s) dict_keys(['user_automation']) retrieved from /opt/airflow/dags/kafka_stream.py
[2025-04-29T03:57:18.899+0000] {logging_mixin.py:151} INFO - [2025-04-29T03:57:18.899+0000] {dag.py:2907} INFO - Sync 1 DAGs
[2025-04-29T03:57:18.914+0000] {logging_mixin.py:151} INFO - [2025-04-29T03:57:18.914+0000] {dag.py:3677} INFO - Setting next_dagrun for user_automation to 2025-04-29T00:00:00+00:00, run_after=2025-04-30T00:00:00+00:00
[2025-04-29T03:57:18.944+0000] {processor.py:179} INFO - Processing /opt/airflow/dags/kafka_stream.py took 0.101 seconds
[2025-04-29T03:57:49.171+0000] {processor.py:157} INFO - Started process (PID=4404) to work on /opt/airflow/dags/kafka_stream.py
[2025-04-29T03:57:49.173+0000] {processor.py:829} INFO - Processing file /opt/airflow/dags/kafka_stream.py for tasks to queue
[2025-04-29T03:57:49.175+0000] {logging_mixin.py:151} INFO - [2025-04-29T03:57:49.174+0000] {dagbag.py:539} INFO - Filling up the DagBag from /opt/airflow/dags/kafka_stream.py
[2025-04-29T03:57:49.213+0000] {processor.py:839} INFO - DAG(s) dict_keys(['user_automation']) retrieved from /opt/airflow/dags/kafka_stream.py
[2025-04-29T03:57:49.232+0000] {logging_mixin.py:151} INFO - [2025-04-29T03:57:49.232+0000] {dag.py:2907} INFO - Sync 1 DAGs
[2025-04-29T03:57:49.247+0000] {logging_mixin.py:151} INFO - [2025-04-29T03:57:49.247+0000] {dag.py:3677} INFO - Setting next_dagrun for user_automation to 2025-04-29T00:00:00+00:00, run_after=2025-04-30T00:00:00+00:00
[2025-04-29T03:57:49.276+0000] {processor.py:179} INFO - Processing /opt/airflow/dags/kafka_stream.py took 0.110 seconds
[2025-04-29T03:58:19.525+0000] {processor.py:157} INFO - Started process (PID=4405) to work on /opt/airflow/dags/kafka_stream.py
[2025-04-29T03:58:19.527+0000] {processor.py:829} INFO - Processing file /opt/airflow/dags/kafka_stream.py for tasks to queue
[2025-04-29T03:58:19.528+0000] {logging_mixin.py:151} INFO - [2025-04-29T03:58:19.528+0000] {dagbag.py:539} INFO - Filling up the DagBag from /opt/airflow/dags/kafka_stream.py
[2025-04-29T03:58:19.557+0000] {processor.py:839} INFO - DAG(s) dict_keys(['user_automation']) retrieved from /opt/airflow/dags/kafka_stream.py
[2025-04-29T03:58:19.576+0000] {logging_mixin.py:151} INFO - [2025-04-29T03:58:19.576+0000] {dag.py:2907} INFO - Sync 1 DAGs
[2025-04-29T03:58:19.590+0000] {logging_mixin.py:151} INFO - [2025-04-29T03:58:19.590+0000] {dag.py:3677} INFO - Setting next_dagrun for user_automation to 2025-04-29T00:00:00+00:00, run_after=2025-04-30T00:00:00+00:00
[2025-04-29T03:58:19.612+0000] {processor.py:179} INFO - Processing /opt/airflow/dags/kafka_stream.py took 0.090 seconds
[2025-04-29T03:58:49.891+0000] {processor.py:157} INFO - Started process (PID=4406) to work on /opt/airflow/dags/kafka_stream.py
[2025-04-29T03:58:49.892+0000] {processor.py:829} INFO - Processing file /opt/airflow/dags/kafka_stream.py for tasks to queue
[2025-04-29T03:58:49.894+0000] {logging_mixin.py:151} INFO - [2025-04-29T03:58:49.893+0000] {dagbag.py:539} INFO - Filling up the DagBag from /opt/airflow/dags/kafka_stream.py
[2025-04-29T03:58:49.924+0000] {processor.py:839} INFO - DAG(s) dict_keys(['user_automation']) retrieved from /opt/airflow/dags/kafka_stream.py
[2025-04-29T03:58:49.943+0000] {logging_mixin.py:151} INFO - [2025-04-29T03:58:49.943+0000] {dag.py:2907} INFO - Sync 1 DAGs
[2025-04-29T03:58:49.958+0000] {logging_mixin.py:151} INFO - [2025-04-29T03:58:49.958+0000] {dag.py:3677} INFO - Setting next_dagrun for user_automation to 2025-04-29T00:00:00+00:00, run_after=2025-04-30T00:00:00+00:00
[2025-04-29T03:58:49.977+0000] {processor.py:179} INFO - Processing /opt/airflow/dags/kafka_stream.py took 0.091 seconds
[2025-04-29T03:59:20.233+0000] {processor.py:157} INFO - Started process (PID=4407) to work on /opt/airflow/dags/kafka_stream.py
[2025-04-29T03:59:20.234+0000] {processor.py:829} INFO - Processing file /opt/airflow/dags/kafka_stream.py for tasks to queue
[2025-04-29T03:59:20.235+0000] {logging_mixin.py:151} INFO - [2025-04-29T03:59:20.235+0000] {dagbag.py:539} INFO - Filling up the DagBag from /opt/airflow/dags/kafka_stream.py
[2025-04-29T03:59:20.261+0000] {processor.py:839} INFO - DAG(s) dict_keys(['user_automation']) retrieved from /opt/airflow/dags/kafka_stream.py
[2025-04-29T03:59:20.281+0000] {logging_mixin.py:151} INFO - [2025-04-29T03:59:20.281+0000] {dag.py:2907} INFO - Sync 1 DAGs
[2025-04-29T03:59:20.296+0000] {logging_mixin.py:151} INFO - [2025-04-29T03:59:20.296+0000] {dag.py:3677} INFO - Setting next_dagrun for user_automation to 2025-04-29T00:00:00+00:00, run_after=2025-04-30T00:00:00+00:00
[2025-04-29T03:59:20.322+0000] {processor.py:179} INFO - Processing /opt/airflow/dags/kafka_stream.py took 0.092 seconds
[2025-04-29T03:59:50.559+0000] {processor.py:157} INFO - Started process (PID=4408) to work on /opt/airflow/dags/kafka_stream.py
[2025-04-29T03:59:50.560+0000] {processor.py:829} INFO - Processing file /opt/airflow/dags/kafka_stream.py for tasks to queue
[2025-04-29T03:59:50.562+0000] {logging_mixin.py:151} INFO - [2025-04-29T03:59:50.561+0000] {dagbag.py:539} INFO - Filling up the DagBag from /opt/airflow/dags/kafka_stream.py
[2025-04-29T03:59:50.594+0000] {processor.py:839} INFO - DAG(s) dict_keys(['user_automation']) retrieved from /opt/airflow/dags/kafka_stream.py
[2025-04-29T03:59:50.618+0000] {logging_mixin.py:151} INFO - [2025-04-29T03:59:50.618+0000] {dag.py:2907} INFO - Sync 1 DAGs
[2025-04-29T03:59:50.636+0000] {logging_mixin.py:151} INFO - [2025-04-29T03:59:50.636+0000] {dag.py:3677} INFO - Setting next_dagrun for user_automation to 2025-04-29T00:00:00+00:00, run_after=2025-04-30T00:00:00+00:00
[2025-04-29T03:59:50.666+0000] {processor.py:179} INFO - Processing /opt/airflow/dags/kafka_stream.py took 0.111 seconds
[2025-04-29T04:00:20.926+0000] {processor.py:157} INFO - Started process (PID=4409) to work on /opt/airflow/dags/kafka_stream.py
[2025-04-29T04:00:20.928+0000] {processor.py:829} INFO - Processing file /opt/airflow/dags/kafka_stream.py for tasks to queue
[2025-04-29T04:00:20.929+0000] {logging_mixin.py:151} INFO - [2025-04-29T04:00:20.929+0000] {dagbag.py:539} INFO - Filling up the DagBag from /opt/airflow/dags/kafka_stream.py
[2025-04-29T04:00:20.961+0000] {processor.py:839} INFO - DAG(s) dict_keys(['user_automation']) retrieved from /opt/airflow/dags/kafka_stream.py
[2025-04-29T04:00:20.980+0000] {logging_mixin.py:151} INFO - [2025-04-29T04:00:20.980+0000] {dag.py:2907} INFO - Sync 1 DAGs
[2025-04-29T04:00:20.996+0000] {logging_mixin.py:151} INFO - [2025-04-29T04:00:20.995+0000] {dag.py:3677} INFO - Setting next_dagrun for user_automation to 2025-04-29T00:00:00+00:00, run_after=2025-04-30T00:00:00+00:00
[2025-04-29T04:00:21.024+0000] {processor.py:179} INFO - Processing /opt/airflow/dags/kafka_stream.py took 0.102 seconds
[2025-04-29T04:00:51.300+0000] {processor.py:157} INFO - Started process (PID=4410) to work on /opt/airflow/dags/kafka_stream.py
[2025-04-29T04:00:51.302+0000] {processor.py:829} INFO - Processing file /opt/airflow/dags/kafka_stream.py for tasks to queue
[2025-04-29T04:00:51.303+0000] {logging_mixin.py:151} INFO - [2025-04-29T04:00:51.303+0000] {dagbag.py:539} INFO - Filling up the DagBag from /opt/airflow/dags/kafka_stream.py
[2025-04-29T04:00:51.335+0000] {processor.py:839} INFO - DAG(s) dict_keys(['user_automation']) retrieved from /opt/airflow/dags/kafka_stream.py
[2025-04-29T04:00:51.355+0000] {logging_mixin.py:151} INFO - [2025-04-29T04:00:51.355+0000] {dag.py:2907} INFO - Sync 1 DAGs
[2025-04-29T04:00:51.370+0000] {logging_mixin.py:151} INFO - [2025-04-29T04:00:51.370+0000] {dag.py:3677} INFO - Setting next_dagrun for user_automation to 2025-04-29T00:00:00+00:00, run_after=2025-04-30T00:00:00+00:00
[2025-04-29T04:00:51.393+0000] {processor.py:179} INFO - Processing /opt/airflow/dags/kafka_stream.py took 0.102 seconds
[2025-04-29T04:01:21.718+0000] {processor.py:157} INFO - Started process (PID=4411) to work on /opt/airflow/dags/kafka_stream.py
[2025-04-29T04:01:21.719+0000] {processor.py:829} INFO - Processing file /opt/airflow/dags/kafka_stream.py for tasks to queue
[2025-04-29T04:01:21.720+0000] {logging_mixin.py:151} INFO - [2025-04-29T04:01:21.720+0000] {dagbag.py:539} INFO - Filling up the DagBag from /opt/airflow/dags/kafka_stream.py
[2025-04-29T04:01:21.739+0000] {processor.py:839} INFO - DAG(s) dict_keys(['user_automation']) retrieved from /opt/airflow/dags/kafka_stream.py
[2025-04-29T04:01:21.758+0000] {logging_mixin.py:151} INFO - [2025-04-29T04:01:21.758+0000] {dag.py:2907} INFO - Sync 1 DAGs
[2025-04-29T04:01:21.773+0000] {logging_mixin.py:151} INFO - [2025-04-29T04:01:21.773+0000] {dag.py:3677} INFO - Setting next_dagrun for user_automation to 2025-04-29T00:00:00+00:00, run_after=2025-04-30T00:00:00+00:00
[2025-04-29T04:01:21.799+0000] {processor.py:179} INFO - Processing /opt/airflow/dags/kafka_stream.py took 0.083 seconds
[2025-04-29T04:01:52.055+0000] {processor.py:157} INFO - Started process (PID=4412) to work on /opt/airflow/dags/kafka_stream.py
[2025-04-29T04:01:52.056+0000] {processor.py:829} INFO - Processing file /opt/airflow/dags/kafka_stream.py for tasks to queue
[2025-04-29T04:01:52.058+0000] {logging_mixin.py:151} INFO - [2025-04-29T04:01:52.057+0000] {dagbag.py:539} INFO - Filling up the DagBag from /opt/airflow/dags/kafka_stream.py
[2025-04-29T04:01:52.090+0000] {processor.py:839} INFO - DAG(s) dict_keys(['user_automation']) retrieved from /opt/airflow/dags/kafka_stream.py
[2025-04-29T04:01:52.110+0000] {logging_mixin.py:151} INFO - [2025-04-29T04:01:52.110+0000] {dag.py:2907} INFO - Sync 1 DAGs
[2025-04-29T04:01:52.127+0000] {logging_mixin.py:151} INFO - [2025-04-29T04:01:52.127+0000] {dag.py:3677} INFO - Setting next_dagrun for user_automation to 2025-04-29T00:00:00+00:00, run_after=2025-04-30T00:00:00+00:00
[2025-04-29T04:01:52.158+0000] {processor.py:179} INFO - Processing /opt/airflow/dags/kafka_stream.py took 0.107 seconds
[2025-04-29T04:02:22.436+0000] {processor.py:157} INFO - Started process (PID=4413) to work on /opt/airflow/dags/kafka_stream.py
[2025-04-29T04:02:22.437+0000] {processor.py:829} INFO - Processing file /opt/airflow/dags/kafka_stream.py for tasks to queue
[2025-04-29T04:02:22.439+0000] {logging_mixin.py:151} INFO - [2025-04-29T04:02:22.438+0000] {dagbag.py:539} INFO - Filling up the DagBag from /opt/airflow/dags/kafka_stream.py
[2025-04-29T04:02:22.477+0000] {processor.py:839} INFO - DAG(s) dict_keys(['user_automation']) retrieved from /opt/airflow/dags/kafka_stream.py
[2025-04-29T04:02:22.497+0000] {logging_mixin.py:151} INFO - [2025-04-29T04:02:22.497+0000] {dag.py:2907} INFO - Sync 1 DAGs
[2025-04-29T04:02:22.513+0000] {logging_mixin.py:151} INFO - [2025-04-29T04:02:22.513+0000] {dag.py:3677} INFO - Setting next_dagrun for user_automation to 2025-04-29T00:00:00+00:00, run_after=2025-04-30T00:00:00+00:00
[2025-04-29T04:02:22.534+0000] {processor.py:179} INFO - Processing /opt/airflow/dags/kafka_stream.py took 0.100 seconds
[2025-04-29T04:02:52.761+0000] {processor.py:157} INFO - Started process (PID=4414) to work on /opt/airflow/dags/kafka_stream.py
[2025-04-29T04:02:52.762+0000] {processor.py:829} INFO - Processing file /opt/airflow/dags/kafka_stream.py for tasks to queue
[2025-04-29T04:02:52.763+0000] {logging_mixin.py:151} INFO - [2025-04-29T04:02:52.763+0000] {dagbag.py:539} INFO - Filling up the DagBag from /opt/airflow/dags/kafka_stream.py
[2025-04-29T04:02:52.793+0000] {processor.py:839} INFO - DAG(s) dict_keys(['user_automation']) retrieved from /opt/airflow/dags/kafka_stream.py
[2025-04-29T04:02:52.813+0000] {logging_mixin.py:151} INFO - [2025-04-29T04:02:52.813+0000] {dag.py:2907} INFO - Sync 1 DAGs
[2025-04-29T04:02:52.827+0000] {logging_mixin.py:151} INFO - [2025-04-29T04:02:52.827+0000] {dag.py:3677} INFO - Setting next_dagrun for user_automation to 2025-04-29T00:00:00+00:00, run_after=2025-04-30T00:00:00+00:00
[2025-04-29T04:02:52.856+0000] {processor.py:179} INFO - Processing /opt/airflow/dags/kafka_stream.py took 0.098 seconds
[2025-04-29T04:03:23.106+0000] {processor.py:157} INFO - Started process (PID=4415) to work on /opt/airflow/dags/kafka_stream.py
[2025-04-29T04:03:23.107+0000] {processor.py:829} INFO - Processing file /opt/airflow/dags/kafka_stream.py for tasks to queue
[2025-04-29T04:03:23.109+0000] {logging_mixin.py:151} INFO - [2025-04-29T04:03:23.108+0000] {dagbag.py:539} INFO - Filling up the DagBag from /opt/airflow/dags/kafka_stream.py
[2025-04-29T04:03:23.147+0000] {processor.py:839} INFO - DAG(s) dict_keys(['user_automation']) retrieved from /opt/airflow/dags/kafka_stream.py
[2025-04-29T04:03:23.172+0000] {logging_mixin.py:151} INFO - [2025-04-29T04:03:23.172+0000] {dag.py:2907} INFO - Sync 1 DAGs
[2025-04-29T04:03:23.187+0000] {logging_mixin.py:151} INFO - [2025-04-29T04:03:23.187+0000] {dag.py:3677} INFO - Setting next_dagrun for user_automation to 2025-04-29T00:00:00+00:00, run_after=2025-04-30T00:00:00+00:00
[2025-04-29T04:03:23.205+0000] {processor.py:179} INFO - Processing /opt/airflow/dags/kafka_stream.py took 0.101 seconds
[2025-04-29T04:03:53.473+0000] {processor.py:157} INFO - Started process (PID=4416) to work on /opt/airflow/dags/kafka_stream.py
[2025-04-29T04:03:53.474+0000] {processor.py:829} INFO - Processing file /opt/airflow/dags/kafka_stream.py for tasks to queue
[2025-04-29T04:03:53.476+0000] {logging_mixin.py:151} INFO - [2025-04-29T04:03:53.475+0000] {dagbag.py:539} INFO - Filling up the DagBag from /opt/airflow/dags/kafka_stream.py
[2025-04-29T04:03:53.509+0000] {processor.py:839} INFO - DAG(s) dict_keys(['user_automation']) retrieved from /opt/airflow/dags/kafka_stream.py
[2025-04-29T04:03:53.530+0000] {logging_mixin.py:151} INFO - [2025-04-29T04:03:53.530+0000] {dag.py:2907} INFO - Sync 1 DAGs
[2025-04-29T04:03:53.545+0000] {logging_mixin.py:151} INFO - [2025-04-29T04:03:53.545+0000] {dag.py:3677} INFO - Setting next_dagrun for user_automation to 2025-04-29T00:00:00+00:00, run_after=2025-04-30T00:00:00+00:00
[2025-04-29T04:03:53.568+0000] {processor.py:179} INFO - Processing /opt/airflow/dags/kafka_stream.py took 0.097 seconds
[2025-04-29T04:04:23.796+0000] {processor.py:157} INFO - Started process (PID=4417) to work on /opt/airflow/dags/kafka_stream.py
[2025-04-29T04:04:23.798+0000] {processor.py:829} INFO - Processing file /opt/airflow/dags/kafka_stream.py for tasks to queue
[2025-04-29T04:04:23.799+0000] {logging_mixin.py:151} INFO - [2025-04-29T04:04:23.799+0000] {dagbag.py:539} INFO - Filling up the DagBag from /opt/airflow/dags/kafka_stream.py
[2025-04-29T04:04:23.823+0000] {processor.py:839} INFO - DAG(s) dict_keys(['user_automation']) retrieved from /opt/airflow/dags/kafka_stream.py
[2025-04-29T04:04:23.843+0000] {logging_mixin.py:151} INFO - [2025-04-29T04:04:23.843+0000] {dag.py:2907} INFO - Sync 1 DAGs
[2025-04-29T04:04:23.860+0000] {logging_mixin.py:151} INFO - [2025-04-29T04:04:23.860+0000] {dag.py:3677} INFO - Setting next_dagrun for user_automation to 2025-04-29T00:00:00+00:00, run_after=2025-04-30T00:00:00+00:00
[2025-04-29T04:04:23.880+0000] {processor.py:179} INFO - Processing /opt/airflow/dags/kafka_stream.py took 0.086 seconds
[2025-04-29T04:04:54.122+0000] {processor.py:157} INFO - Started process (PID=4418) to work on /opt/airflow/dags/kafka_stream.py
[2025-04-29T04:04:54.123+0000] {processor.py:829} INFO - Processing file /opt/airflow/dags/kafka_stream.py for tasks to queue
[2025-04-29T04:04:54.124+0000] {logging_mixin.py:151} INFO - [2025-04-29T04:04:54.123+0000] {dagbag.py:539} INFO - Filling up the DagBag from /opt/airflow/dags/kafka_stream.py
[2025-04-29T04:04:54.141+0000] {processor.py:839} INFO - DAG(s) dict_keys(['user_automation']) retrieved from /opt/airflow/dags/kafka_stream.py
[2025-04-29T04:04:54.164+0000] {logging_mixin.py:151} INFO - [2025-04-29T04:04:54.164+0000] {dag.py:2907} INFO - Sync 1 DAGs
[2025-04-29T04:04:54.184+0000] {logging_mixin.py:151} INFO - [2025-04-29T04:04:54.184+0000] {dag.py:3677} INFO - Setting next_dagrun for user_automation to 2025-04-29T00:00:00+00:00, run_after=2025-04-30T00:00:00+00:00
[2025-04-29T04:04:54.223+0000] {processor.py:179} INFO - Processing /opt/airflow/dags/kafka_stream.py took 0.103 seconds
[2025-04-29T04:05:24.387+0000] {processor.py:157} INFO - Started process (PID=4419) to work on /opt/airflow/dags/kafka_stream.py
[2025-04-29T04:05:24.389+0000] {processor.py:829} INFO - Processing file /opt/airflow/dags/kafka_stream.py for tasks to queue
[2025-04-29T04:05:24.390+0000] {logging_mixin.py:151} INFO - [2025-04-29T04:05:24.390+0000] {dagbag.py:539} INFO - Filling up the DagBag from /opt/airflow/dags/kafka_stream.py
[2025-04-29T04:05:24.417+0000] {processor.py:839} INFO - DAG(s) dict_keys(['user_automation']) retrieved from /opt/airflow/dags/kafka_stream.py
[2025-04-29T04:05:24.442+0000] {logging_mixin.py:151} INFO - [2025-04-29T04:05:24.441+0000] {dag.py:2907} INFO - Sync 1 DAGs
[2025-04-29T04:05:24.460+0000] {logging_mixin.py:151} INFO - [2025-04-29T04:05:24.460+0000] {dag.py:3677} INFO - Setting next_dagrun for user_automation to 2025-04-29T00:00:00+00:00, run_after=2025-04-30T00:00:00+00:00
[2025-04-29T04:05:24.491+0000] {processor.py:179} INFO - Processing /opt/airflow/dags/kafka_stream.py took 0.107 seconds
[2025-04-29T04:05:54.746+0000] {processor.py:157} INFO - Started process (PID=4420) to work on /opt/airflow/dags/kafka_stream.py
[2025-04-29T04:05:54.748+0000] {processor.py:829} INFO - Processing file /opt/airflow/dags/kafka_stream.py for tasks to queue
[2025-04-29T04:05:54.749+0000] {logging_mixin.py:151} INFO - [2025-04-29T04:05:54.749+0000] {dagbag.py:539} INFO - Filling up the DagBag from /opt/airflow/dags/kafka_stream.py
[2025-04-29T04:05:54.772+0000] {processor.py:839} INFO - DAG(s) dict_keys(['user_automation']) retrieved from /opt/airflow/dags/kafka_stream.py
[2025-04-29T04:05:54.803+0000] {logging_mixin.py:151} INFO - [2025-04-29T04:05:54.803+0000] {dag.py:2907} INFO - Sync 1 DAGs
[2025-04-29T04:05:54.826+0000] {logging_mixin.py:151} INFO - [2025-04-29T04:05:54.825+0000] {dag.py:3677} INFO - Setting next_dagrun for user_automation to 2025-04-29T00:00:00+00:00, run_after=2025-04-30T00:00:00+00:00
[2025-04-29T04:05:54.850+0000] {processor.py:179} INFO - Processing /opt/airflow/dags/kafka_stream.py took 0.107 seconds
[2025-04-29T04:06:25.076+0000] {processor.py:157} INFO - Started process (PID=4421) to work on /opt/airflow/dags/kafka_stream.py
[2025-04-29T04:06:25.078+0000] {processor.py:829} INFO - Processing file /opt/airflow/dags/kafka_stream.py for tasks to queue
[2025-04-29T04:06:25.079+0000] {logging_mixin.py:151} INFO - [2025-04-29T04:06:25.079+0000] {dagbag.py:539} INFO - Filling up the DagBag from /opt/airflow/dags/kafka_stream.py
[2025-04-29T04:06:25.109+0000] {processor.py:839} INFO - DAG(s) dict_keys(['user_automation']) retrieved from /opt/airflow/dags/kafka_stream.py
[2025-04-29T04:06:25.128+0000] {logging_mixin.py:151} INFO - [2025-04-29T04:06:25.128+0000] {dag.py:2907} INFO - Sync 1 DAGs
[2025-04-29T04:06:25.144+0000] {logging_mixin.py:151} INFO - [2025-04-29T04:06:25.144+0000] {dag.py:3677} INFO - Setting next_dagrun for user_automation to 2025-04-29T00:00:00+00:00, run_after=2025-04-30T00:00:00+00:00
[2025-04-29T04:06:25.163+0000] {processor.py:179} INFO - Processing /opt/airflow/dags/kafka_stream.py took 0.092 seconds
[2025-04-29T04:06:55.440+0000] {processor.py:157} INFO - Started process (PID=4422) to work on /opt/airflow/dags/kafka_stream.py
[2025-04-29T04:06:55.442+0000] {processor.py:829} INFO - Processing file /opt/airflow/dags/kafka_stream.py for tasks to queue
[2025-04-29T04:06:55.443+0000] {logging_mixin.py:151} INFO - [2025-04-29T04:06:55.443+0000] {dagbag.py:539} INFO - Filling up the DagBag from /opt/airflow/dags/kafka_stream.py
[2025-04-29T04:06:55.464+0000] {processor.py:839} INFO - DAG(s) dict_keys(['user_automation']) retrieved from /opt/airflow/dags/kafka_stream.py
[2025-04-29T04:06:55.486+0000] {logging_mixin.py:151} INFO - [2025-04-29T04:06:55.486+0000] {dag.py:2907} INFO - Sync 1 DAGs
[2025-04-29T04:06:55.503+0000] {logging_mixin.py:151} INFO - [2025-04-29T04:06:55.503+0000] {dag.py:3677} INFO - Setting next_dagrun for user_automation to 2025-04-29T00:00:00+00:00, run_after=2025-04-30T00:00:00+00:00
[2025-04-29T04:06:55.527+0000] {processor.py:179} INFO - Processing /opt/airflow/dags/kafka_stream.py took 0.089 seconds
[2025-04-29T04:07:25.701+0000] {processor.py:157} INFO - Started process (PID=4423) to work on /opt/airflow/dags/kafka_stream.py
[2025-04-29T04:07:25.703+0000] {processor.py:829} INFO - Processing file /opt/airflow/dags/kafka_stream.py for tasks to queue
[2025-04-29T04:07:25.704+0000] {logging_mixin.py:151} INFO - [2025-04-29T04:07:25.703+0000] {dagbag.py:539} INFO - Filling up the DagBag from /opt/airflow/dags/kafka_stream.py
[2025-04-29T04:07:25.732+0000] {processor.py:839} INFO - DAG(s) dict_keys(['user_automation']) retrieved from /opt/airflow/dags/kafka_stream.py
[2025-04-29T04:07:25.753+0000] {logging_mixin.py:151} INFO - [2025-04-29T04:07:25.753+0000] {dag.py:2907} INFO - Sync 1 DAGs
[2025-04-29T04:07:25.768+0000] {logging_mixin.py:151} INFO - [2025-04-29T04:07:25.768+0000] {dag.py:3677} INFO - Setting next_dagrun for user_automation to 2025-04-29T00:00:00+00:00, run_after=2025-04-30T00:00:00+00:00
[2025-04-29T04:07:25.792+0000] {processor.py:179} INFO - Processing /opt/airflow/dags/kafka_stream.py took 0.094 seconds
[2025-04-29T04:07:56.034+0000] {processor.py:157} INFO - Started process (PID=4424) to work on /opt/airflow/dags/kafka_stream.py
[2025-04-29T04:07:56.035+0000] {processor.py:829} INFO - Processing file /opt/airflow/dags/kafka_stream.py for tasks to queue
[2025-04-29T04:07:56.036+0000] {logging_mixin.py:151} INFO - [2025-04-29T04:07:56.036+0000] {dagbag.py:539} INFO - Filling up the DagBag from /opt/airflow/dags/kafka_stream.py
[2025-04-29T04:07:56.066+0000] {processor.py:839} INFO - DAG(s) dict_keys(['user_automation']) retrieved from /opt/airflow/dags/kafka_stream.py
[2025-04-29T04:07:56.085+0000] {logging_mixin.py:151} INFO - [2025-04-29T04:07:56.085+0000] {dag.py:2907} INFO - Sync 1 DAGs
[2025-04-29T04:07:56.100+0000] {logging_mixin.py:151} INFO - [2025-04-29T04:07:56.100+0000] {dag.py:3677} INFO - Setting next_dagrun for user_automation to 2025-04-29T00:00:00+00:00, run_after=2025-04-30T00:00:00+00:00
[2025-04-29T04:07:56.128+0000] {processor.py:179} INFO - Processing /opt/airflow/dags/kafka_stream.py took 0.096 seconds
[2025-04-29T04:08:26.354+0000] {processor.py:157} INFO - Started process (PID=4425) to work on /opt/airflow/dags/kafka_stream.py
[2025-04-29T04:08:26.356+0000] {processor.py:829} INFO - Processing file /opt/airflow/dags/kafka_stream.py for tasks to queue
[2025-04-29T04:08:26.357+0000] {logging_mixin.py:151} INFO - [2025-04-29T04:08:26.357+0000] {dagbag.py:539} INFO - Filling up the DagBag from /opt/airflow/dags/kafka_stream.py
[2025-04-29T04:08:26.388+0000] {processor.py:839} INFO - DAG(s) dict_keys(['user_automation']) retrieved from /opt/airflow/dags/kafka_stream.py
[2025-04-29T04:08:26.409+0000] {logging_mixin.py:151} INFO - [2025-04-29T04:08:26.409+0000] {dag.py:2907} INFO - Sync 1 DAGs
[2025-04-29T04:08:26.423+0000] {logging_mixin.py:151} INFO - [2025-04-29T04:08:26.423+0000] {dag.py:3677} INFO - Setting next_dagrun for user_automation to 2025-04-29T00:00:00+00:00, run_after=2025-04-30T00:00:00+00:00
[2025-04-29T04:08:26.445+0000] {processor.py:179} INFO - Processing /opt/airflow/dags/kafka_stream.py took 0.094 seconds
[2025-04-29T04:08:56.726+0000] {processor.py:157} INFO - Started process (PID=4426) to work on /opt/airflow/dags/kafka_stream.py
[2025-04-29T04:08:56.728+0000] {processor.py:829} INFO - Processing file /opt/airflow/dags/kafka_stream.py for tasks to queue
[2025-04-29T04:08:56.729+0000] {logging_mixin.py:151} INFO - [2025-04-29T04:08:56.729+0000] {dagbag.py:539} INFO - Filling up the DagBag from /opt/airflow/dags/kafka_stream.py
[2025-04-29T04:08:56.756+0000] {processor.py:839} INFO - DAG(s) dict_keys(['user_automation']) retrieved from /opt/airflow/dags/kafka_stream.py
[2025-04-29T04:08:56.777+0000] {logging_mixin.py:151} INFO - [2025-04-29T04:08:56.777+0000] {dag.py:2907} INFO - Sync 1 DAGs
[2025-04-29T04:08:56.793+0000] {logging_mixin.py:151} INFO - [2025-04-29T04:08:56.793+0000] {dag.py:3677} INFO - Setting next_dagrun for user_automation to 2025-04-29T00:00:00+00:00, run_after=2025-04-30T00:00:00+00:00
[2025-04-29T04:08:56.812+0000] {processor.py:179} INFO - Processing /opt/airflow/dags/kafka_stream.py took 0.088 seconds
[2025-04-29T04:09:27.032+0000] {processor.py:157} INFO - Started process (PID=4427) to work on /opt/airflow/dags/kafka_stream.py
[2025-04-29T04:09:27.033+0000] {processor.py:829} INFO - Processing file /opt/airflow/dags/kafka_stream.py for tasks to queue
[2025-04-29T04:09:27.034+0000] {logging_mixin.py:151} INFO - [2025-04-29T04:09:27.034+0000] {dagbag.py:539} INFO - Filling up the DagBag from /opt/airflow/dags/kafka_stream.py
[2025-04-29T04:09:27.061+0000] {processor.py:839} INFO - DAG(s) dict_keys(['user_automation']) retrieved from /opt/airflow/dags/kafka_stream.py
[2025-04-29T04:09:27.083+0000] {logging_mixin.py:151} INFO - [2025-04-29T04:09:27.083+0000] {dag.py:2907} INFO - Sync 1 DAGs
[2025-04-29T04:09:27.100+0000] {logging_mixin.py:151} INFO - [2025-04-29T04:09:27.100+0000] {dag.py:3677} INFO - Setting next_dagrun for user_automation to 2025-04-29T00:00:00+00:00, run_after=2025-04-30T00:00:00+00:00
[2025-04-29T04:09:27.121+0000] {processor.py:179} INFO - Processing /opt/airflow/dags/kafka_stream.py took 0.092 seconds
[2025-04-29T04:09:57.333+0000] {processor.py:157} INFO - Started process (PID=4428) to work on /opt/airflow/dags/kafka_stream.py
[2025-04-29T04:09:57.335+0000] {processor.py:829} INFO - Processing file /opt/airflow/dags/kafka_stream.py for tasks to queue
[2025-04-29T04:09:57.336+0000] {logging_mixin.py:151} INFO - [2025-04-29T04:09:57.336+0000] {dagbag.py:539} INFO - Filling up the DagBag from /opt/airflow/dags/kafka_stream.py
[2025-04-29T04:09:57.367+0000] {processor.py:839} INFO - DAG(s) dict_keys(['user_automation']) retrieved from /opt/airflow/dags/kafka_stream.py
[2025-04-29T04:09:57.390+0000] {logging_mixin.py:151} INFO - [2025-04-29T04:09:57.390+0000] {dag.py:2907} INFO - Sync 1 DAGs
[2025-04-29T04:09:57.407+0000] {logging_mixin.py:151} INFO - [2025-04-29T04:09:57.407+0000] {dag.py:3677} INFO - Setting next_dagrun for user_automation to 2025-04-29T00:00:00+00:00, run_after=2025-04-30T00:00:00+00:00
[2025-04-29T04:09:57.438+0000] {processor.py:179} INFO - Processing /opt/airflow/dags/kafka_stream.py took 0.107 seconds
[2025-04-29T04:10:27.666+0000] {processor.py:157} INFO - Started process (PID=4429) to work on /opt/airflow/dags/kafka_stream.py
[2025-04-29T04:10:27.668+0000] {processor.py:829} INFO - Processing file /opt/airflow/dags/kafka_stream.py for tasks to queue
[2025-04-29T04:10:27.669+0000] {logging_mixin.py:151} INFO - [2025-04-29T04:10:27.669+0000] {dagbag.py:539} INFO - Filling up the DagBag from /opt/airflow/dags/kafka_stream.py
[2025-04-29T04:10:27.705+0000] {processor.py:839} INFO - DAG(s) dict_keys(['user_automation']) retrieved from /opt/airflow/dags/kafka_stream.py
[2025-04-29T04:10:27.725+0000] {logging_mixin.py:151} INFO - [2025-04-29T04:10:27.725+0000] {dag.py:2907} INFO - Sync 1 DAGs
[2025-04-29T04:10:27.740+0000] {logging_mixin.py:151} INFO - [2025-04-29T04:10:27.740+0000] {dag.py:3677} INFO - Setting next_dagrun for user_automation to 2025-04-29T00:00:00+00:00, run_after=2025-04-30T00:00:00+00:00
[2025-04-29T04:10:27.768+0000] {processor.py:179} INFO - Processing /opt/airflow/dags/kafka_stream.py took 0.106 seconds
[2025-04-29T04:10:58.024+0000] {processor.py:157} INFO - Started process (PID=4430) to work on /opt/airflow/dags/kafka_stream.py
[2025-04-29T04:10:58.025+0000] {processor.py:829} INFO - Processing file /opt/airflow/dags/kafka_stream.py for tasks to queue
[2025-04-29T04:10:58.026+0000] {logging_mixin.py:151} INFO - [2025-04-29T04:10:58.026+0000] {dagbag.py:539} INFO - Filling up the DagBag from /opt/airflow/dags/kafka_stream.py
[2025-04-29T04:10:58.059+0000] {processor.py:839} INFO - DAG(s) dict_keys(['user_automation']) retrieved from /opt/airflow/dags/kafka_stream.py
[2025-04-29T04:10:58.081+0000] {logging_mixin.py:151} INFO - [2025-04-29T04:10:58.081+0000] {dag.py:2907} INFO - Sync 1 DAGs
[2025-04-29T04:10:58.096+0000] {logging_mixin.py:151} INFO - [2025-04-29T04:10:58.096+0000] {dag.py:3677} INFO - Setting next_dagrun for user_automation to 2025-04-29T00:00:00+00:00, run_after=2025-04-30T00:00:00+00:00
[2025-04-29T04:10:58.117+0000] {processor.py:179} INFO - Processing /opt/airflow/dags/kafka_stream.py took 0.096 seconds
[2025-04-29T04:11:28.430+0000] {processor.py:157} INFO - Started process (PID=4431) to work on /opt/airflow/dags/kafka_stream.py
[2025-04-29T04:11:28.431+0000] {processor.py:829} INFO - Processing file /opt/airflow/dags/kafka_stream.py for tasks to queue
[2025-04-29T04:11:28.433+0000] {logging_mixin.py:151} INFO - [2025-04-29T04:11:28.432+0000] {dagbag.py:539} INFO - Filling up the DagBag from /opt/airflow/dags/kafka_stream.py
[2025-04-29T04:11:28.465+0000] {processor.py:839} INFO - DAG(s) dict_keys(['user_automation']) retrieved from /opt/airflow/dags/kafka_stream.py
[2025-04-29T04:11:28.485+0000] {logging_mixin.py:151} INFO - [2025-04-29T04:11:28.484+0000] {dag.py:2907} INFO - Sync 1 DAGs
[2025-04-29T04:11:28.500+0000] {logging_mixin.py:151} INFO - [2025-04-29T04:11:28.500+0000] {dag.py:3677} INFO - Setting next_dagrun for user_automation to 2025-04-29T00:00:00+00:00, run_after=2025-04-30T00:00:00+00:00
[2025-04-29T04:11:28.518+0000] {processor.py:179} INFO - Processing /opt/airflow/dags/kafka_stream.py took 0.091 seconds
[2025-04-29T04:11:58.752+0000] {processor.py:157} INFO - Started process (PID=4432) to work on /opt/airflow/dags/kafka_stream.py
[2025-04-29T04:11:58.753+0000] {processor.py:829} INFO - Processing file /opt/airflow/dags/kafka_stream.py for tasks to queue
[2025-04-29T04:11:58.754+0000] {logging_mixin.py:151} INFO - [2025-04-29T04:11:58.754+0000] {dagbag.py:539} INFO - Filling up the DagBag from /opt/airflow/dags/kafka_stream.py
[2025-04-29T04:11:58.785+0000] {processor.py:839} INFO - DAG(s) dict_keys(['user_automation']) retrieved from /opt/airflow/dags/kafka_stream.py
[2025-04-29T04:11:58.805+0000] {logging_mixin.py:151} INFO - [2025-04-29T04:11:58.805+0000] {dag.py:2907} INFO - Sync 1 DAGs
[2025-04-29T04:11:58.820+0000] {logging_mixin.py:151} INFO - [2025-04-29T04:11:58.820+0000] {dag.py:3677} INFO - Setting next_dagrun for user_automation to 2025-04-29T00:00:00+00:00, run_after=2025-04-30T00:00:00+00:00
[2025-04-29T04:11:58.838+0000] {processor.py:179} INFO - Processing /opt/airflow/dags/kafka_stream.py took 0.090 seconds
[2025-04-29T04:12:29.067+0000] {processor.py:157} INFO - Started process (PID=4433) to work on /opt/airflow/dags/kafka_stream.py
[2025-04-29T04:12:29.068+0000] {processor.py:829} INFO - Processing file /opt/airflow/dags/kafka_stream.py for tasks to queue
[2025-04-29T04:12:29.069+0000] {logging_mixin.py:151} INFO - [2025-04-29T04:12:29.069+0000] {dagbag.py:539} INFO - Filling up the DagBag from /opt/airflow/dags/kafka_stream.py
[2025-04-29T04:12:29.094+0000] {processor.py:839} INFO - DAG(s) dict_keys(['user_automation']) retrieved from /opt/airflow/dags/kafka_stream.py
[2025-04-29T04:12:29.118+0000] {logging_mixin.py:151} INFO - [2025-04-29T04:12:29.118+0000] {dag.py:2907} INFO - Sync 1 DAGs
[2025-04-29T04:12:29.135+0000] {logging_mixin.py:151} INFO - [2025-04-29T04:12:29.134+0000] {dag.py:3677} INFO - Setting next_dagrun for user_automation to 2025-04-29T00:00:00+00:00, run_after=2025-04-30T00:00:00+00:00
[2025-04-29T04:12:29.154+0000] {processor.py:179} INFO - Processing /opt/airflow/dags/kafka_stream.py took 0.090 seconds
[2025-04-29T04:12:59.415+0000] {processor.py:157} INFO - Started process (PID=4434) to work on /opt/airflow/dags/kafka_stream.py
[2025-04-29T04:12:59.416+0000] {processor.py:829} INFO - Processing file /opt/airflow/dags/kafka_stream.py for tasks to queue
[2025-04-29T04:12:59.417+0000] {logging_mixin.py:151} INFO - [2025-04-29T04:12:59.417+0000] {dagbag.py:539} INFO - Filling up the DagBag from /opt/airflow/dags/kafka_stream.py
[2025-04-29T04:12:59.448+0000] {processor.py:839} INFO - DAG(s) dict_keys(['user_automation']) retrieved from /opt/airflow/dags/kafka_stream.py
[2025-04-29T04:12:59.469+0000] {logging_mixin.py:151} INFO - [2025-04-29T04:12:59.469+0000] {dag.py:2907} INFO - Sync 1 DAGs
[2025-04-29T04:12:59.484+0000] {logging_mixin.py:151} INFO - [2025-04-29T04:12:59.484+0000] {dag.py:3677} INFO - Setting next_dagrun for user_automation to 2025-04-29T00:00:00+00:00, run_after=2025-04-30T00:00:00+00:00
[2025-04-29T04:12:59.504+0000] {processor.py:179} INFO - Processing /opt/airflow/dags/kafka_stream.py took 0.092 seconds
[2025-04-29T04:13:29.799+0000] {processor.py:157} INFO - Started process (PID=4435) to work on /opt/airflow/dags/kafka_stream.py
[2025-04-29T04:13:29.800+0000] {processor.py:829} INFO - Processing file /opt/airflow/dags/kafka_stream.py for tasks to queue
[2025-04-29T04:13:29.801+0000] {logging_mixin.py:151} INFO - [2025-04-29T04:13:29.801+0000] {dagbag.py:539} INFO - Filling up the DagBag from /opt/airflow/dags/kafka_stream.py
[2025-04-29T04:13:29.826+0000] {processor.py:839} INFO - DAG(s) dict_keys(['user_automation']) retrieved from /opt/airflow/dags/kafka_stream.py
[2025-04-29T04:13:29.846+0000] {logging_mixin.py:151} INFO - [2025-04-29T04:13:29.846+0000] {dag.py:2907} INFO - Sync 1 DAGs
[2025-04-29T04:13:29.861+0000] {logging_mixin.py:151} INFO - [2025-04-29T04:13:29.861+0000] {dag.py:3677} INFO - Setting next_dagrun for user_automation to 2025-04-29T00:00:00+00:00, run_after=2025-04-30T00:00:00+00:00
[2025-04-29T04:13:29.892+0000] {processor.py:179} INFO - Processing /opt/airflow/dags/kafka_stream.py took 0.095 seconds
[2025-04-29T04:14:00.114+0000] {processor.py:157} INFO - Started process (PID=4436) to work on /opt/airflow/dags/kafka_stream.py
[2025-04-29T04:14:00.116+0000] {processor.py:829} INFO - Processing file /opt/airflow/dags/kafka_stream.py for tasks to queue
[2025-04-29T04:14:00.117+0000] {logging_mixin.py:151} INFO - [2025-04-29T04:14:00.116+0000] {dagbag.py:539} INFO - Filling up the DagBag from /opt/airflow/dags/kafka_stream.py
[2025-04-29T04:14:00.140+0000] {processor.py:839} INFO - DAG(s) dict_keys(['user_automation']) retrieved from /opt/airflow/dags/kafka_stream.py
[2025-04-29T04:14:00.161+0000] {logging_mixin.py:151} INFO - [2025-04-29T04:14:00.161+0000] {dag.py:2907} INFO - Sync 1 DAGs
[2025-04-29T04:14:00.177+0000] {logging_mixin.py:151} INFO - [2025-04-29T04:14:00.177+0000] {dag.py:3677} INFO - Setting next_dagrun for user_automation to 2025-04-29T00:00:00+00:00, run_after=2025-04-30T00:00:00+00:00
[2025-04-29T04:14:00.199+0000] {processor.py:179} INFO - Processing /opt/airflow/dags/kafka_stream.py took 0.087 seconds
[2025-04-29T04:14:30.477+0000] {processor.py:157} INFO - Started process (PID=4437) to work on /opt/airflow/dags/kafka_stream.py
[2025-04-29T04:14:30.479+0000] {processor.py:829} INFO - Processing file /opt/airflow/dags/kafka_stream.py for tasks to queue
[2025-04-29T04:14:30.480+0000] {logging_mixin.py:151} INFO - [2025-04-29T04:14:30.480+0000] {dagbag.py:539} INFO - Filling up the DagBag from /opt/airflow/dags/kafka_stream.py
[2025-04-29T04:14:30.507+0000] {processor.py:839} INFO - DAG(s) dict_keys(['user_automation']) retrieved from /opt/airflow/dags/kafka_stream.py
[2025-04-29T04:14:30.529+0000] {logging_mixin.py:151} INFO - [2025-04-29T04:14:30.528+0000] {dag.py:2907} INFO - Sync 1 DAGs
[2025-04-29T04:14:30.545+0000] {logging_mixin.py:151} INFO - [2025-04-29T04:14:30.545+0000] {dag.py:3677} INFO - Setting next_dagrun for user_automation to 2025-04-29T00:00:00+00:00, run_after=2025-04-30T00:00:00+00:00
[2025-04-29T04:14:30.564+0000] {processor.py:179} INFO - Processing /opt/airflow/dags/kafka_stream.py took 0.090 seconds
[2025-04-29T04:15:00.805+0000] {processor.py:157} INFO - Started process (PID=4438) to work on /opt/airflow/dags/kafka_stream.py
[2025-04-29T04:15:00.807+0000] {processor.py:829} INFO - Processing file /opt/airflow/dags/kafka_stream.py for tasks to queue
[2025-04-29T04:15:00.808+0000] {logging_mixin.py:151} INFO - [2025-04-29T04:15:00.808+0000] {dagbag.py:539} INFO - Filling up the DagBag from /opt/airflow/dags/kafka_stream.py
[2025-04-29T04:15:00.845+0000] {processor.py:839} INFO - DAG(s) dict_keys(['user_automation']) retrieved from /opt/airflow/dags/kafka_stream.py
[2025-04-29T04:15:00.870+0000] {logging_mixin.py:151} INFO - [2025-04-29T04:15:00.870+0000] {dag.py:2907} INFO - Sync 1 DAGs
[2025-04-29T04:15:00.888+0000] {logging_mixin.py:151} INFO - [2025-04-29T04:15:00.888+0000] {dag.py:3677} INFO - Setting next_dagrun for user_automation to 2025-04-29T00:00:00+00:00, run_after=2025-04-30T00:00:00+00:00
[2025-04-29T04:15:00.917+0000] {processor.py:179} INFO - Processing /opt/airflow/dags/kafka_stream.py took 0.115 seconds
[2025-04-29T04:15:31.185+0000] {processor.py:157} INFO - Started process (PID=4439) to work on /opt/airflow/dags/kafka_stream.py
[2025-04-29T04:15:31.186+0000] {processor.py:829} INFO - Processing file /opt/airflow/dags/kafka_stream.py for tasks to queue
[2025-04-29T04:15:31.188+0000] {logging_mixin.py:151} INFO - [2025-04-29T04:15:31.188+0000] {dagbag.py:539} INFO - Filling up the DagBag from /opt/airflow/dags/kafka_stream.py
[2025-04-29T04:15:31.222+0000] {processor.py:839} INFO - DAG(s) dict_keys(['user_automation']) retrieved from /opt/airflow/dags/kafka_stream.py
[2025-04-29T04:15:31.255+0000] {logging_mixin.py:151} INFO - [2025-04-29T04:15:31.254+0000] {dag.py:2907} INFO - Sync 1 DAGs
[2025-04-29T04:15:31.269+0000] {logging_mixin.py:151} INFO - [2025-04-29T04:15:31.269+0000] {dag.py:3677} INFO - Setting next_dagrun for user_automation to 2025-04-29T00:00:00+00:00, run_after=2025-04-30T00:00:00+00:00
[2025-04-29T04:15:31.298+0000] {processor.py:179} INFO - Processing /opt/airflow/dags/kafka_stream.py took 0.116 seconds
[2025-04-29T04:16:01.504+0000] {processor.py:157} INFO - Started process (PID=4440) to work on /opt/airflow/dags/kafka_stream.py
[2025-04-29T04:16:01.505+0000] {processor.py:829} INFO - Processing file /opt/airflow/dags/kafka_stream.py for tasks to queue
[2025-04-29T04:16:01.506+0000] {logging_mixin.py:151} INFO - [2025-04-29T04:16:01.506+0000] {dagbag.py:539} INFO - Filling up the DagBag from /opt/airflow/dags/kafka_stream.py
[2025-04-29T04:16:01.531+0000] {processor.py:839} INFO - DAG(s) dict_keys(['user_automation']) retrieved from /opt/airflow/dags/kafka_stream.py
[2025-04-29T04:16:01.553+0000] {logging_mixin.py:151} INFO - [2025-04-29T04:16:01.553+0000] {dag.py:2907} INFO - Sync 1 DAGs
[2025-04-29T04:16:01.570+0000] {logging_mixin.py:151} INFO - [2025-04-29T04:16:01.569+0000] {dag.py:3677} INFO - Setting next_dagrun for user_automation to 2025-04-29T00:00:00+00:00, run_after=2025-04-30T00:00:00+00:00
[2025-04-29T04:16:01.602+0000] {processor.py:179} INFO - Processing /opt/airflow/dags/kafka_stream.py took 0.101 seconds
[2025-04-29T04:16:31.996+0000] {processor.py:157} INFO - Started process (PID=4441) to work on /opt/airflow/dags/kafka_stream.py
[2025-04-29T04:16:31.997+0000] {processor.py:829} INFO - Processing file /opt/airflow/dags/kafka_stream.py for tasks to queue
[2025-04-29T04:16:31.999+0000] {logging_mixin.py:151} INFO - [2025-04-29T04:16:31.999+0000] {dagbag.py:539} INFO - Filling up the DagBag from /opt/airflow/dags/kafka_stream.py
[2025-04-29T04:16:32.024+0000] {processor.py:839} INFO - DAG(s) dict_keys(['user_automation']) retrieved from /opt/airflow/dags/kafka_stream.py
[2025-04-29T04:16:32.045+0000] {logging_mixin.py:151} INFO - [2025-04-29T04:16:32.045+0000] {dag.py:2907} INFO - Sync 1 DAGs
[2025-04-29T04:16:32.061+0000] {logging_mixin.py:151} INFO - [2025-04-29T04:16:32.061+0000] {dag.py:3677} INFO - Setting next_dagrun for user_automation to 2025-04-29T00:00:00+00:00, run_after=2025-04-30T00:00:00+00:00
[2025-04-29T04:16:32.091+0000] {processor.py:179} INFO - Processing /opt/airflow/dags/kafka_stream.py took 0.098 seconds
[2025-04-29T04:17:02.304+0000] {processor.py:157} INFO - Started process (PID=4442) to work on /opt/airflow/dags/kafka_stream.py
[2025-04-29T04:17:02.306+0000] {processor.py:829} INFO - Processing file /opt/airflow/dags/kafka_stream.py for tasks to queue
[2025-04-29T04:17:02.307+0000] {logging_mixin.py:151} INFO - [2025-04-29T04:17:02.307+0000] {dagbag.py:539} INFO - Filling up the DagBag from /opt/airflow/dags/kafka_stream.py
[2025-04-29T04:17:02.327+0000] {processor.py:839} INFO - DAG(s) dict_keys(['user_automation']) retrieved from /opt/airflow/dags/kafka_stream.py
[2025-04-29T04:17:02.351+0000] {logging_mixin.py:151} INFO - [2025-04-29T04:17:02.351+0000] {dag.py:2907} INFO - Sync 1 DAGs
[2025-04-29T04:17:02.367+0000] {logging_mixin.py:151} INFO - [2025-04-29T04:17:02.367+0000] {dag.py:3677} INFO - Setting next_dagrun for user_automation to 2025-04-29T00:00:00+00:00, run_after=2025-04-30T00:00:00+00:00
[2025-04-29T04:17:02.397+0000] {processor.py:179} INFO - Processing /opt/airflow/dags/kafka_stream.py took 0.096 seconds
[2025-04-29T04:17:32.676+0000] {processor.py:157} INFO - Started process (PID=4443) to work on /opt/airflow/dags/kafka_stream.py
[2025-04-29T04:17:32.677+0000] {processor.py:829} INFO - Processing file /opt/airflow/dags/kafka_stream.py for tasks to queue
[2025-04-29T04:17:32.679+0000] {logging_mixin.py:151} INFO - [2025-04-29T04:17:32.678+0000] {dagbag.py:539} INFO - Filling up the DagBag from /opt/airflow/dags/kafka_stream.py
[2025-04-29T04:17:32.706+0000] {processor.py:839} INFO - DAG(s) dict_keys(['user_automation']) retrieved from /opt/airflow/dags/kafka_stream.py
[2025-04-29T04:17:32.731+0000] {logging_mixin.py:151} INFO - [2025-04-29T04:17:32.731+0000] {dag.py:2907} INFO - Sync 1 DAGs
[2025-04-29T04:17:32.750+0000] {logging_mixin.py:151} INFO - [2025-04-29T04:17:32.750+0000] {dag.py:3677} INFO - Setting next_dagrun for user_automation to 2025-04-29T00:00:00+00:00, run_after=2025-04-30T00:00:00+00:00
[2025-04-29T04:17:32.781+0000] {processor.py:179} INFO - Processing /opt/airflow/dags/kafka_stream.py took 0.109 seconds
[2025-04-29T04:18:03.014+0000] {processor.py:157} INFO - Started process (PID=4444) to work on /opt/airflow/dags/kafka_stream.py
[2025-04-29T04:18:03.016+0000] {processor.py:829} INFO - Processing file /opt/airflow/dags/kafka_stream.py for tasks to queue
[2025-04-29T04:18:03.017+0000] {logging_mixin.py:151} INFO - [2025-04-29T04:18:03.016+0000] {dagbag.py:539} INFO - Filling up the DagBag from /opt/airflow/dags/kafka_stream.py
[2025-04-29T04:18:03.048+0000] {processor.py:839} INFO - DAG(s) dict_keys(['user_automation']) retrieved from /opt/airflow/dags/kafka_stream.py
[2025-04-29T04:18:03.068+0000] {logging_mixin.py:151} INFO - [2025-04-29T04:18:03.068+0000] {dag.py:2907} INFO - Sync 1 DAGs
[2025-04-29T04:18:03.083+0000] {logging_mixin.py:151} INFO - [2025-04-29T04:18:03.082+0000] {dag.py:3677} INFO - Setting next_dagrun for user_automation to 2025-04-29T00:00:00+00:00, run_after=2025-04-30T00:00:00+00:00
[2025-04-29T04:18:03.114+0000] {processor.py:179} INFO - Processing /opt/airflow/dags/kafka_stream.py took 0.103 seconds
[2025-04-29T04:18:33.397+0000] {processor.py:157} INFO - Started process (PID=4445) to work on /opt/airflow/dags/kafka_stream.py
[2025-04-29T04:18:33.398+0000] {processor.py:829} INFO - Processing file /opt/airflow/dags/kafka_stream.py for tasks to queue
[2025-04-29T04:18:33.400+0000] {logging_mixin.py:151} INFO - [2025-04-29T04:18:33.399+0000] {dagbag.py:539} INFO - Filling up the DagBag from /opt/airflow/dags/kafka_stream.py
[2025-04-29T04:18:33.429+0000] {processor.py:839} INFO - DAG(s) dict_keys(['user_automation']) retrieved from /opt/airflow/dags/kafka_stream.py
[2025-04-29T04:18:33.448+0000] {logging_mixin.py:151} INFO - [2025-04-29T04:18:33.448+0000] {dag.py:2907} INFO - Sync 1 DAGs
[2025-04-29T04:18:33.463+0000] {logging_mixin.py:151} INFO - [2025-04-29T04:18:33.463+0000] {dag.py:3677} INFO - Setting next_dagrun for user_automation to 2025-04-29T00:00:00+00:00, run_after=2025-04-30T00:00:00+00:00
[2025-04-29T04:18:33.493+0000] {processor.py:179} INFO - Processing /opt/airflow/dags/kafka_stream.py took 0.098 seconds
[2025-04-29T04:19:03.710+0000] {processor.py:157} INFO - Started process (PID=4446) to work on /opt/airflow/dags/kafka_stream.py
[2025-04-29T04:19:03.712+0000] {processor.py:829} INFO - Processing file /opt/airflow/dags/kafka_stream.py for tasks to queue
[2025-04-29T04:19:03.713+0000] {logging_mixin.py:151} INFO - [2025-04-29T04:19:03.713+0000] {dagbag.py:539} INFO - Filling up the DagBag from /opt/airflow/dags/kafka_stream.py
[2025-04-29T04:19:03.760+0000] {processor.py:839} INFO - DAG(s) dict_keys(['user_automation']) retrieved from /opt/airflow/dags/kafka_stream.py
[2025-04-29T04:19:03.782+0000] {logging_mixin.py:151} INFO - [2025-04-29T04:19:03.781+0000] {dag.py:2907} INFO - Sync 1 DAGs
[2025-04-29T04:19:03.797+0000] {logging_mixin.py:151} INFO - [2025-04-29T04:19:03.796+0000] {dag.py:3677} INFO - Setting next_dagrun for user_automation to 2025-04-29T00:00:00+00:00, run_after=2025-04-30T00:00:00+00:00
[2025-04-29T04:19:03.819+0000] {processor.py:179} INFO - Processing /opt/airflow/dags/kafka_stream.py took 0.112 seconds
[2025-04-29T04:19:34.136+0000] {processor.py:157} INFO - Started process (PID=4447) to work on /opt/airflow/dags/kafka_stream.py
[2025-04-29T04:19:34.138+0000] {processor.py:829} INFO - Processing file /opt/airflow/dags/kafka_stream.py for tasks to queue
[2025-04-29T04:19:34.139+0000] {logging_mixin.py:151} INFO - [2025-04-29T04:19:34.139+0000] {dagbag.py:539} INFO - Filling up the DagBag from /opt/airflow/dags/kafka_stream.py
[2025-04-29T04:19:34.174+0000] {processor.py:839} INFO - DAG(s) dict_keys(['user_automation']) retrieved from /opt/airflow/dags/kafka_stream.py
[2025-04-29T04:19:34.195+0000] {logging_mixin.py:151} INFO - [2025-04-29T04:19:34.195+0000] {dag.py:2907} INFO - Sync 1 DAGs
[2025-04-29T04:19:34.211+0000] {logging_mixin.py:151} INFO - [2025-04-29T04:19:34.211+0000] {dag.py:3677} INFO - Setting next_dagrun for user_automation to 2025-04-29T00:00:00+00:00, run_after=2025-04-30T00:00:00+00:00
[2025-04-29T04:19:34.229+0000] {processor.py:179} INFO - Processing /opt/airflow/dags/kafka_stream.py took 0.096 seconds
[2025-04-29T04:20:04.460+0000] {processor.py:157} INFO - Started process (PID=4448) to work on /opt/airflow/dags/kafka_stream.py
[2025-04-29T04:20:04.461+0000] {processor.py:829} INFO - Processing file /opt/airflow/dags/kafka_stream.py for tasks to queue
[2025-04-29T04:20:04.463+0000] {logging_mixin.py:151} INFO - [2025-04-29T04:20:04.463+0000] {dagbag.py:539} INFO - Filling up the DagBag from /opt/airflow/dags/kafka_stream.py
[2025-04-29T04:20:04.500+0000] {processor.py:839} INFO - DAG(s) dict_keys(['user_automation']) retrieved from /opt/airflow/dags/kafka_stream.py
[2025-04-29T04:20:04.521+0000] {logging_mixin.py:151} INFO - [2025-04-29T04:20:04.521+0000] {dag.py:2907} INFO - Sync 1 DAGs
[2025-04-29T04:20:04.537+0000] {logging_mixin.py:151} INFO - [2025-04-29T04:20:04.537+0000] {dag.py:3677} INFO - Setting next_dagrun for user_automation to 2025-04-29T00:00:00+00:00, run_after=2025-04-30T00:00:00+00:00
[2025-04-29T04:20:04.557+0000] {processor.py:179} INFO - Processing /opt/airflow/dags/kafka_stream.py took 0.102 seconds
[2025-04-29T04:20:34.785+0000] {processor.py:157} INFO - Started process (PID=4449) to work on /opt/airflow/dags/kafka_stream.py
[2025-04-29T04:20:34.786+0000] {processor.py:829} INFO - Processing file /opt/airflow/dags/kafka_stream.py for tasks to queue
[2025-04-29T04:20:34.788+0000] {logging_mixin.py:151} INFO - [2025-04-29T04:20:34.788+0000] {dagbag.py:539} INFO - Filling up the DagBag from /opt/airflow/dags/kafka_stream.py
[2025-04-29T04:20:34.817+0000] {processor.py:839} INFO - DAG(s) dict_keys(['user_automation']) retrieved from /opt/airflow/dags/kafka_stream.py
[2025-04-29T04:20:34.838+0000] {logging_mixin.py:151} INFO - [2025-04-29T04:20:34.838+0000] {dag.py:2907} INFO - Sync 1 DAGs
[2025-04-29T04:20:34.853+0000] {logging_mixin.py:151} INFO - [2025-04-29T04:20:34.853+0000] {dag.py:3677} INFO - Setting next_dagrun for user_automation to 2025-04-29T00:00:00+00:00, run_after=2025-04-30T00:00:00+00:00
[2025-04-29T04:20:34.873+0000] {processor.py:179} INFO - Processing /opt/airflow/dags/kafka_stream.py took 0.092 seconds
[2025-04-29T04:21:05.186+0000] {processor.py:157} INFO - Started process (PID=4450) to work on /opt/airflow/dags/kafka_stream.py
[2025-04-29T04:21:05.187+0000] {processor.py:829} INFO - Processing file /opt/airflow/dags/kafka_stream.py for tasks to queue
[2025-04-29T04:21:05.188+0000] {logging_mixin.py:151} INFO - [2025-04-29T04:21:05.188+0000] {dagbag.py:539} INFO - Filling up the DagBag from /opt/airflow/dags/kafka_stream.py
[2025-04-29T04:21:05.219+0000] {processor.py:839} INFO - DAG(s) dict_keys(['user_automation']) retrieved from /opt/airflow/dags/kafka_stream.py
[2025-04-29T04:21:05.240+0000] {logging_mixin.py:151} INFO - [2025-04-29T04:21:05.240+0000] {dag.py:2907} INFO - Sync 1 DAGs
[2025-04-29T04:21:05.255+0000] {logging_mixin.py:151} INFO - [2025-04-29T04:21:05.255+0000] {dag.py:3677} INFO - Setting next_dagrun for user_automation to 2025-04-29T00:00:00+00:00, run_after=2025-04-30T00:00:00+00:00
[2025-04-29T04:21:05.273+0000] {processor.py:179} INFO - Processing /opt/airflow/dags/kafka_stream.py took 0.090 seconds
[2025-04-29T04:21:35.499+0000] {processor.py:157} INFO - Started process (PID=4451) to work on /opt/airflow/dags/kafka_stream.py
[2025-04-29T04:21:35.500+0000] {processor.py:829} INFO - Processing file /opt/airflow/dags/kafka_stream.py for tasks to queue
[2025-04-29T04:21:35.501+0000] {logging_mixin.py:151} INFO - [2025-04-29T04:21:35.501+0000] {dagbag.py:539} INFO - Filling up the DagBag from /opt/airflow/dags/kafka_stream.py
[2025-04-29T04:21:35.523+0000] {processor.py:839} INFO - DAG(s) dict_keys(['user_automation']) retrieved from /opt/airflow/dags/kafka_stream.py
[2025-04-29T04:21:35.544+0000] {logging_mixin.py:151} INFO - [2025-04-29T04:21:35.544+0000] {dag.py:2907} INFO - Sync 1 DAGs
[2025-04-29T04:21:35.559+0000] {logging_mixin.py:151} INFO - [2025-04-29T04:21:35.559+0000] {dag.py:3677} INFO - Setting next_dagrun for user_automation to 2025-04-29T00:00:00+00:00, run_after=2025-04-30T00:00:00+00:00
[2025-04-29T04:21:35.580+0000] {processor.py:179} INFO - Processing /opt/airflow/dags/kafka_stream.py took 0.084 seconds
[2025-04-29T04:22:05.917+0000] {processor.py:157} INFO - Started process (PID=4452) to work on /opt/airflow/dags/kafka_stream.py
[2025-04-29T04:22:05.918+0000] {processor.py:829} INFO - Processing file /opt/airflow/dags/kafka_stream.py for tasks to queue
[2025-04-29T04:22:05.919+0000] {logging_mixin.py:151} INFO - [2025-04-29T04:22:05.919+0000] {dagbag.py:539} INFO - Filling up the DagBag from /opt/airflow/dags/kafka_stream.py
[2025-04-29T04:22:05.947+0000] {processor.py:839} INFO - DAG(s) dict_keys(['user_automation']) retrieved from /opt/airflow/dags/kafka_stream.py
[2025-04-29T04:22:05.969+0000] {logging_mixin.py:151} INFO - [2025-04-29T04:22:05.969+0000] {dag.py:2907} INFO - Sync 1 DAGs
[2025-04-29T04:22:05.985+0000] {logging_mixin.py:151} INFO - [2025-04-29T04:22:05.985+0000] {dag.py:3677} INFO - Setting next_dagrun for user_automation to 2025-04-29T00:00:00+00:00, run_after=2025-04-30T00:00:00+00:00
[2025-04-29T04:22:06.008+0000] {processor.py:179} INFO - Processing /opt/airflow/dags/kafka_stream.py took 0.094 seconds
[2025-04-29T04:22:36.262+0000] {processor.py:157} INFO - Started process (PID=4453) to work on /opt/airflow/dags/kafka_stream.py
[2025-04-29T04:22:36.263+0000] {processor.py:829} INFO - Processing file /opt/airflow/dags/kafka_stream.py for tasks to queue
[2025-04-29T04:22:36.265+0000] {logging_mixin.py:151} INFO - [2025-04-29T04:22:36.264+0000] {dagbag.py:539} INFO - Filling up the DagBag from /opt/airflow/dags/kafka_stream.py
[2025-04-29T04:22:36.313+0000] {processor.py:839} INFO - DAG(s) dict_keys(['user_automation']) retrieved from /opt/airflow/dags/kafka_stream.py
[2025-04-29T04:22:36.333+0000] {logging_mixin.py:151} INFO - [2025-04-29T04:22:36.333+0000] {dag.py:2907} INFO - Sync 1 DAGs
[2025-04-29T04:22:36.347+0000] {logging_mixin.py:151} INFO - [2025-04-29T04:22:36.347+0000] {dag.py:3677} INFO - Setting next_dagrun for user_automation to 2025-04-29T00:00:00+00:00, run_after=2025-04-30T00:00:00+00:00
[2025-04-29T04:22:36.375+0000] {processor.py:179} INFO - Processing /opt/airflow/dags/kafka_stream.py took 0.116 seconds
[2025-04-29T04:23:06.636+0000] {processor.py:157} INFO - Started process (PID=4454) to work on /opt/airflow/dags/kafka_stream.py
[2025-04-29T04:23:06.637+0000] {processor.py:829} INFO - Processing file /opt/airflow/dags/kafka_stream.py for tasks to queue
[2025-04-29T04:23:06.638+0000] {logging_mixin.py:151} INFO - [2025-04-29T04:23:06.638+0000] {dagbag.py:539} INFO - Filling up the DagBag from /opt/airflow/dags/kafka_stream.py
[2025-04-29T04:23:06.671+0000] {processor.py:839} INFO - DAG(s) dict_keys(['user_automation']) retrieved from /opt/airflow/dags/kafka_stream.py
[2025-04-29T04:23:06.690+0000] {logging_mixin.py:151} INFO - [2025-04-29T04:23:06.690+0000] {dag.py:2907} INFO - Sync 1 DAGs
[2025-04-29T04:23:06.704+0000] {logging_mixin.py:151} INFO - [2025-04-29T04:23:06.704+0000] {dag.py:3677} INFO - Setting next_dagrun for user_automation to 2025-04-29T00:00:00+00:00, run_after=2025-04-30T00:00:00+00:00
[2025-04-29T04:23:06.733+0000] {processor.py:179} INFO - Processing /opt/airflow/dags/kafka_stream.py took 0.100 seconds
[2025-04-29T04:23:36.952+0000] {processor.py:157} INFO - Started process (PID=4455) to work on /opt/airflow/dags/kafka_stream.py
[2025-04-29T04:23:36.953+0000] {processor.py:829} INFO - Processing file /opt/airflow/dags/kafka_stream.py for tasks to queue
[2025-04-29T04:23:36.955+0000] {logging_mixin.py:151} INFO - [2025-04-29T04:23:36.954+0000] {dagbag.py:539} INFO - Filling up the DagBag from /opt/airflow/dags/kafka_stream.py
[2025-04-29T04:23:36.982+0000] {processor.py:839} INFO - DAG(s) dict_keys(['user_automation']) retrieved from /opt/airflow/dags/kafka_stream.py
[2025-04-29T04:23:37.005+0000] {logging_mixin.py:151} INFO - [2025-04-29T04:23:37.005+0000] {dag.py:2907} INFO - Sync 1 DAGs
[2025-04-29T04:23:37.022+0000] {logging_mixin.py:151} INFO - [2025-04-29T04:23:37.022+0000] {dag.py:3677} INFO - Setting next_dagrun for user_automation to 2025-04-29T00:00:00+00:00, run_after=2025-04-30T00:00:00+00:00
[2025-04-29T04:23:37.051+0000] {processor.py:179} INFO - Processing /opt/airflow/dags/kafka_stream.py took 0.101 seconds
[2025-04-29T04:24:07.371+0000] {processor.py:157} INFO - Started process (PID=4456) to work on /opt/airflow/dags/kafka_stream.py
[2025-04-29T04:24:07.372+0000] {processor.py:829} INFO - Processing file /opt/airflow/dags/kafka_stream.py for tasks to queue
[2025-04-29T04:24:07.373+0000] {logging_mixin.py:151} INFO - [2025-04-29T04:24:07.373+0000] {dagbag.py:539} INFO - Filling up the DagBag from /opt/airflow/dags/kafka_stream.py
[2025-04-29T04:24:07.403+0000] {processor.py:839} INFO - DAG(s) dict_keys(['user_automation']) retrieved from /opt/airflow/dags/kafka_stream.py
[2025-04-29T04:24:07.423+0000] {logging_mixin.py:151} INFO - [2025-04-29T04:24:07.423+0000] {dag.py:2907} INFO - Sync 1 DAGs
[2025-04-29T04:24:07.438+0000] {logging_mixin.py:151} INFO - [2025-04-29T04:24:07.438+0000] {dag.py:3677} INFO - Setting next_dagrun for user_automation to 2025-04-29T00:00:00+00:00, run_after=2025-04-30T00:00:00+00:00
[2025-04-29T04:24:07.462+0000] {processor.py:179} INFO - Processing /opt/airflow/dags/kafka_stream.py took 0.094 seconds
[2025-04-29T04:24:37.681+0000] {processor.py:157} INFO - Started process (PID=4457) to work on /opt/airflow/dags/kafka_stream.py
[2025-04-29T04:24:37.682+0000] {processor.py:829} INFO - Processing file /opt/airflow/dags/kafka_stream.py for tasks to queue
[2025-04-29T04:24:37.683+0000] {logging_mixin.py:151} INFO - [2025-04-29T04:24:37.683+0000] {dagbag.py:539} INFO - Filling up the DagBag from /opt/airflow/dags/kafka_stream.py
[2025-04-29T04:24:37.715+0000] {processor.py:839} INFO - DAG(s) dict_keys(['user_automation']) retrieved from /opt/airflow/dags/kafka_stream.py
[2025-04-29T04:24:37.740+0000] {logging_mixin.py:151} INFO - [2025-04-29T04:24:37.740+0000] {dag.py:2907} INFO - Sync 1 DAGs
[2025-04-29T04:24:37.755+0000] {logging_mixin.py:151} INFO - [2025-04-29T04:24:37.755+0000] {dag.py:3677} INFO - Setting next_dagrun for user_automation to 2025-04-29T00:00:00+00:00, run_after=2025-04-30T00:00:00+00:00
[2025-04-29T04:24:37.785+0000] {processor.py:179} INFO - Processing /opt/airflow/dags/kafka_stream.py took 0.107 seconds
[2025-04-29T04:25:08.041+0000] {processor.py:157} INFO - Started process (PID=4458) to work on /opt/airflow/dags/kafka_stream.py
[2025-04-29T04:25:08.043+0000] {processor.py:829} INFO - Processing file /opt/airflow/dags/kafka_stream.py for tasks to queue
[2025-04-29T04:25:08.044+0000] {logging_mixin.py:151} INFO - [2025-04-29T04:25:08.043+0000] {dagbag.py:539} INFO - Filling up the DagBag from /opt/airflow/dags/kafka_stream.py
[2025-04-29T04:25:08.072+0000] {processor.py:839} INFO - DAG(s) dict_keys(['user_automation']) retrieved from /opt/airflow/dags/kafka_stream.py
[2025-04-29T04:25:08.093+0000] {logging_mixin.py:151} INFO - [2025-04-29T04:25:08.092+0000] {dag.py:2907} INFO - Sync 1 DAGs
[2025-04-29T04:25:08.108+0000] {logging_mixin.py:151} INFO - [2025-04-29T04:25:08.108+0000] {dag.py:3677} INFO - Setting next_dagrun for user_automation to 2025-04-29T00:00:00+00:00, run_after=2025-04-30T00:00:00+00:00
[2025-04-29T04:25:08.135+0000] {processor.py:179} INFO - Processing /opt/airflow/dags/kafka_stream.py took 0.096 seconds
[2025-04-29T04:25:38.373+0000] {processor.py:157} INFO - Started process (PID=4459) to work on /opt/airflow/dags/kafka_stream.py
[2025-04-29T04:25:38.374+0000] {processor.py:829} INFO - Processing file /opt/airflow/dags/kafka_stream.py for tasks to queue
[2025-04-29T04:25:38.376+0000] {logging_mixin.py:151} INFO - [2025-04-29T04:25:38.375+0000] {dagbag.py:539} INFO - Filling up the DagBag from /opt/airflow/dags/kafka_stream.py
[2025-04-29T04:25:38.409+0000] {processor.py:839} INFO - DAG(s) dict_keys(['user_automation']) retrieved from /opt/airflow/dags/kafka_stream.py
[2025-04-29T04:25:38.429+0000] {logging_mixin.py:151} INFO - [2025-04-29T04:25:38.429+0000] {dag.py:2907} INFO - Sync 1 DAGs
[2025-04-29T04:25:38.444+0000] {logging_mixin.py:151} INFO - [2025-04-29T04:25:38.444+0000] {dag.py:3677} INFO - Setting next_dagrun for user_automation to 2025-04-29T00:00:00+00:00, run_after=2025-04-30T00:00:00+00:00
[2025-04-29T04:25:38.475+0000] {processor.py:179} INFO - Processing /opt/airflow/dags/kafka_stream.py took 0.105 seconds
[2025-04-29T04:26:08.903+0000] {processor.py:157} INFO - Started process (PID=4460) to work on /opt/airflow/dags/kafka_stream.py
[2025-04-29T04:26:08.904+0000] {processor.py:829} INFO - Processing file /opt/airflow/dags/kafka_stream.py for tasks to queue
[2025-04-29T04:26:08.906+0000] {logging_mixin.py:151} INFO - [2025-04-29T04:26:08.906+0000] {dagbag.py:539} INFO - Filling up the DagBag from /opt/airflow/dags/kafka_stream.py
[2025-04-29T04:26:09.012+0000] {processor.py:839} INFO - DAG(s) dict_keys(['user_automation']) retrieved from /opt/airflow/dags/kafka_stream.py
[2025-04-29T04:26:09.034+0000] {logging_mixin.py:151} INFO - [2025-04-29T04:26:09.033+0000] {dag.py:2907} INFO - Sync 1 DAGs
[2025-04-29T04:26:09.051+0000] {logging_mixin.py:151} INFO - [2025-04-29T04:26:09.051+0000] {dag.py:3677} INFO - Setting next_dagrun for user_automation to 2025-04-29T00:00:00+00:00, run_after=2025-04-30T00:00:00+00:00
[2025-04-29T04:26:09.076+0000] {processor.py:179} INFO - Processing /opt/airflow/dags/kafka_stream.py took 0.177 seconds
[2025-04-29T04:26:39.269+0000] {processor.py:157} INFO - Started process (PID=4461) to work on /opt/airflow/dags/kafka_stream.py
[2025-04-29T04:26:39.271+0000] {processor.py:829} INFO - Processing file /opt/airflow/dags/kafka_stream.py for tasks to queue
[2025-04-29T04:26:39.272+0000] {logging_mixin.py:151} INFO - [2025-04-29T04:26:39.272+0000] {dagbag.py:539} INFO - Filling up the DagBag from /opt/airflow/dags/kafka_stream.py
[2025-04-29T04:26:39.305+0000] {processor.py:839} INFO - DAG(s) dict_keys(['user_automation']) retrieved from /opt/airflow/dags/kafka_stream.py
[2025-04-29T04:26:39.327+0000] {logging_mixin.py:151} INFO - [2025-04-29T04:26:39.327+0000] {dag.py:2907} INFO - Sync 1 DAGs
[2025-04-29T04:26:39.345+0000] {logging_mixin.py:151} INFO - [2025-04-29T04:26:39.345+0000] {dag.py:3677} INFO - Setting next_dagrun for user_automation to 2025-04-29T00:00:00+00:00, run_after=2025-04-30T00:00:00+00:00
[2025-04-29T04:26:39.361+0000] {processor.py:179} INFO - Processing /opt/airflow/dags/kafka_stream.py took 0.095 seconds
[2025-04-29T04:27:09.764+0000] {processor.py:157} INFO - Started process (PID=4462) to work on /opt/airflow/dags/kafka_stream.py
[2025-04-29T04:27:09.766+0000] {processor.py:829} INFO - Processing file /opt/airflow/dags/kafka_stream.py for tasks to queue
[2025-04-29T04:27:09.768+0000] {logging_mixin.py:151} INFO - [2025-04-29T04:27:09.768+0000] {dagbag.py:539} INFO - Filling up the DagBag from /opt/airflow/dags/kafka_stream.py
[2025-04-29T04:27:09.798+0000] {processor.py:839} INFO - DAG(s) dict_keys(['user_automation']) retrieved from /opt/airflow/dags/kafka_stream.py
[2025-04-29T04:27:09.824+0000] {logging_mixin.py:151} INFO - [2025-04-29T04:27:09.824+0000] {dag.py:2907} INFO - Sync 1 DAGs
[2025-04-29T04:27:09.845+0000] {logging_mixin.py:151} INFO - [2025-04-29T04:27:09.845+0000] {dag.py:3677} INFO - Setting next_dagrun for user_automation to 2025-04-29T00:00:00+00:00, run_after=2025-04-30T00:00:00+00:00
[2025-04-29T04:27:09.871+0000] {processor.py:179} INFO - Processing /opt/airflow/dags/kafka_stream.py took 0.111 seconds
[2025-04-29T04:27:40.073+0000] {processor.py:157} INFO - Started process (PID=4463) to work on /opt/airflow/dags/kafka_stream.py
[2025-04-29T04:27:40.074+0000] {processor.py:829} INFO - Processing file /opt/airflow/dags/kafka_stream.py for tasks to queue
[2025-04-29T04:27:40.075+0000] {logging_mixin.py:151} INFO - [2025-04-29T04:27:40.075+0000] {dagbag.py:539} INFO - Filling up the DagBag from /opt/airflow/dags/kafka_stream.py
[2025-04-29T04:27:40.106+0000] {processor.py:839} INFO - DAG(s) dict_keys(['user_automation']) retrieved from /opt/airflow/dags/kafka_stream.py
[2025-04-29T04:27:40.128+0000] {logging_mixin.py:151} INFO - [2025-04-29T04:27:40.128+0000] {dag.py:2907} INFO - Sync 1 DAGs
[2025-04-29T04:27:40.143+0000] {logging_mixin.py:151} INFO - [2025-04-29T04:27:40.143+0000] {dag.py:3677} INFO - Setting next_dagrun for user_automation to 2025-04-29T00:00:00+00:00, run_after=2025-04-30T00:00:00+00:00
[2025-04-29T04:27:40.161+0000] {processor.py:179} INFO - Processing /opt/airflow/dags/kafka_stream.py took 0.091 seconds
[2025-04-29T04:28:10.411+0000] {processor.py:157} INFO - Started process (PID=4464) to work on /opt/airflow/dags/kafka_stream.py
[2025-04-29T04:28:10.412+0000] {processor.py:829} INFO - Processing file /opt/airflow/dags/kafka_stream.py for tasks to queue
[2025-04-29T04:28:10.413+0000] {logging_mixin.py:151} INFO - [2025-04-29T04:28:10.413+0000] {dagbag.py:539} INFO - Filling up the DagBag from /opt/airflow/dags/kafka_stream.py
[2025-04-29T04:28:10.425+0000] {processor.py:839} INFO - DAG(s) dict_keys(['user_automation']) retrieved from /opt/airflow/dags/kafka_stream.py
[2025-04-29T04:28:10.443+0000] {logging_mixin.py:151} INFO - [2025-04-29T04:28:10.443+0000] {dag.py:2907} INFO - Sync 1 DAGs
[2025-04-29T04:28:10.458+0000] {logging_mixin.py:151} INFO - [2025-04-29T04:28:10.457+0000] {dag.py:3677} INFO - Setting next_dagrun for user_automation to 2025-04-29T00:00:00+00:00, run_after=2025-04-30T00:00:00+00:00
[2025-04-29T04:28:10.481+0000] {processor.py:179} INFO - Processing /opt/airflow/dags/kafka_stream.py took 0.072 seconds
[2025-04-29T04:28:40.855+0000] {processor.py:157} INFO - Started process (PID=4465) to work on /opt/airflow/dags/kafka_stream.py
[2025-04-29T04:28:40.856+0000] {processor.py:829} INFO - Processing file /opt/airflow/dags/kafka_stream.py for tasks to queue
[2025-04-29T04:28:40.858+0000] {logging_mixin.py:151} INFO - [2025-04-29T04:28:40.858+0000] {dagbag.py:539} INFO - Filling up the DagBag from /opt/airflow/dags/kafka_stream.py
[2025-04-29T04:28:40.890+0000] {processor.py:839} INFO - DAG(s) dict_keys(['user_automation']) retrieved from /opt/airflow/dags/kafka_stream.py
[2025-04-29T04:28:40.911+0000] {logging_mixin.py:151} INFO - [2025-04-29T04:28:40.911+0000] {dag.py:2907} INFO - Sync 1 DAGs
[2025-04-29T04:28:40.927+0000] {logging_mixin.py:151} INFO - [2025-04-29T04:28:40.927+0000] {dag.py:3677} INFO - Setting next_dagrun for user_automation to 2025-04-29T00:00:00+00:00, run_after=2025-04-30T00:00:00+00:00
[2025-04-29T04:28:40.954+0000] {processor.py:179} INFO - Processing /opt/airflow/dags/kafka_stream.py took 0.103 seconds
[2025-04-29T04:29:11.182+0000] {processor.py:157} INFO - Started process (PID=4466) to work on /opt/airflow/dags/kafka_stream.py
[2025-04-29T04:29:11.183+0000] {processor.py:829} INFO - Processing file /opt/airflow/dags/kafka_stream.py for tasks to queue
[2025-04-29T04:29:11.184+0000] {logging_mixin.py:151} INFO - [2025-04-29T04:29:11.184+0000] {dagbag.py:539} INFO - Filling up the DagBag from /opt/airflow/dags/kafka_stream.py
[2025-04-29T04:29:11.196+0000] {processor.py:839} INFO - DAG(s) dict_keys(['user_automation']) retrieved from /opt/airflow/dags/kafka_stream.py
[2025-04-29T04:29:11.217+0000] {logging_mixin.py:151} INFO - [2025-04-29T04:29:11.216+0000] {dag.py:2907} INFO - Sync 1 DAGs
[2025-04-29T04:29:11.233+0000] {logging_mixin.py:151} INFO - [2025-04-29T04:29:11.233+0000] {dag.py:3677} INFO - Setting next_dagrun for user_automation to 2025-04-29T00:00:00+00:00, run_after=2025-04-30T00:00:00+00:00
[2025-04-29T04:29:11.250+0000] {processor.py:179} INFO - Processing /opt/airflow/dags/kafka_stream.py took 0.071 seconds
[2025-04-29T04:29:41.670+0000] {processor.py:157} INFO - Started process (PID=4467) to work on /opt/airflow/dags/kafka_stream.py
[2025-04-29T04:29:41.671+0000] {processor.py:829} INFO - Processing file /opt/airflow/dags/kafka_stream.py for tasks to queue
[2025-04-29T04:29:41.672+0000] {logging_mixin.py:151} INFO - [2025-04-29T04:29:41.672+0000] {dagbag.py:539} INFO - Filling up the DagBag from /opt/airflow/dags/kafka_stream.py
[2025-04-29T04:29:41.688+0000] {processor.py:839} INFO - DAG(s) dict_keys(['user_automation']) retrieved from /opt/airflow/dags/kafka_stream.py
[2025-04-29T04:29:41.711+0000] {logging_mixin.py:151} INFO - [2025-04-29T04:29:41.711+0000] {dag.py:2907} INFO - Sync 1 DAGs
[2025-04-29T04:29:41.726+0000] {logging_mixin.py:151} INFO - [2025-04-29T04:29:41.726+0000] {dag.py:3677} INFO - Setting next_dagrun for user_automation to 2025-04-29T00:00:00+00:00, run_after=2025-04-30T00:00:00+00:00
[2025-04-29T04:29:41.741+0000] {processor.py:179} INFO - Processing /opt/airflow/dags/kafka_stream.py took 0.076 seconds
[2025-04-29T04:30:12.040+0000] {processor.py:157} INFO - Started process (PID=4468) to work on /opt/airflow/dags/kafka_stream.py
[2025-04-29T04:30:12.041+0000] {processor.py:829} INFO - Processing file /opt/airflow/dags/kafka_stream.py for tasks to queue
[2025-04-29T04:30:12.042+0000] {logging_mixin.py:151} INFO - [2025-04-29T04:30:12.041+0000] {dagbag.py:539} INFO - Filling up the DagBag from /opt/airflow/dags/kafka_stream.py
[2025-04-29T04:30:12.067+0000] {processor.py:839} INFO - DAG(s) dict_keys(['user_automation']) retrieved from /opt/airflow/dags/kafka_stream.py
[2025-04-29T04:30:12.085+0000] {logging_mixin.py:151} INFO - [2025-04-29T04:30:12.085+0000] {dag.py:2907} INFO - Sync 1 DAGs
[2025-04-29T04:30:12.101+0000] {logging_mixin.py:151} INFO - [2025-04-29T04:30:12.100+0000] {dag.py:3677} INFO - Setting next_dagrun for user_automation to 2025-04-29T00:00:00+00:00, run_after=2025-04-30T00:00:00+00:00
[2025-04-29T04:30:12.124+0000] {processor.py:179} INFO - Processing /opt/airflow/dags/kafka_stream.py took 0.087 seconds
[2025-04-29T04:30:42.421+0000] {processor.py:157} INFO - Started process (PID=4469) to work on /opt/airflow/dags/kafka_stream.py
[2025-04-29T04:30:42.422+0000] {processor.py:829} INFO - Processing file /opt/airflow/dags/kafka_stream.py for tasks to queue
[2025-04-29T04:30:42.423+0000] {logging_mixin.py:151} INFO - [2025-04-29T04:30:42.422+0000] {dagbag.py:539} INFO - Filling up the DagBag from /opt/airflow/dags/kafka_stream.py
[2025-04-29T04:30:42.435+0000] {processor.py:839} INFO - DAG(s) dict_keys(['user_automation']) retrieved from /opt/airflow/dags/kafka_stream.py
[2025-04-29T04:30:42.463+0000] {logging_mixin.py:151} INFO - [2025-04-29T04:30:42.463+0000] {dag.py:2907} INFO - Sync 1 DAGs
[2025-04-29T04:30:42.480+0000] {logging_mixin.py:151} INFO - [2025-04-29T04:30:42.480+0000] {dag.py:3677} INFO - Setting next_dagrun for user_automation to 2025-04-29T00:00:00+00:00, run_after=2025-04-30T00:00:00+00:00
[2025-04-29T04:30:42.499+0000] {processor.py:179} INFO - Processing /opt/airflow/dags/kafka_stream.py took 0.081 seconds
[2025-04-29T04:31:12.846+0000] {processor.py:157} INFO - Started process (PID=4470) to work on /opt/airflow/dags/kafka_stream.py
[2025-04-29T04:31:12.847+0000] {processor.py:829} INFO - Processing file /opt/airflow/dags/kafka_stream.py for tasks to queue
[2025-04-29T04:31:12.849+0000] {logging_mixin.py:151} INFO - [2025-04-29T04:31:12.849+0000] {dagbag.py:539} INFO - Filling up the DagBag from /opt/airflow/dags/kafka_stream.py
[2025-04-29T04:31:12.887+0000] {processor.py:839} INFO - DAG(s) dict_keys(['user_automation']) retrieved from /opt/airflow/dags/kafka_stream.py
[2025-04-29T04:31:12.909+0000] {logging_mixin.py:151} INFO - [2025-04-29T04:31:12.909+0000] {dag.py:2907} INFO - Sync 1 DAGs
[2025-04-29T04:31:12.924+0000] {logging_mixin.py:151} INFO - [2025-04-29T04:31:12.924+0000] {dag.py:3677} INFO - Setting next_dagrun for user_automation to 2025-04-29T00:00:00+00:00, run_after=2025-04-30T00:00:00+00:00
[2025-04-29T04:31:12.951+0000] {processor.py:179} INFO - Processing /opt/airflow/dags/kafka_stream.py took 0.110 seconds
[2025-04-29T04:31:43.264+0000] {processor.py:157} INFO - Started process (PID=4471) to work on /opt/airflow/dags/kafka_stream.py
[2025-04-29T04:31:43.266+0000] {processor.py:829} INFO - Processing file /opt/airflow/dags/kafka_stream.py for tasks to queue
[2025-04-29T04:31:43.268+0000] {logging_mixin.py:151} INFO - [2025-04-29T04:31:43.267+0000] {dagbag.py:539} INFO - Filling up the DagBag from /opt/airflow/dags/kafka_stream.py
[2025-04-29T04:31:43.307+0000] {processor.py:839} INFO - DAG(s) dict_keys(['user_automation']) retrieved from /opt/airflow/dags/kafka_stream.py
[2025-04-29T04:31:43.327+0000] {logging_mixin.py:151} INFO - [2025-04-29T04:31:43.327+0000] {dag.py:2907} INFO - Sync 1 DAGs
[2025-04-29T04:31:43.343+0000] {logging_mixin.py:151} INFO - [2025-04-29T04:31:43.343+0000] {dag.py:3677} INFO - Setting next_dagrun for user_automation to 2025-04-29T00:00:00+00:00, run_after=2025-04-30T00:00:00+00:00
[2025-04-29T04:31:43.368+0000] {processor.py:179} INFO - Processing /opt/airflow/dags/kafka_stream.py took 0.109 seconds
[2025-04-29T04:32:13.562+0000] {processor.py:157} INFO - Started process (PID=4472) to work on /opt/airflow/dags/kafka_stream.py
[2025-04-29T04:32:13.563+0000] {processor.py:829} INFO - Processing file /opt/airflow/dags/kafka_stream.py for tasks to queue
[2025-04-29T04:32:13.564+0000] {logging_mixin.py:151} INFO - [2025-04-29T04:32:13.564+0000] {dagbag.py:539} INFO - Filling up the DagBag from /opt/airflow/dags/kafka_stream.py
[2025-04-29T04:32:13.589+0000] {processor.py:839} INFO - DAG(s) dict_keys(['user_automation']) retrieved from /opt/airflow/dags/kafka_stream.py
[2025-04-29T04:32:13.607+0000] {logging_mixin.py:151} INFO - [2025-04-29T04:32:13.607+0000] {dag.py:2907} INFO - Sync 1 DAGs
[2025-04-29T04:32:13.621+0000] {logging_mixin.py:151} INFO - [2025-04-29T04:32:13.621+0000] {dag.py:3677} INFO - Setting next_dagrun for user_automation to 2025-04-29T00:00:00+00:00, run_after=2025-04-30T00:00:00+00:00
[2025-04-29T04:32:13.645+0000] {processor.py:179} INFO - Processing /opt/airflow/dags/kafka_stream.py took 0.085 seconds
[2025-04-29T04:32:43.942+0000] {processor.py:157} INFO - Started process (PID=4473) to work on /opt/airflow/dags/kafka_stream.py
[2025-04-29T04:32:43.943+0000] {processor.py:829} INFO - Processing file /opt/airflow/dags/kafka_stream.py for tasks to queue
[2025-04-29T04:32:43.944+0000] {logging_mixin.py:151} INFO - [2025-04-29T04:32:43.943+0000] {dagbag.py:539} INFO - Filling up the DagBag from /opt/airflow/dags/kafka_stream.py
[2025-04-29T04:32:43.956+0000] {processor.py:839} INFO - DAG(s) dict_keys(['user_automation']) retrieved from /opt/airflow/dags/kafka_stream.py
[2025-04-29T04:32:43.975+0000] {logging_mixin.py:151} INFO - [2025-04-29T04:32:43.975+0000] {dag.py:2907} INFO - Sync 1 DAGs
[2025-04-29T04:32:43.991+0000] {logging_mixin.py:151} INFO - [2025-04-29T04:32:43.991+0000] {dag.py:3677} INFO - Setting next_dagrun for user_automation to 2025-04-29T00:00:00+00:00, run_after=2025-04-30T00:00:00+00:00
[2025-04-29T04:32:44.020+0000] {processor.py:179} INFO - Processing /opt/airflow/dags/kafka_stream.py took 0.080 seconds
[2025-04-29T04:33:14.241+0000] {processor.py:157} INFO - Started process (PID=4474) to work on /opt/airflow/dags/kafka_stream.py
[2025-04-29T04:33:14.241+0000] {processor.py:829} INFO - Processing file /opt/airflow/dags/kafka_stream.py for tasks to queue
[2025-04-29T04:33:14.242+0000] {logging_mixin.py:151} INFO - [2025-04-29T04:33:14.242+0000] {dagbag.py:539} INFO - Filling up the DagBag from /opt/airflow/dags/kafka_stream.py
[2025-04-29T04:33:14.254+0000] {processor.py:839} INFO - DAG(s) dict_keys(['user_automation']) retrieved from /opt/airflow/dags/kafka_stream.py
[2025-04-29T04:33:14.273+0000] {logging_mixin.py:151} INFO - [2025-04-29T04:33:14.272+0000] {dag.py:2907} INFO - Sync 1 DAGs
[2025-04-29T04:33:14.288+0000] {logging_mixin.py:151} INFO - [2025-04-29T04:33:14.288+0000] {dag.py:3677} INFO - Setting next_dagrun for user_automation to 2025-04-29T00:00:00+00:00, run_after=2025-04-30T00:00:00+00:00
[2025-04-29T04:33:14.319+0000] {processor.py:179} INFO - Processing /opt/airflow/dags/kafka_stream.py took 0.081 seconds
[2025-04-29T04:33:44.651+0000] {processor.py:157} INFO - Started process (PID=4475) to work on /opt/airflow/dags/kafka_stream.py
[2025-04-29T04:33:44.651+0000] {processor.py:829} INFO - Processing file /opt/airflow/dags/kafka_stream.py for tasks to queue
[2025-04-29T04:33:44.652+0000] {logging_mixin.py:151} INFO - [2025-04-29T04:33:44.652+0000] {dagbag.py:539} INFO - Filling up the DagBag from /opt/airflow/dags/kafka_stream.py
[2025-04-29T04:33:44.664+0000] {processor.py:839} INFO - DAG(s) dict_keys(['user_automation']) retrieved from /opt/airflow/dags/kafka_stream.py
[2025-04-29T04:33:44.683+0000] {logging_mixin.py:151} INFO - [2025-04-29T04:33:44.683+0000] {dag.py:2907} INFO - Sync 1 DAGs
[2025-04-29T04:33:44.697+0000] {logging_mixin.py:151} INFO - [2025-04-29T04:33:44.697+0000] {dag.py:3677} INFO - Setting next_dagrun for user_automation to 2025-04-29T00:00:00+00:00, run_after=2025-04-30T00:00:00+00:00
[2025-04-29T04:33:44.724+0000] {processor.py:179} INFO - Processing /opt/airflow/dags/kafka_stream.py took 0.076 seconds
[2025-04-29T04:34:15.007+0000] {processor.py:157} INFO - Started process (PID=4476) to work on /opt/airflow/dags/kafka_stream.py
[2025-04-29T04:34:15.008+0000] {processor.py:829} INFO - Processing file /opt/airflow/dags/kafka_stream.py for tasks to queue
[2025-04-29T04:34:15.009+0000] {logging_mixin.py:151} INFO - [2025-04-29T04:34:15.009+0000] {dagbag.py:539} INFO - Filling up the DagBag from /opt/airflow/dags/kafka_stream.py
[2025-04-29T04:34:15.024+0000] {processor.py:839} INFO - DAG(s) dict_keys(['user_automation']) retrieved from /opt/airflow/dags/kafka_stream.py
[2025-04-29T04:34:15.043+0000] {logging_mixin.py:151} INFO - [2025-04-29T04:34:15.043+0000] {dag.py:2907} INFO - Sync 1 DAGs
[2025-04-29T04:34:15.059+0000] {logging_mixin.py:151} INFO - [2025-04-29T04:34:15.059+0000] {dag.py:3677} INFO - Setting next_dagrun for user_automation to 2025-04-29T00:00:00+00:00, run_after=2025-04-30T00:00:00+00:00
[2025-04-29T04:34:15.083+0000] {processor.py:179} INFO - Processing /opt/airflow/dags/kafka_stream.py took 0.080 seconds
[2025-04-29T04:34:45.367+0000] {processor.py:157} INFO - Started process (PID=4477) to work on /opt/airflow/dags/kafka_stream.py
[2025-04-29T04:34:45.368+0000] {processor.py:829} INFO - Processing file /opt/airflow/dags/kafka_stream.py for tasks to queue
[2025-04-29T04:34:45.369+0000] {logging_mixin.py:151} INFO - [2025-04-29T04:34:45.369+0000] {dagbag.py:539} INFO - Filling up the DagBag from /opt/airflow/dags/kafka_stream.py
[2025-04-29T04:34:45.402+0000] {processor.py:839} INFO - DAG(s) dict_keys(['user_automation']) retrieved from /opt/airflow/dags/kafka_stream.py
[2025-04-29T04:34:45.430+0000] {logging_mixin.py:151} INFO - [2025-04-29T04:34:45.430+0000] {dag.py:2907} INFO - Sync 1 DAGs
[2025-04-29T04:34:45.445+0000] {logging_mixin.py:151} INFO - [2025-04-29T04:34:45.445+0000] {dag.py:3677} INFO - Setting next_dagrun for user_automation to 2025-04-29T00:00:00+00:00, run_after=2025-04-30T00:00:00+00:00
[2025-04-29T04:34:45.466+0000] {processor.py:179} INFO - Processing /opt/airflow/dags/kafka_stream.py took 0.104 seconds
[2025-04-29T04:35:15.819+0000] {processor.py:157} INFO - Started process (PID=4478) to work on /opt/airflow/dags/kafka_stream.py
[2025-04-29T04:35:15.820+0000] {processor.py:829} INFO - Processing file /opt/airflow/dags/kafka_stream.py for tasks to queue
[2025-04-29T04:35:15.821+0000] {logging_mixin.py:151} INFO - [2025-04-29T04:35:15.821+0000] {dagbag.py:539} INFO - Filling up the DagBag from /opt/airflow/dags/kafka_stream.py
[2025-04-29T04:35:15.835+0000] {processor.py:839} INFO - DAG(s) dict_keys(['user_automation']) retrieved from /opt/airflow/dags/kafka_stream.py
[2025-04-29T04:35:15.857+0000] {logging_mixin.py:151} INFO - [2025-04-29T04:35:15.857+0000] {dag.py:2907} INFO - Sync 1 DAGs
[2025-04-29T04:35:15.873+0000] {logging_mixin.py:151} INFO - [2025-04-29T04:35:15.872+0000] {dag.py:3677} INFO - Setting next_dagrun for user_automation to 2025-04-29T00:00:00+00:00, run_after=2025-04-30T00:00:00+00:00
[2025-04-29T04:35:15.901+0000] {processor.py:179} INFO - Processing /opt/airflow/dags/kafka_stream.py took 0.085 seconds
[2025-04-29T04:35:46.228+0000] {processor.py:157} INFO - Started process (PID=4479) to work on /opt/airflow/dags/kafka_stream.py
[2025-04-29T04:35:46.229+0000] {processor.py:829} INFO - Processing file /opt/airflow/dags/kafka_stream.py for tasks to queue
[2025-04-29T04:35:46.230+0000] {logging_mixin.py:151} INFO - [2025-04-29T04:35:46.230+0000] {dagbag.py:539} INFO - Filling up the DagBag from /opt/airflow/dags/kafka_stream.py
[2025-04-29T04:35:46.242+0000] {processor.py:839} INFO - DAG(s) dict_keys(['user_automation']) retrieved from /opt/airflow/dags/kafka_stream.py
[2025-04-29T04:35:46.261+0000] {logging_mixin.py:151} INFO - [2025-04-29T04:35:46.260+0000] {dag.py:2907} INFO - Sync 1 DAGs
[2025-04-29T04:35:46.274+0000] {logging_mixin.py:151} INFO - [2025-04-29T04:35:46.274+0000] {dag.py:3677} INFO - Setting next_dagrun for user_automation to 2025-04-29T00:00:00+00:00, run_after=2025-04-30T00:00:00+00:00
[2025-04-29T04:35:46.291+0000] {processor.py:179} INFO - Processing /opt/airflow/dags/kafka_stream.py took 0.065 seconds
[2025-04-29T04:36:16.584+0000] {processor.py:157} INFO - Started process (PID=4480) to work on /opt/airflow/dags/kafka_stream.py
[2025-04-29T04:36:16.585+0000] {processor.py:829} INFO - Processing file /opt/airflow/dags/kafka_stream.py for tasks to queue
[2025-04-29T04:36:16.587+0000] {logging_mixin.py:151} INFO - [2025-04-29T04:36:16.586+0000] {dagbag.py:539} INFO - Filling up the DagBag from /opt/airflow/dags/kafka_stream.py
[2025-04-29T04:36:16.602+0000] {processor.py:839} INFO - DAG(s) dict_keys(['user_automation']) retrieved from /opt/airflow/dags/kafka_stream.py
[2025-04-29T04:36:16.622+0000] {logging_mixin.py:151} INFO - [2025-04-29T04:36:16.622+0000] {dag.py:2907} INFO - Sync 1 DAGs
[2025-04-29T04:36:16.639+0000] {logging_mixin.py:151} INFO - [2025-04-29T04:36:16.639+0000] {dag.py:3677} INFO - Setting next_dagrun for user_automation to 2025-04-29T00:00:00+00:00, run_after=2025-04-30T00:00:00+00:00
[2025-04-29T04:36:16.665+0000] {processor.py:179} INFO - Processing /opt/airflow/dags/kafka_stream.py took 0.083 seconds
[2025-04-29T04:36:46.968+0000] {processor.py:157} INFO - Started process (PID=4481) to work on /opt/airflow/dags/kafka_stream.py
[2025-04-29T04:36:46.970+0000] {processor.py:829} INFO - Processing file /opt/airflow/dags/kafka_stream.py for tasks to queue
[2025-04-29T04:36:46.971+0000] {logging_mixin.py:151} INFO - [2025-04-29T04:36:46.971+0000] {dagbag.py:539} INFO - Filling up the DagBag from /opt/airflow/dags/kafka_stream.py
[2025-04-29T04:36:47.000+0000] {processor.py:839} INFO - DAG(s) dict_keys(['user_automation']) retrieved from /opt/airflow/dags/kafka_stream.py
[2025-04-29T04:36:47.021+0000] {logging_mixin.py:151} INFO - [2025-04-29T04:36:47.021+0000] {dag.py:2907} INFO - Sync 1 DAGs
[2025-04-29T04:36:47.037+0000] {logging_mixin.py:151} INFO - [2025-04-29T04:36:47.036+0000] {dag.py:3677} INFO - Setting next_dagrun for user_automation to 2025-04-29T00:00:00+00:00, run_after=2025-04-30T00:00:00+00:00
[2025-04-29T04:36:47.055+0000] {processor.py:179} INFO - Processing /opt/airflow/dags/kafka_stream.py took 0.090 seconds
[2025-04-29T04:37:17.367+0000] {processor.py:157} INFO - Started process (PID=4482) to work on /opt/airflow/dags/kafka_stream.py
[2025-04-29T04:37:17.368+0000] {processor.py:829} INFO - Processing file /opt/airflow/dags/kafka_stream.py for tasks to queue
[2025-04-29T04:37:17.369+0000] {logging_mixin.py:151} INFO - [2025-04-29T04:37:17.369+0000] {dagbag.py:539} INFO - Filling up the DagBag from /opt/airflow/dags/kafka_stream.py
[2025-04-29T04:37:17.396+0000] {processor.py:839} INFO - DAG(s) dict_keys(['user_automation']) retrieved from /opt/airflow/dags/kafka_stream.py
[2025-04-29T04:37:17.417+0000] {logging_mixin.py:151} INFO - [2025-04-29T04:37:17.417+0000] {dag.py:2907} INFO - Sync 1 DAGs
[2025-04-29T04:37:17.433+0000] {logging_mixin.py:151} INFO - [2025-04-29T04:37:17.433+0000] {dag.py:3677} INFO - Setting next_dagrun for user_automation to 2025-04-29T00:00:00+00:00, run_after=2025-04-30T00:00:00+00:00
[2025-04-29T04:37:17.452+0000] {processor.py:179} INFO - Processing /opt/airflow/dags/kafka_stream.py took 0.088 seconds
[2025-04-29T04:37:47.691+0000] {processor.py:157} INFO - Started process (PID=4483) to work on /opt/airflow/dags/kafka_stream.py
[2025-04-29T04:37:47.692+0000] {processor.py:829} INFO - Processing file /opt/airflow/dags/kafka_stream.py for tasks to queue
[2025-04-29T04:37:47.692+0000] {logging_mixin.py:151} INFO - [2025-04-29T04:37:47.692+0000] {dagbag.py:539} INFO - Filling up the DagBag from /opt/airflow/dags/kafka_stream.py
[2025-04-29T04:37:47.753+0000] {processor.py:839} INFO - DAG(s) dict_keys(['user_automation']) retrieved from /opt/airflow/dags/kafka_stream.py
[2025-04-29T04:37:47.778+0000] {logging_mixin.py:151} INFO - [2025-04-29T04:37:47.778+0000] {dag.py:2907} INFO - Sync 1 DAGs
[2025-04-29T04:37:47.795+0000] {logging_mixin.py:151} INFO - [2025-04-29T04:37:47.795+0000] {dag.py:3677} INFO - Setting next_dagrun for user_automation to 2025-04-29T00:00:00+00:00, run_after=2025-04-30T00:00:00+00:00
[2025-04-29T04:37:47.815+0000] {processor.py:179} INFO - Processing /opt/airflow/dags/kafka_stream.py took 0.127 seconds
[2025-04-29T04:38:18.205+0000] {processor.py:157} INFO - Started process (PID=4484) to work on /opt/airflow/dags/kafka_stream.py
[2025-04-29T04:38:18.206+0000] {processor.py:829} INFO - Processing file /opt/airflow/dags/kafka_stream.py for tasks to queue
[2025-04-29T04:38:18.207+0000] {logging_mixin.py:151} INFO - [2025-04-29T04:38:18.207+0000] {dagbag.py:539} INFO - Filling up the DagBag from /opt/airflow/dags/kafka_stream.py
[2025-04-29T04:38:18.232+0000] {processor.py:839} INFO - DAG(s) dict_keys(['user_automation']) retrieved from /opt/airflow/dags/kafka_stream.py
[2025-04-29T04:38:18.255+0000] {logging_mixin.py:151} INFO - [2025-04-29T04:38:18.255+0000] {dag.py:2907} INFO - Sync 1 DAGs
[2025-04-29T04:38:18.270+0000] {logging_mixin.py:151} INFO - [2025-04-29T04:38:18.270+0000] {dag.py:3677} INFO - Setting next_dagrun for user_automation to 2025-04-29T00:00:00+00:00, run_after=2025-04-30T00:00:00+00:00
[2025-04-29T04:38:18.289+0000] {processor.py:179} INFO - Processing /opt/airflow/dags/kafka_stream.py took 0.087 seconds
[2025-04-29T04:38:48.601+0000] {processor.py:157} INFO - Started process (PID=4485) to work on /opt/airflow/dags/kafka_stream.py
[2025-04-29T04:38:48.602+0000] {processor.py:829} INFO - Processing file /opt/airflow/dags/kafka_stream.py for tasks to queue
[2025-04-29T04:38:48.603+0000] {logging_mixin.py:151} INFO - [2025-04-29T04:38:48.603+0000] {dagbag.py:539} INFO - Filling up the DagBag from /opt/airflow/dags/kafka_stream.py
[2025-04-29T04:38:48.616+0000] {processor.py:839} INFO - DAG(s) dict_keys(['user_automation']) retrieved from /opt/airflow/dags/kafka_stream.py
[2025-04-29T04:38:48.679+0000] {logging_mixin.py:151} INFO - [2025-04-29T04:38:48.679+0000] {dag.py:2907} INFO - Sync 1 DAGs
[2025-04-29T04:38:48.700+0000] {logging_mixin.py:151} INFO - [2025-04-29T04:38:48.700+0000] {dag.py:3677} INFO - Setting next_dagrun for user_automation to 2025-04-29T00:00:00+00:00, run_after=2025-04-30T00:00:00+00:00
[2025-04-29T04:38:48.729+0000] {processor.py:179} INFO - Processing /opt/airflow/dags/kafka_stream.py took 0.132 seconds
[2025-04-29T04:39:18.952+0000] {processor.py:157} INFO - Started process (PID=4486) to work on /opt/airflow/dags/kafka_stream.py
[2025-04-29T04:39:18.953+0000] {processor.py:829} INFO - Processing file /opt/airflow/dags/kafka_stream.py for tasks to queue
[2025-04-29T04:39:18.954+0000] {logging_mixin.py:151} INFO - [2025-04-29T04:39:18.954+0000] {dagbag.py:539} INFO - Filling up the DagBag from /opt/airflow/dags/kafka_stream.py
[2025-04-29T04:39:18.974+0000] {processor.py:839} INFO - DAG(s) dict_keys(['user_automation']) retrieved from /opt/airflow/dags/kafka_stream.py
[2025-04-29T04:39:18.995+0000] {logging_mixin.py:151} INFO - [2025-04-29T04:39:18.995+0000] {dag.py:2907} INFO - Sync 1 DAGs
[2025-04-29T04:39:19.011+0000] {logging_mixin.py:151} INFO - [2025-04-29T04:39:19.011+0000] {dag.py:3677} INFO - Setting next_dagrun for user_automation to 2025-04-29T00:00:00+00:00, run_after=2025-04-30T00:00:00+00:00
[2025-04-29T04:39:19.043+0000] {processor.py:179} INFO - Processing /opt/airflow/dags/kafka_stream.py took 0.097 seconds
[2025-04-29T04:39:49.276+0000] {processor.py:157} INFO - Started process (PID=4487) to work on /opt/airflow/dags/kafka_stream.py
[2025-04-29T04:39:49.278+0000] {processor.py:829} INFO - Processing file /opt/airflow/dags/kafka_stream.py for tasks to queue
[2025-04-29T04:39:49.280+0000] {logging_mixin.py:151} INFO - [2025-04-29T04:39:49.280+0000] {dagbag.py:539} INFO - Filling up the DagBag from /opt/airflow/dags/kafka_stream.py
[2025-04-29T04:39:49.312+0000] {processor.py:839} INFO - DAG(s) dict_keys(['user_automation']) retrieved from /opt/airflow/dags/kafka_stream.py
[2025-04-29T04:39:49.329+0000] {logging_mixin.py:151} INFO - [2025-04-29T04:39:49.329+0000] {dag.py:2907} INFO - Sync 1 DAGs
[2025-04-29T04:39:49.344+0000] {logging_mixin.py:151} INFO - [2025-04-29T04:39:49.344+0000] {dag.py:3677} INFO - Setting next_dagrun for user_automation to 2025-04-29T00:00:00+00:00, run_after=2025-04-30T00:00:00+00:00
[2025-04-29T04:39:49.367+0000] {processor.py:179} INFO - Processing /opt/airflow/dags/kafka_stream.py took 0.095 seconds
[2025-04-29T04:40:19.649+0000] {processor.py:157} INFO - Started process (PID=4488) to work on /opt/airflow/dags/kafka_stream.py
[2025-04-29T04:40:19.650+0000] {processor.py:829} INFO - Processing file /opt/airflow/dags/kafka_stream.py for tasks to queue
[2025-04-29T04:40:19.650+0000] {logging_mixin.py:151} INFO - [2025-04-29T04:40:19.650+0000] {dagbag.py:539} INFO - Filling up the DagBag from /opt/airflow/dags/kafka_stream.py
[2025-04-29T04:40:19.659+0000] {processor.py:839} INFO - DAG(s) dict_keys(['user_automation']) retrieved from /opt/airflow/dags/kafka_stream.py
[2025-04-29T04:40:19.678+0000] {logging_mixin.py:151} INFO - [2025-04-29T04:40:19.678+0000] {dag.py:2907} INFO - Sync 1 DAGs
[2025-04-29T04:40:19.693+0000] {logging_mixin.py:151} INFO - [2025-04-29T04:40:19.693+0000] {dag.py:3677} INFO - Setting next_dagrun for user_automation to 2025-04-29T00:00:00+00:00, run_after=2025-04-30T00:00:00+00:00
[2025-04-29T04:40:19.712+0000] {processor.py:179} INFO - Processing /opt/airflow/dags/kafka_stream.py took 0.065 seconds
[2025-04-29T04:40:49.979+0000] {processor.py:157} INFO - Started process (PID=4489) to work on /opt/airflow/dags/kafka_stream.py
[2025-04-29T04:40:49.980+0000] {processor.py:829} INFO - Processing file /opt/airflow/dags/kafka_stream.py for tasks to queue
[2025-04-29T04:40:49.981+0000] {logging_mixin.py:151} INFO - [2025-04-29T04:40:49.980+0000] {dagbag.py:539} INFO - Filling up the DagBag from /opt/airflow/dags/kafka_stream.py
[2025-04-29T04:40:49.993+0000] {processor.py:839} INFO - DAG(s) dict_keys(['user_automation']) retrieved from /opt/airflow/dags/kafka_stream.py
[2025-04-29T04:40:50.012+0000] {logging_mixin.py:151} INFO - [2025-04-29T04:40:50.012+0000] {dag.py:2907} INFO - Sync 1 DAGs
[2025-04-29T04:40:50.027+0000] {logging_mixin.py:151} INFO - [2025-04-29T04:40:50.027+0000] {dag.py:3677} INFO - Setting next_dagrun for user_automation to 2025-04-29T00:00:00+00:00, run_after=2025-04-30T00:00:00+00:00
[2025-04-29T04:40:50.049+0000] {processor.py:179} INFO - Processing /opt/airflow/dags/kafka_stream.py took 0.072 seconds
[2025-04-29T04:41:20.387+0000] {processor.py:157} INFO - Started process (PID=4490) to work on /opt/airflow/dags/kafka_stream.py
[2025-04-29T04:41:20.387+0000] {processor.py:829} INFO - Processing file /opt/airflow/dags/kafka_stream.py for tasks to queue
[2025-04-29T04:41:20.388+0000] {logging_mixin.py:151} INFO - [2025-04-29T04:41:20.388+0000] {dagbag.py:539} INFO - Filling up the DagBag from /opt/airflow/dags/kafka_stream.py
[2025-04-29T04:41:20.400+0000] {processor.py:839} INFO - DAG(s) dict_keys(['user_automation']) retrieved from /opt/airflow/dags/kafka_stream.py
[2025-04-29T04:41:20.419+0000] {logging_mixin.py:151} INFO - [2025-04-29T04:41:20.418+0000] {dag.py:2907} INFO - Sync 1 DAGs
[2025-04-29T04:41:20.433+0000] {logging_mixin.py:151} INFO - [2025-04-29T04:41:20.433+0000] {dag.py:3677} INFO - Setting next_dagrun for user_automation to 2025-04-29T00:00:00+00:00, run_after=2025-04-30T00:00:00+00:00
[2025-04-29T04:41:20.451+0000] {processor.py:179} INFO - Processing /opt/airflow/dags/kafka_stream.py took 0.067 seconds
[2025-04-29T04:41:50.763+0000] {processor.py:157} INFO - Started process (PID=4491) to work on /opt/airflow/dags/kafka_stream.py
[2025-04-29T04:41:50.764+0000] {processor.py:829} INFO - Processing file /opt/airflow/dags/kafka_stream.py for tasks to queue
[2025-04-29T04:41:50.765+0000] {logging_mixin.py:151} INFO - [2025-04-29T04:41:50.765+0000] {dagbag.py:539} INFO - Filling up the DagBag from /opt/airflow/dags/kafka_stream.py
[2025-04-29T04:41:50.785+0000] {processor.py:839} INFO - DAG(s) dict_keys(['user_automation']) retrieved from /opt/airflow/dags/kafka_stream.py
[2025-04-29T04:41:50.804+0000] {logging_mixin.py:151} INFO - [2025-04-29T04:41:50.804+0000] {dag.py:2907} INFO - Sync 1 DAGs
[2025-04-29T04:41:50.821+0000] {logging_mixin.py:151} INFO - [2025-04-29T04:41:50.821+0000] {dag.py:3677} INFO - Setting next_dagrun for user_automation to 2025-04-29T00:00:00+00:00, run_after=2025-04-30T00:00:00+00:00
[2025-04-29T04:41:50.847+0000] {processor.py:179} INFO - Processing /opt/airflow/dags/kafka_stream.py took 0.087 seconds
[2025-04-29T04:42:21.115+0000] {processor.py:157} INFO - Started process (PID=4492) to work on /opt/airflow/dags/kafka_stream.py
[2025-04-29T04:42:21.116+0000] {processor.py:829} INFO - Processing file /opt/airflow/dags/kafka_stream.py for tasks to queue
[2025-04-29T04:42:21.118+0000] {logging_mixin.py:151} INFO - [2025-04-29T04:42:21.117+0000] {dagbag.py:539} INFO - Filling up the DagBag from /opt/airflow/dags/kafka_stream.py
[2025-04-29T04:42:21.132+0000] {processor.py:839} INFO - DAG(s) dict_keys(['user_automation']) retrieved from /opt/airflow/dags/kafka_stream.py
[2025-04-29T04:42:21.153+0000] {logging_mixin.py:151} INFO - [2025-04-29T04:42:21.153+0000] {dag.py:2907} INFO - Sync 1 DAGs
[2025-04-29T04:42:21.168+0000] {logging_mixin.py:151} INFO - [2025-04-29T04:42:21.168+0000] {dag.py:3677} INFO - Setting next_dagrun for user_automation to 2025-04-29T00:00:00+00:00, run_after=2025-04-30T00:00:00+00:00
[2025-04-29T04:42:21.182+0000] {processor.py:179} INFO - Processing /opt/airflow/dags/kafka_stream.py took 0.070 seconds
[2025-04-29T04:42:51.550+0000] {processor.py:157} INFO - Started process (PID=4493) to work on /opt/airflow/dags/kafka_stream.py
[2025-04-29T04:42:51.551+0000] {processor.py:829} INFO - Processing file /opt/airflow/dags/kafka_stream.py for tasks to queue
[2025-04-29T04:42:51.552+0000] {logging_mixin.py:151} INFO - [2025-04-29T04:42:51.551+0000] {dagbag.py:539} INFO - Filling up the DagBag from /opt/airflow/dags/kafka_stream.py
[2025-04-29T04:42:51.566+0000] {processor.py:839} INFO - DAG(s) dict_keys(['user_automation']) retrieved from /opt/airflow/dags/kafka_stream.py
[2025-04-29T04:42:51.586+0000] {logging_mixin.py:151} INFO - [2025-04-29T04:42:51.586+0000] {dag.py:2907} INFO - Sync 1 DAGs
[2025-04-29T04:42:51.601+0000] {logging_mixin.py:151} INFO - [2025-04-29T04:42:51.601+0000] {dag.py:3677} INFO - Setting next_dagrun for user_automation to 2025-04-29T00:00:00+00:00, run_after=2025-04-30T00:00:00+00:00
[2025-04-29T04:42:51.629+0000] {processor.py:179} INFO - Processing /opt/airflow/dags/kafka_stream.py took 0.082 seconds
[2025-04-29T04:43:21.893+0000] {processor.py:157} INFO - Started process (PID=4494) to work on /opt/airflow/dags/kafka_stream.py
[2025-04-29T04:43:21.894+0000] {processor.py:829} INFO - Processing file /opt/airflow/dags/kafka_stream.py for tasks to queue
[2025-04-29T04:43:21.895+0000] {logging_mixin.py:151} INFO - [2025-04-29T04:43:21.894+0000] {dagbag.py:539} INFO - Filling up the DagBag from /opt/airflow/dags/kafka_stream.py
[2025-04-29T04:43:21.923+0000] {processor.py:839} INFO - DAG(s) dict_keys(['user_automation']) retrieved from /opt/airflow/dags/kafka_stream.py
[2025-04-29T04:43:21.942+0000] {logging_mixin.py:151} INFO - [2025-04-29T04:43:21.942+0000] {dag.py:2907} INFO - Sync 1 DAGs
[2025-04-29T04:43:21.959+0000] {logging_mixin.py:151} INFO - [2025-04-29T04:43:21.959+0000] {dag.py:3677} INFO - Setting next_dagrun for user_automation to 2025-04-29T00:00:00+00:00, run_after=2025-04-30T00:00:00+00:00
[2025-04-29T04:43:21.985+0000] {processor.py:179} INFO - Processing /opt/airflow/dags/kafka_stream.py took 0.095 seconds
[2025-04-29T04:43:52.322+0000] {processor.py:157} INFO - Started process (PID=4495) to work on /opt/airflow/dags/kafka_stream.py
[2025-04-29T04:43:52.323+0000] {processor.py:829} INFO - Processing file /opt/airflow/dags/kafka_stream.py for tasks to queue
[2025-04-29T04:43:52.324+0000] {logging_mixin.py:151} INFO - [2025-04-29T04:43:52.324+0000] {dagbag.py:539} INFO - Filling up the DagBag from /opt/airflow/dags/kafka_stream.py
[2025-04-29T04:43:52.336+0000] {processor.py:839} INFO - DAG(s) dict_keys(['user_automation']) retrieved from /opt/airflow/dags/kafka_stream.py
[2025-04-29T04:43:52.354+0000] {logging_mixin.py:151} INFO - [2025-04-29T04:43:52.354+0000] {dag.py:2907} INFO - Sync 1 DAGs
[2025-04-29T04:43:52.369+0000] {logging_mixin.py:151} INFO - [2025-04-29T04:43:52.369+0000] {dag.py:3677} INFO - Setting next_dagrun for user_automation to 2025-04-29T00:00:00+00:00, run_after=2025-04-30T00:00:00+00:00
[2025-04-29T04:43:52.387+0000] {processor.py:179} INFO - Processing /opt/airflow/dags/kafka_stream.py took 0.067 seconds
[2025-04-29T04:44:22.694+0000] {processor.py:157} INFO - Started process (PID=4496) to work on /opt/airflow/dags/kafka_stream.py
[2025-04-29T04:44:22.695+0000] {processor.py:829} INFO - Processing file /opt/airflow/dags/kafka_stream.py for tasks to queue
[2025-04-29T04:44:22.696+0000] {logging_mixin.py:151} INFO - [2025-04-29T04:44:22.695+0000] {dagbag.py:539} INFO - Filling up the DagBag from /opt/airflow/dags/kafka_stream.py
[2025-04-29T04:44:22.708+0000] {processor.py:839} INFO - DAG(s) dict_keys(['user_automation']) retrieved from /opt/airflow/dags/kafka_stream.py
[2025-04-29T04:44:22.727+0000] {logging_mixin.py:151} INFO - [2025-04-29T04:44:22.727+0000] {dag.py:2907} INFO - Sync 1 DAGs
[2025-04-29T04:44:22.742+0000] {logging_mixin.py:151} INFO - [2025-04-29T04:44:22.742+0000] {dag.py:3677} INFO - Setting next_dagrun for user_automation to 2025-04-29T00:00:00+00:00, run_after=2025-04-30T00:00:00+00:00
[2025-04-29T04:44:22.766+0000] {processor.py:179} INFO - Processing /opt/airflow/dags/kafka_stream.py took 0.075 seconds
[2025-04-29T04:44:53.004+0000] {processor.py:157} INFO - Started process (PID=4497) to work on /opt/airflow/dags/kafka_stream.py
[2025-04-29T04:44:53.005+0000] {processor.py:829} INFO - Processing file /opt/airflow/dags/kafka_stream.py for tasks to queue
[2025-04-29T04:44:53.006+0000] {logging_mixin.py:151} INFO - [2025-04-29T04:44:53.006+0000] {dagbag.py:539} INFO - Filling up the DagBag from /opt/airflow/dags/kafka_stream.py
[2025-04-29T04:44:53.020+0000] {processor.py:839} INFO - DAG(s) dict_keys(['user_automation']) retrieved from /opt/airflow/dags/kafka_stream.py
[2025-04-29T04:44:53.039+0000] {logging_mixin.py:151} INFO - [2025-04-29T04:44:53.039+0000] {dag.py:2907} INFO - Sync 1 DAGs
[2025-04-29T04:44:53.054+0000] {logging_mixin.py:151} INFO - [2025-04-29T04:44:53.053+0000] {dag.py:3677} INFO - Setting next_dagrun for user_automation to 2025-04-29T00:00:00+00:00, run_after=2025-04-30T00:00:00+00:00
[2025-04-29T04:44:53.067+0000] {processor.py:179} INFO - Processing /opt/airflow/dags/kafka_stream.py took 0.067 seconds
[2025-04-29T04:45:23.380+0000] {processor.py:157} INFO - Started process (PID=4498) to work on /opt/airflow/dags/kafka_stream.py
[2025-04-29T04:45:23.381+0000] {processor.py:829} INFO - Processing file /opt/airflow/dags/kafka_stream.py for tasks to queue
[2025-04-29T04:45:23.383+0000] {logging_mixin.py:151} INFO - [2025-04-29T04:45:23.383+0000] {dagbag.py:539} INFO - Filling up the DagBag from /opt/airflow/dags/kafka_stream.py
[2025-04-29T04:45:23.418+0000] {processor.py:839} INFO - DAG(s) dict_keys(['user_automation']) retrieved from /opt/airflow/dags/kafka_stream.py
[2025-04-29T04:45:23.451+0000] {logging_mixin.py:151} INFO - [2025-04-29T04:45:23.451+0000] {dag.py:2907} INFO - Sync 1 DAGs
[2025-04-29T04:45:23.474+0000] {logging_mixin.py:151} INFO - [2025-04-29T04:45:23.474+0000] {dag.py:3677} INFO - Setting next_dagrun for user_automation to 2025-04-29T00:00:00+00:00, run_after=2025-04-30T00:00:00+00:00
[2025-04-29T04:45:23.521+0000] {processor.py:179} INFO - Processing /opt/airflow/dags/kafka_stream.py took 0.147 seconds
[2025-04-29T04:45:53.797+0000] {processor.py:157} INFO - Started process (PID=4499) to work on /opt/airflow/dags/kafka_stream.py
[2025-04-29T04:45:53.799+0000] {processor.py:829} INFO - Processing file /opt/airflow/dags/kafka_stream.py for tasks to queue
[2025-04-29T04:45:53.801+0000] {logging_mixin.py:151} INFO - [2025-04-29T04:45:53.800+0000] {dagbag.py:539} INFO - Filling up the DagBag from /opt/airflow/dags/kafka_stream.py
[2025-04-29T04:45:53.842+0000] {processor.py:839} INFO - DAG(s) dict_keys(['user_automation']) retrieved from /opt/airflow/dags/kafka_stream.py
[2025-04-29T04:45:53.866+0000] {logging_mixin.py:151} INFO - [2025-04-29T04:45:53.866+0000] {dag.py:2907} INFO - Sync 1 DAGs
[2025-04-29T04:45:53.881+0000] {logging_mixin.py:151} INFO - [2025-04-29T04:45:53.881+0000] {dag.py:3677} INFO - Setting next_dagrun for user_automation to 2025-04-29T00:00:00+00:00, run_after=2025-04-30T00:00:00+00:00
[2025-04-29T04:45:53.900+0000] {processor.py:179} INFO - Processing /opt/airflow/dags/kafka_stream.py took 0.109 seconds
[2025-04-29T04:46:24.242+0000] {processor.py:157} INFO - Started process (PID=4500) to work on /opt/airflow/dags/kafka_stream.py
[2025-04-29T04:46:24.243+0000] {processor.py:829} INFO - Processing file /opt/airflow/dags/kafka_stream.py for tasks to queue
[2025-04-29T04:46:24.244+0000] {logging_mixin.py:151} INFO - [2025-04-29T04:46:24.243+0000] {dagbag.py:539} INFO - Filling up the DagBag from /opt/airflow/dags/kafka_stream.py
[2025-04-29T04:46:24.255+0000] {processor.py:839} INFO - DAG(s) dict_keys(['user_automation']) retrieved from /opt/airflow/dags/kafka_stream.py
[2025-04-29T04:46:24.273+0000] {logging_mixin.py:151} INFO - [2025-04-29T04:46:24.273+0000] {dag.py:2907} INFO - Sync 1 DAGs
[2025-04-29T04:46:24.288+0000] {logging_mixin.py:151} INFO - [2025-04-29T04:46:24.287+0000] {dag.py:3677} INFO - Setting next_dagrun for user_automation to 2025-04-29T00:00:00+00:00, run_after=2025-04-30T00:00:00+00:00
[2025-04-29T04:46:24.314+0000] {processor.py:179} INFO - Processing /opt/airflow/dags/kafka_stream.py took 0.074 seconds
[2025-04-29T04:46:54.677+0000] {processor.py:157} INFO - Started process (PID=4501) to work on /opt/airflow/dags/kafka_stream.py
[2025-04-29T04:46:54.678+0000] {processor.py:829} INFO - Processing file /opt/airflow/dags/kafka_stream.py for tasks to queue
[2025-04-29T04:46:54.679+0000] {logging_mixin.py:151} INFO - [2025-04-29T04:46:54.679+0000] {dagbag.py:539} INFO - Filling up the DagBag from /opt/airflow/dags/kafka_stream.py
[2025-04-29T04:46:54.697+0000] {processor.py:839} INFO - DAG(s) dict_keys(['user_automation']) retrieved from /opt/airflow/dags/kafka_stream.py
[2025-04-29T04:46:54.715+0000] {logging_mixin.py:151} INFO - [2025-04-29T04:46:54.715+0000] {dag.py:2907} INFO - Sync 1 DAGs
[2025-04-29T04:46:54.730+0000] {logging_mixin.py:151} INFO - [2025-04-29T04:46:54.730+0000] {dag.py:3677} INFO - Setting next_dagrun for user_automation to 2025-04-29T00:00:00+00:00, run_after=2025-04-30T00:00:00+00:00
[2025-04-29T04:46:54.753+0000] {processor.py:179} INFO - Processing /opt/airflow/dags/kafka_stream.py took 0.078 seconds
[2025-04-29T04:47:25.152+0000] {processor.py:157} INFO - Started process (PID=4502) to work on /opt/airflow/dags/kafka_stream.py
[2025-04-29T04:47:25.153+0000] {processor.py:829} INFO - Processing file /opt/airflow/dags/kafka_stream.py for tasks to queue
[2025-04-29T04:47:25.154+0000] {logging_mixin.py:151} INFO - [2025-04-29T04:47:25.154+0000] {dagbag.py:539} INFO - Filling up the DagBag from /opt/airflow/dags/kafka_stream.py
[2025-04-29T04:47:25.182+0000] {processor.py:839} INFO - DAG(s) dict_keys(['user_automation']) retrieved from /opt/airflow/dags/kafka_stream.py
[2025-04-29T04:47:25.205+0000] {logging_mixin.py:151} INFO - [2025-04-29T04:47:25.204+0000] {dag.py:2907} INFO - Sync 1 DAGs
[2025-04-29T04:47:25.219+0000] {logging_mixin.py:151} INFO - [2025-04-29T04:47:25.219+0000] {dag.py:3677} INFO - Setting next_dagrun for user_automation to 2025-04-29T00:00:00+00:00, run_after=2025-04-30T00:00:00+00:00
[2025-04-29T04:47:25.239+0000] {processor.py:179} INFO - Processing /opt/airflow/dags/kafka_stream.py took 0.090 seconds
[2025-04-29T04:47:55.462+0000] {processor.py:157} INFO - Started process (PID=4503) to work on /opt/airflow/dags/kafka_stream.py
[2025-04-29T04:47:55.462+0000] {processor.py:829} INFO - Processing file /opt/airflow/dags/kafka_stream.py for tasks to queue
[2025-04-29T04:47:55.463+0000] {logging_mixin.py:151} INFO - [2025-04-29T04:47:55.463+0000] {dagbag.py:539} INFO - Filling up the DagBag from /opt/airflow/dags/kafka_stream.py
[2025-04-29T04:47:55.472+0000] {processor.py:839} INFO - DAG(s) dict_keys(['user_automation']) retrieved from /opt/airflow/dags/kafka_stream.py
[2025-04-29T04:47:55.490+0000] {logging_mixin.py:151} INFO - [2025-04-29T04:47:55.489+0000] {dag.py:2907} INFO - Sync 1 DAGs
[2025-04-29T04:47:55.503+0000] {logging_mixin.py:151} INFO - [2025-04-29T04:47:55.503+0000] {dag.py:3677} INFO - Setting next_dagrun for user_automation to 2025-04-29T00:00:00+00:00, run_after=2025-04-30T00:00:00+00:00
[2025-04-29T04:47:55.519+0000] {processor.py:179} INFO - Processing /opt/airflow/dags/kafka_stream.py took 0.060 seconds
[2025-04-29T04:48:25.871+0000] {processor.py:157} INFO - Started process (PID=4504) to work on /opt/airflow/dags/kafka_stream.py
[2025-04-29T04:48:25.871+0000] {processor.py:829} INFO - Processing file /opt/airflow/dags/kafka_stream.py for tasks to queue
[2025-04-29T04:48:25.872+0000] {logging_mixin.py:151} INFO - [2025-04-29T04:48:25.872+0000] {dagbag.py:539} INFO - Filling up the DagBag from /opt/airflow/dags/kafka_stream.py
[2025-04-29T04:48:25.881+0000] {processor.py:839} INFO - DAG(s) dict_keys(['user_automation']) retrieved from /opt/airflow/dags/kafka_stream.py
[2025-04-29T04:48:25.898+0000] {logging_mixin.py:151} INFO - [2025-04-29T04:48:25.898+0000] {dag.py:2907} INFO - Sync 1 DAGs
[2025-04-29T04:48:25.912+0000] {logging_mixin.py:151} INFO - [2025-04-29T04:48:25.912+0000] {dag.py:3677} INFO - Setting next_dagrun for user_automation to 2025-04-29T00:00:00+00:00, run_after=2025-04-30T00:00:00+00:00
[2025-04-29T04:48:25.930+0000] {processor.py:179} INFO - Processing /opt/airflow/dags/kafka_stream.py took 0.061 seconds
[2025-04-29T04:48:56.140+0000] {processor.py:157} INFO - Started process (PID=4505) to work on /opt/airflow/dags/kafka_stream.py
[2025-04-29T04:48:56.141+0000] {processor.py:829} INFO - Processing file /opt/airflow/dags/kafka_stream.py for tasks to queue
[2025-04-29T04:48:56.142+0000] {logging_mixin.py:151} INFO - [2025-04-29T04:48:56.142+0000] {dagbag.py:539} INFO - Filling up the DagBag from /opt/airflow/dags/kafka_stream.py
[2025-04-29T04:48:56.152+0000] {processor.py:839} INFO - DAG(s) dict_keys(['user_automation']) retrieved from /opt/airflow/dags/kafka_stream.py
[2025-04-29T04:48:56.170+0000] {logging_mixin.py:151} INFO - [2025-04-29T04:48:56.169+0000] {dag.py:2907} INFO - Sync 1 DAGs
[2025-04-29T04:48:56.184+0000] {logging_mixin.py:151} INFO - [2025-04-29T04:48:56.184+0000] {dag.py:3677} INFO - Setting next_dagrun for user_automation to 2025-04-29T00:00:00+00:00, run_after=2025-04-30T00:00:00+00:00
[2025-04-29T04:48:56.201+0000] {processor.py:179} INFO - Processing /opt/airflow/dags/kafka_stream.py took 0.064 seconds
[2025-04-29T04:49:26.503+0000] {processor.py:157} INFO - Started process (PID=4506) to work on /opt/airflow/dags/kafka_stream.py
[2025-04-29T04:49:26.504+0000] {processor.py:829} INFO - Processing file /opt/airflow/dags/kafka_stream.py for tasks to queue
[2025-04-29T04:49:26.505+0000] {logging_mixin.py:151} INFO - [2025-04-29T04:49:26.505+0000] {dagbag.py:539} INFO - Filling up the DagBag from /opt/airflow/dags/kafka_stream.py
[2025-04-29T04:49:26.518+0000] {processor.py:839} INFO - DAG(s) dict_keys(['user_automation']) retrieved from /opt/airflow/dags/kafka_stream.py
[2025-04-29T04:49:26.537+0000] {logging_mixin.py:151} INFO - [2025-04-29T04:49:26.537+0000] {dag.py:2907} INFO - Sync 1 DAGs
[2025-04-29T04:49:26.551+0000] {logging_mixin.py:151} INFO - [2025-04-29T04:49:26.551+0000] {dag.py:3677} INFO - Setting next_dagrun for user_automation to 2025-04-29T00:00:00+00:00, run_after=2025-04-30T00:00:00+00:00
[2025-04-29T04:49:26.578+0000] {processor.py:179} INFO - Processing /opt/airflow/dags/kafka_stream.py took 0.078 seconds
[2025-04-29T04:49:56.934+0000] {processor.py:157} INFO - Started process (PID=4507) to work on /opt/airflow/dags/kafka_stream.py
[2025-04-29T04:49:56.934+0000] {processor.py:829} INFO - Processing file /opt/airflow/dags/kafka_stream.py for tasks to queue
[2025-04-29T04:49:56.935+0000] {logging_mixin.py:151} INFO - [2025-04-29T04:49:56.935+0000] {dagbag.py:539} INFO - Filling up the DagBag from /opt/airflow/dags/kafka_stream.py
[2025-04-29T04:49:56.947+0000] {processor.py:839} INFO - DAG(s) dict_keys(['user_automation']) retrieved from /opt/airflow/dags/kafka_stream.py
[2025-04-29T04:49:56.966+0000] {logging_mixin.py:151} INFO - [2025-04-29T04:49:56.966+0000] {dag.py:2907} INFO - Sync 1 DAGs
[2025-04-29T04:49:56.981+0000] {logging_mixin.py:151} INFO - [2025-04-29T04:49:56.981+0000] {dag.py:3677} INFO - Setting next_dagrun for user_automation to 2025-04-29T00:00:00+00:00, run_after=2025-04-30T00:00:00+00:00
[2025-04-29T04:49:57.008+0000] {processor.py:179} INFO - Processing /opt/airflow/dags/kafka_stream.py took 0.077 seconds
[2025-04-29T04:50:27.272+0000] {processor.py:157} INFO - Started process (PID=4508) to work on /opt/airflow/dags/kafka_stream.py
[2025-04-29T04:50:27.273+0000] {processor.py:829} INFO - Processing file /opt/airflow/dags/kafka_stream.py for tasks to queue
[2025-04-29T04:50:27.274+0000] {logging_mixin.py:151} INFO - [2025-04-29T04:50:27.274+0000] {dagbag.py:539} INFO - Filling up the DagBag from /opt/airflow/dags/kafka_stream.py
[2025-04-29T04:50:27.290+0000] {processor.py:839} INFO - DAG(s) dict_keys(['user_automation']) retrieved from /opt/airflow/dags/kafka_stream.py
[2025-04-29T04:50:27.310+0000] {logging_mixin.py:151} INFO - [2025-04-29T04:50:27.310+0000] {dag.py:2907} INFO - Sync 1 DAGs
[2025-04-29T04:50:27.325+0000] {logging_mixin.py:151} INFO - [2025-04-29T04:50:27.325+0000] {dag.py:3677} INFO - Setting next_dagrun for user_automation to 2025-04-29T00:00:00+00:00, run_after=2025-04-30T00:00:00+00:00
[2025-04-29T04:50:27.343+0000] {processor.py:179} INFO - Processing /opt/airflow/dags/kafka_stream.py took 0.074 seconds
[2025-04-29T04:50:57.664+0000] {processor.py:157} INFO - Started process (PID=4509) to work on /opt/airflow/dags/kafka_stream.py
[2025-04-29T04:50:57.665+0000] {processor.py:829} INFO - Processing file /opt/airflow/dags/kafka_stream.py for tasks to queue
[2025-04-29T04:50:57.666+0000] {logging_mixin.py:151} INFO - [2025-04-29T04:50:57.666+0000] {dagbag.py:539} INFO - Filling up the DagBag from /opt/airflow/dags/kafka_stream.py
[2025-04-29T04:50:57.690+0000] {processor.py:839} INFO - DAG(s) dict_keys(['user_automation']) retrieved from /opt/airflow/dags/kafka_stream.py
[2025-04-29T04:50:57.711+0000] {logging_mixin.py:151} INFO - [2025-04-29T04:50:57.710+0000] {dag.py:2907} INFO - Sync 1 DAGs
[2025-04-29T04:50:57.726+0000] {logging_mixin.py:151} INFO - [2025-04-29T04:50:57.726+0000] {dag.py:3677} INFO - Setting next_dagrun for user_automation to 2025-04-29T00:00:00+00:00, run_after=2025-04-30T00:00:00+00:00
[2025-04-29T04:50:57.751+0000] {processor.py:179} INFO - Processing /opt/airflow/dags/kafka_stream.py took 0.090 seconds
[2025-04-29T04:51:28.093+0000] {processor.py:157} INFO - Started process (PID=4510) to work on /opt/airflow/dags/kafka_stream.py
[2025-04-29T04:51:28.095+0000] {processor.py:829} INFO - Processing file /opt/airflow/dags/kafka_stream.py for tasks to queue
[2025-04-29T04:51:28.097+0000] {logging_mixin.py:151} INFO - [2025-04-29T04:51:28.096+0000] {dagbag.py:539} INFO - Filling up the DagBag from /opt/airflow/dags/kafka_stream.py
[2025-04-29T04:51:28.132+0000] {processor.py:839} INFO - DAG(s) dict_keys(['user_automation']) retrieved from /opt/airflow/dags/kafka_stream.py
[2025-04-29T04:51:28.162+0000] {logging_mixin.py:151} INFO - [2025-04-29T04:51:28.162+0000] {dag.py:2907} INFO - Sync 1 DAGs
[2025-04-29T04:51:28.177+0000] {logging_mixin.py:151} INFO - [2025-04-29T04:51:28.177+0000] {dag.py:3677} INFO - Setting next_dagrun for user_automation to 2025-04-29T00:00:00+00:00, run_after=2025-04-30T00:00:00+00:00
[2025-04-29T04:51:28.196+0000] {processor.py:179} INFO - Processing /opt/airflow/dags/kafka_stream.py took 0.107 seconds
[2025-04-29T04:51:58.479+0000] {processor.py:157} INFO - Started process (PID=4511) to work on /opt/airflow/dags/kafka_stream.py
[2025-04-29T04:51:58.481+0000] {processor.py:829} INFO - Processing file /opt/airflow/dags/kafka_stream.py for tasks to queue
[2025-04-29T04:51:58.482+0000] {logging_mixin.py:151} INFO - [2025-04-29T04:51:58.482+0000] {dagbag.py:539} INFO - Filling up the DagBag from /opt/airflow/dags/kafka_stream.py
[2025-04-29T04:51:58.518+0000] {processor.py:839} INFO - DAG(s) dict_keys(['user_automation']) retrieved from /opt/airflow/dags/kafka_stream.py
[2025-04-29T04:51:58.537+0000] {logging_mixin.py:151} INFO - [2025-04-29T04:51:58.536+0000] {dag.py:2907} INFO - Sync 1 DAGs
[2025-04-29T04:51:58.551+0000] {logging_mixin.py:151} INFO - [2025-04-29T04:51:58.551+0000] {dag.py:3677} INFO - Setting next_dagrun for user_automation to 2025-04-29T00:00:00+00:00, run_after=2025-04-30T00:00:00+00:00
[2025-04-29T04:51:58.568+0000] {processor.py:179} INFO - Processing /opt/airflow/dags/kafka_stream.py took 0.091 seconds
[2025-04-29T04:52:28.846+0000] {processor.py:157} INFO - Started process (PID=4512) to work on /opt/airflow/dags/kafka_stream.py
[2025-04-29T04:52:28.847+0000] {processor.py:829} INFO - Processing file /opt/airflow/dags/kafka_stream.py for tasks to queue
[2025-04-29T04:52:28.848+0000] {logging_mixin.py:151} INFO - [2025-04-29T04:52:28.848+0000] {dagbag.py:539} INFO - Filling up the DagBag from /opt/airflow/dags/kafka_stream.py
[2025-04-29T04:52:28.860+0000] {processor.py:839} INFO - DAG(s) dict_keys(['user_automation']) retrieved from /opt/airflow/dags/kafka_stream.py
[2025-04-29T04:52:28.879+0000] {logging_mixin.py:151} INFO - [2025-04-29T04:52:28.879+0000] {dag.py:2907} INFO - Sync 1 DAGs
[2025-04-29T04:52:28.894+0000] {logging_mixin.py:151} INFO - [2025-04-29T04:52:28.894+0000] {dag.py:3677} INFO - Setting next_dagrun for user_automation to 2025-04-29T00:00:00+00:00, run_after=2025-04-30T00:00:00+00:00
[2025-04-29T04:52:28.921+0000] {processor.py:179} INFO - Processing /opt/airflow/dags/kafka_stream.py took 0.077 seconds
[2025-04-29T04:52:59.152+0000] {processor.py:157} INFO - Started process (PID=4513) to work on /opt/airflow/dags/kafka_stream.py
[2025-04-29T04:52:59.153+0000] {processor.py:829} INFO - Processing file /opt/airflow/dags/kafka_stream.py for tasks to queue
[2025-04-29T04:52:59.153+0000] {logging_mixin.py:151} INFO - [2025-04-29T04:52:59.153+0000] {dagbag.py:539} INFO - Filling up the DagBag from /opt/airflow/dags/kafka_stream.py
[2025-04-29T04:52:59.162+0000] {processor.py:839} INFO - DAG(s) dict_keys(['user_automation']) retrieved from /opt/airflow/dags/kafka_stream.py
[2025-04-29T04:52:59.179+0000] {logging_mixin.py:151} INFO - [2025-04-29T04:52:59.179+0000] {dag.py:2907} INFO - Sync 1 DAGs
[2025-04-29T04:52:59.193+0000] {logging_mixin.py:151} INFO - [2025-04-29T04:52:59.193+0000] {dag.py:3677} INFO - Setting next_dagrun for user_automation to 2025-04-29T00:00:00+00:00, run_after=2025-04-30T00:00:00+00:00
[2025-04-29T04:52:59.216+0000] {processor.py:179} INFO - Processing /opt/airflow/dags/kafka_stream.py took 0.066 seconds
[2025-04-29T04:53:29.553+0000] {processor.py:157} INFO - Started process (PID=4514) to work on /opt/airflow/dags/kafka_stream.py
[2025-04-29T04:53:29.560+0000] {processor.py:829} INFO - Processing file /opt/airflow/dags/kafka_stream.py for tasks to queue
[2025-04-29T04:53:29.562+0000] {logging_mixin.py:151} INFO - [2025-04-29T04:53:29.561+0000] {dagbag.py:539} INFO - Filling up the DagBag from /opt/airflow/dags/kafka_stream.py
[2025-04-29T04:53:29.605+0000] {processor.py:839} INFO - DAG(s) dict_keys(['user_automation']) retrieved from /opt/airflow/dags/kafka_stream.py
[2025-04-29T04:53:29.685+0000] {logging_mixin.py:151} INFO - [2025-04-29T04:53:29.685+0000] {dag.py:2907} INFO - Sync 1 DAGs
[2025-04-29T04:53:29.730+0000] {logging_mixin.py:151} INFO - [2025-04-29T04:53:29.730+0000] {dag.py:3677} INFO - Setting next_dagrun for user_automation to 2025-04-29T00:00:00+00:00, run_after=2025-04-30T00:00:00+00:00
[2025-04-29T04:53:29.782+0000] {processor.py:179} INFO - Processing /opt/airflow/dags/kafka_stream.py took 0.242 seconds
[2025-04-29T04:53:59.896+0000] {processor.py:157} INFO - Started process (PID=4515) to work on /opt/airflow/dags/kafka_stream.py
[2025-04-29T04:53:59.900+0000] {processor.py:829} INFO - Processing file /opt/airflow/dags/kafka_stream.py for tasks to queue
[2025-04-29T04:53:59.903+0000] {logging_mixin.py:151} INFO - [2025-04-29T04:53:59.902+0000] {dagbag.py:539} INFO - Filling up the DagBag from /opt/airflow/dags/kafka_stream.py
[2025-04-29T04:53:59.928+0000] {processor.py:839} INFO - DAG(s) dict_keys(['user_automation']) retrieved from /opt/airflow/dags/kafka_stream.py
[2025-04-29T04:53:59.952+0000] {logging_mixin.py:151} INFO - [2025-04-29T04:53:59.952+0000] {dag.py:2907} INFO - Sync 1 DAGs
[2025-04-29T04:53:59.969+0000] {logging_mixin.py:151} INFO - [2025-04-29T04:53:59.969+0000] {dag.py:3677} INFO - Setting next_dagrun for user_automation to 2025-04-29T00:00:00+00:00, run_after=2025-04-30T00:00:00+00:00
[2025-04-29T04:54:00.001+0000] {processor.py:179} INFO - Processing /opt/airflow/dags/kafka_stream.py took 0.114 seconds
[2025-04-29T04:54:30.216+0000] {processor.py:157} INFO - Started process (PID=4516) to work on /opt/airflow/dags/kafka_stream.py
[2025-04-29T04:54:30.217+0000] {processor.py:829} INFO - Processing file /opt/airflow/dags/kafka_stream.py for tasks to queue
[2025-04-29T04:54:30.219+0000] {logging_mixin.py:151} INFO - [2025-04-29T04:54:30.218+0000] {dagbag.py:539} INFO - Filling up the DagBag from /opt/airflow/dags/kafka_stream.py
[2025-04-29T04:54:30.247+0000] {processor.py:839} INFO - DAG(s) dict_keys(['user_automation']) retrieved from /opt/airflow/dags/kafka_stream.py
[2025-04-29T04:54:30.270+0000] {logging_mixin.py:151} INFO - [2025-04-29T04:54:30.270+0000] {dag.py:2907} INFO - Sync 1 DAGs
[2025-04-29T04:54:30.286+0000] {logging_mixin.py:151} INFO - [2025-04-29T04:54:30.286+0000] {dag.py:3677} INFO - Setting next_dagrun for user_automation to 2025-04-29T00:00:00+00:00, run_after=2025-04-30T00:00:00+00:00
[2025-04-29T04:54:30.307+0000] {processor.py:179} INFO - Processing /opt/airflow/dags/kafka_stream.py took 0.094 seconds
[2025-04-29T04:55:00.627+0000] {processor.py:157} INFO - Started process (PID=4517) to work on /opt/airflow/dags/kafka_stream.py
[2025-04-29T04:55:00.628+0000] {processor.py:829} INFO - Processing file /opt/airflow/dags/kafka_stream.py for tasks to queue
[2025-04-29T04:55:00.630+0000] {logging_mixin.py:151} INFO - [2025-04-29T04:55:00.629+0000] {dagbag.py:539} INFO - Filling up the DagBag from /opt/airflow/dags/kafka_stream.py
[2025-04-29T04:55:00.665+0000] {processor.py:839} INFO - DAG(s) dict_keys(['user_automation']) retrieved from /opt/airflow/dags/kafka_stream.py
[2025-04-29T04:55:00.688+0000] {logging_mixin.py:151} INFO - [2025-04-29T04:55:00.688+0000] {dag.py:2907} INFO - Sync 1 DAGs
[2025-04-29T04:55:00.705+0000] {logging_mixin.py:151} INFO - [2025-04-29T04:55:00.704+0000] {dag.py:3677} INFO - Setting next_dagrun for user_automation to 2025-04-29T00:00:00+00:00, run_after=2025-04-30T00:00:00+00:00
[2025-04-29T04:55:00.735+0000] {processor.py:179} INFO - Processing /opt/airflow/dags/kafka_stream.py took 0.112 seconds
[2025-04-29T04:55:30.951+0000] {processor.py:157} INFO - Started process (PID=4518) to work on /opt/airflow/dags/kafka_stream.py
[2025-04-29T04:55:30.952+0000] {processor.py:829} INFO - Processing file /opt/airflow/dags/kafka_stream.py for tasks to queue
[2025-04-29T04:55:30.954+0000] {logging_mixin.py:151} INFO - [2025-04-29T04:55:30.953+0000] {dagbag.py:539} INFO - Filling up the DagBag from /opt/airflow/dags/kafka_stream.py
[2025-04-29T04:55:30.988+0000] {processor.py:839} INFO - DAG(s) dict_keys(['user_automation']) retrieved from /opt/airflow/dags/kafka_stream.py
[2025-04-29T04:55:31.009+0000] {logging_mixin.py:151} INFO - [2025-04-29T04:55:31.009+0000] {dag.py:2907} INFO - Sync 1 DAGs
[2025-04-29T04:55:31.026+0000] {logging_mixin.py:151} INFO - [2025-04-29T04:55:31.025+0000] {dag.py:3677} INFO - Setting next_dagrun for user_automation to 2025-04-29T00:00:00+00:00, run_after=2025-04-30T00:00:00+00:00
[2025-04-29T04:55:31.045+0000] {processor.py:179} INFO - Processing /opt/airflow/dags/kafka_stream.py took 0.097 seconds
[2025-04-29T04:56:01.366+0000] {processor.py:157} INFO - Started process (PID=4519) to work on /opt/airflow/dags/kafka_stream.py
[2025-04-29T04:56:01.368+0000] {processor.py:829} INFO - Processing file /opt/airflow/dags/kafka_stream.py for tasks to queue
[2025-04-29T04:56:01.369+0000] {logging_mixin.py:151} INFO - [2025-04-29T04:56:01.369+0000] {dagbag.py:539} INFO - Filling up the DagBag from /opt/airflow/dags/kafka_stream.py
[2025-04-29T04:56:01.393+0000] {processor.py:839} INFO - DAG(s) dict_keys(['user_automation']) retrieved from /opt/airflow/dags/kafka_stream.py
[2025-04-29T04:56:01.415+0000] {logging_mixin.py:151} INFO - [2025-04-29T04:56:01.415+0000] {dag.py:2907} INFO - Sync 1 DAGs
[2025-04-29T04:56:01.433+0000] {logging_mixin.py:151} INFO - [2025-04-29T04:56:01.433+0000] {dag.py:3677} INFO - Setting next_dagrun for user_automation to 2025-04-29T00:00:00+00:00, run_after=2025-04-30T00:00:00+00:00
[2025-04-29T04:56:01.460+0000] {processor.py:179} INFO - Processing /opt/airflow/dags/kafka_stream.py took 0.097 seconds
[2025-04-29T04:56:31.755+0000] {processor.py:157} INFO - Started process (PID=4520) to work on /opt/airflow/dags/kafka_stream.py
[2025-04-29T04:56:31.756+0000] {processor.py:829} INFO - Processing file /opt/airflow/dags/kafka_stream.py for tasks to queue
[2025-04-29T04:56:31.758+0000] {logging_mixin.py:151} INFO - [2025-04-29T04:56:31.757+0000] {dagbag.py:539} INFO - Filling up the DagBag from /opt/airflow/dags/kafka_stream.py
[2025-04-29T04:56:31.785+0000] {processor.py:839} INFO - DAG(s) dict_keys(['user_automation']) retrieved from /opt/airflow/dags/kafka_stream.py
[2025-04-29T04:56:31.803+0000] {logging_mixin.py:151} INFO - [2025-04-29T04:56:31.803+0000] {dag.py:2907} INFO - Sync 1 DAGs
[2025-04-29T04:56:31.818+0000] {logging_mixin.py:151} INFO - [2025-04-29T04:56:31.818+0000] {dag.py:3677} INFO - Setting next_dagrun for user_automation to 2025-04-29T00:00:00+00:00, run_after=2025-04-30T00:00:00+00:00
[2025-04-29T04:56:31.839+0000] {processor.py:179} INFO - Processing /opt/airflow/dags/kafka_stream.py took 0.086 seconds
[2025-04-29T04:57:02.075+0000] {processor.py:157} INFO - Started process (PID=4521) to work on /opt/airflow/dags/kafka_stream.py
[2025-04-29T04:57:02.077+0000] {processor.py:829} INFO - Processing file /opt/airflow/dags/kafka_stream.py for tasks to queue
[2025-04-29T04:57:02.077+0000] {logging_mixin.py:151} INFO - [2025-04-29T04:57:02.077+0000] {dagbag.py:539} INFO - Filling up the DagBag from /opt/airflow/dags/kafka_stream.py
[2025-04-29T04:57:02.102+0000] {processor.py:839} INFO - DAG(s) dict_keys(['user_automation']) retrieved from /opt/airflow/dags/kafka_stream.py
[2025-04-29T04:57:02.124+0000] {logging_mixin.py:151} INFO - [2025-04-29T04:57:02.124+0000] {dag.py:2907} INFO - Sync 1 DAGs
[2025-04-29T04:57:02.142+0000] {logging_mixin.py:151} INFO - [2025-04-29T04:57:02.142+0000] {dag.py:3677} INFO - Setting next_dagrun for user_automation to 2025-04-29T00:00:00+00:00, run_after=2025-04-30T00:00:00+00:00
[2025-04-29T04:57:02.160+0000] {processor.py:179} INFO - Processing /opt/airflow/dags/kafka_stream.py took 0.088 seconds
[2025-04-29T04:57:32.403+0000] {processor.py:157} INFO - Started process (PID=4522) to work on /opt/airflow/dags/kafka_stream.py
[2025-04-29T04:57:32.404+0000] {processor.py:829} INFO - Processing file /opt/airflow/dags/kafka_stream.py for tasks to queue
[2025-04-29T04:57:32.406+0000] {logging_mixin.py:151} INFO - [2025-04-29T04:57:32.406+0000] {dagbag.py:539} INFO - Filling up the DagBag from /opt/airflow/dags/kafka_stream.py
[2025-04-29T04:57:32.435+0000] {processor.py:839} INFO - DAG(s) dict_keys(['user_automation']) retrieved from /opt/airflow/dags/kafka_stream.py
[2025-04-29T04:57:32.457+0000] {logging_mixin.py:151} INFO - [2025-04-29T04:57:32.457+0000] {dag.py:2907} INFO - Sync 1 DAGs
[2025-04-29T04:57:32.473+0000] {logging_mixin.py:151} INFO - [2025-04-29T04:57:32.473+0000] {dag.py:3677} INFO - Setting next_dagrun for user_automation to 2025-04-29T00:00:00+00:00, run_after=2025-04-30T00:00:00+00:00
[2025-04-29T04:57:32.492+0000] {processor.py:179} INFO - Processing /opt/airflow/dags/kafka_stream.py took 0.091 seconds
[2025-04-29T04:58:02.743+0000] {processor.py:157} INFO - Started process (PID=4523) to work on /opt/airflow/dags/kafka_stream.py
[2025-04-29T04:58:02.745+0000] {processor.py:829} INFO - Processing file /opt/airflow/dags/kafka_stream.py for tasks to queue
[2025-04-29T04:58:02.747+0000] {logging_mixin.py:151} INFO - [2025-04-29T04:58:02.746+0000] {dagbag.py:539} INFO - Filling up the DagBag from /opt/airflow/dags/kafka_stream.py
[2025-04-29T04:58:02.781+0000] {processor.py:839} INFO - DAG(s) dict_keys(['user_automation']) retrieved from /opt/airflow/dags/kafka_stream.py
[2025-04-29T04:58:02.800+0000] {logging_mixin.py:151} INFO - [2025-04-29T04:58:02.800+0000] {dag.py:2907} INFO - Sync 1 DAGs
[2025-04-29T04:58:02.817+0000] {logging_mixin.py:151} INFO - [2025-04-29T04:58:02.817+0000] {dag.py:3677} INFO - Setting next_dagrun for user_automation to 2025-04-29T00:00:00+00:00, run_after=2025-04-30T00:00:00+00:00
[2025-04-29T04:58:02.846+0000] {processor.py:179} INFO - Processing /opt/airflow/dags/kafka_stream.py took 0.107 seconds
[2025-04-29T04:58:33.123+0000] {processor.py:157} INFO - Started process (PID=4524) to work on /opt/airflow/dags/kafka_stream.py
[2025-04-29T04:58:33.124+0000] {processor.py:829} INFO - Processing file /opt/airflow/dags/kafka_stream.py for tasks to queue
[2025-04-29T04:58:33.125+0000] {logging_mixin.py:151} INFO - [2025-04-29T04:58:33.125+0000] {dagbag.py:539} INFO - Filling up the DagBag from /opt/airflow/dags/kafka_stream.py
[2025-04-29T04:58:33.146+0000] {processor.py:839} INFO - DAG(s) dict_keys(['user_automation']) retrieved from /opt/airflow/dags/kafka_stream.py
[2025-04-29T04:58:33.165+0000] {logging_mixin.py:151} INFO - [2025-04-29T04:58:33.165+0000] {dag.py:2907} INFO - Sync 1 DAGs
[2025-04-29T04:58:33.180+0000] {logging_mixin.py:151} INFO - [2025-04-29T04:58:33.179+0000] {dag.py:3677} INFO - Setting next_dagrun for user_automation to 2025-04-29T00:00:00+00:00, run_after=2025-04-30T00:00:00+00:00
[2025-04-29T04:58:33.210+0000] {processor.py:179} INFO - Processing /opt/airflow/dags/kafka_stream.py took 0.089 seconds
[2025-04-29T04:59:03.444+0000] {processor.py:157} INFO - Started process (PID=4525) to work on /opt/airflow/dags/kafka_stream.py
[2025-04-29T04:59:03.445+0000] {processor.py:829} INFO - Processing file /opt/airflow/dags/kafka_stream.py for tasks to queue
[2025-04-29T04:59:03.446+0000] {logging_mixin.py:151} INFO - [2025-04-29T04:59:03.446+0000] {dagbag.py:539} INFO - Filling up the DagBag from /opt/airflow/dags/kafka_stream.py
[2025-04-29T04:59:03.471+0000] {processor.py:839} INFO - DAG(s) dict_keys(['user_automation']) retrieved from /opt/airflow/dags/kafka_stream.py
[2025-04-29T04:59:03.492+0000] {logging_mixin.py:151} INFO - [2025-04-29T04:59:03.491+0000] {dag.py:2907} INFO - Sync 1 DAGs
[2025-04-29T04:59:03.507+0000] {logging_mixin.py:151} INFO - [2025-04-29T04:59:03.507+0000] {dag.py:3677} INFO - Setting next_dagrun for user_automation to 2025-04-29T00:00:00+00:00, run_after=2025-04-30T00:00:00+00:00
[2025-04-29T04:59:03.546+0000] {processor.py:179} INFO - Processing /opt/airflow/dags/kafka_stream.py took 0.105 seconds
[2025-04-29T04:59:33.829+0000] {processor.py:157} INFO - Started process (PID=4526) to work on /opt/airflow/dags/kafka_stream.py
[2025-04-29T04:59:33.830+0000] {processor.py:829} INFO - Processing file /opt/airflow/dags/kafka_stream.py for tasks to queue
[2025-04-29T04:59:33.831+0000] {logging_mixin.py:151} INFO - [2025-04-29T04:59:33.831+0000] {dagbag.py:539} INFO - Filling up the DagBag from /opt/airflow/dags/kafka_stream.py
[2025-04-29T04:59:33.860+0000] {processor.py:839} INFO - DAG(s) dict_keys(['user_automation']) retrieved from /opt/airflow/dags/kafka_stream.py
[2025-04-29T04:59:33.881+0000] {logging_mixin.py:151} INFO - [2025-04-29T04:59:33.880+0000] {dag.py:2907} INFO - Sync 1 DAGs
[2025-04-29T04:59:33.896+0000] {logging_mixin.py:151} INFO - [2025-04-29T04:59:33.896+0000] {dag.py:3677} INFO - Setting next_dagrun for user_automation to 2025-04-29T00:00:00+00:00, run_after=2025-04-30T00:00:00+00:00
[2025-04-29T04:59:33.918+0000] {processor.py:179} INFO - Processing /opt/airflow/dags/kafka_stream.py took 0.092 seconds
[2025-04-29T05:00:04.175+0000] {processor.py:157} INFO - Started process (PID=4527) to work on /opt/airflow/dags/kafka_stream.py
[2025-04-29T05:00:04.176+0000] {processor.py:829} INFO - Processing file /opt/airflow/dags/kafka_stream.py for tasks to queue
[2025-04-29T05:00:04.177+0000] {logging_mixin.py:151} INFO - [2025-04-29T05:00:04.177+0000] {dagbag.py:539} INFO - Filling up the DagBag from /opt/airflow/dags/kafka_stream.py
[2025-04-29T05:00:04.207+0000] {processor.py:839} INFO - DAG(s) dict_keys(['user_automation']) retrieved from /opt/airflow/dags/kafka_stream.py
[2025-04-29T05:00:04.228+0000] {logging_mixin.py:151} INFO - [2025-04-29T05:00:04.228+0000] {dag.py:2907} INFO - Sync 1 DAGs
[2025-04-29T05:00:04.244+0000] {logging_mixin.py:151} INFO - [2025-04-29T05:00:04.244+0000] {dag.py:3677} INFO - Setting next_dagrun for user_automation to 2025-04-29T00:00:00+00:00, run_after=2025-04-30T00:00:00+00:00
[2025-04-29T05:00:04.275+0000] {processor.py:179} INFO - Processing /opt/airflow/dags/kafka_stream.py took 0.104 seconds
[2025-04-29T05:00:34.534+0000] {processor.py:157} INFO - Started process (PID=4528) to work on /opt/airflow/dags/kafka_stream.py
[2025-04-29T05:00:34.535+0000] {processor.py:829} INFO - Processing file /opt/airflow/dags/kafka_stream.py for tasks to queue
[2025-04-29T05:00:34.537+0000] {logging_mixin.py:151} INFO - [2025-04-29T05:00:34.536+0000] {dagbag.py:539} INFO - Filling up the DagBag from /opt/airflow/dags/kafka_stream.py
[2025-04-29T05:00:34.575+0000] {processor.py:839} INFO - DAG(s) dict_keys(['user_automation']) retrieved from /opt/airflow/dags/kafka_stream.py
[2025-04-29T05:00:34.608+0000] {logging_mixin.py:151} INFO - [2025-04-29T05:00:34.607+0000] {dag.py:2907} INFO - Sync 1 DAGs
[2025-04-29T05:00:34.624+0000] {logging_mixin.py:151} INFO - [2025-04-29T05:00:34.624+0000] {dag.py:3677} INFO - Setting next_dagrun for user_automation to 2025-04-29T00:00:00+00:00, run_after=2025-04-30T00:00:00+00:00
[2025-04-29T05:00:34.652+0000] {processor.py:179} INFO - Processing /opt/airflow/dags/kafka_stream.py took 0.122 seconds
[2025-04-29T05:01:04.905+0000] {processor.py:157} INFO - Started process (PID=4529) to work on /opt/airflow/dags/kafka_stream.py
[2025-04-29T05:01:04.907+0000] {processor.py:829} INFO - Processing file /opt/airflow/dags/kafka_stream.py for tasks to queue
[2025-04-29T05:01:04.908+0000] {logging_mixin.py:151} INFO - [2025-04-29T05:01:04.908+0000] {dagbag.py:539} INFO - Filling up the DagBag from /opt/airflow/dags/kafka_stream.py
[2025-04-29T05:01:04.942+0000] {processor.py:839} INFO - DAG(s) dict_keys(['user_automation']) retrieved from /opt/airflow/dags/kafka_stream.py
[2025-04-29T05:01:04.964+0000] {logging_mixin.py:151} INFO - [2025-04-29T05:01:04.964+0000] {dag.py:2907} INFO - Sync 1 DAGs
[2025-04-29T05:01:04.981+0000] {logging_mixin.py:151} INFO - [2025-04-29T05:01:04.981+0000] {dag.py:3677} INFO - Setting next_dagrun for user_automation to 2025-04-29T00:00:00+00:00, run_after=2025-04-30T00:00:00+00:00
[2025-04-29T05:01:05.002+0000] {processor.py:179} INFO - Processing /opt/airflow/dags/kafka_stream.py took 0.100 seconds
[2025-04-29T05:01:35.328+0000] {processor.py:157} INFO - Started process (PID=4530) to work on /opt/airflow/dags/kafka_stream.py
[2025-04-29T05:01:35.329+0000] {processor.py:829} INFO - Processing file /opt/airflow/dags/kafka_stream.py for tasks to queue
[2025-04-29T05:01:35.330+0000] {logging_mixin.py:151} INFO - [2025-04-29T05:01:35.330+0000] {dagbag.py:539} INFO - Filling up the DagBag from /opt/airflow/dags/kafka_stream.py
[2025-04-29T05:01:35.355+0000] {processor.py:839} INFO - DAG(s) dict_keys(['user_automation']) retrieved from /opt/airflow/dags/kafka_stream.py
[2025-04-29T05:01:35.376+0000] {logging_mixin.py:151} INFO - [2025-04-29T05:01:35.376+0000] {dag.py:2907} INFO - Sync 1 DAGs
[2025-04-29T05:01:35.391+0000] {logging_mixin.py:151} INFO - [2025-04-29T05:01:35.391+0000] {dag.py:3677} INFO - Setting next_dagrun for user_automation to 2025-04-29T00:00:00+00:00, run_after=2025-04-30T00:00:00+00:00
[2025-04-29T05:01:35.419+0000] {processor.py:179} INFO - Processing /opt/airflow/dags/kafka_stream.py took 0.094 seconds
[2025-04-29T05:02:05.649+0000] {processor.py:157} INFO - Started process (PID=4531) to work on /opt/airflow/dags/kafka_stream.py
[2025-04-29T05:02:05.650+0000] {processor.py:829} INFO - Processing file /opt/airflow/dags/kafka_stream.py for tasks to queue
[2025-04-29T05:02:05.651+0000] {logging_mixin.py:151} INFO - [2025-04-29T05:02:05.651+0000] {dagbag.py:539} INFO - Filling up the DagBag from /opt/airflow/dags/kafka_stream.py
[2025-04-29T05:02:05.677+0000] {processor.py:839} INFO - DAG(s) dict_keys(['user_automation']) retrieved from /opt/airflow/dags/kafka_stream.py
[2025-04-29T05:02:05.699+0000] {logging_mixin.py:151} INFO - [2025-04-29T05:02:05.699+0000] {dag.py:2907} INFO - Sync 1 DAGs
[2025-04-29T05:02:05.715+0000] {logging_mixin.py:151} INFO - [2025-04-29T05:02:05.715+0000] {dag.py:3677} INFO - Setting next_dagrun for user_automation to 2025-04-29T00:00:00+00:00, run_after=2025-04-30T00:00:00+00:00
[2025-04-29T05:02:05.743+0000] {processor.py:179} INFO - Processing /opt/airflow/dags/kafka_stream.py took 0.099 seconds
[2025-04-29T05:02:36.038+0000] {processor.py:157} INFO - Started process (PID=4532) to work on /opt/airflow/dags/kafka_stream.py
[2025-04-29T05:02:36.040+0000] {processor.py:829} INFO - Processing file /opt/airflow/dags/kafka_stream.py for tasks to queue
[2025-04-29T05:02:36.041+0000] {logging_mixin.py:151} INFO - [2025-04-29T05:02:36.041+0000] {dagbag.py:539} INFO - Filling up the DagBag from /opt/airflow/dags/kafka_stream.py
[2025-04-29T05:02:36.079+0000] {processor.py:839} INFO - DAG(s) dict_keys(['user_automation']) retrieved from /opt/airflow/dags/kafka_stream.py
[2025-04-29T05:02:36.099+0000] {logging_mixin.py:151} INFO - [2025-04-29T05:02:36.099+0000] {dag.py:2907} INFO - Sync 1 DAGs
[2025-04-29T05:02:36.115+0000] {logging_mixin.py:151} INFO - [2025-04-29T05:02:36.115+0000] {dag.py:3677} INFO - Setting next_dagrun for user_automation to 2025-04-29T00:00:00+00:00, run_after=2025-04-30T00:00:00+00:00
[2025-04-29T05:02:36.134+0000] {processor.py:179} INFO - Processing /opt/airflow/dags/kafka_stream.py took 0.098 seconds
[2025-04-29T05:03:06.354+0000] {processor.py:157} INFO - Started process (PID=4533) to work on /opt/airflow/dags/kafka_stream.py
[2025-04-29T05:03:06.355+0000] {processor.py:829} INFO - Processing file /opt/airflow/dags/kafka_stream.py for tasks to queue
[2025-04-29T05:03:06.356+0000] {logging_mixin.py:151} INFO - [2025-04-29T05:03:06.356+0000] {dagbag.py:539} INFO - Filling up the DagBag from /opt/airflow/dags/kafka_stream.py
[2025-04-29T05:03:06.386+0000] {processor.py:839} INFO - DAG(s) dict_keys(['user_automation']) retrieved from /opt/airflow/dags/kafka_stream.py
[2025-04-29T05:03:06.406+0000] {logging_mixin.py:151} INFO - [2025-04-29T05:03:06.406+0000] {dag.py:2907} INFO - Sync 1 DAGs
[2025-04-29T05:03:06.422+0000] {logging_mixin.py:151} INFO - [2025-04-29T05:03:06.421+0000] {dag.py:3677} INFO - Setting next_dagrun for user_automation to 2025-04-29T00:00:00+00:00, run_after=2025-04-30T00:00:00+00:00
[2025-04-29T05:03:06.444+0000] {processor.py:179} INFO - Processing /opt/airflow/dags/kafka_stream.py took 0.094 seconds
[2025-04-29T05:03:36.704+0000] {processor.py:157} INFO - Started process (PID=4534) to work on /opt/airflow/dags/kafka_stream.py
[2025-04-29T05:03:36.706+0000] {processor.py:829} INFO - Processing file /opt/airflow/dags/kafka_stream.py for tasks to queue
[2025-04-29T05:03:36.707+0000] {logging_mixin.py:151} INFO - [2025-04-29T05:03:36.707+0000] {dagbag.py:539} INFO - Filling up the DagBag from /opt/airflow/dags/kafka_stream.py
[2025-04-29T05:03:36.749+0000] {processor.py:839} INFO - DAG(s) dict_keys(['user_automation']) retrieved from /opt/airflow/dags/kafka_stream.py
[2025-04-29T05:03:36.775+0000] {logging_mixin.py:151} INFO - [2025-04-29T05:03:36.774+0000] {dag.py:2907} INFO - Sync 1 DAGs
[2025-04-29T05:03:36.793+0000] {logging_mixin.py:151} INFO - [2025-04-29T05:03:36.792+0000] {dag.py:3677} INFO - Setting next_dagrun for user_automation to 2025-04-29T00:00:00+00:00, run_after=2025-04-30T00:00:00+00:00
[2025-04-29T05:03:36.821+0000] {processor.py:179} INFO - Processing /opt/airflow/dags/kafka_stream.py took 0.119 seconds
[2025-04-29T05:04:07.015+0000] {processor.py:157} INFO - Started process (PID=4535) to work on /opt/airflow/dags/kafka_stream.py
[2025-04-29T05:04:07.016+0000] {processor.py:829} INFO - Processing file /opt/airflow/dags/kafka_stream.py for tasks to queue
[2025-04-29T05:04:07.017+0000] {logging_mixin.py:151} INFO - [2025-04-29T05:04:07.017+0000] {dagbag.py:539} INFO - Filling up the DagBag from /opt/airflow/dags/kafka_stream.py
[2025-04-29T05:04:07.036+0000] {processor.py:839} INFO - DAG(s) dict_keys(['user_automation']) retrieved from /opt/airflow/dags/kafka_stream.py
[2025-04-29T05:04:07.058+0000] {logging_mixin.py:151} INFO - [2025-04-29T05:04:07.058+0000] {dag.py:2907} INFO - Sync 1 DAGs
[2025-04-29T05:04:07.074+0000] {logging_mixin.py:151} INFO - [2025-04-29T05:04:07.074+0000] {dag.py:3677} INFO - Setting next_dagrun for user_automation to 2025-04-29T00:00:00+00:00, run_after=2025-04-30T00:00:00+00:00
[2025-04-29T05:04:07.095+0000] {processor.py:179} INFO - Processing /opt/airflow/dags/kafka_stream.py took 0.083 seconds
[2025-04-29T05:04:37.453+0000] {processor.py:157} INFO - Started process (PID=4536) to work on /opt/airflow/dags/kafka_stream.py
[2025-04-29T05:04:37.455+0000] {processor.py:829} INFO - Processing file /opt/airflow/dags/kafka_stream.py for tasks to queue
[2025-04-29T05:04:37.456+0000] {logging_mixin.py:151} INFO - [2025-04-29T05:04:37.456+0000] {dagbag.py:539} INFO - Filling up the DagBag from /opt/airflow/dags/kafka_stream.py
[2025-04-29T05:04:37.491+0000] {processor.py:839} INFO - DAG(s) dict_keys(['user_automation']) retrieved from /opt/airflow/dags/kafka_stream.py
[2025-04-29T05:04:37.513+0000] {logging_mixin.py:151} INFO - [2025-04-29T05:04:37.513+0000] {dag.py:2907} INFO - Sync 1 DAGs
[2025-04-29T05:04:37.532+0000] {logging_mixin.py:151} INFO - [2025-04-29T05:04:37.532+0000] {dag.py:3677} INFO - Setting next_dagrun for user_automation to 2025-04-29T00:00:00+00:00, run_after=2025-04-30T00:00:00+00:00
[2025-04-29T05:04:37.560+0000] {processor.py:179} INFO - Processing /opt/airflow/dags/kafka_stream.py took 0.110 seconds
[2025-04-29T05:05:07.784+0000] {processor.py:157} INFO - Started process (PID=4537) to work on /opt/airflow/dags/kafka_stream.py
[2025-04-29T05:05:07.786+0000] {processor.py:829} INFO - Processing file /opt/airflow/dags/kafka_stream.py for tasks to queue
[2025-04-29T05:05:07.787+0000] {logging_mixin.py:151} INFO - [2025-04-29T05:05:07.787+0000] {dagbag.py:539} INFO - Filling up the DagBag from /opt/airflow/dags/kafka_stream.py
[2025-04-29T05:05:07.821+0000] {processor.py:839} INFO - DAG(s) dict_keys(['user_automation']) retrieved from /opt/airflow/dags/kafka_stream.py
[2025-04-29T05:05:07.843+0000] {logging_mixin.py:151} INFO - [2025-04-29T05:05:07.843+0000] {dag.py:2907} INFO - Sync 1 DAGs
[2025-04-29T05:05:07.859+0000] {logging_mixin.py:151} INFO - [2025-04-29T05:05:07.859+0000] {dag.py:3677} INFO - Setting next_dagrun for user_automation to 2025-04-29T00:00:00+00:00, run_after=2025-04-30T00:00:00+00:00
[2025-04-29T05:05:07.882+0000] {processor.py:179} INFO - Processing /opt/airflow/dags/kafka_stream.py took 0.101 seconds
[2025-04-29T05:05:38.179+0000] {processor.py:157} INFO - Started process (PID=4538) to work on /opt/airflow/dags/kafka_stream.py
[2025-04-29T05:05:38.180+0000] {processor.py:829} INFO - Processing file /opt/airflow/dags/kafka_stream.py for tasks to queue
[2025-04-29T05:05:38.182+0000] {logging_mixin.py:151} INFO - [2025-04-29T05:05:38.181+0000] {dagbag.py:539} INFO - Filling up the DagBag from /opt/airflow/dags/kafka_stream.py
[2025-04-29T05:05:38.206+0000] {processor.py:839} INFO - DAG(s) dict_keys(['user_automation']) retrieved from /opt/airflow/dags/kafka_stream.py
[2025-04-29T05:05:38.226+0000] {logging_mixin.py:151} INFO - [2025-04-29T05:05:38.226+0000] {dag.py:2907} INFO - Sync 1 DAGs
[2025-04-29T05:05:38.240+0000] {logging_mixin.py:151} INFO - [2025-04-29T05:05:38.240+0000] {dag.py:3677} INFO - Setting next_dagrun for user_automation to 2025-04-29T00:00:00+00:00, run_after=2025-04-30T00:00:00+00:00
[2025-04-29T05:05:38.270+0000] {processor.py:179} INFO - Processing /opt/airflow/dags/kafka_stream.py took 0.094 seconds
[2025-04-29T05:06:08.504+0000] {processor.py:157} INFO - Started process (PID=4539) to work on /opt/airflow/dags/kafka_stream.py
[2025-04-29T05:06:08.505+0000] {processor.py:829} INFO - Processing file /opt/airflow/dags/kafka_stream.py for tasks to queue
[2025-04-29T05:06:08.506+0000] {logging_mixin.py:151} INFO - [2025-04-29T05:06:08.506+0000] {dagbag.py:539} INFO - Filling up the DagBag from /opt/airflow/dags/kafka_stream.py
[2025-04-29T05:06:08.533+0000] {processor.py:839} INFO - DAG(s) dict_keys(['user_automation']) retrieved from /opt/airflow/dags/kafka_stream.py
[2025-04-29T05:06:08.553+0000] {logging_mixin.py:151} INFO - [2025-04-29T05:06:08.552+0000] {dag.py:2907} INFO - Sync 1 DAGs
[2025-04-29T05:06:08.569+0000] {logging_mixin.py:151} INFO - [2025-04-29T05:06:08.569+0000] {dag.py:3677} INFO - Setting next_dagrun for user_automation to 2025-04-29T00:00:00+00:00, run_after=2025-04-30T00:00:00+00:00
[2025-04-29T05:06:08.599+0000] {processor.py:179} INFO - Processing /opt/airflow/dags/kafka_stream.py took 0.098 seconds
[2025-04-29T05:06:38.971+0000] {processor.py:157} INFO - Started process (PID=4540) to work on /opt/airflow/dags/kafka_stream.py
[2025-04-29T05:06:38.972+0000] {processor.py:829} INFO - Processing file /opt/airflow/dags/kafka_stream.py for tasks to queue
[2025-04-29T05:06:38.974+0000] {logging_mixin.py:151} INFO - [2025-04-29T05:06:38.973+0000] {dagbag.py:539} INFO - Filling up the DagBag from /opt/airflow/dags/kafka_stream.py
[2025-04-29T05:06:39.002+0000] {processor.py:839} INFO - DAG(s) dict_keys(['user_automation']) retrieved from /opt/airflow/dags/kafka_stream.py
[2025-04-29T05:06:39.022+0000] {logging_mixin.py:151} INFO - [2025-04-29T05:06:39.022+0000] {dag.py:2907} INFO - Sync 1 DAGs
[2025-04-29T05:06:39.037+0000] {logging_mixin.py:151} INFO - [2025-04-29T05:06:39.037+0000] {dag.py:3677} INFO - Setting next_dagrun for user_automation to 2025-04-29T00:00:00+00:00, run_after=2025-04-30T00:00:00+00:00
[2025-04-29T05:06:39.059+0000] {processor.py:179} INFO - Processing /opt/airflow/dags/kafka_stream.py took 0.090 seconds
[2025-04-29T05:07:09.262+0000] {processor.py:157} INFO - Started process (PID=4541) to work on /opt/airflow/dags/kafka_stream.py
[2025-04-29T05:07:09.263+0000] {processor.py:829} INFO - Processing file /opt/airflow/dags/kafka_stream.py for tasks to queue
[2025-04-29T05:07:09.264+0000] {logging_mixin.py:151} INFO - [2025-04-29T05:07:09.264+0000] {dagbag.py:539} INFO - Filling up the DagBag from /opt/airflow/dags/kafka_stream.py
[2025-04-29T05:07:09.290+0000] {processor.py:839} INFO - DAG(s) dict_keys(['user_automation']) retrieved from /opt/airflow/dags/kafka_stream.py
[2025-04-29T05:07:09.310+0000] {logging_mixin.py:151} INFO - [2025-04-29T05:07:09.310+0000] {dag.py:2907} INFO - Sync 1 DAGs
[2025-04-29T05:07:09.326+0000] {logging_mixin.py:151} INFO - [2025-04-29T05:07:09.326+0000] {dag.py:3677} INFO - Setting next_dagrun for user_automation to 2025-04-29T00:00:00+00:00, run_after=2025-04-30T00:00:00+00:00
[2025-04-29T05:07:09.341+0000] {processor.py:179} INFO - Processing /opt/airflow/dags/kafka_stream.py took 0.082 seconds
[2025-04-29T05:07:39.725+0000] {processor.py:157} INFO - Started process (PID=4542) to work on /opt/airflow/dags/kafka_stream.py
[2025-04-29T05:07:39.726+0000] {processor.py:829} INFO - Processing file /opt/airflow/dags/kafka_stream.py for tasks to queue
[2025-04-29T05:07:39.728+0000] {logging_mixin.py:151} INFO - [2025-04-29T05:07:39.728+0000] {dagbag.py:539} INFO - Filling up the DagBag from /opt/airflow/dags/kafka_stream.py
[2025-04-29T05:07:39.770+0000] {processor.py:839} INFO - DAG(s) dict_keys(['user_automation']) retrieved from /opt/airflow/dags/kafka_stream.py
[2025-04-29T05:07:39.795+0000] {logging_mixin.py:151} INFO - [2025-04-29T05:07:39.795+0000] {dag.py:2907} INFO - Sync 1 DAGs
[2025-04-29T05:07:39.809+0000] {logging_mixin.py:151} INFO - [2025-04-29T05:07:39.809+0000] {dag.py:3677} INFO - Setting next_dagrun for user_automation to 2025-04-29T00:00:00+00:00, run_after=2025-04-30T00:00:00+00:00
[2025-04-29T05:07:39.838+0000] {processor.py:179} INFO - Processing /opt/airflow/dags/kafka_stream.py took 0.115 seconds
[2025-04-29T05:08:10.049+0000] {processor.py:157} INFO - Started process (PID=4543) to work on /opt/airflow/dags/kafka_stream.py
[2025-04-29T05:08:10.051+0000] {processor.py:829} INFO - Processing file /opt/airflow/dags/kafka_stream.py for tasks to queue
[2025-04-29T05:08:10.052+0000] {logging_mixin.py:151} INFO - [2025-04-29T05:08:10.051+0000] {dagbag.py:539} INFO - Filling up the DagBag from /opt/airflow/dags/kafka_stream.py
[2025-04-29T05:08:10.080+0000] {processor.py:839} INFO - DAG(s) dict_keys(['user_automation']) retrieved from /opt/airflow/dags/kafka_stream.py
[2025-04-29T05:08:10.101+0000] {logging_mixin.py:151} INFO - [2025-04-29T05:08:10.101+0000] {dag.py:2907} INFO - Sync 1 DAGs
[2025-04-29T05:08:10.118+0000] {logging_mixin.py:151} INFO - [2025-04-29T05:08:10.117+0000] {dag.py:3677} INFO - Setting next_dagrun for user_automation to 2025-04-29T00:00:00+00:00, run_after=2025-04-30T00:00:00+00:00
[2025-04-29T05:08:10.136+0000] {processor.py:179} INFO - Processing /opt/airflow/dags/kafka_stream.py took 0.089 seconds
[2025-04-29T05:08:40.437+0000] {processor.py:157} INFO - Started process (PID=4544) to work on /opt/airflow/dags/kafka_stream.py
[2025-04-29T05:08:40.438+0000] {processor.py:829} INFO - Processing file /opt/airflow/dags/kafka_stream.py for tasks to queue
[2025-04-29T05:08:40.439+0000] {logging_mixin.py:151} INFO - [2025-04-29T05:08:40.439+0000] {dagbag.py:539} INFO - Filling up the DagBag from /opt/airflow/dags/kafka_stream.py
[2025-04-29T05:08:40.464+0000] {processor.py:839} INFO - DAG(s) dict_keys(['user_automation']) retrieved from /opt/airflow/dags/kafka_stream.py
[2025-04-29T05:08:40.485+0000] {logging_mixin.py:151} INFO - [2025-04-29T05:08:40.485+0000] {dag.py:2907} INFO - Sync 1 DAGs
[2025-04-29T05:08:40.499+0000] {logging_mixin.py:151} INFO - [2025-04-29T05:08:40.499+0000] {dag.py:3677} INFO - Setting next_dagrun for user_automation to 2025-04-29T00:00:00+00:00, run_after=2025-04-30T00:00:00+00:00
[2025-04-29T05:08:40.517+0000] {processor.py:179} INFO - Processing /opt/airflow/dags/kafka_stream.py took 0.082 seconds
[2025-04-29T05:09:10.759+0000] {processor.py:157} INFO - Started process (PID=4545) to work on /opt/airflow/dags/kafka_stream.py
[2025-04-29T05:09:10.760+0000] {processor.py:829} INFO - Processing file /opt/airflow/dags/kafka_stream.py for tasks to queue
[2025-04-29T05:09:10.761+0000] {logging_mixin.py:151} INFO - [2025-04-29T05:09:10.761+0000] {dagbag.py:539} INFO - Filling up the DagBag from /opt/airflow/dags/kafka_stream.py
[2025-04-29T05:09:10.788+0000] {processor.py:839} INFO - DAG(s) dict_keys(['user_automation']) retrieved from /opt/airflow/dags/kafka_stream.py
[2025-04-29T05:09:10.811+0000] {logging_mixin.py:151} INFO - [2025-04-29T05:09:10.810+0000] {dag.py:2907} INFO - Sync 1 DAGs
[2025-04-29T05:09:10.825+0000] {logging_mixin.py:151} INFO - [2025-04-29T05:09:10.824+0000] {dag.py:3677} INFO - Setting next_dagrun for user_automation to 2025-04-29T00:00:00+00:00, run_after=2025-04-30T00:00:00+00:00
[2025-04-29T05:09:10.845+0000] {processor.py:179} INFO - Processing /opt/airflow/dags/kafka_stream.py took 0.089 seconds
[2025-04-29T05:09:41.133+0000] {processor.py:157} INFO - Started process (PID=4546) to work on /opt/airflow/dags/kafka_stream.py
[2025-04-29T05:09:41.135+0000] {processor.py:829} INFO - Processing file /opt/airflow/dags/kafka_stream.py for tasks to queue
[2025-04-29T05:09:41.136+0000] {logging_mixin.py:151} INFO - [2025-04-29T05:09:41.136+0000] {dagbag.py:539} INFO - Filling up the DagBag from /opt/airflow/dags/kafka_stream.py
[2025-04-29T05:09:41.162+0000] {processor.py:839} INFO - DAG(s) dict_keys(['user_automation']) retrieved from /opt/airflow/dags/kafka_stream.py
[2025-04-29T05:09:41.181+0000] {logging_mixin.py:151} INFO - [2025-04-29T05:09:41.181+0000] {dag.py:2907} INFO - Sync 1 DAGs
[2025-04-29T05:09:41.196+0000] {logging_mixin.py:151} INFO - [2025-04-29T05:09:41.196+0000] {dag.py:3677} INFO - Setting next_dagrun for user_automation to 2025-04-29T00:00:00+00:00, run_after=2025-04-30T00:00:00+00:00
[2025-04-29T05:09:41.218+0000] {processor.py:179} INFO - Processing /opt/airflow/dags/kafka_stream.py took 0.086 seconds
[2025-04-29T05:10:11.450+0000] {processor.py:157} INFO - Started process (PID=4547) to work on /opt/airflow/dags/kafka_stream.py
[2025-04-29T05:10:11.451+0000] {processor.py:829} INFO - Processing file /opt/airflow/dags/kafka_stream.py for tasks to queue
[2025-04-29T05:10:11.453+0000] {logging_mixin.py:151} INFO - [2025-04-29T05:10:11.452+0000] {dagbag.py:539} INFO - Filling up the DagBag from /opt/airflow/dags/kafka_stream.py
[2025-04-29T05:10:11.487+0000] {processor.py:839} INFO - DAG(s) dict_keys(['user_automation']) retrieved from /opt/airflow/dags/kafka_stream.py
[2025-04-29T05:10:11.515+0000] {logging_mixin.py:151} INFO - [2025-04-29T05:10:11.515+0000] {dag.py:2907} INFO - Sync 1 DAGs
[2025-04-29T05:10:11.530+0000] {logging_mixin.py:151} INFO - [2025-04-29T05:10:11.530+0000] {dag.py:3677} INFO - Setting next_dagrun for user_automation to 2025-04-29T00:00:00+00:00, run_after=2025-04-30T00:00:00+00:00
[2025-04-29T05:10:11.561+0000] {processor.py:179} INFO - Processing /opt/airflow/dags/kafka_stream.py took 0.114 seconds
[2025-04-29T05:10:41.845+0000] {processor.py:157} INFO - Started process (PID=4548) to work on /opt/airflow/dags/kafka_stream.py
[2025-04-29T05:10:41.846+0000] {processor.py:829} INFO - Processing file /opt/airflow/dags/kafka_stream.py for tasks to queue
[2025-04-29T05:10:41.847+0000] {logging_mixin.py:151} INFO - [2025-04-29T05:10:41.847+0000] {dagbag.py:539} INFO - Filling up the DagBag from /opt/airflow/dags/kafka_stream.py
[2025-04-29T05:10:41.879+0000] {processor.py:839} INFO - DAG(s) dict_keys(['user_automation']) retrieved from /opt/airflow/dags/kafka_stream.py
[2025-04-29T05:10:41.898+0000] {logging_mixin.py:151} INFO - [2025-04-29T05:10:41.898+0000] {dag.py:2907} INFO - Sync 1 DAGs
[2025-04-29T05:10:41.912+0000] {logging_mixin.py:151} INFO - [2025-04-29T05:10:41.912+0000] {dag.py:3677} INFO - Setting next_dagrun for user_automation to 2025-04-29T00:00:00+00:00, run_after=2025-04-30T00:00:00+00:00
[2025-04-29T05:10:41.941+0000] {processor.py:179} INFO - Processing /opt/airflow/dags/kafka_stream.py took 0.099 seconds
[2025-04-29T05:11:12.216+0000] {processor.py:157} INFO - Started process (PID=4549) to work on /opt/airflow/dags/kafka_stream.py
[2025-04-29T05:11:12.217+0000] {processor.py:829} INFO - Processing file /opt/airflow/dags/kafka_stream.py for tasks to queue
[2025-04-29T05:11:12.218+0000] {logging_mixin.py:151} INFO - [2025-04-29T05:11:12.217+0000] {dagbag.py:539} INFO - Filling up the DagBag from /opt/airflow/dags/kafka_stream.py
[2025-04-29T05:11:12.240+0000] {processor.py:839} INFO - DAG(s) dict_keys(['user_automation']) retrieved from /opt/airflow/dags/kafka_stream.py
[2025-04-29T05:11:12.261+0000] {logging_mixin.py:151} INFO - [2025-04-29T05:11:12.260+0000] {dag.py:2907} INFO - Sync 1 DAGs
[2025-04-29T05:11:12.276+0000] {logging_mixin.py:151} INFO - [2025-04-29T05:11:12.276+0000] {dag.py:3677} INFO - Setting next_dagrun for user_automation to 2025-04-29T00:00:00+00:00, run_after=2025-04-30T00:00:00+00:00
[2025-04-29T05:11:12.297+0000] {processor.py:179} INFO - Processing /opt/airflow/dags/kafka_stream.py took 0.084 seconds
[2025-04-29T05:11:42.557+0000] {processor.py:157} INFO - Started process (PID=4550) to work on /opt/airflow/dags/kafka_stream.py
[2025-04-29T05:11:42.558+0000] {processor.py:829} INFO - Processing file /opt/airflow/dags/kafka_stream.py for tasks to queue
[2025-04-29T05:11:42.559+0000] {logging_mixin.py:151} INFO - [2025-04-29T05:11:42.559+0000] {dagbag.py:539} INFO - Filling up the DagBag from /opt/airflow/dags/kafka_stream.py
[2025-04-29T05:11:42.587+0000] {processor.py:839} INFO - DAG(s) dict_keys(['user_automation']) retrieved from /opt/airflow/dags/kafka_stream.py
[2025-04-29T05:11:42.607+0000] {logging_mixin.py:151} INFO - [2025-04-29T05:11:42.606+0000] {dag.py:2907} INFO - Sync 1 DAGs
[2025-04-29T05:11:42.621+0000] {logging_mixin.py:151} INFO - [2025-04-29T05:11:42.620+0000] {dag.py:3677} INFO - Setting next_dagrun for user_automation to 2025-04-29T00:00:00+00:00, run_after=2025-04-30T00:00:00+00:00
[2025-04-29T05:11:42.641+0000] {processor.py:179} INFO - Processing /opt/airflow/dags/kafka_stream.py took 0.087 seconds
[2025-04-29T05:12:12.912+0000] {processor.py:157} INFO - Started process (PID=4551) to work on /opt/airflow/dags/kafka_stream.py
[2025-04-29T05:12:12.913+0000] {processor.py:829} INFO - Processing file /opt/airflow/dags/kafka_stream.py for tasks to queue
[2025-04-29T05:12:12.914+0000] {logging_mixin.py:151} INFO - [2025-04-29T05:12:12.914+0000] {dagbag.py:539} INFO - Filling up the DagBag from /opt/airflow/dags/kafka_stream.py
[2025-04-29T05:12:12.938+0000] {processor.py:839} INFO - DAG(s) dict_keys(['user_automation']) retrieved from /opt/airflow/dags/kafka_stream.py
[2025-04-29T05:12:12.957+0000] {logging_mixin.py:151} INFO - [2025-04-29T05:12:12.957+0000] {dag.py:2907} INFO - Sync 1 DAGs
[2025-04-29T05:12:12.972+0000] {logging_mixin.py:151} INFO - [2025-04-29T05:12:12.972+0000] {dag.py:3677} INFO - Setting next_dagrun for user_automation to 2025-04-29T00:00:00+00:00, run_after=2025-04-30T00:00:00+00:00
[2025-04-29T05:12:12.991+0000] {processor.py:179} INFO - Processing /opt/airflow/dags/kafka_stream.py took 0.082 seconds
[2025-04-29T05:12:43.276+0000] {processor.py:157} INFO - Started process (PID=4552) to work on /opt/airflow/dags/kafka_stream.py
[2025-04-29T05:12:43.277+0000] {processor.py:829} INFO - Processing file /opt/airflow/dags/kafka_stream.py for tasks to queue
[2025-04-29T05:12:43.278+0000] {logging_mixin.py:151} INFO - [2025-04-29T05:12:43.278+0000] {dagbag.py:539} INFO - Filling up the DagBag from /opt/airflow/dags/kafka_stream.py
[2025-04-29T05:12:43.304+0000] {processor.py:839} INFO - DAG(s) dict_keys(['user_automation']) retrieved from /opt/airflow/dags/kafka_stream.py
[2025-04-29T05:12:43.324+0000] {logging_mixin.py:151} INFO - [2025-04-29T05:12:43.324+0000] {dag.py:2907} INFO - Sync 1 DAGs
[2025-04-29T05:12:43.338+0000] {logging_mixin.py:151} INFO - [2025-04-29T05:12:43.338+0000] {dag.py:3677} INFO - Setting next_dagrun for user_automation to 2025-04-29T00:00:00+00:00, run_after=2025-04-30T00:00:00+00:00
[2025-04-29T05:12:43.366+0000] {processor.py:179} INFO - Processing /opt/airflow/dags/kafka_stream.py took 0.092 seconds
[2025-04-29T05:13:13.611+0000] {processor.py:157} INFO - Started process (PID=4553) to work on /opt/airflow/dags/kafka_stream.py
[2025-04-29T05:13:13.612+0000] {processor.py:829} INFO - Processing file /opt/airflow/dags/kafka_stream.py for tasks to queue
[2025-04-29T05:13:13.614+0000] {logging_mixin.py:151} INFO - [2025-04-29T05:13:13.613+0000] {dagbag.py:539} INFO - Filling up the DagBag from /opt/airflow/dags/kafka_stream.py
[2025-04-29T05:13:13.642+0000] {processor.py:839} INFO - DAG(s) dict_keys(['user_automation']) retrieved from /opt/airflow/dags/kafka_stream.py
[2025-04-29T05:13:13.663+0000] {logging_mixin.py:151} INFO - [2025-04-29T05:13:13.663+0000] {dag.py:2907} INFO - Sync 1 DAGs
[2025-04-29T05:13:13.677+0000] {logging_mixin.py:151} INFO - [2025-04-29T05:13:13.677+0000] {dag.py:3677} INFO - Setting next_dagrun for user_automation to 2025-04-29T00:00:00+00:00, run_after=2025-04-30T00:00:00+00:00
[2025-04-29T05:13:13.707+0000] {processor.py:179} INFO - Processing /opt/airflow/dags/kafka_stream.py took 0.099 seconds
[2025-04-29T05:13:44.020+0000] {processor.py:157} INFO - Started process (PID=4554) to work on /opt/airflow/dags/kafka_stream.py
[2025-04-29T05:13:44.021+0000] {processor.py:829} INFO - Processing file /opt/airflow/dags/kafka_stream.py for tasks to queue
[2025-04-29T05:13:44.022+0000] {logging_mixin.py:151} INFO - [2025-04-29T05:13:44.022+0000] {dagbag.py:539} INFO - Filling up the DagBag from /opt/airflow/dags/kafka_stream.py
[2025-04-29T05:13:44.053+0000] {processor.py:839} INFO - DAG(s) dict_keys(['user_automation']) retrieved from /opt/airflow/dags/kafka_stream.py
[2025-04-29T05:13:44.073+0000] {logging_mixin.py:151} INFO - [2025-04-29T05:13:44.073+0000] {dag.py:2907} INFO - Sync 1 DAGs
[2025-04-29T05:13:44.087+0000] {logging_mixin.py:151} INFO - [2025-04-29T05:13:44.087+0000] {dag.py:3677} INFO - Setting next_dagrun for user_automation to 2025-04-29T00:00:00+00:00, run_after=2025-04-30T00:00:00+00:00
[2025-04-29T05:13:44.117+0000] {processor.py:179} INFO - Processing /opt/airflow/dags/kafka_stream.py took 0.099 seconds
[2025-04-29T05:14:14.365+0000] {processor.py:157} INFO - Started process (PID=4555) to work on /opt/airflow/dags/kafka_stream.py
[2025-04-29T05:14:14.367+0000] {processor.py:829} INFO - Processing file /opt/airflow/dags/kafka_stream.py for tasks to queue
[2025-04-29T05:14:14.368+0000] {logging_mixin.py:151} INFO - [2025-04-29T05:14:14.368+0000] {dagbag.py:539} INFO - Filling up the DagBag from /opt/airflow/dags/kafka_stream.py
[2025-04-29T05:14:14.397+0000] {processor.py:839} INFO - DAG(s) dict_keys(['user_automation']) retrieved from /opt/airflow/dags/kafka_stream.py
[2025-04-29T05:14:14.417+0000] {logging_mixin.py:151} INFO - [2025-04-29T05:14:14.417+0000] {dag.py:2907} INFO - Sync 1 DAGs
[2025-04-29T05:14:14.432+0000] {logging_mixin.py:151} INFO - [2025-04-29T05:14:14.432+0000] {dag.py:3677} INFO - Setting next_dagrun for user_automation to 2025-04-29T00:00:00+00:00, run_after=2025-04-30T00:00:00+00:00
[2025-04-29T05:14:14.450+0000] {processor.py:179} INFO - Processing /opt/airflow/dags/kafka_stream.py took 0.088 seconds
[2025-04-29T05:14:44.732+0000] {processor.py:157} INFO - Started process (PID=4556) to work on /opt/airflow/dags/kafka_stream.py
[2025-04-29T05:14:44.733+0000] {processor.py:829} INFO - Processing file /opt/airflow/dags/kafka_stream.py for tasks to queue
[2025-04-29T05:14:44.734+0000] {logging_mixin.py:151} INFO - [2025-04-29T05:14:44.734+0000] {dagbag.py:539} INFO - Filling up the DagBag from /opt/airflow/dags/kafka_stream.py
[2025-04-29T05:14:44.762+0000] {processor.py:839} INFO - DAG(s) dict_keys(['user_automation']) retrieved from /opt/airflow/dags/kafka_stream.py
[2025-04-29T05:14:44.781+0000] {logging_mixin.py:151} INFO - [2025-04-29T05:14:44.781+0000] {dag.py:2907} INFO - Sync 1 DAGs
[2025-04-29T05:14:44.795+0000] {logging_mixin.py:151} INFO - [2025-04-29T05:14:44.795+0000] {dag.py:3677} INFO - Setting next_dagrun for user_automation to 2025-04-29T00:00:00+00:00, run_after=2025-04-30T00:00:00+00:00
[2025-04-29T05:14:44.826+0000] {processor.py:179} INFO - Processing /opt/airflow/dags/kafka_stream.py took 0.097 seconds
[2025-04-29T05:15:15.109+0000] {processor.py:157} INFO - Started process (PID=4557) to work on /opt/airflow/dags/kafka_stream.py
[2025-04-29T05:15:15.111+0000] {processor.py:829} INFO - Processing file /opt/airflow/dags/kafka_stream.py for tasks to queue
[2025-04-29T05:15:15.114+0000] {logging_mixin.py:151} INFO - [2025-04-29T05:15:15.113+0000] {dagbag.py:539} INFO - Filling up the DagBag from /opt/airflow/dags/kafka_stream.py
[2025-04-29T05:15:15.144+0000] {processor.py:839} INFO - DAG(s) dict_keys(['user_automation']) retrieved from /opt/airflow/dags/kafka_stream.py
[2025-04-29T05:15:15.164+0000] {logging_mixin.py:151} INFO - [2025-04-29T05:15:15.164+0000] {dag.py:2907} INFO - Sync 1 DAGs
[2025-04-29T05:15:15.178+0000] {logging_mixin.py:151} INFO - [2025-04-29T05:15:15.178+0000] {dag.py:3677} INFO - Setting next_dagrun for user_automation to 2025-04-29T00:00:00+00:00, run_after=2025-04-30T00:00:00+00:00
[2025-04-29T05:15:15.200+0000] {processor.py:179} INFO - Processing /opt/airflow/dags/kafka_stream.py took 0.095 seconds
[2025-04-29T05:15:45.448+0000] {processor.py:157} INFO - Started process (PID=4558) to work on /opt/airflow/dags/kafka_stream.py
[2025-04-29T05:15:45.449+0000] {processor.py:829} INFO - Processing file /opt/airflow/dags/kafka_stream.py for tasks to queue
[2025-04-29T05:15:45.450+0000] {logging_mixin.py:151} INFO - [2025-04-29T05:15:45.450+0000] {dagbag.py:539} INFO - Filling up the DagBag from /opt/airflow/dags/kafka_stream.py
[2025-04-29T05:15:45.486+0000] {processor.py:839} INFO - DAG(s) dict_keys(['user_automation']) retrieved from /opt/airflow/dags/kafka_stream.py
[2025-04-29T05:15:45.506+0000] {logging_mixin.py:151} INFO - [2025-04-29T05:15:45.506+0000] {dag.py:2907} INFO - Sync 1 DAGs
[2025-04-29T05:15:45.521+0000] {logging_mixin.py:151} INFO - [2025-04-29T05:15:45.521+0000] {dag.py:3677} INFO - Setting next_dagrun for user_automation to 2025-04-29T00:00:00+00:00, run_after=2025-04-30T00:00:00+00:00
[2025-04-29T05:15:45.537+0000] {processor.py:179} INFO - Processing /opt/airflow/dags/kafka_stream.py took 0.092 seconds
[2025-04-29T05:16:15.881+0000] {processor.py:157} INFO - Started process (PID=4559) to work on /opt/airflow/dags/kafka_stream.py
[2025-04-29T05:16:15.882+0000] {processor.py:829} INFO - Processing file /opt/airflow/dags/kafka_stream.py for tasks to queue
[2025-04-29T05:16:15.883+0000] {logging_mixin.py:151} INFO - [2025-04-29T05:16:15.883+0000] {dagbag.py:539} INFO - Filling up the DagBag from /opt/airflow/dags/kafka_stream.py
[2025-04-29T05:16:15.909+0000] {processor.py:839} INFO - DAG(s) dict_keys(['user_automation']) retrieved from /opt/airflow/dags/kafka_stream.py
[2025-04-29T05:16:15.928+0000] {logging_mixin.py:151} INFO - [2025-04-29T05:16:15.927+0000] {dag.py:2907} INFO - Sync 1 DAGs
[2025-04-29T05:16:15.943+0000] {logging_mixin.py:151} INFO - [2025-04-29T05:16:15.943+0000] {dag.py:3677} INFO - Setting next_dagrun for user_automation to 2025-04-29T00:00:00+00:00, run_after=2025-04-30T00:00:00+00:00
[2025-04-29T05:16:15.970+0000] {processor.py:179} INFO - Processing /opt/airflow/dags/kafka_stream.py took 0.091 seconds
[2025-04-29T05:16:46.211+0000] {processor.py:157} INFO - Started process (PID=4560) to work on /opt/airflow/dags/kafka_stream.py
[2025-04-29T05:16:46.212+0000] {processor.py:829} INFO - Processing file /opt/airflow/dags/kafka_stream.py for tasks to queue
[2025-04-29T05:16:46.214+0000] {logging_mixin.py:151} INFO - [2025-04-29T05:16:46.214+0000] {dagbag.py:539} INFO - Filling up the DagBag from /opt/airflow/dags/kafka_stream.py
[2025-04-29T05:16:46.251+0000] {processor.py:839} INFO - DAG(s) dict_keys(['user_automation']) retrieved from /opt/airflow/dags/kafka_stream.py
[2025-04-29T05:16:46.273+0000] {logging_mixin.py:151} INFO - [2025-04-29T05:16:46.273+0000] {dag.py:2907} INFO - Sync 1 DAGs
[2025-04-29T05:16:46.291+0000] {logging_mixin.py:151} INFO - [2025-04-29T05:16:46.291+0000] {dag.py:3677} INFO - Setting next_dagrun for user_automation to 2025-04-29T00:00:00+00:00, run_after=2025-04-30T00:00:00+00:00
[2025-04-29T05:16:46.321+0000] {processor.py:179} INFO - Processing /opt/airflow/dags/kafka_stream.py took 0.114 seconds
[2025-04-29T05:17:16.590+0000] {processor.py:157} INFO - Started process (PID=4561) to work on /opt/airflow/dags/kafka_stream.py
[2025-04-29T05:17:16.591+0000] {processor.py:829} INFO - Processing file /opt/airflow/dags/kafka_stream.py for tasks to queue
[2025-04-29T05:17:16.592+0000] {logging_mixin.py:151} INFO - [2025-04-29T05:17:16.592+0000] {dagbag.py:539} INFO - Filling up the DagBag from /opt/airflow/dags/kafka_stream.py
[2025-04-29T05:17:16.620+0000] {processor.py:839} INFO - DAG(s) dict_keys(['user_automation']) retrieved from /opt/airflow/dags/kafka_stream.py
[2025-04-29T05:17:16.639+0000] {logging_mixin.py:151} INFO - [2025-04-29T05:17:16.639+0000] {dag.py:2907} INFO - Sync 1 DAGs
[2025-04-29T05:17:16.653+0000] {logging_mixin.py:151} INFO - [2025-04-29T05:17:16.653+0000] {dag.py:3677} INFO - Setting next_dagrun for user_automation to 2025-04-29T00:00:00+00:00, run_after=2025-04-30T00:00:00+00:00
[2025-04-29T05:17:16.684+0000] {processor.py:179} INFO - Processing /opt/airflow/dags/kafka_stream.py took 0.097 seconds
[2025-04-29T05:17:46.928+0000] {processor.py:157} INFO - Started process (PID=4562) to work on /opt/airflow/dags/kafka_stream.py
[2025-04-29T05:17:46.930+0000] {processor.py:829} INFO - Processing file /opt/airflow/dags/kafka_stream.py for tasks to queue
[2025-04-29T05:17:46.931+0000] {logging_mixin.py:151} INFO - [2025-04-29T05:17:46.931+0000] {dagbag.py:539} INFO - Filling up the DagBag from /opt/airflow/dags/kafka_stream.py
[2025-04-29T05:17:46.966+0000] {processor.py:839} INFO - DAG(s) dict_keys(['user_automation']) retrieved from /opt/airflow/dags/kafka_stream.py
[2025-04-29T05:17:46.986+0000] {logging_mixin.py:151} INFO - [2025-04-29T05:17:46.986+0000] {dag.py:2907} INFO - Sync 1 DAGs
[2025-04-29T05:17:47.001+0000] {logging_mixin.py:151} INFO - [2025-04-29T05:17:47.001+0000] {dag.py:3677} INFO - Setting next_dagrun for user_automation to 2025-04-29T00:00:00+00:00, run_after=2025-04-30T00:00:00+00:00
[2025-04-29T05:17:47.022+0000] {processor.py:179} INFO - Processing /opt/airflow/dags/kafka_stream.py took 0.098 seconds
[2025-04-29T05:18:17.285+0000] {processor.py:157} INFO - Started process (PID=4563) to work on /opt/airflow/dags/kafka_stream.py
[2025-04-29T05:18:17.287+0000] {processor.py:829} INFO - Processing file /opt/airflow/dags/kafka_stream.py for tasks to queue
[2025-04-29T05:18:17.288+0000] {logging_mixin.py:151} INFO - [2025-04-29T05:18:17.288+0000] {dagbag.py:539} INFO - Filling up the DagBag from /opt/airflow/dags/kafka_stream.py
[2025-04-29T05:18:17.321+0000] {processor.py:839} INFO - DAG(s) dict_keys(['user_automation']) retrieved from /opt/airflow/dags/kafka_stream.py
[2025-04-29T05:18:17.341+0000] {logging_mixin.py:151} INFO - [2025-04-29T05:18:17.341+0000] {dag.py:2907} INFO - Sync 1 DAGs
[2025-04-29T05:18:17.356+0000] {logging_mixin.py:151} INFO - [2025-04-29T05:18:17.356+0000] {dag.py:3677} INFO - Setting next_dagrun for user_automation to 2025-04-29T00:00:00+00:00, run_after=2025-04-30T00:00:00+00:00
[2025-04-29T05:18:17.378+0000] {processor.py:179} INFO - Processing /opt/airflow/dags/kafka_stream.py took 0.095 seconds
[2025-04-29T05:18:47.643+0000] {processor.py:157} INFO - Started process (PID=4564) to work on /opt/airflow/dags/kafka_stream.py
[2025-04-29T05:18:47.644+0000] {processor.py:829} INFO - Processing file /opt/airflow/dags/kafka_stream.py for tasks to queue
[2025-04-29T05:18:47.645+0000] {logging_mixin.py:151} INFO - [2025-04-29T05:18:47.645+0000] {dagbag.py:539} INFO - Filling up the DagBag from /opt/airflow/dags/kafka_stream.py
[2025-04-29T05:18:47.676+0000] {processor.py:839} INFO - DAG(s) dict_keys(['user_automation']) retrieved from /opt/airflow/dags/kafka_stream.py
[2025-04-29T05:18:47.694+0000] {logging_mixin.py:151} INFO - [2025-04-29T05:18:47.694+0000] {dag.py:2907} INFO - Sync 1 DAGs
[2025-04-29T05:18:47.709+0000] {logging_mixin.py:151} INFO - [2025-04-29T05:18:47.709+0000] {dag.py:3677} INFO - Setting next_dagrun for user_automation to 2025-04-29T00:00:00+00:00, run_after=2025-04-30T00:00:00+00:00
[2025-04-29T05:18:47.737+0000] {processor.py:179} INFO - Processing /opt/airflow/dags/kafka_stream.py took 0.097 seconds
[2025-04-29T05:19:18.165+0000] {processor.py:157} INFO - Started process (PID=4565) to work on /opt/airflow/dags/kafka_stream.py
[2025-04-29T05:19:18.166+0000] {processor.py:829} INFO - Processing file /opt/airflow/dags/kafka_stream.py for tasks to queue
[2025-04-29T05:19:18.167+0000] {logging_mixin.py:151} INFO - [2025-04-29T05:19:18.167+0000] {dagbag.py:539} INFO - Filling up the DagBag from /opt/airflow/dags/kafka_stream.py
[2025-04-29T05:19:18.197+0000] {processor.py:839} INFO - DAG(s) dict_keys(['user_automation']) retrieved from /opt/airflow/dags/kafka_stream.py
[2025-04-29T05:19:18.227+0000] {logging_mixin.py:151} INFO - [2025-04-29T05:19:18.227+0000] {dag.py:2907} INFO - Sync 1 DAGs
[2025-04-29T05:19:18.243+0000] {logging_mixin.py:151} INFO - [2025-04-29T05:19:18.243+0000] {dag.py:3677} INFO - Setting next_dagrun for user_automation to 2025-04-29T00:00:00+00:00, run_after=2025-04-30T00:00:00+00:00
[2025-04-29T05:19:18.263+0000] {processor.py:179} INFO - Processing /opt/airflow/dags/kafka_stream.py took 0.100 seconds
[2025-04-29T05:19:48.477+0000] {processor.py:157} INFO - Started process (PID=4566) to work on /opt/airflow/dags/kafka_stream.py
[2025-04-29T05:19:48.478+0000] {processor.py:829} INFO - Processing file /opt/airflow/dags/kafka_stream.py for tasks to queue
[2025-04-29T05:19:48.479+0000] {logging_mixin.py:151} INFO - [2025-04-29T05:19:48.479+0000] {dagbag.py:539} INFO - Filling up the DagBag from /opt/airflow/dags/kafka_stream.py
[2025-04-29T05:19:48.505+0000] {processor.py:839} INFO - DAG(s) dict_keys(['user_automation']) retrieved from /opt/airflow/dags/kafka_stream.py
[2025-04-29T05:19:48.526+0000] {logging_mixin.py:151} INFO - [2025-04-29T05:19:48.526+0000] {dag.py:2907} INFO - Sync 1 DAGs
[2025-04-29T05:19:48.544+0000] {logging_mixin.py:151} INFO - [2025-04-29T05:19:48.544+0000] {dag.py:3677} INFO - Setting next_dagrun for user_automation to 2025-04-29T00:00:00+00:00, run_after=2025-04-30T00:00:00+00:00
[2025-04-29T05:19:48.564+0000] {processor.py:179} INFO - Processing /opt/airflow/dags/kafka_stream.py took 0.090 seconds
[2025-04-29T05:20:18.833+0000] {processor.py:157} INFO - Started process (PID=4567) to work on /opt/airflow/dags/kafka_stream.py
[2025-04-29T05:20:18.834+0000] {processor.py:829} INFO - Processing file /opt/airflow/dags/kafka_stream.py for tasks to queue
[2025-04-29T05:20:18.835+0000] {logging_mixin.py:151} INFO - [2025-04-29T05:20:18.835+0000] {dagbag.py:539} INFO - Filling up the DagBag from /opt/airflow/dags/kafka_stream.py
[2025-04-29T05:20:18.865+0000] {processor.py:839} INFO - DAG(s) dict_keys(['user_automation']) retrieved from /opt/airflow/dags/kafka_stream.py
[2025-04-29T05:20:18.886+0000] {logging_mixin.py:151} INFO - [2025-04-29T05:20:18.885+0000] {dag.py:2907} INFO - Sync 1 DAGs
[2025-04-29T05:20:18.901+0000] {logging_mixin.py:151} INFO - [2025-04-29T05:20:18.901+0000] {dag.py:3677} INFO - Setting next_dagrun for user_automation to 2025-04-29T00:00:00+00:00, run_after=2025-04-30T00:00:00+00:00
[2025-04-29T05:20:18.921+0000] {processor.py:179} INFO - Processing /opt/airflow/dags/kafka_stream.py took 0.091 seconds
[2025-04-29T05:20:49.154+0000] {processor.py:157} INFO - Started process (PID=4568) to work on /opt/airflow/dags/kafka_stream.py
[2025-04-29T05:20:49.155+0000] {processor.py:829} INFO - Processing file /opt/airflow/dags/kafka_stream.py for tasks to queue
[2025-04-29T05:20:49.156+0000] {logging_mixin.py:151} INFO - [2025-04-29T05:20:49.156+0000] {dagbag.py:539} INFO - Filling up the DagBag from /opt/airflow/dags/kafka_stream.py
[2025-04-29T05:20:49.176+0000] {processor.py:839} INFO - DAG(s) dict_keys(['user_automation']) retrieved from /opt/airflow/dags/kafka_stream.py
[2025-04-29T05:20:49.199+0000] {logging_mixin.py:151} INFO - [2025-04-29T05:20:49.199+0000] {dag.py:2907} INFO - Sync 1 DAGs
[2025-04-29T05:20:49.215+0000] {logging_mixin.py:151} INFO - [2025-04-29T05:20:49.215+0000] {dag.py:3677} INFO - Setting next_dagrun for user_automation to 2025-04-29T00:00:00+00:00, run_after=2025-04-30T00:00:00+00:00
[2025-04-29T05:20:49.235+0000] {processor.py:179} INFO - Processing /opt/airflow/dags/kafka_stream.py took 0.085 seconds
[2025-04-29T05:21:19.605+0000] {processor.py:157} INFO - Started process (PID=4569) to work on /opt/airflow/dags/kafka_stream.py
[2025-04-29T05:21:19.606+0000] {processor.py:829} INFO - Processing file /opt/airflow/dags/kafka_stream.py for tasks to queue
[2025-04-29T05:21:19.607+0000] {logging_mixin.py:151} INFO - [2025-04-29T05:21:19.607+0000] {dagbag.py:539} INFO - Filling up the DagBag from /opt/airflow/dags/kafka_stream.py
[2025-04-29T05:21:19.638+0000] {processor.py:839} INFO - DAG(s) dict_keys(['user_automation']) retrieved from /opt/airflow/dags/kafka_stream.py
[2025-04-29T05:21:19.656+0000] {logging_mixin.py:151} INFO - [2025-04-29T05:21:19.656+0000] {dag.py:2907} INFO - Sync 1 DAGs
[2025-04-29T05:21:19.671+0000] {logging_mixin.py:151} INFO - [2025-04-29T05:21:19.671+0000] {dag.py:3677} INFO - Setting next_dagrun for user_automation to 2025-04-29T00:00:00+00:00, run_after=2025-04-30T00:00:00+00:00
[2025-04-29T05:21:19.691+0000] {processor.py:179} INFO - Processing /opt/airflow/dags/kafka_stream.py took 0.088 seconds
[2025-04-29T05:21:49.947+0000] {processor.py:157} INFO - Started process (PID=4570) to work on /opt/airflow/dags/kafka_stream.py
[2025-04-29T05:21:49.949+0000] {processor.py:829} INFO - Processing file /opt/airflow/dags/kafka_stream.py for tasks to queue
[2025-04-29T05:21:49.950+0000] {logging_mixin.py:151} INFO - [2025-04-29T05:21:49.950+0000] {dagbag.py:539} INFO - Filling up the DagBag from /opt/airflow/dags/kafka_stream.py
[2025-04-29T05:21:49.982+0000] {processor.py:839} INFO - DAG(s) dict_keys(['user_automation']) retrieved from /opt/airflow/dags/kafka_stream.py
[2025-04-29T05:21:50.002+0000] {logging_mixin.py:151} INFO - [2025-04-29T05:21:50.002+0000] {dag.py:2907} INFO - Sync 1 DAGs
[2025-04-29T05:21:50.017+0000] {logging_mixin.py:151} INFO - [2025-04-29T05:21:50.017+0000] {dag.py:3677} INFO - Setting next_dagrun for user_automation to 2025-04-29T00:00:00+00:00, run_after=2025-04-30T00:00:00+00:00
[2025-04-29T05:21:50.045+0000] {processor.py:179} INFO - Processing /opt/airflow/dags/kafka_stream.py took 0.101 seconds
[2025-04-29T05:22:20.345+0000] {processor.py:157} INFO - Started process (PID=4571) to work on /opt/airflow/dags/kafka_stream.py
[2025-04-29T05:22:20.346+0000] {processor.py:829} INFO - Processing file /opt/airflow/dags/kafka_stream.py for tasks to queue
[2025-04-29T05:22:20.348+0000] {logging_mixin.py:151} INFO - [2025-04-29T05:22:20.347+0000] {dagbag.py:539} INFO - Filling up the DagBag from /opt/airflow/dags/kafka_stream.py
[2025-04-29T05:22:20.378+0000] {processor.py:839} INFO - DAG(s) dict_keys(['user_automation']) retrieved from /opt/airflow/dags/kafka_stream.py
[2025-04-29T05:22:20.399+0000] {logging_mixin.py:151} INFO - [2025-04-29T05:22:20.398+0000] {dag.py:2907} INFO - Sync 1 DAGs
[2025-04-29T05:22:20.413+0000] {logging_mixin.py:151} INFO - [2025-04-29T05:22:20.413+0000] {dag.py:3677} INFO - Setting next_dagrun for user_automation to 2025-04-29T00:00:00+00:00, run_after=2025-04-30T00:00:00+00:00
[2025-04-29T05:22:20.443+0000] {processor.py:179} INFO - Processing /opt/airflow/dags/kafka_stream.py took 0.100 seconds
[2025-04-29T05:22:50.734+0000] {processor.py:157} INFO - Started process (PID=4572) to work on /opt/airflow/dags/kafka_stream.py
[2025-04-29T05:22:50.737+0000] {processor.py:829} INFO - Processing file /opt/airflow/dags/kafka_stream.py for tasks to queue
[2025-04-29T05:22:50.738+0000] {logging_mixin.py:151} INFO - [2025-04-29T05:22:50.738+0000] {dagbag.py:539} INFO - Filling up the DagBag from /opt/airflow/dags/kafka_stream.py
[2025-04-29T05:22:50.786+0000] {processor.py:839} INFO - DAG(s) dict_keys(['user_automation']) retrieved from /opt/airflow/dags/kafka_stream.py
[2025-04-29T05:22:50.806+0000] {logging_mixin.py:151} INFO - [2025-04-29T05:22:50.806+0000] {dag.py:2907} INFO - Sync 1 DAGs
[2025-04-29T05:22:50.821+0000] {logging_mixin.py:151} INFO - [2025-04-29T05:22:50.821+0000] {dag.py:3677} INFO - Setting next_dagrun for user_automation to 2025-04-29T00:00:00+00:00, run_after=2025-04-30T00:00:00+00:00
[2025-04-29T05:22:50.847+0000] {processor.py:179} INFO - Processing /opt/airflow/dags/kafka_stream.py took 0.115 seconds
[2025-04-29T05:23:21.072+0000] {processor.py:157} INFO - Started process (PID=4573) to work on /opt/airflow/dags/kafka_stream.py
[2025-04-29T05:23:21.074+0000] {processor.py:829} INFO - Processing file /opt/airflow/dags/kafka_stream.py for tasks to queue
[2025-04-29T05:23:21.075+0000] {logging_mixin.py:151} INFO - [2025-04-29T05:23:21.075+0000] {dagbag.py:539} INFO - Filling up the DagBag from /opt/airflow/dags/kafka_stream.py
[2025-04-29T05:23:21.107+0000] {processor.py:839} INFO - DAG(s) dict_keys(['user_automation']) retrieved from /opt/airflow/dags/kafka_stream.py
[2025-04-29T05:23:21.129+0000] {logging_mixin.py:151} INFO - [2025-04-29T05:23:21.129+0000] {dag.py:2907} INFO - Sync 1 DAGs
[2025-04-29T05:23:21.145+0000] {logging_mixin.py:151} INFO - [2025-04-29T05:23:21.144+0000] {dag.py:3677} INFO - Setting next_dagrun for user_automation to 2025-04-29T00:00:00+00:00, run_after=2025-04-30T00:00:00+00:00
[2025-04-29T05:23:21.174+0000] {processor.py:179} INFO - Processing /opt/airflow/dags/kafka_stream.py took 0.106 seconds
[2025-04-29T05:23:51.456+0000] {processor.py:157} INFO - Started process (PID=4574) to work on /opt/airflow/dags/kafka_stream.py
[2025-04-29T05:23:51.457+0000] {processor.py:829} INFO - Processing file /opt/airflow/dags/kafka_stream.py for tasks to queue
[2025-04-29T05:23:51.459+0000] {logging_mixin.py:151} INFO - [2025-04-29T05:23:51.459+0000] {dagbag.py:539} INFO - Filling up the DagBag from /opt/airflow/dags/kafka_stream.py
[2025-04-29T05:23:51.484+0000] {processor.py:839} INFO - DAG(s) dict_keys(['user_automation']) retrieved from /opt/airflow/dags/kafka_stream.py
[2025-04-29T05:23:51.503+0000] {logging_mixin.py:151} INFO - [2025-04-29T05:23:51.502+0000] {dag.py:2907} INFO - Sync 1 DAGs
[2025-04-29T05:23:51.517+0000] {logging_mixin.py:151} INFO - [2025-04-29T05:23:51.517+0000] {dag.py:3677} INFO - Setting next_dagrun for user_automation to 2025-04-29T00:00:00+00:00, run_after=2025-04-30T00:00:00+00:00
[2025-04-29T05:23:51.545+0000] {processor.py:179} INFO - Processing /opt/airflow/dags/kafka_stream.py took 0.093 seconds
[2025-04-29T05:24:21.801+0000] {processor.py:157} INFO - Started process (PID=4575) to work on /opt/airflow/dags/kafka_stream.py
[2025-04-29T05:24:21.803+0000] {processor.py:829} INFO - Processing file /opt/airflow/dags/kafka_stream.py for tasks to queue
[2025-04-29T05:24:21.805+0000] {logging_mixin.py:151} INFO - [2025-04-29T05:24:21.804+0000] {dagbag.py:539} INFO - Filling up the DagBag from /opt/airflow/dags/kafka_stream.py
[2025-04-29T05:24:21.838+0000] {processor.py:839} INFO - DAG(s) dict_keys(['user_automation']) retrieved from /opt/airflow/dags/kafka_stream.py
[2025-04-29T05:24:21.860+0000] {logging_mixin.py:151} INFO - [2025-04-29T05:24:21.860+0000] {dag.py:2907} INFO - Sync 1 DAGs
[2025-04-29T05:24:21.875+0000] {logging_mixin.py:151} INFO - [2025-04-29T05:24:21.875+0000] {dag.py:3677} INFO - Setting next_dagrun for user_automation to 2025-04-29T00:00:00+00:00, run_after=2025-04-30T00:00:00+00:00
[2025-04-29T05:24:21.895+0000] {processor.py:179} INFO - Processing /opt/airflow/dags/kafka_stream.py took 0.100 seconds
[2025-04-29T05:24:52.167+0000] {processor.py:157} INFO - Started process (PID=4576) to work on /opt/airflow/dags/kafka_stream.py
[2025-04-29T05:24:52.168+0000] {processor.py:829} INFO - Processing file /opt/airflow/dags/kafka_stream.py for tasks to queue
[2025-04-29T05:24:52.169+0000] {logging_mixin.py:151} INFO - [2025-04-29T05:24:52.169+0000] {dagbag.py:539} INFO - Filling up the DagBag from /opt/airflow/dags/kafka_stream.py
[2025-04-29T05:24:52.193+0000] {processor.py:839} INFO - DAG(s) dict_keys(['user_automation']) retrieved from /opt/airflow/dags/kafka_stream.py
[2025-04-29T05:24:52.210+0000] {logging_mixin.py:151} INFO - [2025-04-29T05:24:52.210+0000] {dag.py:2907} INFO - Sync 1 DAGs
[2025-04-29T05:24:52.224+0000] {logging_mixin.py:151} INFO - [2025-04-29T05:24:52.224+0000] {dag.py:3677} INFO - Setting next_dagrun for user_automation to 2025-04-29T00:00:00+00:00, run_after=2025-04-30T00:00:00+00:00
[2025-04-29T05:24:52.243+0000] {processor.py:179} INFO - Processing /opt/airflow/dags/kafka_stream.py took 0.079 seconds
[2025-04-29T05:25:22.508+0000] {processor.py:157} INFO - Started process (PID=4577) to work on /opt/airflow/dags/kafka_stream.py
[2025-04-29T05:25:22.510+0000] {processor.py:829} INFO - Processing file /opt/airflow/dags/kafka_stream.py for tasks to queue
[2025-04-29T05:25:22.511+0000] {logging_mixin.py:151} INFO - [2025-04-29T05:25:22.511+0000] {dagbag.py:539} INFO - Filling up the DagBag from /opt/airflow/dags/kafka_stream.py
[2025-04-29T05:25:22.539+0000] {processor.py:839} INFO - DAG(s) dict_keys(['user_automation']) retrieved from /opt/airflow/dags/kafka_stream.py
[2025-04-29T05:25:22.558+0000] {logging_mixin.py:151} INFO - [2025-04-29T05:25:22.558+0000] {dag.py:2907} INFO - Sync 1 DAGs
[2025-04-29T05:25:22.573+0000] {logging_mixin.py:151} INFO - [2025-04-29T05:25:22.573+0000] {dag.py:3677} INFO - Setting next_dagrun for user_automation to 2025-04-29T00:00:00+00:00, run_after=2025-04-30T00:00:00+00:00
[2025-04-29T05:25:22.591+0000] {processor.py:179} INFO - Processing /opt/airflow/dags/kafka_stream.py took 0.085 seconds
[2025-04-29T05:25:52.875+0000] {processor.py:157} INFO - Started process (PID=4578) to work on /opt/airflow/dags/kafka_stream.py
[2025-04-29T05:25:52.877+0000] {processor.py:829} INFO - Processing file /opt/airflow/dags/kafka_stream.py for tasks to queue
[2025-04-29T05:25:52.879+0000] {logging_mixin.py:151} INFO - [2025-04-29T05:25:52.879+0000] {dagbag.py:539} INFO - Filling up the DagBag from /opt/airflow/dags/kafka_stream.py
[2025-04-29T05:25:52.912+0000] {processor.py:839} INFO - DAG(s) dict_keys(['user_automation']) retrieved from /opt/airflow/dags/kafka_stream.py
[2025-04-29T05:25:52.936+0000] {logging_mixin.py:151} INFO - [2025-04-29T05:25:52.936+0000] {dag.py:2907} INFO - Sync 1 DAGs
[2025-04-29T05:25:52.955+0000] {logging_mixin.py:151} INFO - [2025-04-29T05:25:52.955+0000] {dag.py:3677} INFO - Setting next_dagrun for user_automation to 2025-04-29T00:00:00+00:00, run_after=2025-04-30T00:00:00+00:00
[2025-04-29T05:25:52.974+0000] {processor.py:179} INFO - Processing /opt/airflow/dags/kafka_stream.py took 0.104 seconds
[2025-04-29T05:26:23.260+0000] {processor.py:157} INFO - Started process (PID=4579) to work on /opt/airflow/dags/kafka_stream.py
[2025-04-29T05:26:23.266+0000] {processor.py:829} INFO - Processing file /opt/airflow/dags/kafka_stream.py for tasks to queue
[2025-04-29T05:26:23.267+0000] {logging_mixin.py:151} INFO - [2025-04-29T05:26:23.267+0000] {dagbag.py:539} INFO - Filling up the DagBag from /opt/airflow/dags/kafka_stream.py
[2025-04-29T05:26:23.295+0000] {processor.py:839} INFO - DAG(s) dict_keys(['user_automation']) retrieved from /opt/airflow/dags/kafka_stream.py
[2025-04-29T05:26:23.317+0000] {logging_mixin.py:151} INFO - [2025-04-29T05:26:23.316+0000] {dag.py:2907} INFO - Sync 1 DAGs
[2025-04-29T05:26:23.334+0000] {logging_mixin.py:151} INFO - [2025-04-29T05:26:23.334+0000] {dag.py:3677} INFO - Setting next_dagrun for user_automation to 2025-04-29T00:00:00+00:00, run_after=2025-04-30T00:00:00+00:00
[2025-04-29T05:26:23.351+0000] {processor.py:179} INFO - Processing /opt/airflow/dags/kafka_stream.py took 0.093 seconds
[2025-04-29T05:26:53.611+0000] {processor.py:157} INFO - Started process (PID=4580) to work on /opt/airflow/dags/kafka_stream.py
[2025-04-29T05:26:53.612+0000] {processor.py:829} INFO - Processing file /opt/airflow/dags/kafka_stream.py for tasks to queue
[2025-04-29T05:26:53.614+0000] {logging_mixin.py:151} INFO - [2025-04-29T05:26:53.613+0000] {dagbag.py:539} INFO - Filling up the DagBag from /opt/airflow/dags/kafka_stream.py
[2025-04-29T05:26:53.641+0000] {processor.py:839} INFO - DAG(s) dict_keys(['user_automation']) retrieved from /opt/airflow/dags/kafka_stream.py
[2025-04-29T05:26:53.661+0000] {logging_mixin.py:151} INFO - [2025-04-29T05:26:53.661+0000] {dag.py:2907} INFO - Sync 1 DAGs
[2025-04-29T05:26:53.675+0000] {logging_mixin.py:151} INFO - [2025-04-29T05:26:53.675+0000] {dag.py:3677} INFO - Setting next_dagrun for user_automation to 2025-04-29T00:00:00+00:00, run_after=2025-04-30T00:00:00+00:00
[2025-04-29T05:26:53.692+0000] {processor.py:179} INFO - Processing /opt/airflow/dags/kafka_stream.py took 0.083 seconds
[2025-04-29T05:27:23.955+0000] {processor.py:157} INFO - Started process (PID=4581) to work on /opt/airflow/dags/kafka_stream.py
[2025-04-29T05:27:23.956+0000] {processor.py:829} INFO - Processing file /opt/airflow/dags/kafka_stream.py for tasks to queue
[2025-04-29T05:27:23.957+0000] {logging_mixin.py:151} INFO - [2025-04-29T05:27:23.957+0000] {dagbag.py:539} INFO - Filling up the DagBag from /opt/airflow/dags/kafka_stream.py
[2025-04-29T05:27:23.982+0000] {processor.py:839} INFO - DAG(s) dict_keys(['user_automation']) retrieved from /opt/airflow/dags/kafka_stream.py
[2025-04-29T05:27:24.002+0000] {logging_mixin.py:151} INFO - [2025-04-29T05:27:24.002+0000] {dag.py:2907} INFO - Sync 1 DAGs
[2025-04-29T05:27:24.016+0000] {logging_mixin.py:151} INFO - [2025-04-29T05:27:24.016+0000] {dag.py:3677} INFO - Setting next_dagrun for user_automation to 2025-04-29T00:00:00+00:00, run_after=2025-04-30T00:00:00+00:00
[2025-04-29T05:27:24.038+0000] {processor.py:179} INFO - Processing /opt/airflow/dags/kafka_stream.py took 0.085 seconds
[2025-04-29T05:27:54.234+0000] {processor.py:157} INFO - Started process (PID=4582) to work on /opt/airflow/dags/kafka_stream.py
[2025-04-29T05:27:54.235+0000] {processor.py:829} INFO - Processing file /opt/airflow/dags/kafka_stream.py for tasks to queue
[2025-04-29T05:27:54.236+0000] {logging_mixin.py:151} INFO - [2025-04-29T05:27:54.236+0000] {dagbag.py:539} INFO - Filling up the DagBag from /opt/airflow/dags/kafka_stream.py
[2025-04-29T05:27:54.262+0000] {processor.py:839} INFO - DAG(s) dict_keys(['user_automation']) retrieved from /opt/airflow/dags/kafka_stream.py
[2025-04-29T05:27:54.283+0000] {logging_mixin.py:151} INFO - [2025-04-29T05:27:54.282+0000] {dag.py:2907} INFO - Sync 1 DAGs
[2025-04-29T05:27:54.298+0000] {logging_mixin.py:151} INFO - [2025-04-29T05:27:54.298+0000] {dag.py:3677} INFO - Setting next_dagrun for user_automation to 2025-04-29T00:00:00+00:00, run_after=2025-04-30T00:00:00+00:00
[2025-04-29T05:27:54.318+0000] {processor.py:179} INFO - Processing /opt/airflow/dags/kafka_stream.py took 0.087 seconds
[2025-04-29T05:28:24.636+0000] {processor.py:157} INFO - Started process (PID=4583) to work on /opt/airflow/dags/kafka_stream.py
[2025-04-29T05:28:24.638+0000] {processor.py:829} INFO - Processing file /opt/airflow/dags/kafka_stream.py for tasks to queue
[2025-04-29T05:28:24.639+0000] {logging_mixin.py:151} INFO - [2025-04-29T05:28:24.639+0000] {dagbag.py:539} INFO - Filling up the DagBag from /opt/airflow/dags/kafka_stream.py
[2025-04-29T05:28:24.673+0000] {processor.py:839} INFO - DAG(s) dict_keys(['user_automation']) retrieved from /opt/airflow/dags/kafka_stream.py
[2025-04-29T05:28:24.693+0000] {logging_mixin.py:151} INFO - [2025-04-29T05:28:24.693+0000] {dag.py:2907} INFO - Sync 1 DAGs
[2025-04-29T05:28:24.708+0000] {logging_mixin.py:151} INFO - [2025-04-29T05:28:24.707+0000] {dag.py:3677} INFO - Setting next_dagrun for user_automation to 2025-04-29T00:00:00+00:00, run_after=2025-04-30T00:00:00+00:00
[2025-04-29T05:28:24.737+0000] {processor.py:179} INFO - Processing /opt/airflow/dags/kafka_stream.py took 0.104 seconds
[2025-04-29T05:28:54.955+0000] {processor.py:157} INFO - Started process (PID=4584) to work on /opt/airflow/dags/kafka_stream.py
[2025-04-29T05:28:54.957+0000] {processor.py:829} INFO - Processing file /opt/airflow/dags/kafka_stream.py for tasks to queue
[2025-04-29T05:28:54.958+0000] {logging_mixin.py:151} INFO - [2025-04-29T05:28:54.958+0000] {dagbag.py:539} INFO - Filling up the DagBag from /opt/airflow/dags/kafka_stream.py
[2025-04-29T05:28:54.995+0000] {processor.py:839} INFO - DAG(s) dict_keys(['user_automation']) retrieved from /opt/airflow/dags/kafka_stream.py
[2025-04-29T05:28:55.016+0000] {logging_mixin.py:151} INFO - [2025-04-29T05:28:55.016+0000] {dag.py:2907} INFO - Sync 1 DAGs
[2025-04-29T05:28:55.030+0000] {logging_mixin.py:151} INFO - [2025-04-29T05:28:55.030+0000] {dag.py:3677} INFO - Setting next_dagrun for user_automation to 2025-04-29T00:00:00+00:00, run_after=2025-04-30T00:00:00+00:00
[2025-04-29T05:28:55.051+0000] {processor.py:179} INFO - Processing /opt/airflow/dags/kafka_stream.py took 0.099 seconds
[2025-04-29T05:29:25.312+0000] {processor.py:157} INFO - Started process (PID=4585) to work on /opt/airflow/dags/kafka_stream.py
[2025-04-29T05:29:25.313+0000] {processor.py:829} INFO - Processing file /opt/airflow/dags/kafka_stream.py for tasks to queue
[2025-04-29T05:29:25.314+0000] {logging_mixin.py:151} INFO - [2025-04-29T05:29:25.314+0000] {dagbag.py:539} INFO - Filling up the DagBag from /opt/airflow/dags/kafka_stream.py
[2025-04-29T05:29:25.345+0000] {processor.py:839} INFO - DAG(s) dict_keys(['user_automation']) retrieved from /opt/airflow/dags/kafka_stream.py
[2025-04-29T05:29:25.363+0000] {logging_mixin.py:151} INFO - [2025-04-29T05:29:25.363+0000] {dag.py:2907} INFO - Sync 1 DAGs
[2025-04-29T05:29:25.377+0000] {logging_mixin.py:151} INFO - [2025-04-29T05:29:25.377+0000] {dag.py:3677} INFO - Setting next_dagrun for user_automation to 2025-04-29T00:00:00+00:00, run_after=2025-04-30T00:00:00+00:00
[2025-04-29T05:29:25.406+0000] {processor.py:179} INFO - Processing /opt/airflow/dags/kafka_stream.py took 0.096 seconds
[2025-04-29T05:29:55.672+0000] {processor.py:157} INFO - Started process (PID=4586) to work on /opt/airflow/dags/kafka_stream.py
[2025-04-29T05:29:55.674+0000] {processor.py:829} INFO - Processing file /opt/airflow/dags/kafka_stream.py for tasks to queue
[2025-04-29T05:29:55.676+0000] {logging_mixin.py:151} INFO - [2025-04-29T05:29:55.675+0000] {dagbag.py:539} INFO - Filling up the DagBag from /opt/airflow/dags/kafka_stream.py
[2025-04-29T05:29:55.703+0000] {processor.py:839} INFO - DAG(s) dict_keys(['user_automation']) retrieved from /opt/airflow/dags/kafka_stream.py
[2025-04-29T05:29:55.727+0000] {logging_mixin.py:151} INFO - [2025-04-29T05:29:55.726+0000] {dag.py:2907} INFO - Sync 1 DAGs
[2025-04-29T05:29:55.744+0000] {logging_mixin.py:151} INFO - [2025-04-29T05:29:55.743+0000] {dag.py:3677} INFO - Setting next_dagrun for user_automation to 2025-04-29T00:00:00+00:00, run_after=2025-04-30T00:00:00+00:00
[2025-04-29T05:29:55.763+0000] {processor.py:179} INFO - Processing /opt/airflow/dags/kafka_stream.py took 0.096 seconds
[2025-04-29T05:30:26.041+0000] {processor.py:157} INFO - Started process (PID=4587) to work on /opt/airflow/dags/kafka_stream.py
[2025-04-29T05:30:26.043+0000] {processor.py:829} INFO - Processing file /opt/airflow/dags/kafka_stream.py for tasks to queue
[2025-04-29T05:30:26.044+0000] {logging_mixin.py:151} INFO - [2025-04-29T05:30:26.043+0000] {dagbag.py:539} INFO - Filling up the DagBag from /opt/airflow/dags/kafka_stream.py
[2025-04-29T05:30:26.077+0000] {processor.py:839} INFO - DAG(s) dict_keys(['user_automation']) retrieved from /opt/airflow/dags/kafka_stream.py
[2025-04-29T05:30:26.096+0000] {logging_mixin.py:151} INFO - [2025-04-29T05:30:26.096+0000] {dag.py:2907} INFO - Sync 1 DAGs
[2025-04-29T05:30:26.113+0000] {logging_mixin.py:151} INFO - [2025-04-29T05:30:26.112+0000] {dag.py:3677} INFO - Setting next_dagrun for user_automation to 2025-04-29T00:00:00+00:00, run_after=2025-04-30T00:00:00+00:00
[2025-04-29T05:30:26.145+0000] {processor.py:179} INFO - Processing /opt/airflow/dags/kafka_stream.py took 0.106 seconds
[2025-04-29T05:30:56.379+0000] {processor.py:157} INFO - Started process (PID=4588) to work on /opt/airflow/dags/kafka_stream.py
[2025-04-29T05:30:56.381+0000] {processor.py:829} INFO - Processing file /opt/airflow/dags/kafka_stream.py for tasks to queue
[2025-04-29T05:30:56.382+0000] {logging_mixin.py:151} INFO - [2025-04-29T05:30:56.382+0000] {dagbag.py:539} INFO - Filling up the DagBag from /opt/airflow/dags/kafka_stream.py
[2025-04-29T05:30:56.417+0000] {processor.py:839} INFO - DAG(s) dict_keys(['user_automation']) retrieved from /opt/airflow/dags/kafka_stream.py
[2025-04-29T05:30:56.436+0000] {logging_mixin.py:151} INFO - [2025-04-29T05:30:56.436+0000] {dag.py:2907} INFO - Sync 1 DAGs
[2025-04-29T05:30:56.451+0000] {logging_mixin.py:151} INFO - [2025-04-29T05:30:56.451+0000] {dag.py:3677} INFO - Setting next_dagrun for user_automation to 2025-04-29T00:00:00+00:00, run_after=2025-04-30T00:00:00+00:00
[2025-04-29T05:30:56.480+0000] {processor.py:179} INFO - Processing /opt/airflow/dags/kafka_stream.py took 0.104 seconds
[2025-04-29T05:31:26.778+0000] {processor.py:157} INFO - Started process (PID=4589) to work on /opt/airflow/dags/kafka_stream.py
[2025-04-29T05:31:26.779+0000] {processor.py:829} INFO - Processing file /opt/airflow/dags/kafka_stream.py for tasks to queue
[2025-04-29T05:31:26.780+0000] {logging_mixin.py:151} INFO - [2025-04-29T05:31:26.780+0000] {dagbag.py:539} INFO - Filling up the DagBag from /opt/airflow/dags/kafka_stream.py
[2025-04-29T05:31:26.808+0000] {processor.py:839} INFO - DAG(s) dict_keys(['user_automation']) retrieved from /opt/airflow/dags/kafka_stream.py
[2025-04-29T05:31:26.826+0000] {logging_mixin.py:151} INFO - [2025-04-29T05:31:26.826+0000] {dag.py:2907} INFO - Sync 1 DAGs
[2025-04-29T05:31:26.841+0000] {logging_mixin.py:151} INFO - [2025-04-29T05:31:26.840+0000] {dag.py:3677} INFO - Setting next_dagrun for user_automation to 2025-04-29T00:00:00+00:00, run_after=2025-04-30T00:00:00+00:00
[2025-04-29T05:31:26.869+0000] {processor.py:179} INFO - Processing /opt/airflow/dags/kafka_stream.py took 0.094 seconds
[2025-04-29T05:31:57.095+0000] {processor.py:157} INFO - Started process (PID=4590) to work on /opt/airflow/dags/kafka_stream.py
[2025-04-29T05:31:57.096+0000] {processor.py:829} INFO - Processing file /opt/airflow/dags/kafka_stream.py for tasks to queue
[2025-04-29T05:31:57.098+0000] {logging_mixin.py:151} INFO - [2025-04-29T05:31:57.098+0000] {dagbag.py:539} INFO - Filling up the DagBag from /opt/airflow/dags/kafka_stream.py
[2025-04-29T05:31:57.131+0000] {processor.py:839} INFO - DAG(s) dict_keys(['user_automation']) retrieved from /opt/airflow/dags/kafka_stream.py
[2025-04-29T05:31:57.149+0000] {logging_mixin.py:151} INFO - [2025-04-29T05:31:57.149+0000] {dag.py:2907} INFO - Sync 1 DAGs
[2025-04-29T05:31:57.163+0000] {logging_mixin.py:151} INFO - [2025-04-29T05:31:57.163+0000] {dag.py:3677} INFO - Setting next_dagrun for user_automation to 2025-04-29T00:00:00+00:00, run_after=2025-04-30T00:00:00+00:00
[2025-04-29T05:31:57.182+0000] {processor.py:179} INFO - Processing /opt/airflow/dags/kafka_stream.py took 0.090 seconds
[2025-04-29T05:32:27.468+0000] {processor.py:157} INFO - Started process (PID=4591) to work on /opt/airflow/dags/kafka_stream.py
[2025-04-29T05:32:27.470+0000] {processor.py:829} INFO - Processing file /opt/airflow/dags/kafka_stream.py for tasks to queue
[2025-04-29T05:32:27.471+0000] {logging_mixin.py:151} INFO - [2025-04-29T05:32:27.471+0000] {dagbag.py:539} INFO - Filling up the DagBag from /opt/airflow/dags/kafka_stream.py
[2025-04-29T05:32:27.495+0000] {processor.py:839} INFO - DAG(s) dict_keys(['user_automation']) retrieved from /opt/airflow/dags/kafka_stream.py
[2025-04-29T05:32:27.514+0000] {logging_mixin.py:151} INFO - [2025-04-29T05:32:27.514+0000] {dag.py:2907} INFO - Sync 1 DAGs
[2025-04-29T05:32:27.527+0000] {logging_mixin.py:151} INFO - [2025-04-29T05:32:27.527+0000] {dag.py:3677} INFO - Setting next_dagrun for user_automation to 2025-04-29T00:00:00+00:00, run_after=2025-04-30T00:00:00+00:00
[2025-04-29T05:32:27.547+0000] {processor.py:179} INFO - Processing /opt/airflow/dags/kafka_stream.py took 0.085 seconds
[2025-04-29T05:32:57.833+0000] {processor.py:157} INFO - Started process (PID=4592) to work on /opt/airflow/dags/kafka_stream.py
[2025-04-29T05:32:57.834+0000] {processor.py:829} INFO - Processing file /opt/airflow/dags/kafka_stream.py for tasks to queue
[2025-04-29T05:32:57.835+0000] {logging_mixin.py:151} INFO - [2025-04-29T05:32:57.835+0000] {dagbag.py:539} INFO - Filling up the DagBag from /opt/airflow/dags/kafka_stream.py
[2025-04-29T05:32:57.864+0000] {processor.py:839} INFO - DAG(s) dict_keys(['user_automation']) retrieved from /opt/airflow/dags/kafka_stream.py
[2025-04-29T05:32:57.884+0000] {logging_mixin.py:151} INFO - [2025-04-29T05:32:57.884+0000] {dag.py:2907} INFO - Sync 1 DAGs
[2025-04-29T05:32:57.899+0000] {logging_mixin.py:151} INFO - [2025-04-29T05:32:57.899+0000] {dag.py:3677} INFO - Setting next_dagrun for user_automation to 2025-04-29T00:00:00+00:00, run_after=2025-04-30T00:00:00+00:00
[2025-04-29T05:32:57.925+0000] {processor.py:179} INFO - Processing /opt/airflow/dags/kafka_stream.py took 0.095 seconds
[2025-04-29T05:33:28.167+0000] {processor.py:157} INFO - Started process (PID=4593) to work on /opt/airflow/dags/kafka_stream.py
[2025-04-29T05:33:28.168+0000] {processor.py:829} INFO - Processing file /opt/airflow/dags/kafka_stream.py for tasks to queue
[2025-04-29T05:33:28.170+0000] {logging_mixin.py:151} INFO - [2025-04-29T05:33:28.169+0000] {dagbag.py:539} INFO - Filling up the DagBag from /opt/airflow/dags/kafka_stream.py
[2025-04-29T05:33:28.196+0000] {processor.py:839} INFO - DAG(s) dict_keys(['user_automation']) retrieved from /opt/airflow/dags/kafka_stream.py
[2025-04-29T05:33:28.216+0000] {logging_mixin.py:151} INFO - [2025-04-29T05:33:28.215+0000] {dag.py:2907} INFO - Sync 1 DAGs
[2025-04-29T05:33:28.230+0000] {logging_mixin.py:151} INFO - [2025-04-29T05:33:28.230+0000] {dag.py:3677} INFO - Setting next_dagrun for user_automation to 2025-04-29T00:00:00+00:00, run_after=2025-04-30T00:00:00+00:00
[2025-04-29T05:33:28.259+0000] {processor.py:179} INFO - Processing /opt/airflow/dags/kafka_stream.py took 0.095 seconds
[2025-04-29T05:33:58.511+0000] {processor.py:157} INFO - Started process (PID=4594) to work on /opt/airflow/dags/kafka_stream.py
[2025-04-29T05:33:58.513+0000] {processor.py:829} INFO - Processing file /opt/airflow/dags/kafka_stream.py for tasks to queue
[2025-04-29T05:33:58.514+0000] {logging_mixin.py:151} INFO - [2025-04-29T05:33:58.514+0000] {dagbag.py:539} INFO - Filling up the DagBag from /opt/airflow/dags/kafka_stream.py
[2025-04-29T05:33:58.539+0000] {processor.py:839} INFO - DAG(s) dict_keys(['user_automation']) retrieved from /opt/airflow/dags/kafka_stream.py
[2025-04-29T05:33:58.558+0000] {logging_mixin.py:151} INFO - [2025-04-29T05:33:58.558+0000] {dag.py:2907} INFO - Sync 1 DAGs
[2025-04-29T05:33:58.572+0000] {logging_mixin.py:151} INFO - [2025-04-29T05:33:58.572+0000] {dag.py:3677} INFO - Setting next_dagrun for user_automation to 2025-04-29T00:00:00+00:00, run_after=2025-04-30T00:00:00+00:00
[2025-04-29T05:33:58.600+0000] {processor.py:179} INFO - Processing /opt/airflow/dags/kafka_stream.py took 0.091 seconds
[2025-04-29T05:34:28.764+0000] {processor.py:157} INFO - Started process (PID=4595) to work on /opt/airflow/dags/kafka_stream.py
[2025-04-29T05:34:28.765+0000] {processor.py:829} INFO - Processing file /opt/airflow/dags/kafka_stream.py for tasks to queue
[2025-04-29T05:34:28.766+0000] {logging_mixin.py:151} INFO - [2025-04-29T05:34:28.766+0000] {dagbag.py:539} INFO - Filling up the DagBag from /opt/airflow/dags/kafka_stream.py
[2025-04-29T05:34:28.794+0000] {processor.py:839} INFO - DAG(s) dict_keys(['user_automation']) retrieved from /opt/airflow/dags/kafka_stream.py
[2025-04-29T05:34:28.819+0000] {logging_mixin.py:151} INFO - [2025-04-29T05:34:28.819+0000] {dag.py:2907} INFO - Sync 1 DAGs
[2025-04-29T05:34:28.839+0000] {logging_mixin.py:151} INFO - [2025-04-29T05:34:28.839+0000] {dag.py:3677} INFO - Setting next_dagrun for user_automation to 2025-04-29T00:00:00+00:00, run_after=2025-04-30T00:00:00+00:00
[2025-04-29T05:34:28.865+0000] {processor.py:179} INFO - Processing /opt/airflow/dags/kafka_stream.py took 0.104 seconds
[2025-04-29T05:34:59.116+0000] {processor.py:157} INFO - Started process (PID=4596) to work on /opt/airflow/dags/kafka_stream.py
[2025-04-29T05:34:59.117+0000] {processor.py:829} INFO - Processing file /opt/airflow/dags/kafka_stream.py for tasks to queue
[2025-04-29T05:34:59.118+0000] {logging_mixin.py:151} INFO - [2025-04-29T05:34:59.118+0000] {dagbag.py:539} INFO - Filling up the DagBag from /opt/airflow/dags/kafka_stream.py
[2025-04-29T05:34:59.142+0000] {processor.py:839} INFO - DAG(s) dict_keys(['user_automation']) retrieved from /opt/airflow/dags/kafka_stream.py
[2025-04-29T05:34:59.164+0000] {logging_mixin.py:151} INFO - [2025-04-29T05:34:59.164+0000] {dag.py:2907} INFO - Sync 1 DAGs
[2025-04-29T05:34:59.182+0000] {logging_mixin.py:151} INFO - [2025-04-29T05:34:59.182+0000] {dag.py:3677} INFO - Setting next_dagrun for user_automation to 2025-04-29T00:00:00+00:00, run_after=2025-04-30T00:00:00+00:00
[2025-04-29T05:34:59.201+0000] {processor.py:179} INFO - Processing /opt/airflow/dags/kafka_stream.py took 0.087 seconds
[2025-04-29T05:35:29.439+0000] {processor.py:157} INFO - Started process (PID=4597) to work on /opt/airflow/dags/kafka_stream.py
[2025-04-29T05:35:29.440+0000] {processor.py:829} INFO - Processing file /opt/airflow/dags/kafka_stream.py for tasks to queue
[2025-04-29T05:35:29.442+0000] {logging_mixin.py:151} INFO - [2025-04-29T05:35:29.442+0000] {dagbag.py:539} INFO - Filling up the DagBag from /opt/airflow/dags/kafka_stream.py
[2025-04-29T05:35:29.473+0000] {processor.py:839} INFO - DAG(s) dict_keys(['user_automation']) retrieved from /opt/airflow/dags/kafka_stream.py
[2025-04-29T05:35:29.496+0000] {logging_mixin.py:151} INFO - [2025-04-29T05:35:29.496+0000] {dag.py:2907} INFO - Sync 1 DAGs
[2025-04-29T05:35:29.515+0000] {logging_mixin.py:151} INFO - [2025-04-29T05:35:29.514+0000] {dag.py:3677} INFO - Setting next_dagrun for user_automation to 2025-04-29T00:00:00+00:00, run_after=2025-04-30T00:00:00+00:00
[2025-04-29T05:35:29.533+0000] {processor.py:179} INFO - Processing /opt/airflow/dags/kafka_stream.py took 0.097 seconds
[2025-04-29T05:35:59.720+0000] {processor.py:157} INFO - Started process (PID=4598) to work on /opt/airflow/dags/kafka_stream.py
[2025-04-29T05:35:59.722+0000] {processor.py:829} INFO - Processing file /opt/airflow/dags/kafka_stream.py for tasks to queue
[2025-04-29T05:35:59.723+0000] {logging_mixin.py:151} INFO - [2025-04-29T05:35:59.723+0000] {dagbag.py:539} INFO - Filling up the DagBag from /opt/airflow/dags/kafka_stream.py
[2025-04-29T05:35:59.753+0000] {processor.py:839} INFO - DAG(s) dict_keys(['user_automation']) retrieved from /opt/airflow/dags/kafka_stream.py
[2025-04-29T05:35:59.777+0000] {logging_mixin.py:151} INFO - [2025-04-29T05:35:59.777+0000] {dag.py:2907} INFO - Sync 1 DAGs
[2025-04-29T05:35:59.798+0000] {logging_mixin.py:151} INFO - [2025-04-29T05:35:59.797+0000] {dag.py:3677} INFO - Setting next_dagrun for user_automation to 2025-04-29T00:00:00+00:00, run_after=2025-04-30T00:00:00+00:00
[2025-04-29T05:35:59.818+0000] {processor.py:179} INFO - Processing /opt/airflow/dags/kafka_stream.py took 0.100 seconds
[2025-04-29T05:36:30.059+0000] {processor.py:157} INFO - Started process (PID=4599) to work on /opt/airflow/dags/kafka_stream.py
[2025-04-29T05:36:30.060+0000] {processor.py:829} INFO - Processing file /opt/airflow/dags/kafka_stream.py for tasks to queue
[2025-04-29T05:36:30.061+0000] {logging_mixin.py:151} INFO - [2025-04-29T05:36:30.061+0000] {dagbag.py:539} INFO - Filling up the DagBag from /opt/airflow/dags/kafka_stream.py
[2025-04-29T05:36:30.091+0000] {processor.py:839} INFO - DAG(s) dict_keys(['user_automation']) retrieved from /opt/airflow/dags/kafka_stream.py
[2025-04-29T05:36:30.113+0000] {logging_mixin.py:151} INFO - [2025-04-29T05:36:30.113+0000] {dag.py:2907} INFO - Sync 1 DAGs
[2025-04-29T05:36:30.130+0000] {logging_mixin.py:151} INFO - [2025-04-29T05:36:30.130+0000] {dag.py:3677} INFO - Setting next_dagrun for user_automation to 2025-04-29T00:00:00+00:00, run_after=2025-04-30T00:00:00+00:00
[2025-04-29T05:36:30.149+0000] {processor.py:179} INFO - Processing /opt/airflow/dags/kafka_stream.py took 0.092 seconds
[2025-04-29T05:37:00.310+0000] {processor.py:157} INFO - Started process (PID=4600) to work on /opt/airflow/dags/kafka_stream.py
[2025-04-29T05:37:00.311+0000] {processor.py:829} INFO - Processing file /opt/airflow/dags/kafka_stream.py for tasks to queue
[2025-04-29T05:37:00.312+0000] {logging_mixin.py:151} INFO - [2025-04-29T05:37:00.312+0000] {dagbag.py:539} INFO - Filling up the DagBag from /opt/airflow/dags/kafka_stream.py
[2025-04-29T05:37:00.345+0000] {processor.py:839} INFO - DAG(s) dict_keys(['user_automation']) retrieved from /opt/airflow/dags/kafka_stream.py
[2025-04-29T05:37:00.368+0000] {logging_mixin.py:151} INFO - [2025-04-29T05:37:00.368+0000] {dag.py:2907} INFO - Sync 1 DAGs
[2025-04-29T05:37:00.382+0000] {logging_mixin.py:151} INFO - [2025-04-29T05:37:00.382+0000] {dag.py:3677} INFO - Setting next_dagrun for user_automation to 2025-04-29T00:00:00+00:00, run_after=2025-04-30T00:00:00+00:00
[2025-04-29T05:37:00.401+0000] {processor.py:179} INFO - Processing /opt/airflow/dags/kafka_stream.py took 0.094 seconds
[2025-04-29T05:37:30.652+0000] {processor.py:157} INFO - Started process (PID=4601) to work on /opt/airflow/dags/kafka_stream.py
[2025-04-29T05:37:30.654+0000] {processor.py:829} INFO - Processing file /opt/airflow/dags/kafka_stream.py for tasks to queue
[2025-04-29T05:37:30.655+0000] {logging_mixin.py:151} INFO - [2025-04-29T05:37:30.655+0000] {dagbag.py:539} INFO - Filling up the DagBag from /opt/airflow/dags/kafka_stream.py
[2025-04-29T05:37:30.685+0000] {processor.py:839} INFO - DAG(s) dict_keys(['user_automation']) retrieved from /opt/airflow/dags/kafka_stream.py
[2025-04-29T05:37:30.710+0000] {logging_mixin.py:151} INFO - [2025-04-29T05:37:30.710+0000] {dag.py:2907} INFO - Sync 1 DAGs
[2025-04-29T05:37:30.726+0000] {logging_mixin.py:151} INFO - [2025-04-29T05:37:30.726+0000] {dag.py:3677} INFO - Setting next_dagrun for user_automation to 2025-04-29T00:00:00+00:00, run_after=2025-04-30T00:00:00+00:00
[2025-04-29T05:37:30.745+0000] {processor.py:179} INFO - Processing /opt/airflow/dags/kafka_stream.py took 0.095 seconds
[2025-04-29T05:38:00.937+0000] {processor.py:157} INFO - Started process (PID=4602) to work on /opt/airflow/dags/kafka_stream.py
[2025-04-29T05:38:00.938+0000] {processor.py:829} INFO - Processing file /opt/airflow/dags/kafka_stream.py for tasks to queue
[2025-04-29T05:38:00.939+0000] {logging_mixin.py:151} INFO - [2025-04-29T05:38:00.939+0000] {dagbag.py:539} INFO - Filling up the DagBag from /opt/airflow/dags/kafka_stream.py
[2025-04-29T05:38:00.972+0000] {processor.py:839} INFO - DAG(s) dict_keys(['user_automation']) retrieved from /opt/airflow/dags/kafka_stream.py
[2025-04-29T05:38:00.993+0000] {logging_mixin.py:151} INFO - [2025-04-29T05:38:00.993+0000] {dag.py:2907} INFO - Sync 1 DAGs
[2025-04-29T05:38:01.008+0000] {logging_mixin.py:151} INFO - [2025-04-29T05:38:01.008+0000] {dag.py:3677} INFO - Setting next_dagrun for user_automation to 2025-04-29T00:00:00+00:00, run_after=2025-04-30T00:00:00+00:00
[2025-04-29T05:38:01.032+0000] {processor.py:179} INFO - Processing /opt/airflow/dags/kafka_stream.py took 0.098 seconds
[2025-04-29T05:38:31.324+0000] {processor.py:157} INFO - Started process (PID=4603) to work on /opt/airflow/dags/kafka_stream.py
[2025-04-29T05:38:31.325+0000] {processor.py:829} INFO - Processing file /opt/airflow/dags/kafka_stream.py for tasks to queue
[2025-04-29T05:38:31.326+0000] {logging_mixin.py:151} INFO - [2025-04-29T05:38:31.326+0000] {dagbag.py:539} INFO - Filling up the DagBag from /opt/airflow/dags/kafka_stream.py
[2025-04-29T05:38:31.355+0000] {processor.py:839} INFO - DAG(s) dict_keys(['user_automation']) retrieved from /opt/airflow/dags/kafka_stream.py
[2025-04-29T05:38:31.380+0000] {logging_mixin.py:151} INFO - [2025-04-29T05:38:31.380+0000] {dag.py:2907} INFO - Sync 1 DAGs
[2025-04-29T05:38:31.395+0000] {logging_mixin.py:151} INFO - [2025-04-29T05:38:31.395+0000] {dag.py:3677} INFO - Setting next_dagrun for user_automation to 2025-04-29T00:00:00+00:00, run_after=2025-04-30T00:00:00+00:00
[2025-04-29T05:38:31.422+0000] {processor.py:179} INFO - Processing /opt/airflow/dags/kafka_stream.py took 0.100 seconds
[2025-04-29T05:39:01.687+0000] {processor.py:157} INFO - Started process (PID=4604) to work on /opt/airflow/dags/kafka_stream.py
[2025-04-29T05:39:01.688+0000] {processor.py:829} INFO - Processing file /opt/airflow/dags/kafka_stream.py for tasks to queue
[2025-04-29T05:39:01.689+0000] {logging_mixin.py:151} INFO - [2025-04-29T05:39:01.689+0000] {dagbag.py:539} INFO - Filling up the DagBag from /opt/airflow/dags/kafka_stream.py
[2025-04-29T05:39:01.709+0000] {processor.py:839} INFO - DAG(s) dict_keys(['user_automation']) retrieved from /opt/airflow/dags/kafka_stream.py
[2025-04-29T05:39:01.730+0000] {logging_mixin.py:151} INFO - [2025-04-29T05:39:01.730+0000] {dag.py:2907} INFO - Sync 1 DAGs
[2025-04-29T05:39:01.744+0000] {logging_mixin.py:151} INFO - [2025-04-29T05:39:01.744+0000] {dag.py:3677} INFO - Setting next_dagrun for user_automation to 2025-04-29T00:00:00+00:00, run_after=2025-04-30T00:00:00+00:00
[2025-04-29T05:39:01.775+0000] {processor.py:179} INFO - Processing /opt/airflow/dags/kafka_stream.py took 0.090 seconds
[2025-04-29T05:39:31.990+0000] {processor.py:157} INFO - Started process (PID=4605) to work on /opt/airflow/dags/kafka_stream.py
[2025-04-29T05:39:31.991+0000] {processor.py:829} INFO - Processing file /opt/airflow/dags/kafka_stream.py for tasks to queue
[2025-04-29T05:39:31.993+0000] {logging_mixin.py:151} INFO - [2025-04-29T05:39:31.992+0000] {dagbag.py:539} INFO - Filling up the DagBag from /opt/airflow/dags/kafka_stream.py
[2025-04-29T05:39:32.019+0000] {processor.py:839} INFO - DAG(s) dict_keys(['user_automation']) retrieved from /opt/airflow/dags/kafka_stream.py
[2025-04-29T05:39:32.040+0000] {logging_mixin.py:151} INFO - [2025-04-29T05:39:32.039+0000] {dag.py:2907} INFO - Sync 1 DAGs
[2025-04-29T05:39:32.055+0000] {logging_mixin.py:151} INFO - [2025-04-29T05:39:32.055+0000] {dag.py:3677} INFO - Setting next_dagrun for user_automation to 2025-04-29T00:00:00+00:00, run_after=2025-04-30T00:00:00+00:00
[2025-04-29T05:39:32.084+0000] {processor.py:179} INFO - Processing /opt/airflow/dags/kafka_stream.py took 0.098 seconds
[2025-04-29T05:40:02.319+0000] {processor.py:157} INFO - Started process (PID=4606) to work on /opt/airflow/dags/kafka_stream.py
[2025-04-29T05:40:02.321+0000] {processor.py:829} INFO - Processing file /opt/airflow/dags/kafka_stream.py for tasks to queue
[2025-04-29T05:40:02.322+0000] {logging_mixin.py:151} INFO - [2025-04-29T05:40:02.322+0000] {dagbag.py:539} INFO - Filling up the DagBag from /opt/airflow/dags/kafka_stream.py
[2025-04-29T05:40:02.350+0000] {processor.py:839} INFO - DAG(s) dict_keys(['user_automation']) retrieved from /opt/airflow/dags/kafka_stream.py
[2025-04-29T05:40:02.371+0000] {logging_mixin.py:151} INFO - [2025-04-29T05:40:02.371+0000] {dag.py:2907} INFO - Sync 1 DAGs
[2025-04-29T05:40:02.387+0000] {logging_mixin.py:151} INFO - [2025-04-29T05:40:02.387+0000] {dag.py:3677} INFO - Setting next_dagrun for user_automation to 2025-04-29T00:00:00+00:00, run_after=2025-04-30T00:00:00+00:00
[2025-04-29T05:40:02.415+0000] {processor.py:179} INFO - Processing /opt/airflow/dags/kafka_stream.py took 0.099 seconds
[2025-04-29T05:40:32.644+0000] {processor.py:157} INFO - Started process (PID=4607) to work on /opt/airflow/dags/kafka_stream.py
[2025-04-29T05:40:32.646+0000] {processor.py:829} INFO - Processing file /opt/airflow/dags/kafka_stream.py for tasks to queue
[2025-04-29T05:40:32.647+0000] {logging_mixin.py:151} INFO - [2025-04-29T05:40:32.647+0000] {dagbag.py:539} INFO - Filling up the DagBag from /opt/airflow/dags/kafka_stream.py
[2025-04-29T05:40:32.675+0000] {processor.py:839} INFO - DAG(s) dict_keys(['user_automation']) retrieved from /opt/airflow/dags/kafka_stream.py
[2025-04-29T05:40:32.699+0000] {logging_mixin.py:151} INFO - [2025-04-29T05:40:32.698+0000] {dag.py:2907} INFO - Sync 1 DAGs
[2025-04-29T05:40:32.715+0000] {logging_mixin.py:151} INFO - [2025-04-29T05:40:32.714+0000] {dag.py:3677} INFO - Setting next_dagrun for user_automation to 2025-04-29T00:00:00+00:00, run_after=2025-04-30T00:00:00+00:00
[2025-04-29T05:40:32.741+0000] {processor.py:179} INFO - Processing /opt/airflow/dags/kafka_stream.py took 0.100 seconds
[2025-04-29T05:41:03.020+0000] {processor.py:157} INFO - Started process (PID=4608) to work on /opt/airflow/dags/kafka_stream.py
[2025-04-29T05:41:03.022+0000] {processor.py:829} INFO - Processing file /opt/airflow/dags/kafka_stream.py for tasks to queue
[2025-04-29T05:41:03.023+0000] {logging_mixin.py:151} INFO - [2025-04-29T05:41:03.023+0000] {dagbag.py:539} INFO - Filling up the DagBag from /opt/airflow/dags/kafka_stream.py
[2025-04-29T05:41:03.051+0000] {processor.py:839} INFO - DAG(s) dict_keys(['user_automation']) retrieved from /opt/airflow/dags/kafka_stream.py
[2025-04-29T05:41:03.074+0000] {logging_mixin.py:151} INFO - [2025-04-29T05:41:03.074+0000] {dag.py:2907} INFO - Sync 1 DAGs
[2025-04-29T05:41:03.090+0000] {logging_mixin.py:151} INFO - [2025-04-29T05:41:03.090+0000] {dag.py:3677} INFO - Setting next_dagrun for user_automation to 2025-04-29T00:00:00+00:00, run_after=2025-04-30T00:00:00+00:00
[2025-04-29T05:41:03.119+0000] {processor.py:179} INFO - Processing /opt/airflow/dags/kafka_stream.py took 0.101 seconds
[2025-04-29T05:41:33.409+0000] {processor.py:157} INFO - Started process (PID=4609) to work on /opt/airflow/dags/kafka_stream.py
[2025-04-29T05:41:33.410+0000] {processor.py:829} INFO - Processing file /opt/airflow/dags/kafka_stream.py for tasks to queue
[2025-04-29T05:41:33.411+0000] {logging_mixin.py:151} INFO - [2025-04-29T05:41:33.411+0000] {dagbag.py:539} INFO - Filling up the DagBag from /opt/airflow/dags/kafka_stream.py
[2025-04-29T05:41:33.441+0000] {processor.py:839} INFO - DAG(s) dict_keys(['user_automation']) retrieved from /opt/airflow/dags/kafka_stream.py
[2025-04-29T05:41:33.461+0000] {logging_mixin.py:151} INFO - [2025-04-29T05:41:33.460+0000] {dag.py:2907} INFO - Sync 1 DAGs
[2025-04-29T05:41:33.474+0000] {logging_mixin.py:151} INFO - [2025-04-29T05:41:33.474+0000] {dag.py:3677} INFO - Setting next_dagrun for user_automation to 2025-04-29T00:00:00+00:00, run_after=2025-04-30T00:00:00+00:00
[2025-04-29T05:41:33.506+0000] {processor.py:179} INFO - Processing /opt/airflow/dags/kafka_stream.py took 0.100 seconds
[2025-04-29T05:42:03.759+0000] {processor.py:157} INFO - Started process (PID=4610) to work on /opt/airflow/dags/kafka_stream.py
[2025-04-29T05:42:03.760+0000] {processor.py:829} INFO - Processing file /opt/airflow/dags/kafka_stream.py for tasks to queue
[2025-04-29T05:42:03.761+0000] {logging_mixin.py:151} INFO - [2025-04-29T05:42:03.761+0000] {dagbag.py:539} INFO - Filling up the DagBag from /opt/airflow/dags/kafka_stream.py
[2025-04-29T05:42:03.788+0000] {processor.py:839} INFO - DAG(s) dict_keys(['user_automation']) retrieved from /opt/airflow/dags/kafka_stream.py
[2025-04-29T05:42:03.811+0000] {logging_mixin.py:151} INFO - [2025-04-29T05:42:03.811+0000] {dag.py:2907} INFO - Sync 1 DAGs
[2025-04-29T05:42:03.829+0000] {logging_mixin.py:151} INFO - [2025-04-29T05:42:03.829+0000] {dag.py:3677} INFO - Setting next_dagrun for user_automation to 2025-04-29T00:00:00+00:00, run_after=2025-04-30T00:00:00+00:00
[2025-04-29T05:42:03.851+0000] {processor.py:179} INFO - Processing /opt/airflow/dags/kafka_stream.py took 0.095 seconds
[2025-04-29T05:42:34.131+0000] {processor.py:157} INFO - Started process (PID=4611) to work on /opt/airflow/dags/kafka_stream.py
[2025-04-29T05:42:34.132+0000] {processor.py:829} INFO - Processing file /opt/airflow/dags/kafka_stream.py for tasks to queue
[2025-04-29T05:42:34.134+0000] {logging_mixin.py:151} INFO - [2025-04-29T05:42:34.133+0000] {dagbag.py:539} INFO - Filling up the DagBag from /opt/airflow/dags/kafka_stream.py
[2025-04-29T05:42:34.168+0000] {processor.py:839} INFO - DAG(s) dict_keys(['user_automation']) retrieved from /opt/airflow/dags/kafka_stream.py
[2025-04-29T05:42:34.191+0000] {logging_mixin.py:151} INFO - [2025-04-29T05:42:34.190+0000] {dag.py:2907} INFO - Sync 1 DAGs
[2025-04-29T05:42:34.208+0000] {logging_mixin.py:151} INFO - [2025-04-29T05:42:34.208+0000] {dag.py:3677} INFO - Setting next_dagrun for user_automation to 2025-04-29T00:00:00+00:00, run_after=2025-04-30T00:00:00+00:00
[2025-04-29T05:42:34.227+0000] {processor.py:179} INFO - Processing /opt/airflow/dags/kafka_stream.py took 0.100 seconds
[2025-04-29T05:43:04.465+0000] {processor.py:157} INFO - Started process (PID=4612) to work on /opt/airflow/dags/kafka_stream.py
[2025-04-29T05:43:04.466+0000] {processor.py:829} INFO - Processing file /opt/airflow/dags/kafka_stream.py for tasks to queue
[2025-04-29T05:43:04.468+0000] {logging_mixin.py:151} INFO - [2025-04-29T05:43:04.468+0000] {dagbag.py:539} INFO - Filling up the DagBag from /opt/airflow/dags/kafka_stream.py
[2025-04-29T05:43:04.498+0000] {processor.py:839} INFO - DAG(s) dict_keys(['user_automation']) retrieved from /opt/airflow/dags/kafka_stream.py
[2025-04-29T05:43:04.519+0000] {logging_mixin.py:151} INFO - [2025-04-29T05:43:04.519+0000] {dag.py:2907} INFO - Sync 1 DAGs
[2025-04-29T05:43:04.534+0000] {logging_mixin.py:151} INFO - [2025-04-29T05:43:04.534+0000] {dag.py:3677} INFO - Setting next_dagrun for user_automation to 2025-04-29T00:00:00+00:00, run_after=2025-04-30T00:00:00+00:00
[2025-04-29T05:43:04.563+0000] {processor.py:179} INFO - Processing /opt/airflow/dags/kafka_stream.py took 0.102 seconds
[2025-04-29T05:43:34.891+0000] {processor.py:157} INFO - Started process (PID=4613) to work on /opt/airflow/dags/kafka_stream.py
[2025-04-29T05:43:34.892+0000] {processor.py:829} INFO - Processing file /opt/airflow/dags/kafka_stream.py for tasks to queue
[2025-04-29T05:43:34.894+0000] {logging_mixin.py:151} INFO - [2025-04-29T05:43:34.893+0000] {dagbag.py:539} INFO - Filling up the DagBag from /opt/airflow/dags/kafka_stream.py
[2025-04-29T05:43:34.935+0000] {processor.py:839} INFO - DAG(s) dict_keys(['user_automation']) retrieved from /opt/airflow/dags/kafka_stream.py
[2025-04-29T05:43:34.955+0000] {logging_mixin.py:151} INFO - [2025-04-29T05:43:34.955+0000] {dag.py:2907} INFO - Sync 1 DAGs
[2025-04-29T05:43:34.971+0000] {logging_mixin.py:151} INFO - [2025-04-29T05:43:34.971+0000] {dag.py:3677} INFO - Setting next_dagrun for user_automation to 2025-04-29T00:00:00+00:00, run_after=2025-04-30T00:00:00+00:00
[2025-04-29T05:43:34.998+0000] {processor.py:179} INFO - Processing /opt/airflow/dags/kafka_stream.py took 0.109 seconds
[2025-04-29T05:44:05.217+0000] {processor.py:157} INFO - Started process (PID=4614) to work on /opt/airflow/dags/kafka_stream.py
[2025-04-29T05:44:05.218+0000] {processor.py:829} INFO - Processing file /opt/airflow/dags/kafka_stream.py for tasks to queue
[2025-04-29T05:44:05.219+0000] {logging_mixin.py:151} INFO - [2025-04-29T05:44:05.219+0000] {dagbag.py:539} INFO - Filling up the DagBag from /opt/airflow/dags/kafka_stream.py
[2025-04-29T05:44:05.251+0000] {processor.py:839} INFO - DAG(s) dict_keys(['user_automation']) retrieved from /opt/airflow/dags/kafka_stream.py
[2025-04-29T05:44:05.270+0000] {logging_mixin.py:151} INFO - [2025-04-29T05:44:05.270+0000] {dag.py:2907} INFO - Sync 1 DAGs
[2025-04-29T05:44:05.285+0000] {logging_mixin.py:151} INFO - [2025-04-29T05:44:05.285+0000] {dag.py:3677} INFO - Setting next_dagrun for user_automation to 2025-04-29T00:00:00+00:00, run_after=2025-04-30T00:00:00+00:00
[2025-04-29T05:44:05.305+0000] {processor.py:179} INFO - Processing /opt/airflow/dags/kafka_stream.py took 0.092 seconds
[2025-04-29T05:44:35.614+0000] {processor.py:157} INFO - Started process (PID=4615) to work on /opt/airflow/dags/kafka_stream.py
[2025-04-29T05:44:35.615+0000] {processor.py:829} INFO - Processing file /opt/airflow/dags/kafka_stream.py for tasks to queue
[2025-04-29T05:44:35.617+0000] {logging_mixin.py:151} INFO - [2025-04-29T05:44:35.616+0000] {dagbag.py:539} INFO - Filling up the DagBag from /opt/airflow/dags/kafka_stream.py
[2025-04-29T05:44:35.642+0000] {processor.py:839} INFO - DAG(s) dict_keys(['user_automation']) retrieved from /opt/airflow/dags/kafka_stream.py
[2025-04-29T05:44:35.661+0000] {logging_mixin.py:151} INFO - [2025-04-29T05:44:35.661+0000] {dag.py:2907} INFO - Sync 1 DAGs
[2025-04-29T05:44:35.675+0000] {logging_mixin.py:151} INFO - [2025-04-29T05:44:35.675+0000] {dag.py:3677} INFO - Setting next_dagrun for user_automation to 2025-04-29T00:00:00+00:00, run_after=2025-04-30T00:00:00+00:00
[2025-04-29T05:44:35.703+0000] {processor.py:179} INFO - Processing /opt/airflow/dags/kafka_stream.py took 0.091 seconds
[2025-04-29T05:45:05.940+0000] {processor.py:157} INFO - Started process (PID=4616) to work on /opt/airflow/dags/kafka_stream.py
[2025-04-29T05:45:05.942+0000] {processor.py:829} INFO - Processing file /opt/airflow/dags/kafka_stream.py for tasks to queue
[2025-04-29T05:45:05.944+0000] {logging_mixin.py:151} INFO - [2025-04-29T05:45:05.943+0000] {dagbag.py:539} INFO - Filling up the DagBag from /opt/airflow/dags/kafka_stream.py
[2025-04-29T05:45:05.974+0000] {processor.py:839} INFO - DAG(s) dict_keys(['user_automation']) retrieved from /opt/airflow/dags/kafka_stream.py
[2025-04-29T05:45:05.995+0000] {logging_mixin.py:151} INFO - [2025-04-29T05:45:05.994+0000] {dag.py:2907} INFO - Sync 1 DAGs
[2025-04-29T05:45:06.009+0000] {logging_mixin.py:151} INFO - [2025-04-29T05:45:06.009+0000] {dag.py:3677} INFO - Setting next_dagrun for user_automation to 2025-04-29T00:00:00+00:00, run_after=2025-04-30T00:00:00+00:00
[2025-04-29T05:45:06.040+0000] {processor.py:179} INFO - Processing /opt/airflow/dags/kafka_stream.py took 0.104 seconds
[2025-04-29T05:45:36.319+0000] {processor.py:157} INFO - Started process (PID=4617) to work on /opt/airflow/dags/kafka_stream.py
[2025-04-29T05:45:36.320+0000] {processor.py:829} INFO - Processing file /opt/airflow/dags/kafka_stream.py for tasks to queue
[2025-04-29T05:45:36.321+0000] {logging_mixin.py:151} INFO - [2025-04-29T05:45:36.321+0000] {dagbag.py:539} INFO - Filling up the DagBag from /opt/airflow/dags/kafka_stream.py
[2025-04-29T05:45:36.350+0000] {processor.py:839} INFO - DAG(s) dict_keys(['user_automation']) retrieved from /opt/airflow/dags/kafka_stream.py
[2025-04-29T05:45:36.370+0000] {logging_mixin.py:151} INFO - [2025-04-29T05:45:36.370+0000] {dag.py:2907} INFO - Sync 1 DAGs
[2025-04-29T05:45:36.386+0000] {logging_mixin.py:151} INFO - [2025-04-29T05:45:36.386+0000] {dag.py:3677} INFO - Setting next_dagrun for user_automation to 2025-04-29T00:00:00+00:00, run_after=2025-04-30T00:00:00+00:00
[2025-04-29T05:45:36.408+0000] {processor.py:179} INFO - Processing /opt/airflow/dags/kafka_stream.py took 0.092 seconds
[2025-04-29T05:46:06.643+0000] {processor.py:157} INFO - Started process (PID=4618) to work on /opt/airflow/dags/kafka_stream.py
[2025-04-29T05:46:06.645+0000] {processor.py:829} INFO - Processing file /opt/airflow/dags/kafka_stream.py for tasks to queue
[2025-04-29T05:46:06.646+0000] {logging_mixin.py:151} INFO - [2025-04-29T05:46:06.646+0000] {dagbag.py:539} INFO - Filling up the DagBag from /opt/airflow/dags/kafka_stream.py
[2025-04-29T05:46:06.672+0000] {processor.py:839} INFO - DAG(s) dict_keys(['user_automation']) retrieved from /opt/airflow/dags/kafka_stream.py
[2025-04-29T05:46:06.696+0000] {logging_mixin.py:151} INFO - [2025-04-29T05:46:06.696+0000] {dag.py:2907} INFO - Sync 1 DAGs
[2025-04-29T05:46:06.710+0000] {logging_mixin.py:151} INFO - [2025-04-29T05:46:06.710+0000] {dag.py:3677} INFO - Setting next_dagrun for user_automation to 2025-04-29T00:00:00+00:00, run_after=2025-04-30T00:00:00+00:00
[2025-04-29T05:46:06.730+0000] {processor.py:179} INFO - Processing /opt/airflow/dags/kafka_stream.py took 0.089 seconds
[2025-04-29T05:46:37.088+0000] {processor.py:157} INFO - Started process (PID=4619) to work on /opt/airflow/dags/kafka_stream.py
[2025-04-29T05:46:37.089+0000] {processor.py:829} INFO - Processing file /opt/airflow/dags/kafka_stream.py for tasks to queue
[2025-04-29T05:46:37.091+0000] {logging_mixin.py:151} INFO - [2025-04-29T05:46:37.090+0000] {dagbag.py:539} INFO - Filling up the DagBag from /opt/airflow/dags/kafka_stream.py
[2025-04-29T05:46:37.121+0000] {processor.py:839} INFO - DAG(s) dict_keys(['user_automation']) retrieved from /opt/airflow/dags/kafka_stream.py
[2025-04-29T05:46:37.141+0000] {logging_mixin.py:151} INFO - [2025-04-29T05:46:37.141+0000] {dag.py:2907} INFO - Sync 1 DAGs
[2025-04-29T05:46:37.157+0000] {logging_mixin.py:151} INFO - [2025-04-29T05:46:37.157+0000] {dag.py:3677} INFO - Setting next_dagrun for user_automation to 2025-04-29T00:00:00+00:00, run_after=2025-04-30T00:00:00+00:00
[2025-04-29T05:46:37.179+0000] {processor.py:179} INFO - Processing /opt/airflow/dags/kafka_stream.py took 0.093 seconds
[2025-04-29T05:47:07.370+0000] {processor.py:157} INFO - Started process (PID=4620) to work on /opt/airflow/dags/kafka_stream.py
[2025-04-29T05:47:07.371+0000] {processor.py:829} INFO - Processing file /opt/airflow/dags/kafka_stream.py for tasks to queue
[2025-04-29T05:47:07.373+0000] {logging_mixin.py:151} INFO - [2025-04-29T05:47:07.372+0000] {dagbag.py:539} INFO - Filling up the DagBag from /opt/airflow/dags/kafka_stream.py
[2025-04-29T05:47:07.396+0000] {processor.py:839} INFO - DAG(s) dict_keys(['user_automation']) retrieved from /opt/airflow/dags/kafka_stream.py
[2025-04-29T05:47:07.420+0000] {logging_mixin.py:151} INFO - [2025-04-29T05:47:07.420+0000] {dag.py:2907} INFO - Sync 1 DAGs
[2025-04-29T05:47:07.436+0000] {logging_mixin.py:151} INFO - [2025-04-29T05:47:07.436+0000] {dag.py:3677} INFO - Setting next_dagrun for user_automation to 2025-04-29T00:00:00+00:00, run_after=2025-04-30T00:00:00+00:00
[2025-04-29T05:47:07.465+0000] {processor.py:179} INFO - Processing /opt/airflow/dags/kafka_stream.py took 0.098 seconds
[2025-04-29T05:47:37.766+0000] {processor.py:157} INFO - Started process (PID=4621) to work on /opt/airflow/dags/kafka_stream.py
[2025-04-29T05:47:37.767+0000] {processor.py:829} INFO - Processing file /opt/airflow/dags/kafka_stream.py for tasks to queue
[2025-04-29T05:47:37.768+0000] {logging_mixin.py:151} INFO - [2025-04-29T05:47:37.768+0000] {dagbag.py:539} INFO - Filling up the DagBag from /opt/airflow/dags/kafka_stream.py
[2025-04-29T05:47:37.796+0000] {processor.py:839} INFO - DAG(s) dict_keys(['user_automation']) retrieved from /opt/airflow/dags/kafka_stream.py
[2025-04-29T05:47:37.814+0000] {logging_mixin.py:151} INFO - [2025-04-29T05:47:37.814+0000] {dag.py:2907} INFO - Sync 1 DAGs
[2025-04-29T05:47:37.828+0000] {logging_mixin.py:151} INFO - [2025-04-29T05:47:37.828+0000] {dag.py:3677} INFO - Setting next_dagrun for user_automation to 2025-04-29T00:00:00+00:00, run_after=2025-04-30T00:00:00+00:00
[2025-04-29T05:47:37.856+0000] {processor.py:179} INFO - Processing /opt/airflow/dags/kafka_stream.py took 0.093 seconds
[2025-04-29T05:48:08.107+0000] {processor.py:157} INFO - Started process (PID=4622) to work on /opt/airflow/dags/kafka_stream.py
[2025-04-29T05:48:08.109+0000] {processor.py:829} INFO - Processing file /opt/airflow/dags/kafka_stream.py for tasks to queue
[2025-04-29T05:48:08.110+0000] {logging_mixin.py:151} INFO - [2025-04-29T05:48:08.110+0000] {dagbag.py:539} INFO - Filling up the DagBag from /opt/airflow/dags/kafka_stream.py
[2025-04-29T05:48:08.140+0000] {processor.py:839} INFO - DAG(s) dict_keys(['user_automation']) retrieved from /opt/airflow/dags/kafka_stream.py
[2025-04-29T05:48:08.158+0000] {logging_mixin.py:151} INFO - [2025-04-29T05:48:08.158+0000] {dag.py:2907} INFO - Sync 1 DAGs
[2025-04-29T05:48:08.174+0000] {logging_mixin.py:151} INFO - [2025-04-29T05:48:08.174+0000] {dag.py:3677} INFO - Setting next_dagrun for user_automation to 2025-04-29T00:00:00+00:00, run_after=2025-04-30T00:00:00+00:00
[2025-04-29T05:48:08.193+0000] {processor.py:179} INFO - Processing /opt/airflow/dags/kafka_stream.py took 0.088 seconds
[2025-04-29T05:48:38.449+0000] {processor.py:157} INFO - Started process (PID=4623) to work on /opt/airflow/dags/kafka_stream.py
[2025-04-29T05:48:38.451+0000] {processor.py:829} INFO - Processing file /opt/airflow/dags/kafka_stream.py for tasks to queue
[2025-04-29T05:48:38.452+0000] {logging_mixin.py:151} INFO - [2025-04-29T05:48:38.452+0000] {dagbag.py:539} INFO - Filling up the DagBag from /opt/airflow/dags/kafka_stream.py
[2025-04-29T05:48:38.480+0000] {processor.py:839} INFO - DAG(s) dict_keys(['user_automation']) retrieved from /opt/airflow/dags/kafka_stream.py
[2025-04-29T05:48:38.502+0000] {logging_mixin.py:151} INFO - [2025-04-29T05:48:38.502+0000] {dag.py:2907} INFO - Sync 1 DAGs
[2025-04-29T05:48:38.519+0000] {logging_mixin.py:151} INFO - [2025-04-29T05:48:38.519+0000] {dag.py:3677} INFO - Setting next_dagrun for user_automation to 2025-04-29T00:00:00+00:00, run_after=2025-04-30T00:00:00+00:00
[2025-04-29T05:48:38.542+0000] {processor.py:179} INFO - Processing /opt/airflow/dags/kafka_stream.py took 0.097 seconds
[2025-04-29T05:49:08.841+0000] {processor.py:157} INFO - Started process (PID=4624) to work on /opt/airflow/dags/kafka_stream.py
[2025-04-29T05:49:08.842+0000] {processor.py:829} INFO - Processing file /opt/airflow/dags/kafka_stream.py for tasks to queue
[2025-04-29T05:49:08.844+0000] {logging_mixin.py:151} INFO - [2025-04-29T05:49:08.843+0000] {dagbag.py:539} INFO - Filling up the DagBag from /opt/airflow/dags/kafka_stream.py
[2025-04-29T05:49:08.877+0000] {processor.py:839} INFO - DAG(s) dict_keys(['user_automation']) retrieved from /opt/airflow/dags/kafka_stream.py
[2025-04-29T05:49:08.898+0000] {logging_mixin.py:151} INFO - [2025-04-29T05:49:08.898+0000] {dag.py:2907} INFO - Sync 1 DAGs
[2025-04-29T05:49:08.913+0000] {logging_mixin.py:151} INFO - [2025-04-29T05:49:08.913+0000] {dag.py:3677} INFO - Setting next_dagrun for user_automation to 2025-04-29T00:00:00+00:00, run_after=2025-04-30T00:00:00+00:00
[2025-04-29T05:49:08.941+0000] {processor.py:179} INFO - Processing /opt/airflow/dags/kafka_stream.py took 0.103 seconds
[2025-04-29T05:49:39.160+0000] {processor.py:157} INFO - Started process (PID=4625) to work on /opt/airflow/dags/kafka_stream.py
[2025-04-29T05:49:39.161+0000] {processor.py:829} INFO - Processing file /opt/airflow/dags/kafka_stream.py for tasks to queue
[2025-04-29T05:49:39.163+0000] {logging_mixin.py:151} INFO - [2025-04-29T05:49:39.163+0000] {dagbag.py:539} INFO - Filling up the DagBag from /opt/airflow/dags/kafka_stream.py
[2025-04-29T05:49:39.191+0000] {processor.py:839} INFO - DAG(s) dict_keys(['user_automation']) retrieved from /opt/airflow/dags/kafka_stream.py
[2025-04-29T05:49:39.214+0000] {logging_mixin.py:151} INFO - [2025-04-29T05:49:39.214+0000] {dag.py:2907} INFO - Sync 1 DAGs
[2025-04-29T05:49:39.228+0000] {logging_mixin.py:151} INFO - [2025-04-29T05:49:39.228+0000] {dag.py:3677} INFO - Setting next_dagrun for user_automation to 2025-04-29T00:00:00+00:00, run_after=2025-04-30T00:00:00+00:00
[2025-04-29T05:49:39.247+0000] {processor.py:179} INFO - Processing /opt/airflow/dags/kafka_stream.py took 0.090 seconds
[2025-04-29T05:50:09.512+0000] {processor.py:157} INFO - Started process (PID=4626) to work on /opt/airflow/dags/kafka_stream.py
[2025-04-29T05:50:09.513+0000] {processor.py:829} INFO - Processing file /opt/airflow/dags/kafka_stream.py for tasks to queue
[2025-04-29T05:50:09.515+0000] {logging_mixin.py:151} INFO - [2025-04-29T05:50:09.514+0000] {dagbag.py:539} INFO - Filling up the DagBag from /opt/airflow/dags/kafka_stream.py
[2025-04-29T05:50:09.543+0000] {processor.py:839} INFO - DAG(s) dict_keys(['user_automation']) retrieved from /opt/airflow/dags/kafka_stream.py
[2025-04-29T05:50:09.568+0000] {logging_mixin.py:151} INFO - [2025-04-29T05:50:09.568+0000] {dag.py:2907} INFO - Sync 1 DAGs
[2025-04-29T05:50:09.583+0000] {logging_mixin.py:151} INFO - [2025-04-29T05:50:09.583+0000] {dag.py:3677} INFO - Setting next_dagrun for user_automation to 2025-04-29T00:00:00+00:00, run_after=2025-04-30T00:00:00+00:00
[2025-04-29T05:50:09.601+0000] {processor.py:179} INFO - Processing /opt/airflow/dags/kafka_stream.py took 0.091 seconds
[2025-04-29T05:50:39.841+0000] {processor.py:157} INFO - Started process (PID=4627) to work on /opt/airflow/dags/kafka_stream.py
[2025-04-29T05:50:39.842+0000] {processor.py:829} INFO - Processing file /opt/airflow/dags/kafka_stream.py for tasks to queue
[2025-04-29T05:50:39.844+0000] {logging_mixin.py:151} INFO - [2025-04-29T05:50:39.843+0000] {dagbag.py:539} INFO - Filling up the DagBag from /opt/airflow/dags/kafka_stream.py
[2025-04-29T05:50:39.874+0000] {processor.py:839} INFO - DAG(s) dict_keys(['user_automation']) retrieved from /opt/airflow/dags/kafka_stream.py
[2025-04-29T05:50:39.894+0000] {logging_mixin.py:151} INFO - [2025-04-29T05:50:39.893+0000] {dag.py:2907} INFO - Sync 1 DAGs
[2025-04-29T05:50:39.908+0000] {logging_mixin.py:151} INFO - [2025-04-29T05:50:39.908+0000] {dag.py:3677} INFO - Setting next_dagrun for user_automation to 2025-04-29T00:00:00+00:00, run_after=2025-04-30T00:00:00+00:00
[2025-04-29T05:50:39.930+0000] {processor.py:179} INFO - Processing /opt/airflow/dags/kafka_stream.py took 0.093 seconds
[2025-04-29T05:51:10.167+0000] {processor.py:157} INFO - Started process (PID=4628) to work on /opt/airflow/dags/kafka_stream.py
[2025-04-29T05:51:10.168+0000] {processor.py:829} INFO - Processing file /opt/airflow/dags/kafka_stream.py for tasks to queue
[2025-04-29T05:51:10.169+0000] {logging_mixin.py:151} INFO - [2025-04-29T05:51:10.169+0000] {dagbag.py:539} INFO - Filling up the DagBag from /opt/airflow/dags/kafka_stream.py
[2025-04-29T05:51:10.201+0000] {processor.py:839} INFO - DAG(s) dict_keys(['user_automation']) retrieved from /opt/airflow/dags/kafka_stream.py
[2025-04-29T05:51:10.222+0000] {logging_mixin.py:151} INFO - [2025-04-29T05:51:10.221+0000] {dag.py:2907} INFO - Sync 1 DAGs
[2025-04-29T05:51:10.236+0000] {logging_mixin.py:151} INFO - [2025-04-29T05:51:10.236+0000] {dag.py:3677} INFO - Setting next_dagrun for user_automation to 2025-04-29T00:00:00+00:00, run_after=2025-04-30T00:00:00+00:00
[2025-04-29T05:51:10.255+0000] {processor.py:179} INFO - Processing /opt/airflow/dags/kafka_stream.py took 0.091 seconds
[2025-04-29T05:51:40.642+0000] {processor.py:157} INFO - Started process (PID=4629) to work on /opt/airflow/dags/kafka_stream.py
[2025-04-29T05:51:40.643+0000] {processor.py:829} INFO - Processing file /opt/airflow/dags/kafka_stream.py for tasks to queue
[2025-04-29T05:51:40.645+0000] {logging_mixin.py:151} INFO - [2025-04-29T05:51:40.644+0000] {dagbag.py:539} INFO - Filling up the DagBag from /opt/airflow/dags/kafka_stream.py
[2025-04-29T05:51:40.674+0000] {processor.py:839} INFO - DAG(s) dict_keys(['user_automation']) retrieved from /opt/airflow/dags/kafka_stream.py
[2025-04-29T05:51:40.697+0000] {logging_mixin.py:151} INFO - [2025-04-29T05:51:40.697+0000] {dag.py:2907} INFO - Sync 1 DAGs
[2025-04-29T05:51:40.712+0000] {logging_mixin.py:151} INFO - [2025-04-29T05:51:40.712+0000] {dag.py:3677} INFO - Setting next_dagrun for user_automation to 2025-04-29T00:00:00+00:00, run_after=2025-04-30T00:00:00+00:00
[2025-04-29T05:51:40.730+0000] {processor.py:179} INFO - Processing /opt/airflow/dags/kafka_stream.py took 0.092 seconds
[2025-04-29T05:52:10.999+0000] {processor.py:157} INFO - Started process (PID=4630) to work on /opt/airflow/dags/kafka_stream.py
[2025-04-29T05:52:11.001+0000] {processor.py:829} INFO - Processing file /opt/airflow/dags/kafka_stream.py for tasks to queue
[2025-04-29T05:52:11.002+0000] {logging_mixin.py:151} INFO - [2025-04-29T05:52:11.002+0000] {dagbag.py:539} INFO - Filling up the DagBag from /opt/airflow/dags/kafka_stream.py
[2025-04-29T05:52:11.037+0000] {processor.py:839} INFO - DAG(s) dict_keys(['user_automation']) retrieved from /opt/airflow/dags/kafka_stream.py
[2025-04-29T05:52:11.056+0000] {logging_mixin.py:151} INFO - [2025-04-29T05:52:11.056+0000] {dag.py:2907} INFO - Sync 1 DAGs
[2025-04-29T05:52:11.070+0000] {logging_mixin.py:151} INFO - [2025-04-29T05:52:11.070+0000] {dag.py:3677} INFO - Setting next_dagrun for user_automation to 2025-04-29T00:00:00+00:00, run_after=2025-04-30T00:00:00+00:00
[2025-04-29T05:52:11.089+0000] {processor.py:179} INFO - Processing /opt/airflow/dags/kafka_stream.py took 0.094 seconds
[2025-04-29T05:52:41.366+0000] {processor.py:157} INFO - Started process (PID=4631) to work on /opt/airflow/dags/kafka_stream.py
[2025-04-29T05:52:41.367+0000] {processor.py:829} INFO - Processing file /opt/airflow/dags/kafka_stream.py for tasks to queue
[2025-04-29T05:52:41.368+0000] {logging_mixin.py:151} INFO - [2025-04-29T05:52:41.368+0000] {dagbag.py:539} INFO - Filling up the DagBag from /opt/airflow/dags/kafka_stream.py
[2025-04-29T05:52:41.393+0000] {processor.py:839} INFO - DAG(s) dict_keys(['user_automation']) retrieved from /opt/airflow/dags/kafka_stream.py
[2025-04-29T05:52:41.414+0000] {logging_mixin.py:151} INFO - [2025-04-29T05:52:41.414+0000] {dag.py:2907} INFO - Sync 1 DAGs
[2025-04-29T05:52:41.431+0000] {logging_mixin.py:151} INFO - [2025-04-29T05:52:41.430+0000] {dag.py:3677} INFO - Setting next_dagrun for user_automation to 2025-04-29T00:00:00+00:00, run_after=2025-04-30T00:00:00+00:00
[2025-04-29T05:52:41.460+0000] {processor.py:179} INFO - Processing /opt/airflow/dags/kafka_stream.py took 0.097 seconds
[2025-04-29T05:53:11.700+0000] {processor.py:157} INFO - Started process (PID=4632) to work on /opt/airflow/dags/kafka_stream.py
[2025-04-29T05:53:11.701+0000] {processor.py:829} INFO - Processing file /opt/airflow/dags/kafka_stream.py for tasks to queue
[2025-04-29T05:53:11.702+0000] {logging_mixin.py:151} INFO - [2025-04-29T05:53:11.702+0000] {dagbag.py:539} INFO - Filling up the DagBag from /opt/airflow/dags/kafka_stream.py
[2025-04-29T05:53:11.759+0000] {processor.py:839} INFO - DAG(s) dict_keys(['user_automation']) retrieved from /opt/airflow/dags/kafka_stream.py
[2025-04-29T05:53:11.779+0000] {logging_mixin.py:151} INFO - [2025-04-29T05:53:11.779+0000] {dag.py:2907} INFO - Sync 1 DAGs
[2025-04-29T05:53:11.793+0000] {logging_mixin.py:151} INFO - [2025-04-29T05:53:11.793+0000] {dag.py:3677} INFO - Setting next_dagrun for user_automation to 2025-04-29T00:00:00+00:00, run_after=2025-04-30T00:00:00+00:00
[2025-04-29T05:53:11.813+0000] {processor.py:179} INFO - Processing /opt/airflow/dags/kafka_stream.py took 0.116 seconds
[2025-04-29T05:53:42.065+0000] {processor.py:157} INFO - Started process (PID=4633) to work on /opt/airflow/dags/kafka_stream.py
[2025-04-29T05:53:42.067+0000] {processor.py:829} INFO - Processing file /opt/airflow/dags/kafka_stream.py for tasks to queue
[2025-04-29T05:53:42.068+0000] {logging_mixin.py:151} INFO - [2025-04-29T05:53:42.068+0000] {dagbag.py:539} INFO - Filling up the DagBag from /opt/airflow/dags/kafka_stream.py
[2025-04-29T05:53:42.092+0000] {processor.py:839} INFO - DAG(s) dict_keys(['user_automation']) retrieved from /opt/airflow/dags/kafka_stream.py
[2025-04-29T05:53:42.110+0000] {logging_mixin.py:151} INFO - [2025-04-29T05:53:42.110+0000] {dag.py:2907} INFO - Sync 1 DAGs
[2025-04-29T05:53:42.125+0000] {logging_mixin.py:151} INFO - [2025-04-29T05:53:42.124+0000] {dag.py:3677} INFO - Setting next_dagrun for user_automation to 2025-04-29T00:00:00+00:00, run_after=2025-04-30T00:00:00+00:00
[2025-04-29T05:53:42.143+0000] {processor.py:179} INFO - Processing /opt/airflow/dags/kafka_stream.py took 0.082 seconds
[2025-04-29T05:54:12.437+0000] {processor.py:157} INFO - Started process (PID=4634) to work on /opt/airflow/dags/kafka_stream.py
[2025-04-29T05:54:12.438+0000] {processor.py:829} INFO - Processing file /opt/airflow/dags/kafka_stream.py for tasks to queue
[2025-04-29T05:54:12.439+0000] {logging_mixin.py:151} INFO - [2025-04-29T05:54:12.439+0000] {dagbag.py:539} INFO - Filling up the DagBag from /opt/airflow/dags/kafka_stream.py
[2025-04-29T05:54:12.470+0000] {processor.py:839} INFO - DAG(s) dict_keys(['user_automation']) retrieved from /opt/airflow/dags/kafka_stream.py
[2025-04-29T05:54:12.489+0000] {logging_mixin.py:151} INFO - [2025-04-29T05:54:12.489+0000] {dag.py:2907} INFO - Sync 1 DAGs
[2025-04-29T05:54:12.503+0000] {logging_mixin.py:151} INFO - [2025-04-29T05:54:12.503+0000] {dag.py:3677} INFO - Setting next_dagrun for user_automation to 2025-04-29T00:00:00+00:00, run_after=2025-04-30T00:00:00+00:00
[2025-04-29T05:54:12.528+0000] {processor.py:179} INFO - Processing /opt/airflow/dags/kafka_stream.py took 0.094 seconds
[2025-04-29T05:54:42.755+0000] {processor.py:157} INFO - Started process (PID=4635) to work on /opt/airflow/dags/kafka_stream.py
[2025-04-29T05:54:42.756+0000] {processor.py:829} INFO - Processing file /opt/airflow/dags/kafka_stream.py for tasks to queue
[2025-04-29T05:54:42.757+0000] {logging_mixin.py:151} INFO - [2025-04-29T05:54:42.757+0000] {dagbag.py:539} INFO - Filling up the DagBag from /opt/airflow/dags/kafka_stream.py
[2025-04-29T05:54:42.789+0000] {processor.py:839} INFO - DAG(s) dict_keys(['user_automation']) retrieved from /opt/airflow/dags/kafka_stream.py
[2025-04-29T05:54:42.809+0000] {logging_mixin.py:151} INFO - [2025-04-29T05:54:42.809+0000] {dag.py:2907} INFO - Sync 1 DAGs
[2025-04-29T05:54:42.824+0000] {logging_mixin.py:151} INFO - [2025-04-29T05:54:42.824+0000] {dag.py:3677} INFO - Setting next_dagrun for user_automation to 2025-04-29T00:00:00+00:00, run_after=2025-04-30T00:00:00+00:00
[2025-04-29T05:54:42.841+0000] {processor.py:179} INFO - Processing /opt/airflow/dags/kafka_stream.py took 0.089 seconds
[2025-04-29T05:55:13.139+0000] {processor.py:157} INFO - Started process (PID=4636) to work on /opt/airflow/dags/kafka_stream.py
[2025-04-29T05:55:13.140+0000] {processor.py:829} INFO - Processing file /opt/airflow/dags/kafka_stream.py for tasks to queue
[2025-04-29T05:55:13.141+0000] {logging_mixin.py:151} INFO - [2025-04-29T05:55:13.141+0000] {dagbag.py:539} INFO - Filling up the DagBag from /opt/airflow/dags/kafka_stream.py
[2025-04-29T05:55:13.168+0000] {processor.py:839} INFO - DAG(s) dict_keys(['user_automation']) retrieved from /opt/airflow/dags/kafka_stream.py
[2025-04-29T05:55:13.187+0000] {logging_mixin.py:151} INFO - [2025-04-29T05:55:13.187+0000] {dag.py:2907} INFO - Sync 1 DAGs
[2025-04-29T05:55:13.201+0000] {logging_mixin.py:151} INFO - [2025-04-29T05:55:13.201+0000] {dag.py:3677} INFO - Setting next_dagrun for user_automation to 2025-04-29T00:00:00+00:00, run_after=2025-04-30T00:00:00+00:00
[2025-04-29T05:55:13.227+0000] {processor.py:179} INFO - Processing /opt/airflow/dags/kafka_stream.py took 0.090 seconds
[2025-04-29T05:55:43.489+0000] {processor.py:157} INFO - Started process (PID=4637) to work on /opt/airflow/dags/kafka_stream.py
[2025-04-29T05:55:43.490+0000] {processor.py:829} INFO - Processing file /opt/airflow/dags/kafka_stream.py for tasks to queue
[2025-04-29T05:55:43.491+0000] {logging_mixin.py:151} INFO - [2025-04-29T05:55:43.491+0000] {dagbag.py:539} INFO - Filling up the DagBag from /opt/airflow/dags/kafka_stream.py
[2025-04-29T05:55:43.522+0000] {processor.py:839} INFO - DAG(s) dict_keys(['user_automation']) retrieved from /opt/airflow/dags/kafka_stream.py
[2025-04-29T05:55:43.546+0000] {logging_mixin.py:151} INFO - [2025-04-29T05:55:43.546+0000] {dag.py:2907} INFO - Sync 1 DAGs
[2025-04-29T05:55:43.567+0000] {logging_mixin.py:151} INFO - [2025-04-29T05:55:43.567+0000] {dag.py:3677} INFO - Setting next_dagrun for user_automation to 2025-04-29T00:00:00+00:00, run_after=2025-04-30T00:00:00+00:00
[2025-04-29T05:55:43.589+0000] {processor.py:179} INFO - Processing /opt/airflow/dags/kafka_stream.py took 0.105 seconds
[2025-04-29T05:56:13.849+0000] {processor.py:157} INFO - Started process (PID=4638) to work on /opt/airflow/dags/kafka_stream.py
[2025-04-29T05:56:13.850+0000] {processor.py:829} INFO - Processing file /opt/airflow/dags/kafka_stream.py for tasks to queue
[2025-04-29T05:56:13.851+0000] {logging_mixin.py:151} INFO - [2025-04-29T05:56:13.851+0000] {dagbag.py:539} INFO - Filling up the DagBag from /opt/airflow/dags/kafka_stream.py
[2025-04-29T05:56:13.879+0000] {processor.py:839} INFO - DAG(s) dict_keys(['user_automation']) retrieved from /opt/airflow/dags/kafka_stream.py
[2025-04-29T05:56:13.904+0000] {logging_mixin.py:151} INFO - [2025-04-29T05:56:13.904+0000] {dag.py:2907} INFO - Sync 1 DAGs
[2025-04-29T05:56:13.923+0000] {logging_mixin.py:151} INFO - [2025-04-29T05:56:13.923+0000] {dag.py:3677} INFO - Setting next_dagrun for user_automation to 2025-04-29T00:00:00+00:00, run_after=2025-04-30T00:00:00+00:00
[2025-04-29T05:56:13.945+0000] {processor.py:179} INFO - Processing /opt/airflow/dags/kafka_stream.py took 0.098 seconds
[2025-04-29T05:56:44.189+0000] {processor.py:157} INFO - Started process (PID=4639) to work on /opt/airflow/dags/kafka_stream.py
[2025-04-29T05:56:44.191+0000] {processor.py:829} INFO - Processing file /opt/airflow/dags/kafka_stream.py for tasks to queue
[2025-04-29T05:56:44.192+0000] {logging_mixin.py:151} INFO - [2025-04-29T05:56:44.191+0000] {dagbag.py:539} INFO - Filling up the DagBag from /opt/airflow/dags/kafka_stream.py
[2025-04-29T05:56:44.213+0000] {processor.py:839} INFO - DAG(s) dict_keys(['user_automation']) retrieved from /opt/airflow/dags/kafka_stream.py
[2025-04-29T05:56:44.235+0000] {logging_mixin.py:151} INFO - [2025-04-29T05:56:44.234+0000] {dag.py:2907} INFO - Sync 1 DAGs
[2025-04-29T05:56:44.252+0000] {logging_mixin.py:151} INFO - [2025-04-29T05:56:44.252+0000] {dag.py:3677} INFO - Setting next_dagrun for user_automation to 2025-04-29T00:00:00+00:00, run_after=2025-04-30T00:00:00+00:00
[2025-04-29T05:56:44.271+0000] {processor.py:179} INFO - Processing /opt/airflow/dags/kafka_stream.py took 0.084 seconds
[2025-04-29T05:57:14.910+0000] {processor.py:157} INFO - Started process (PID=4640) to work on /opt/airflow/dags/kafka_stream.py
[2025-04-29T05:57:14.912+0000] {processor.py:829} INFO - Processing file /opt/airflow/dags/kafka_stream.py for tasks to queue
[2025-04-29T05:57:14.915+0000] {logging_mixin.py:151} INFO - [2025-04-29T05:57:14.914+0000] {dagbag.py:539} INFO - Filling up the DagBag from /opt/airflow/dags/kafka_stream.py
[2025-04-29T05:57:14.977+0000] {processor.py:839} INFO - DAG(s) dict_keys(['user_automation']) retrieved from /opt/airflow/dags/kafka_stream.py
[2025-04-29T05:57:15.005+0000] {logging_mixin.py:151} INFO - [2025-04-29T05:57:15.005+0000] {dag.py:2907} INFO - Sync 1 DAGs
[2025-04-29T05:57:15.064+0000] {logging_mixin.py:151} INFO - [2025-04-29T05:57:15.063+0000] {dag.py:3677} INFO - Setting next_dagrun for user_automation to 2025-04-29T00:00:00+00:00, run_after=2025-04-30T00:00:00+00:00
[2025-04-29T05:57:15.128+0000] {processor.py:179} INFO - Processing /opt/airflow/dags/kafka_stream.py took 0.224 seconds
[2025-04-29T05:57:45.212+0000] {processor.py:157} INFO - Started process (PID=4641) to work on /opt/airflow/dags/kafka_stream.py
[2025-04-29T05:57:45.213+0000] {processor.py:829} INFO - Processing file /opt/airflow/dags/kafka_stream.py for tasks to queue
[2025-04-29T05:57:45.214+0000] {logging_mixin.py:151} INFO - [2025-04-29T05:57:45.213+0000] {dagbag.py:539} INFO - Filling up the DagBag from /opt/airflow/dags/kafka_stream.py
[2025-04-29T05:57:45.226+0000] {processor.py:839} INFO - DAG(s) dict_keys(['user_automation']) retrieved from /opt/airflow/dags/kafka_stream.py
[2025-04-29T05:57:45.246+0000] {logging_mixin.py:151} INFO - [2025-04-29T05:57:45.246+0000] {dag.py:2907} INFO - Sync 1 DAGs
[2025-04-29T05:57:45.261+0000] {logging_mixin.py:151} INFO - [2025-04-29T05:57:45.261+0000] {dag.py:3677} INFO - Setting next_dagrun for user_automation to 2025-04-29T00:00:00+00:00, run_after=2025-04-30T00:00:00+00:00
[2025-04-29T05:57:45.291+0000] {processor.py:179} INFO - Processing /opt/airflow/dags/kafka_stream.py took 0.083 seconds
[2025-04-29T05:58:15.521+0000] {processor.py:157} INFO - Started process (PID=4642) to work on /opt/airflow/dags/kafka_stream.py
[2025-04-29T05:58:15.522+0000] {processor.py:829} INFO - Processing file /opt/airflow/dags/kafka_stream.py for tasks to queue
[2025-04-29T05:58:15.522+0000] {logging_mixin.py:151} INFO - [2025-04-29T05:58:15.522+0000] {dagbag.py:539} INFO - Filling up the DagBag from /opt/airflow/dags/kafka_stream.py
[2025-04-29T05:58:15.535+0000] {processor.py:839} INFO - DAG(s) dict_keys(['user_automation']) retrieved from /opt/airflow/dags/kafka_stream.py
[2025-04-29T05:58:15.553+0000] {logging_mixin.py:151} INFO - [2025-04-29T05:58:15.553+0000] {dag.py:2907} INFO - Sync 1 DAGs
[2025-04-29T05:58:15.568+0000] {logging_mixin.py:151} INFO - [2025-04-29T05:58:15.568+0000] {dag.py:3677} INFO - Setting next_dagrun for user_automation to 2025-04-29T00:00:00+00:00, run_after=2025-04-30T00:00:00+00:00
[2025-04-29T05:58:15.591+0000] {processor.py:179} INFO - Processing /opt/airflow/dags/kafka_stream.py took 0.073 seconds
[2025-04-29T05:58:45.858+0000] {processor.py:157} INFO - Started process (PID=4643) to work on /opt/airflow/dags/kafka_stream.py
[2025-04-29T05:58:45.859+0000] {processor.py:829} INFO - Processing file /opt/airflow/dags/kafka_stream.py for tasks to queue
[2025-04-29T05:58:45.860+0000] {logging_mixin.py:151} INFO - [2025-04-29T05:58:45.859+0000] {dagbag.py:539} INFO - Filling up the DagBag from /opt/airflow/dags/kafka_stream.py
[2025-04-29T05:58:45.872+0000] {processor.py:839} INFO - DAG(s) dict_keys(['user_automation']) retrieved from /opt/airflow/dags/kafka_stream.py
[2025-04-29T05:58:45.892+0000] {logging_mixin.py:151} INFO - [2025-04-29T05:58:45.892+0000] {dag.py:2907} INFO - Sync 1 DAGs
[2025-04-29T05:58:45.910+0000] {logging_mixin.py:151} INFO - [2025-04-29T05:58:45.910+0000] {dag.py:3677} INFO - Setting next_dagrun for user_automation to 2025-04-29T00:00:00+00:00, run_after=2025-04-30T00:00:00+00:00
[2025-04-29T05:58:45.928+0000] {processor.py:179} INFO - Processing /opt/airflow/dags/kafka_stream.py took 0.073 seconds
[2025-04-29T05:59:16.244+0000] {processor.py:157} INFO - Started process (PID=4644) to work on /opt/airflow/dags/kafka_stream.py
[2025-04-29T05:59:16.245+0000] {processor.py:829} INFO - Processing file /opt/airflow/dags/kafka_stream.py for tasks to queue
[2025-04-29T05:59:16.246+0000] {logging_mixin.py:151} INFO - [2025-04-29T05:59:16.246+0000] {dagbag.py:539} INFO - Filling up the DagBag from /opt/airflow/dags/kafka_stream.py
[2025-04-29T05:59:16.260+0000] {processor.py:839} INFO - DAG(s) dict_keys(['user_automation']) retrieved from /opt/airflow/dags/kafka_stream.py
[2025-04-29T05:59:16.278+0000] {logging_mixin.py:151} INFO - [2025-04-29T05:59:16.278+0000] {dag.py:2907} INFO - Sync 1 DAGs
[2025-04-29T05:59:16.294+0000] {logging_mixin.py:151} INFO - [2025-04-29T05:59:16.294+0000] {dag.py:3677} INFO - Setting next_dagrun for user_automation to 2025-04-29T00:00:00+00:00, run_after=2025-04-30T00:00:00+00:00
[2025-04-29T05:59:16.320+0000] {processor.py:179} INFO - Processing /opt/airflow/dags/kafka_stream.py took 0.078 seconds
[2025-04-29T05:59:46.599+0000] {processor.py:157} INFO - Started process (PID=4645) to work on /opt/airflow/dags/kafka_stream.py
[2025-04-29T05:59:46.600+0000] {processor.py:829} INFO - Processing file /opt/airflow/dags/kafka_stream.py for tasks to queue
[2025-04-29T05:59:46.601+0000] {logging_mixin.py:151} INFO - [2025-04-29T05:59:46.601+0000] {dagbag.py:539} INFO - Filling up the DagBag from /opt/airflow/dags/kafka_stream.py
[2025-04-29T05:59:46.621+0000] {processor.py:839} INFO - DAG(s) dict_keys(['user_automation']) retrieved from /opt/airflow/dags/kafka_stream.py
[2025-04-29T05:59:46.644+0000] {logging_mixin.py:151} INFO - [2025-04-29T05:59:46.644+0000] {dag.py:2907} INFO - Sync 1 DAGs
[2025-04-29T05:59:46.659+0000] {logging_mixin.py:151} INFO - [2025-04-29T05:59:46.659+0000] {dag.py:3677} INFO - Setting next_dagrun for user_automation to 2025-04-29T00:00:00+00:00, run_after=2025-04-30T00:00:00+00:00
[2025-04-29T05:59:46.686+0000] {processor.py:179} INFO - Processing /opt/airflow/dags/kafka_stream.py took 0.091 seconds
[2025-04-29T06:00:17.000+0000] {processor.py:157} INFO - Started process (PID=4646) to work on /opt/airflow/dags/kafka_stream.py
[2025-04-29T06:00:17.002+0000] {processor.py:829} INFO - Processing file /opt/airflow/dags/kafka_stream.py for tasks to queue
[2025-04-29T06:00:17.003+0000] {logging_mixin.py:151} INFO - [2025-04-29T06:00:17.003+0000] {dagbag.py:539} INFO - Filling up the DagBag from /opt/airflow/dags/kafka_stream.py
[2025-04-29T06:00:17.031+0000] {processor.py:839} INFO - DAG(s) dict_keys(['user_automation']) retrieved from /opt/airflow/dags/kafka_stream.py
[2025-04-29T06:00:17.052+0000] {logging_mixin.py:151} INFO - [2025-04-29T06:00:17.052+0000] {dag.py:2907} INFO - Sync 1 DAGs
[2025-04-29T06:00:17.066+0000] {logging_mixin.py:151} INFO - [2025-04-29T06:00:17.066+0000] {dag.py:3677} INFO - Setting next_dagrun for user_automation to 2025-04-29T00:00:00+00:00, run_after=2025-04-30T00:00:00+00:00
[2025-04-29T06:00:17.081+0000] {processor.py:179} INFO - Processing /opt/airflow/dags/kafka_stream.py took 0.084 seconds
[2025-04-29T06:00:47.459+0000] {processor.py:157} INFO - Started process (PID=4647) to work on /opt/airflow/dags/kafka_stream.py
[2025-04-29T06:00:47.461+0000] {processor.py:829} INFO - Processing file /opt/airflow/dags/kafka_stream.py for tasks to queue
[2025-04-29T06:00:47.462+0000] {logging_mixin.py:151} INFO - [2025-04-29T06:00:47.462+0000] {dagbag.py:539} INFO - Filling up the DagBag from /opt/airflow/dags/kafka_stream.py
[2025-04-29T06:00:47.495+0000] {processor.py:839} INFO - DAG(s) dict_keys(['user_automation']) retrieved from /opt/airflow/dags/kafka_stream.py
[2025-04-29T06:00:47.515+0000] {logging_mixin.py:151} INFO - [2025-04-29T06:00:47.515+0000] {dag.py:2907} INFO - Sync 1 DAGs
[2025-04-29T06:00:47.530+0000] {logging_mixin.py:151} INFO - [2025-04-29T06:00:47.530+0000] {dag.py:3677} INFO - Setting next_dagrun for user_automation to 2025-04-29T00:00:00+00:00, run_after=2025-04-30T00:00:00+00:00
[2025-04-29T06:00:47.554+0000] {processor.py:179} INFO - Processing /opt/airflow/dags/kafka_stream.py took 0.098 seconds
[2025-04-29T06:01:17.888+0000] {processor.py:157} INFO - Started process (PID=4648) to work on /opt/airflow/dags/kafka_stream.py
[2025-04-29T06:01:17.890+0000] {processor.py:829} INFO - Processing file /opt/airflow/dags/kafka_stream.py for tasks to queue
[2025-04-29T06:01:17.892+0000] {logging_mixin.py:151} INFO - [2025-04-29T06:01:17.891+0000] {dagbag.py:539} INFO - Filling up the DagBag from /opt/airflow/dags/kafka_stream.py
[2025-04-29T06:01:17.928+0000] {processor.py:839} INFO - DAG(s) dict_keys(['user_automation']) retrieved from /opt/airflow/dags/kafka_stream.py
[2025-04-29T06:01:17.949+0000] {logging_mixin.py:151} INFO - [2025-04-29T06:01:17.949+0000] {dag.py:2907} INFO - Sync 1 DAGs
[2025-04-29T06:01:17.969+0000] {logging_mixin.py:151} INFO - [2025-04-29T06:01:17.969+0000] {dag.py:3677} INFO - Setting next_dagrun for user_automation to 2025-04-29T00:00:00+00:00, run_after=2025-04-30T00:00:00+00:00
[2025-04-29T06:01:17.985+0000] {processor.py:179} INFO - Processing /opt/airflow/dags/kafka_stream.py took 0.100 seconds
[2025-04-29T06:01:48.237+0000] {processor.py:157} INFO - Started process (PID=4649) to work on /opt/airflow/dags/kafka_stream.py
[2025-04-29T06:01:48.238+0000] {processor.py:829} INFO - Processing file /opt/airflow/dags/kafka_stream.py for tasks to queue
[2025-04-29T06:01:48.239+0000] {logging_mixin.py:151} INFO - [2025-04-29T06:01:48.238+0000] {dagbag.py:539} INFO - Filling up the DagBag from /opt/airflow/dags/kafka_stream.py
[2025-04-29T06:01:48.251+0000] {processor.py:839} INFO - DAG(s) dict_keys(['user_automation']) retrieved from /opt/airflow/dags/kafka_stream.py
[2025-04-29T06:01:48.270+0000] {logging_mixin.py:151} INFO - [2025-04-29T06:01:48.270+0000] {dag.py:2907} INFO - Sync 1 DAGs
[2025-04-29T06:01:48.285+0000] {logging_mixin.py:151} INFO - [2025-04-29T06:01:48.285+0000] {dag.py:3677} INFO - Setting next_dagrun for user_automation to 2025-04-29T00:00:00+00:00, run_after=2025-04-30T00:00:00+00:00
[2025-04-29T06:01:48.300+0000] {processor.py:179} INFO - Processing /opt/airflow/dags/kafka_stream.py took 0.067 seconds
[2025-04-29T06:02:18.601+0000] {processor.py:157} INFO - Started process (PID=4650) to work on /opt/airflow/dags/kafka_stream.py
[2025-04-29T06:02:18.603+0000] {processor.py:829} INFO - Processing file /opt/airflow/dags/kafka_stream.py for tasks to queue
[2025-04-29T06:02:18.604+0000] {logging_mixin.py:151} INFO - [2025-04-29T06:02:18.604+0000] {dagbag.py:539} INFO - Filling up the DagBag from /opt/airflow/dags/kafka_stream.py
[2025-04-29T06:02:18.622+0000] {processor.py:839} INFO - DAG(s) dict_keys(['user_automation']) retrieved from /opt/airflow/dags/kafka_stream.py
[2025-04-29T06:02:18.643+0000] {logging_mixin.py:151} INFO - [2025-04-29T06:02:18.643+0000] {dag.py:2907} INFO - Sync 1 DAGs
[2025-04-29T06:02:18.660+0000] {logging_mixin.py:151} INFO - [2025-04-29T06:02:18.659+0000] {dag.py:3677} INFO - Setting next_dagrun for user_automation to 2025-04-29T00:00:00+00:00, run_after=2025-04-30T00:00:00+00:00
[2025-04-29T06:02:18.675+0000] {processor.py:179} INFO - Processing /opt/airflow/dags/kafka_stream.py took 0.076 seconds
[2025-04-29T06:02:49.017+0000] {processor.py:157} INFO - Started process (PID=4651) to work on /opt/airflow/dags/kafka_stream.py
[2025-04-29T06:02:49.018+0000] {processor.py:829} INFO - Processing file /opt/airflow/dags/kafka_stream.py for tasks to queue
[2025-04-29T06:02:49.019+0000] {logging_mixin.py:151} INFO - [2025-04-29T06:02:49.019+0000] {dagbag.py:539} INFO - Filling up the DagBag from /opt/airflow/dags/kafka_stream.py
[2025-04-29T06:02:49.048+0000] {processor.py:839} INFO - DAG(s) dict_keys(['user_automation']) retrieved from /opt/airflow/dags/kafka_stream.py
[2025-04-29T06:02:49.072+0000] {logging_mixin.py:151} INFO - [2025-04-29T06:02:49.071+0000] {dag.py:2907} INFO - Sync 1 DAGs
[2025-04-29T06:02:49.087+0000] {logging_mixin.py:151} INFO - [2025-04-29T06:02:49.087+0000] {dag.py:3677} INFO - Setting next_dagrun for user_automation to 2025-04-29T00:00:00+00:00, run_after=2025-04-30T00:00:00+00:00
[2025-04-29T06:02:49.109+0000] {processor.py:179} INFO - Processing /opt/airflow/dags/kafka_stream.py took 0.095 seconds
[2025-04-29T06:03:19.292+0000] {processor.py:157} INFO - Started process (PID=4652) to work on /opt/airflow/dags/kafka_stream.py
[2025-04-29T06:03:19.293+0000] {processor.py:829} INFO - Processing file /opt/airflow/dags/kafka_stream.py for tasks to queue
[2025-04-29T06:03:19.294+0000] {logging_mixin.py:151} INFO - [2025-04-29T06:03:19.294+0000] {dagbag.py:539} INFO - Filling up the DagBag from /opt/airflow/dags/kafka_stream.py
[2025-04-29T06:03:19.318+0000] {processor.py:839} INFO - DAG(s) dict_keys(['user_automation']) retrieved from /opt/airflow/dags/kafka_stream.py
[2025-04-29T06:03:19.340+0000] {logging_mixin.py:151} INFO - [2025-04-29T06:03:19.340+0000] {dag.py:2907} INFO - Sync 1 DAGs
[2025-04-29T06:03:19.356+0000] {logging_mixin.py:151} INFO - [2025-04-29T06:03:19.356+0000] {dag.py:3677} INFO - Setting next_dagrun for user_automation to 2025-04-29T00:00:00+00:00, run_after=2025-04-30T00:00:00+00:00
[2025-04-29T06:03:19.381+0000] {processor.py:179} INFO - Processing /opt/airflow/dags/kafka_stream.py took 0.092 seconds
[2025-04-29T06:03:49.540+0000] {processor.py:157} INFO - Started process (PID=4653) to work on /opt/airflow/dags/kafka_stream.py
[2025-04-29T06:03:49.541+0000] {processor.py:829} INFO - Processing file /opt/airflow/dags/kafka_stream.py for tasks to queue
[2025-04-29T06:03:49.543+0000] {logging_mixin.py:151} INFO - [2025-04-29T06:03:49.542+0000] {dagbag.py:539} INFO - Filling up the DagBag from /opt/airflow/dags/kafka_stream.py
[2025-04-29T06:03:49.573+0000] {processor.py:839} INFO - DAG(s) dict_keys(['user_automation']) retrieved from /opt/airflow/dags/kafka_stream.py
[2025-04-29T06:03:49.594+0000] {logging_mixin.py:151} INFO - [2025-04-29T06:03:49.594+0000] {dag.py:2907} INFO - Sync 1 DAGs
[2025-04-29T06:03:49.610+0000] {logging_mixin.py:151} INFO - [2025-04-29T06:03:49.610+0000] {dag.py:3677} INFO - Setting next_dagrun for user_automation to 2025-04-29T00:00:00+00:00, run_after=2025-04-30T00:00:00+00:00
[2025-04-29T06:03:49.638+0000] {processor.py:179} INFO - Processing /opt/airflow/dags/kafka_stream.py took 0.101 seconds
[2025-04-29T06:04:19.792+0000] {processor.py:157} INFO - Started process (PID=4654) to work on /opt/airflow/dags/kafka_stream.py
[2025-04-29T06:04:19.794+0000] {processor.py:829} INFO - Processing file /opt/airflow/dags/kafka_stream.py for tasks to queue
[2025-04-29T06:04:19.795+0000] {logging_mixin.py:151} INFO - [2025-04-29T06:04:19.795+0000] {dagbag.py:539} INFO - Filling up the DagBag from /opt/airflow/dags/kafka_stream.py
[2025-04-29T06:04:19.821+0000] {processor.py:839} INFO - DAG(s) dict_keys(['user_automation']) retrieved from /opt/airflow/dags/kafka_stream.py
[2025-04-29T06:04:19.845+0000] {logging_mixin.py:151} INFO - [2025-04-29T06:04:19.845+0000] {dag.py:2907} INFO - Sync 1 DAGs
[2025-04-29T06:04:19.864+0000] {logging_mixin.py:151} INFO - [2025-04-29T06:04:19.863+0000] {dag.py:3677} INFO - Setting next_dagrun for user_automation to 2025-04-29T00:00:00+00:00, run_after=2025-04-30T00:00:00+00:00
[2025-04-29T06:04:19.894+0000] {processor.py:179} INFO - Processing /opt/airflow/dags/kafka_stream.py took 0.104 seconds
[2025-04-29T06:04:50.091+0000] {processor.py:157} INFO - Started process (PID=4655) to work on /opt/airflow/dags/kafka_stream.py
[2025-04-29T06:04:50.092+0000] {processor.py:829} INFO - Processing file /opt/airflow/dags/kafka_stream.py for tasks to queue
[2025-04-29T06:04:50.094+0000] {logging_mixin.py:151} INFO - [2025-04-29T06:04:50.094+0000] {dagbag.py:539} INFO - Filling up the DagBag from /opt/airflow/dags/kafka_stream.py
[2025-04-29T06:04:50.120+0000] {processor.py:839} INFO - DAG(s) dict_keys(['user_automation']) retrieved from /opt/airflow/dags/kafka_stream.py
[2025-04-29T06:04:50.141+0000] {logging_mixin.py:151} INFO - [2025-04-29T06:04:50.141+0000] {dag.py:2907} INFO - Sync 1 DAGs
[2025-04-29T06:04:50.160+0000] {logging_mixin.py:151} INFO - [2025-04-29T06:04:50.160+0000] {dag.py:3677} INFO - Setting next_dagrun for user_automation to 2025-04-29T00:00:00+00:00, run_after=2025-04-30T00:00:00+00:00
[2025-04-29T06:04:50.183+0000] {processor.py:179} INFO - Processing /opt/airflow/dags/kafka_stream.py took 0.094 seconds
[2025-04-29T06:05:20.362+0000] {processor.py:157} INFO - Started process (PID=4656) to work on /opt/airflow/dags/kafka_stream.py
[2025-04-29T06:05:20.364+0000] {processor.py:829} INFO - Processing file /opt/airflow/dags/kafka_stream.py for tasks to queue
[2025-04-29T06:05:20.365+0000] {logging_mixin.py:151} INFO - [2025-04-29T06:05:20.365+0000] {dagbag.py:539} INFO - Filling up the DagBag from /opt/airflow/dags/kafka_stream.py
[2025-04-29T06:05:20.387+0000] {processor.py:839} INFO - DAG(s) dict_keys(['user_automation']) retrieved from /opt/airflow/dags/kafka_stream.py
[2025-04-29T06:05:20.406+0000] {logging_mixin.py:151} INFO - [2025-04-29T06:05:20.406+0000] {dag.py:2907} INFO - Sync 1 DAGs
[2025-04-29T06:05:20.422+0000] {logging_mixin.py:151} INFO - [2025-04-29T06:05:20.422+0000] {dag.py:3677} INFO - Setting next_dagrun for user_automation to 2025-04-29T00:00:00+00:00, run_after=2025-04-30T00:00:00+00:00
[2025-04-29T06:05:20.443+0000] {processor.py:179} INFO - Processing /opt/airflow/dags/kafka_stream.py took 0.083 seconds
[2025-04-29T06:05:50.634+0000] {processor.py:157} INFO - Started process (PID=4657) to work on /opt/airflow/dags/kafka_stream.py
[2025-04-29T06:05:50.636+0000] {processor.py:829} INFO - Processing file /opt/airflow/dags/kafka_stream.py for tasks to queue
[2025-04-29T06:05:50.637+0000] {logging_mixin.py:151} INFO - [2025-04-29T06:05:50.637+0000] {dagbag.py:539} INFO - Filling up the DagBag from /opt/airflow/dags/kafka_stream.py
[2025-04-29T06:05:50.667+0000] {processor.py:839} INFO - DAG(s) dict_keys(['user_automation']) retrieved from /opt/airflow/dags/kafka_stream.py
[2025-04-29T06:05:50.704+0000] {logging_mixin.py:151} INFO - [2025-04-29T06:05:50.703+0000] {dag.py:2907} INFO - Sync 1 DAGs
[2025-04-29T06:05:50.727+0000] {logging_mixin.py:151} INFO - [2025-04-29T06:05:50.726+0000] {dag.py:3677} INFO - Setting next_dagrun for user_automation to 2025-04-29T00:00:00+00:00, run_after=2025-04-30T00:00:00+00:00
[2025-04-29T06:05:50.759+0000] {processor.py:179} INFO - Processing /opt/airflow/dags/kafka_stream.py took 0.129 seconds
[2025-04-29T06:06:20.941+0000] {processor.py:157} INFO - Started process (PID=4658) to work on /opt/airflow/dags/kafka_stream.py
[2025-04-29T06:06:20.943+0000] {processor.py:829} INFO - Processing file /opt/airflow/dags/kafka_stream.py for tasks to queue
[2025-04-29T06:06:20.944+0000] {logging_mixin.py:151} INFO - [2025-04-29T06:06:20.944+0000] {dagbag.py:539} INFO - Filling up the DagBag from /opt/airflow/dags/kafka_stream.py
[2025-04-29T06:06:20.971+0000] {processor.py:839} INFO - DAG(s) dict_keys(['user_automation']) retrieved from /opt/airflow/dags/kafka_stream.py
[2025-04-29T06:06:21.004+0000] {logging_mixin.py:151} INFO - [2025-04-29T06:06:21.004+0000] {dag.py:2907} INFO - Sync 1 DAGs
[2025-04-29T06:06:21.024+0000] {logging_mixin.py:151} INFO - [2025-04-29T06:06:21.024+0000] {dag.py:3677} INFO - Setting next_dagrun for user_automation to 2025-04-29T00:00:00+00:00, run_after=2025-04-30T00:00:00+00:00
[2025-04-29T06:06:21.053+0000] {processor.py:179} INFO - Processing /opt/airflow/dags/kafka_stream.py took 0.115 seconds
[2025-04-29T06:06:51.225+0000] {processor.py:157} INFO - Started process (PID=4659) to work on /opt/airflow/dags/kafka_stream.py
[2025-04-29T06:06:51.227+0000] {processor.py:829} INFO - Processing file /opt/airflow/dags/kafka_stream.py for tasks to queue
[2025-04-29T06:06:51.228+0000] {logging_mixin.py:151} INFO - [2025-04-29T06:06:51.228+0000] {dagbag.py:539} INFO - Filling up the DagBag from /opt/airflow/dags/kafka_stream.py
[2025-04-29T06:06:51.255+0000] {processor.py:839} INFO - DAG(s) dict_keys(['user_automation']) retrieved from /opt/airflow/dags/kafka_stream.py
[2025-04-29T06:06:51.279+0000] {logging_mixin.py:151} INFO - [2025-04-29T06:06:51.279+0000] {dag.py:2907} INFO - Sync 1 DAGs
[2025-04-29T06:06:51.304+0000] {logging_mixin.py:151} INFO - [2025-04-29T06:06:51.304+0000] {dag.py:3677} INFO - Setting next_dagrun for user_automation to 2025-04-29T00:00:00+00:00, run_after=2025-04-30T00:00:00+00:00
[2025-04-29T06:06:51.324+0000] {processor.py:179} INFO - Processing /opt/airflow/dags/kafka_stream.py took 0.102 seconds
[2025-04-29T06:07:21.513+0000] {processor.py:157} INFO - Started process (PID=4660) to work on /opt/airflow/dags/kafka_stream.py
[2025-04-29T06:07:21.515+0000] {processor.py:829} INFO - Processing file /opt/airflow/dags/kafka_stream.py for tasks to queue
[2025-04-29T06:07:21.516+0000] {logging_mixin.py:151} INFO - [2025-04-29T06:07:21.516+0000] {dagbag.py:539} INFO - Filling up the DagBag from /opt/airflow/dags/kafka_stream.py
[2025-04-29T06:07:21.545+0000] {processor.py:839} INFO - DAG(s) dict_keys(['user_automation']) retrieved from /opt/airflow/dags/kafka_stream.py
[2025-04-29T06:07:21.568+0000] {logging_mixin.py:151} INFO - [2025-04-29T06:07:21.567+0000] {dag.py:2907} INFO - Sync 1 DAGs
[2025-04-29T06:07:21.583+0000] {logging_mixin.py:151} INFO - [2025-04-29T06:07:21.583+0000] {dag.py:3677} INFO - Setting next_dagrun for user_automation to 2025-04-29T00:00:00+00:00, run_after=2025-04-30T00:00:00+00:00
[2025-04-29T06:07:21.605+0000] {processor.py:179} INFO - Processing /opt/airflow/dags/kafka_stream.py took 0.095 seconds
[2025-04-29T06:07:51.834+0000] {processor.py:157} INFO - Started process (PID=4661) to work on /opt/airflow/dags/kafka_stream.py
[2025-04-29T06:07:51.836+0000] {processor.py:829} INFO - Processing file /opt/airflow/dags/kafka_stream.py for tasks to queue
[2025-04-29T06:07:51.838+0000] {logging_mixin.py:151} INFO - [2025-04-29T06:07:51.838+0000] {dagbag.py:539} INFO - Filling up the DagBag from /opt/airflow/dags/kafka_stream.py
[2025-04-29T06:07:51.868+0000] {processor.py:839} INFO - DAG(s) dict_keys(['user_automation']) retrieved from /opt/airflow/dags/kafka_stream.py
[2025-04-29T06:07:51.895+0000] {logging_mixin.py:151} INFO - [2025-04-29T06:07:51.895+0000] {dag.py:2907} INFO - Sync 1 DAGs
[2025-04-29T06:07:51.915+0000] {logging_mixin.py:151} INFO - [2025-04-29T06:07:51.915+0000] {dag.py:3677} INFO - Setting next_dagrun for user_automation to 2025-04-29T00:00:00+00:00, run_after=2025-04-30T00:00:00+00:00
[2025-04-29T06:07:51.943+0000] {processor.py:179} INFO - Processing /opt/airflow/dags/kafka_stream.py took 0.114 seconds
[2025-04-29T06:08:22.093+0000] {processor.py:157} INFO - Started process (PID=4662) to work on /opt/airflow/dags/kafka_stream.py
[2025-04-29T06:08:22.095+0000] {processor.py:829} INFO - Processing file /opt/airflow/dags/kafka_stream.py for tasks to queue
[2025-04-29T06:08:22.096+0000] {logging_mixin.py:151} INFO - [2025-04-29T06:08:22.096+0000] {dagbag.py:539} INFO - Filling up the DagBag from /opt/airflow/dags/kafka_stream.py
[2025-04-29T06:08:22.142+0000] {processor.py:839} INFO - DAG(s) dict_keys(['user_automation']) retrieved from /opt/airflow/dags/kafka_stream.py
[2025-04-29T06:08:22.165+0000] {logging_mixin.py:151} INFO - [2025-04-29T06:08:22.165+0000] {dag.py:2907} INFO - Sync 1 DAGs
[2025-04-29T06:08:22.183+0000] {logging_mixin.py:151} INFO - [2025-04-29T06:08:22.183+0000] {dag.py:3677} INFO - Setting next_dagrun for user_automation to 2025-04-29T00:00:00+00:00, run_after=2025-04-30T00:00:00+00:00
[2025-04-29T06:08:22.221+0000] {processor.py:179} INFO - Processing /opt/airflow/dags/kafka_stream.py took 0.131 seconds
[2025-04-29T06:08:52.411+0000] {processor.py:157} INFO - Started process (PID=4663) to work on /opt/airflow/dags/kafka_stream.py
[2025-04-29T06:08:52.413+0000] {processor.py:829} INFO - Processing file /opt/airflow/dags/kafka_stream.py for tasks to queue
[2025-04-29T06:08:52.414+0000] {logging_mixin.py:151} INFO - [2025-04-29T06:08:52.413+0000] {dagbag.py:539} INFO - Filling up the DagBag from /opt/airflow/dags/kafka_stream.py
[2025-04-29T06:08:52.438+0000] {processor.py:839} INFO - DAG(s) dict_keys(['user_automation']) retrieved from /opt/airflow/dags/kafka_stream.py
[2025-04-29T06:08:52.467+0000] {logging_mixin.py:151} INFO - [2025-04-29T06:08:52.467+0000] {dag.py:2907} INFO - Sync 1 DAGs
[2025-04-29T06:08:52.486+0000] {logging_mixin.py:151} INFO - [2025-04-29T06:08:52.486+0000] {dag.py:3677} INFO - Setting next_dagrun for user_automation to 2025-04-29T00:00:00+00:00, run_after=2025-04-30T00:00:00+00:00
[2025-04-29T06:08:52.513+0000] {processor.py:179} INFO - Processing /opt/airflow/dags/kafka_stream.py took 0.105 seconds
[2025-04-29T06:09:22.647+0000] {processor.py:157} INFO - Started process (PID=4664) to work on /opt/airflow/dags/kafka_stream.py
[2025-04-29T06:09:22.648+0000] {processor.py:829} INFO - Processing file /opt/airflow/dags/kafka_stream.py for tasks to queue
[2025-04-29T06:09:22.650+0000] {logging_mixin.py:151} INFO - [2025-04-29T06:09:22.649+0000] {dagbag.py:539} INFO - Filling up the DagBag from /opt/airflow/dags/kafka_stream.py
[2025-04-29T06:09:22.673+0000] {processor.py:839} INFO - DAG(s) dict_keys(['user_automation']) retrieved from /opt/airflow/dags/kafka_stream.py
[2025-04-29T06:09:22.699+0000] {logging_mixin.py:151} INFO - [2025-04-29T06:09:22.699+0000] {dag.py:2907} INFO - Sync 1 DAGs
[2025-04-29T06:09:22.718+0000] {logging_mixin.py:151} INFO - [2025-04-29T06:09:22.718+0000] {dag.py:3677} INFO - Setting next_dagrun for user_automation to 2025-04-29T00:00:00+00:00, run_after=2025-04-30T00:00:00+00:00
[2025-04-29T06:09:22.740+0000] {processor.py:179} INFO - Processing /opt/airflow/dags/kafka_stream.py took 0.096 seconds
[2025-04-29T06:09:52.975+0000] {processor.py:157} INFO - Started process (PID=4665) to work on /opt/airflow/dags/kafka_stream.py
[2025-04-29T06:09:52.976+0000] {processor.py:829} INFO - Processing file /opt/airflow/dags/kafka_stream.py for tasks to queue
[2025-04-29T06:09:52.977+0000] {logging_mixin.py:151} INFO - [2025-04-29T06:09:52.977+0000] {dagbag.py:539} INFO - Filling up the DagBag from /opt/airflow/dags/kafka_stream.py
[2025-04-29T06:09:53.004+0000] {processor.py:839} INFO - DAG(s) dict_keys(['user_automation']) retrieved from /opt/airflow/dags/kafka_stream.py
[2025-04-29T06:09:53.026+0000] {logging_mixin.py:151} INFO - [2025-04-29T06:09:53.026+0000] {dag.py:2907} INFO - Sync 1 DAGs
[2025-04-29T06:09:53.044+0000] {logging_mixin.py:151} INFO - [2025-04-29T06:09:53.043+0000] {dag.py:3677} INFO - Setting next_dagrun for user_automation to 2025-04-29T00:00:00+00:00, run_after=2025-04-30T00:00:00+00:00
[2025-04-29T06:09:53.073+0000] {processor.py:179} INFO - Processing /opt/airflow/dags/kafka_stream.py took 0.101 seconds
[2025-04-29T06:10:23.248+0000] {processor.py:157} INFO - Started process (PID=4666) to work on /opt/airflow/dags/kafka_stream.py
[2025-04-29T06:10:23.250+0000] {processor.py:829} INFO - Processing file /opt/airflow/dags/kafka_stream.py for tasks to queue
[2025-04-29T06:10:23.251+0000] {logging_mixin.py:151} INFO - [2025-04-29T06:10:23.251+0000] {dagbag.py:539} INFO - Filling up the DagBag from /opt/airflow/dags/kafka_stream.py
[2025-04-29T06:10:23.284+0000] {processor.py:839} INFO - DAG(s) dict_keys(['user_automation']) retrieved from /opt/airflow/dags/kafka_stream.py
[2025-04-29T06:10:23.314+0000] {logging_mixin.py:151} INFO - [2025-04-29T06:10:23.314+0000] {dag.py:2907} INFO - Sync 1 DAGs
[2025-04-29T06:10:23.335+0000] {logging_mixin.py:151} INFO - [2025-04-29T06:10:23.335+0000] {dag.py:3677} INFO - Setting next_dagrun for user_automation to 2025-04-29T00:00:00+00:00, run_after=2025-04-30T00:00:00+00:00
[2025-04-29T06:10:23.364+0000] {processor.py:179} INFO - Processing /opt/airflow/dags/kafka_stream.py took 0.119 seconds
[2025-04-29T06:10:53.577+0000] {processor.py:157} INFO - Started process (PID=4667) to work on /opt/airflow/dags/kafka_stream.py
[2025-04-29T06:10:53.578+0000] {processor.py:829} INFO - Processing file /opt/airflow/dags/kafka_stream.py for tasks to queue
[2025-04-29T06:10:53.580+0000] {logging_mixin.py:151} INFO - [2025-04-29T06:10:53.580+0000] {dagbag.py:539} INFO - Filling up the DagBag from /opt/airflow/dags/kafka_stream.py
[2025-04-29T06:10:53.604+0000] {processor.py:839} INFO - DAG(s) dict_keys(['user_automation']) retrieved from /opt/airflow/dags/kafka_stream.py
[2025-04-29T06:10:53.626+0000] {logging_mixin.py:151} INFO - [2025-04-29T06:10:53.626+0000] {dag.py:2907} INFO - Sync 1 DAGs
[2025-04-29T06:10:53.643+0000] {logging_mixin.py:151} INFO - [2025-04-29T06:10:53.643+0000] {dag.py:3677} INFO - Setting next_dagrun for user_automation to 2025-04-29T00:00:00+00:00, run_after=2025-04-30T00:00:00+00:00
[2025-04-29T06:10:53.669+0000] {processor.py:179} INFO - Processing /opt/airflow/dags/kafka_stream.py took 0.094 seconds
[2025-04-29T18:29:13.181+0000] {processor.py:157} INFO - Started process (PID=4671) to work on /opt/airflow/dags/kafka_stream.py
[2025-04-29T18:29:13.194+0000] {processor.py:829} INFO - Processing file /opt/airflow/dags/kafka_stream.py for tasks to queue
[2025-04-29T18:29:13.205+0000] {logging_mixin.py:151} INFO - [2025-04-29T18:29:13.201+0000] {dagbag.py:539} INFO - Filling up the DagBag from /opt/airflow/dags/kafka_stream.py
[2025-04-29T18:29:13.324+0000] {processor.py:839} INFO - DAG(s) dict_keys(['user_automation']) retrieved from /opt/airflow/dags/kafka_stream.py
[2025-04-29T18:29:13.582+0000] {logging_mixin.py:151} INFO - [2025-04-29T18:29:13.582+0000] {dag.py:2907} INFO - Sync 1 DAGs
[2025-04-29T18:29:13.667+0000] {logging_mixin.py:151} INFO - [2025-04-29T18:29:13.666+0000] {dag.py:3677} INFO - Setting next_dagrun for user_automation to 2025-04-29T00:00:00+00:00, run_after=2025-04-30T00:00:00+00:00
[2025-04-29T18:29:13.721+0000] {processor.py:179} INFO - Processing /opt/airflow/dags/kafka_stream.py took 0.564 seconds
[2025-04-29T18:29:44.113+0000] {processor.py:157} INFO - Started process (PID=4672) to work on /opt/airflow/dags/kafka_stream.py
[2025-04-29T18:29:44.115+0000] {processor.py:829} INFO - Processing file /opt/airflow/dags/kafka_stream.py for tasks to queue
[2025-04-29T18:29:44.117+0000] {logging_mixin.py:151} INFO - [2025-04-29T18:29:44.116+0000] {dagbag.py:539} INFO - Filling up the DagBag from /opt/airflow/dags/kafka_stream.py
[2025-04-29T18:29:44.151+0000] {processor.py:839} INFO - DAG(s) dict_keys(['user_automation']) retrieved from /opt/airflow/dags/kafka_stream.py
[2025-04-29T18:29:44.193+0000] {logging_mixin.py:151} INFO - [2025-04-29T18:29:44.193+0000] {dag.py:2907} INFO - Sync 1 DAGs
[2025-04-29T18:29:44.227+0000] {logging_mixin.py:151} INFO - [2025-04-29T18:29:44.226+0000] {dag.py:3677} INFO - Setting next_dagrun for user_automation to 2025-04-29T00:00:00+00:00, run_after=2025-04-30T00:00:00+00:00
[2025-04-29T18:29:44.265+0000] {processor.py:179} INFO - Processing /opt/airflow/dags/kafka_stream.py took 0.158 seconds
[2025-04-29T18:30:14.342+0000] {processor.py:157} INFO - Started process (PID=4673) to work on /opt/airflow/dags/kafka_stream.py
[2025-04-29T18:30:14.343+0000] {processor.py:829} INFO - Processing file /opt/airflow/dags/kafka_stream.py for tasks to queue
[2025-04-29T18:30:14.346+0000] {logging_mixin.py:151} INFO - [2025-04-29T18:30:14.345+0000] {dagbag.py:539} INFO - Filling up the DagBag from /opt/airflow/dags/kafka_stream.py
[2025-04-29T18:30:14.399+0000] {processor.py:839} INFO - DAG(s) dict_keys(['user_automation']) retrieved from /opt/airflow/dags/kafka_stream.py
[2025-04-29T18:30:14.454+0000] {logging_mixin.py:151} INFO - [2025-04-29T18:30:14.453+0000] {dag.py:2907} INFO - Sync 1 DAGs
[2025-04-29T18:30:14.485+0000] {logging_mixin.py:151} INFO - [2025-04-29T18:30:14.485+0000] {dag.py:3677} INFO - Setting next_dagrun for user_automation to 2025-04-29T00:00:00+00:00, run_after=2025-04-30T00:00:00+00:00
[2025-04-29T18:30:14.518+0000] {processor.py:179} INFO - Processing /opt/airflow/dags/kafka_stream.py took 0.183 seconds
[2025-04-29T18:30:44.749+0000] {processor.py:157} INFO - Started process (PID=4674) to work on /opt/airflow/dags/kafka_stream.py
[2025-04-29T18:30:44.750+0000] {processor.py:829} INFO - Processing file /opt/airflow/dags/kafka_stream.py for tasks to queue
[2025-04-29T18:30:44.751+0000] {logging_mixin.py:151} INFO - [2025-04-29T18:30:44.751+0000] {dagbag.py:539} INFO - Filling up the DagBag from /opt/airflow/dags/kafka_stream.py
[2025-04-29T18:30:44.774+0000] {processor.py:839} INFO - DAG(s) dict_keys(['user_automation']) retrieved from /opt/airflow/dags/kafka_stream.py
[2025-04-29T18:30:44.805+0000] {logging_mixin.py:151} INFO - [2025-04-29T18:30:44.805+0000] {dag.py:2907} INFO - Sync 1 DAGs
[2025-04-29T18:30:44.825+0000] {logging_mixin.py:151} INFO - [2025-04-29T18:30:44.825+0000] {dag.py:3677} INFO - Setting next_dagrun for user_automation to 2025-04-29T00:00:00+00:00, run_after=2025-04-30T00:00:00+00:00
[2025-04-29T18:30:44.847+0000] {processor.py:179} INFO - Processing /opt/airflow/dags/kafka_stream.py took 0.101 seconds
[2025-04-29T18:31:15.063+0000] {processor.py:157} INFO - Started process (PID=4675) to work on /opt/airflow/dags/kafka_stream.py
[2025-04-29T18:31:15.064+0000] {processor.py:829} INFO - Processing file /opt/airflow/dags/kafka_stream.py for tasks to queue
[2025-04-29T18:31:15.066+0000] {logging_mixin.py:151} INFO - [2025-04-29T18:31:15.065+0000] {dagbag.py:539} INFO - Filling up the DagBag from /opt/airflow/dags/kafka_stream.py
[2025-04-29T18:31:15.096+0000] {processor.py:839} INFO - DAG(s) dict_keys(['user_automation']) retrieved from /opt/airflow/dags/kafka_stream.py
[2025-04-29T18:31:15.116+0000] {logging_mixin.py:151} INFO - [2025-04-29T18:31:15.116+0000] {dag.py:2907} INFO - Sync 1 DAGs
[2025-04-29T18:31:15.132+0000] {logging_mixin.py:151} INFO - [2025-04-29T18:31:15.131+0000] {dag.py:3677} INFO - Setting next_dagrun for user_automation to 2025-04-29T00:00:00+00:00, run_after=2025-04-30T00:00:00+00:00
[2025-04-29T18:31:15.151+0000] {processor.py:179} INFO - Processing /opt/airflow/dags/kafka_stream.py took 0.092 seconds
[2025-04-29T18:31:45.382+0000] {processor.py:157} INFO - Started process (PID=4676) to work on /opt/airflow/dags/kafka_stream.py
[2025-04-29T18:31:45.383+0000] {processor.py:829} INFO - Processing file /opt/airflow/dags/kafka_stream.py for tasks to queue
[2025-04-29T18:31:45.384+0000] {logging_mixin.py:151} INFO - [2025-04-29T18:31:45.384+0000] {dagbag.py:539} INFO - Filling up the DagBag from /opt/airflow/dags/kafka_stream.py
[2025-04-29T18:31:45.413+0000] {processor.py:839} INFO - DAG(s) dict_keys(['user_automation']) retrieved from /opt/airflow/dags/kafka_stream.py
[2025-04-29T18:31:45.447+0000] {logging_mixin.py:151} INFO - [2025-04-29T18:31:45.447+0000] {dag.py:2907} INFO - Sync 1 DAGs
[2025-04-29T18:31:45.470+0000] {logging_mixin.py:151} INFO - [2025-04-29T18:31:45.470+0000] {dag.py:3677} INFO - Setting next_dagrun for user_automation to 2025-04-29T00:00:00+00:00, run_after=2025-04-30T00:00:00+00:00
[2025-04-29T18:31:45.496+0000] {processor.py:179} INFO - Processing /opt/airflow/dags/kafka_stream.py took 0.120 seconds
[2025-04-29T18:32:15.722+0000] {processor.py:157} INFO - Started process (PID=4677) to work on /opt/airflow/dags/kafka_stream.py
[2025-04-29T18:32:15.723+0000] {processor.py:829} INFO - Processing file /opt/airflow/dags/kafka_stream.py for tasks to queue
[2025-04-29T18:32:15.724+0000] {logging_mixin.py:151} INFO - [2025-04-29T18:32:15.724+0000] {dagbag.py:539} INFO - Filling up the DagBag from /opt/airflow/dags/kafka_stream.py
[2025-04-29T18:32:15.750+0000] {processor.py:839} INFO - DAG(s) dict_keys(['user_automation']) retrieved from /opt/airflow/dags/kafka_stream.py
[2025-04-29T18:32:15.772+0000] {logging_mixin.py:151} INFO - [2025-04-29T18:32:15.771+0000] {dag.py:2907} INFO - Sync 1 DAGs
[2025-04-29T18:32:15.789+0000] {logging_mixin.py:151} INFO - [2025-04-29T18:32:15.789+0000] {dag.py:3677} INFO - Setting next_dagrun for user_automation to 2025-04-29T00:00:00+00:00, run_after=2025-04-30T00:00:00+00:00
[2025-04-29T18:32:15.814+0000] {processor.py:179} INFO - Processing /opt/airflow/dags/kafka_stream.py took 0.094 seconds
[2025-04-29T18:32:46.074+0000] {processor.py:157} INFO - Started process (PID=4678) to work on /opt/airflow/dags/kafka_stream.py
[2025-04-29T18:32:46.075+0000] {processor.py:829} INFO - Processing file /opt/airflow/dags/kafka_stream.py for tasks to queue
[2025-04-29T18:32:46.077+0000] {logging_mixin.py:151} INFO - [2025-04-29T18:32:46.076+0000] {dagbag.py:539} INFO - Filling up the DagBag from /opt/airflow/dags/kafka_stream.py
[2025-04-29T18:32:46.109+0000] {processor.py:839} INFO - DAG(s) dict_keys(['user_automation']) retrieved from /opt/airflow/dags/kafka_stream.py
[2025-04-29T18:32:46.134+0000] {logging_mixin.py:151} INFO - [2025-04-29T18:32:46.134+0000] {dag.py:2907} INFO - Sync 1 DAGs
[2025-04-29T18:32:46.155+0000] {logging_mixin.py:151} INFO - [2025-04-29T18:32:46.155+0000] {dag.py:3677} INFO - Setting next_dagrun for user_automation to 2025-04-29T00:00:00+00:00, run_after=2025-04-30T00:00:00+00:00
[2025-04-29T18:32:46.179+0000] {processor.py:179} INFO - Processing /opt/airflow/dags/kafka_stream.py took 0.109 seconds
[2025-04-29T18:33:16.351+0000] {processor.py:157} INFO - Started process (PID=4679) to work on /opt/airflow/dags/kafka_stream.py
[2025-04-29T18:33:16.352+0000] {processor.py:829} INFO - Processing file /opt/airflow/dags/kafka_stream.py for tasks to queue
[2025-04-29T18:33:16.353+0000] {logging_mixin.py:151} INFO - [2025-04-29T18:33:16.352+0000] {dagbag.py:539} INFO - Filling up the DagBag from /opt/airflow/dags/kafka_stream.py
[2025-04-29T18:33:16.381+0000] {processor.py:839} INFO - DAG(s) dict_keys(['user_automation']) retrieved from /opt/airflow/dags/kafka_stream.py
[2025-04-29T18:33:16.404+0000] {logging_mixin.py:151} INFO - [2025-04-29T18:33:16.404+0000] {dag.py:2907} INFO - Sync 1 DAGs
[2025-04-29T18:33:16.420+0000] {logging_mixin.py:151} INFO - [2025-04-29T18:33:16.420+0000] {dag.py:3677} INFO - Setting next_dagrun for user_automation to 2025-04-29T00:00:00+00:00, run_after=2025-04-30T00:00:00+00:00
[2025-04-29T18:33:16.442+0000] {processor.py:179} INFO - Processing /opt/airflow/dags/kafka_stream.py took 0.094 seconds
[2025-04-29T18:33:46.665+0000] {processor.py:157} INFO - Started process (PID=4680) to work on /opt/airflow/dags/kafka_stream.py
[2025-04-29T18:33:46.666+0000] {processor.py:829} INFO - Processing file /opt/airflow/dags/kafka_stream.py for tasks to queue
[2025-04-29T18:33:46.667+0000] {logging_mixin.py:151} INFO - [2025-04-29T18:33:46.667+0000] {dagbag.py:539} INFO - Filling up the DagBag from /opt/airflow/dags/kafka_stream.py
[2025-04-29T18:33:46.696+0000] {processor.py:839} INFO - DAG(s) dict_keys(['user_automation']) retrieved from /opt/airflow/dags/kafka_stream.py
[2025-04-29T18:33:46.716+0000] {logging_mixin.py:151} INFO - [2025-04-29T18:33:46.716+0000] {dag.py:2907} INFO - Sync 1 DAGs
[2025-04-29T18:33:46.731+0000] {logging_mixin.py:151} INFO - [2025-04-29T18:33:46.731+0000] {dag.py:3677} INFO - Setting next_dagrun for user_automation to 2025-04-29T00:00:00+00:00, run_after=2025-04-30T00:00:00+00:00
[2025-04-29T18:33:46.746+0000] {processor.py:179} INFO - Processing /opt/airflow/dags/kafka_stream.py took 0.083 seconds
[2025-04-29T18:34:16.912+0000] {processor.py:157} INFO - Started process (PID=4681) to work on /opt/airflow/dags/kafka_stream.py
[2025-04-29T18:34:16.913+0000] {processor.py:829} INFO - Processing file /opt/airflow/dags/kafka_stream.py for tasks to queue
[2025-04-29T18:34:16.914+0000] {logging_mixin.py:151} INFO - [2025-04-29T18:34:16.914+0000] {dagbag.py:539} INFO - Filling up the DagBag from /opt/airflow/dags/kafka_stream.py
[2025-04-29T18:34:16.942+0000] {processor.py:839} INFO - DAG(s) dict_keys(['user_automation']) retrieved from /opt/airflow/dags/kafka_stream.py
[2025-04-29T18:34:16.962+0000] {logging_mixin.py:151} INFO - [2025-04-29T18:34:16.962+0000] {dag.py:2907} INFO - Sync 1 DAGs
[2025-04-29T18:34:16.979+0000] {logging_mixin.py:151} INFO - [2025-04-29T18:34:16.978+0000] {dag.py:3677} INFO - Setting next_dagrun for user_automation to 2025-04-29T00:00:00+00:00, run_after=2025-04-30T00:00:00+00:00
[2025-04-29T18:34:17.006+0000] {processor.py:179} INFO - Processing /opt/airflow/dags/kafka_stream.py took 0.096 seconds
[2025-04-29T18:34:47.165+0000] {processor.py:157} INFO - Started process (PID=4682) to work on /opt/airflow/dags/kafka_stream.py
[2025-04-29T18:34:47.166+0000] {processor.py:829} INFO - Processing file /opt/airflow/dags/kafka_stream.py for tasks to queue
[2025-04-29T18:34:47.167+0000] {logging_mixin.py:151} INFO - [2025-04-29T18:34:47.167+0000] {dagbag.py:539} INFO - Filling up the DagBag from /opt/airflow/dags/kafka_stream.py
[2025-04-29T18:34:47.193+0000] {processor.py:839} INFO - DAG(s) dict_keys(['user_automation']) retrieved from /opt/airflow/dags/kafka_stream.py
[2025-04-29T18:34:47.213+0000] {logging_mixin.py:151} INFO - [2025-04-29T18:34:47.213+0000] {dag.py:2907} INFO - Sync 1 DAGs
[2025-04-29T18:34:47.228+0000] {logging_mixin.py:151} INFO - [2025-04-29T18:34:47.228+0000] {dag.py:3677} INFO - Setting next_dagrun for user_automation to 2025-04-29T00:00:00+00:00, run_after=2025-04-30T00:00:00+00:00
[2025-04-29T18:34:47.247+0000] {processor.py:179} INFO - Processing /opt/airflow/dags/kafka_stream.py took 0.085 seconds
[2025-04-29T18:35:17.479+0000] {processor.py:157} INFO - Started process (PID=4683) to work on /opt/airflow/dags/kafka_stream.py
[2025-04-29T18:35:17.480+0000] {processor.py:829} INFO - Processing file /opt/airflow/dags/kafka_stream.py for tasks to queue
[2025-04-29T18:35:17.482+0000] {logging_mixin.py:151} INFO - [2025-04-29T18:35:17.482+0000] {dagbag.py:539} INFO - Filling up the DagBag from /opt/airflow/dags/kafka_stream.py
[2025-04-29T18:35:17.520+0000] {processor.py:839} INFO - DAG(s) dict_keys(['user_automation']) retrieved from /opt/airflow/dags/kafka_stream.py
[2025-04-29T18:35:17.547+0000] {logging_mixin.py:151} INFO - [2025-04-29T18:35:17.547+0000] {dag.py:2907} INFO - Sync 1 DAGs
[2025-04-29T18:35:17.565+0000] {logging_mixin.py:151} INFO - [2025-04-29T18:35:17.565+0000] {dag.py:3677} INFO - Setting next_dagrun for user_automation to 2025-04-29T00:00:00+00:00, run_after=2025-04-30T00:00:00+00:00
[2025-04-29T18:35:17.598+0000] {processor.py:179} INFO - Processing /opt/airflow/dags/kafka_stream.py took 0.122 seconds
[2025-04-29T18:35:47.747+0000] {processor.py:157} INFO - Started process (PID=4684) to work on /opt/airflow/dags/kafka_stream.py
[2025-04-29T18:35:47.748+0000] {processor.py:829} INFO - Processing file /opt/airflow/dags/kafka_stream.py for tasks to queue
[2025-04-29T18:35:47.749+0000] {logging_mixin.py:151} INFO - [2025-04-29T18:35:47.749+0000] {dagbag.py:539} INFO - Filling up the DagBag from /opt/airflow/dags/kafka_stream.py
[2025-04-29T18:35:47.771+0000] {processor.py:839} INFO - DAG(s) dict_keys(['user_automation']) retrieved from /opt/airflow/dags/kafka_stream.py
[2025-04-29T18:35:47.792+0000] {logging_mixin.py:151} INFO - [2025-04-29T18:35:47.792+0000] {dag.py:2907} INFO - Sync 1 DAGs
[2025-04-29T18:35:47.809+0000] {logging_mixin.py:151} INFO - [2025-04-29T18:35:47.809+0000] {dag.py:3677} INFO - Setting next_dagrun for user_automation to 2025-04-29T00:00:00+00:00, run_after=2025-04-30T00:00:00+00:00
[2025-04-29T18:35:47.825+0000] {processor.py:179} INFO - Processing /opt/airflow/dags/kafka_stream.py took 0.081 seconds
[2025-04-29T18:36:18.008+0000] {processor.py:157} INFO - Started process (PID=4685) to work on /opt/airflow/dags/kafka_stream.py
[2025-04-29T18:36:18.009+0000] {processor.py:829} INFO - Processing file /opt/airflow/dags/kafka_stream.py for tasks to queue
[2025-04-29T18:36:18.011+0000] {logging_mixin.py:151} INFO - [2025-04-29T18:36:18.010+0000] {dagbag.py:539} INFO - Filling up the DagBag from /opt/airflow/dags/kafka_stream.py
[2025-04-29T18:36:18.035+0000] {processor.py:839} INFO - DAG(s) dict_keys(['user_automation']) retrieved from /opt/airflow/dags/kafka_stream.py
[2025-04-29T18:36:18.055+0000] {logging_mixin.py:151} INFO - [2025-04-29T18:36:18.055+0000] {dag.py:2907} INFO - Sync 1 DAGs
[2025-04-29T18:36:18.070+0000] {logging_mixin.py:151} INFO - [2025-04-29T18:36:18.070+0000] {dag.py:3677} INFO - Setting next_dagrun for user_automation to 2025-04-29T00:00:00+00:00, run_after=2025-04-30T00:00:00+00:00
[2025-04-29T18:36:18.098+0000] {processor.py:179} INFO - Processing /opt/airflow/dags/kafka_stream.py took 0.092 seconds
[2025-04-29T18:36:48.245+0000] {processor.py:157} INFO - Started process (PID=4686) to work on /opt/airflow/dags/kafka_stream.py
[2025-04-29T18:36:48.246+0000] {processor.py:829} INFO - Processing file /opt/airflow/dags/kafka_stream.py for tasks to queue
[2025-04-29T18:36:48.247+0000] {logging_mixin.py:151} INFO - [2025-04-29T18:36:48.247+0000] {dagbag.py:539} INFO - Filling up the DagBag from /opt/airflow/dags/kafka_stream.py
[2025-04-29T18:36:48.273+0000] {processor.py:839} INFO - DAG(s) dict_keys(['user_automation']) retrieved from /opt/airflow/dags/kafka_stream.py
[2025-04-29T18:36:48.296+0000] {logging_mixin.py:151} INFO - [2025-04-29T18:36:48.296+0000] {dag.py:2907} INFO - Sync 1 DAGs
[2025-04-29T18:36:48.313+0000] {logging_mixin.py:151} INFO - [2025-04-29T18:36:48.313+0000] {dag.py:3677} INFO - Setting next_dagrun for user_automation to 2025-04-29T00:00:00+00:00, run_after=2025-04-30T00:00:00+00:00
[2025-04-29T18:36:48.338+0000] {processor.py:179} INFO - Processing /opt/airflow/dags/kafka_stream.py took 0.096 seconds
[2025-04-29T18:37:18.525+0000] {processor.py:157} INFO - Started process (PID=4687) to work on /opt/airflow/dags/kafka_stream.py
[2025-04-29T18:37:18.527+0000] {processor.py:829} INFO - Processing file /opt/airflow/dags/kafka_stream.py for tasks to queue
[2025-04-29T18:37:18.528+0000] {logging_mixin.py:151} INFO - [2025-04-29T18:37:18.528+0000] {dagbag.py:539} INFO - Filling up the DagBag from /opt/airflow/dags/kafka_stream.py
[2025-04-29T18:37:18.555+0000] {processor.py:839} INFO - DAG(s) dict_keys(['user_automation']) retrieved from /opt/airflow/dags/kafka_stream.py
[2025-04-29T18:37:18.575+0000] {logging_mixin.py:151} INFO - [2025-04-29T18:37:18.575+0000] {dag.py:2907} INFO - Sync 1 DAGs
[2025-04-29T18:37:18.589+0000] {logging_mixin.py:151} INFO - [2025-04-29T18:37:18.589+0000] {dag.py:3677} INFO - Setting next_dagrun for user_automation to 2025-04-29T00:00:00+00:00, run_after=2025-04-30T00:00:00+00:00
[2025-04-29T18:37:18.606+0000] {processor.py:179} INFO - Processing /opt/airflow/dags/kafka_stream.py took 0.083 seconds
[2025-04-29T18:37:48.898+0000] {processor.py:157} INFO - Started process (PID=4688) to work on /opt/airflow/dags/kafka_stream.py
[2025-04-29T18:37:48.899+0000] {processor.py:829} INFO - Processing file /opt/airflow/dags/kafka_stream.py for tasks to queue
[2025-04-29T18:37:48.900+0000] {logging_mixin.py:151} INFO - [2025-04-29T18:37:48.900+0000] {dagbag.py:539} INFO - Filling up the DagBag from /opt/airflow/dags/kafka_stream.py
[2025-04-29T18:37:48.937+0000] {processor.py:839} INFO - DAG(s) dict_keys(['user_automation']) retrieved from /opt/airflow/dags/kafka_stream.py
[2025-04-29T18:37:48.957+0000] {logging_mixin.py:151} INFO - [2025-04-29T18:37:48.957+0000] {dag.py:2907} INFO - Sync 1 DAGs
[2025-04-29T18:37:48.971+0000] {logging_mixin.py:151} INFO - [2025-04-29T18:37:48.971+0000] {dag.py:3677} INFO - Setting next_dagrun for user_automation to 2025-04-29T00:00:00+00:00, run_after=2025-04-30T00:00:00+00:00
[2025-04-29T18:37:49.002+0000] {processor.py:179} INFO - Processing /opt/airflow/dags/kafka_stream.py took 0.106 seconds
[2025-04-29T18:38:19.224+0000] {processor.py:157} INFO - Started process (PID=4689) to work on /opt/airflow/dags/kafka_stream.py
[2025-04-29T18:38:19.225+0000] {processor.py:829} INFO - Processing file /opt/airflow/dags/kafka_stream.py for tasks to queue
[2025-04-29T18:38:19.226+0000] {logging_mixin.py:151} INFO - [2025-04-29T18:38:19.226+0000] {dagbag.py:539} INFO - Filling up the DagBag from /opt/airflow/dags/kafka_stream.py
[2025-04-29T18:38:19.253+0000] {processor.py:839} INFO - DAG(s) dict_keys(['user_automation']) retrieved from /opt/airflow/dags/kafka_stream.py
[2025-04-29T18:38:19.275+0000] {logging_mixin.py:151} INFO - [2025-04-29T18:38:19.275+0000] {dag.py:2907} INFO - Sync 1 DAGs
[2025-04-29T18:38:19.289+0000] {logging_mixin.py:151} INFO - [2025-04-29T18:38:19.289+0000] {dag.py:3677} INFO - Setting next_dagrun for user_automation to 2025-04-29T00:00:00+00:00, run_after=2025-04-30T00:00:00+00:00
[2025-04-29T18:38:19.319+0000] {processor.py:179} INFO - Processing /opt/airflow/dags/kafka_stream.py took 0.097 seconds
[2025-04-29T18:38:49.560+0000] {processor.py:157} INFO - Started process (PID=4690) to work on /opt/airflow/dags/kafka_stream.py
[2025-04-29T18:38:49.561+0000] {processor.py:829} INFO - Processing file /opt/airflow/dags/kafka_stream.py for tasks to queue
[2025-04-29T18:38:49.562+0000] {logging_mixin.py:151} INFO - [2025-04-29T18:38:49.562+0000] {dagbag.py:539} INFO - Filling up the DagBag from /opt/airflow/dags/kafka_stream.py
[2025-04-29T18:38:49.592+0000] {processor.py:839} INFO - DAG(s) dict_keys(['user_automation']) retrieved from /opt/airflow/dags/kafka_stream.py
[2025-04-29T18:38:49.612+0000] {logging_mixin.py:151} INFO - [2025-04-29T18:38:49.612+0000] {dag.py:2907} INFO - Sync 1 DAGs
[2025-04-29T18:38:49.627+0000] {logging_mixin.py:151} INFO - [2025-04-29T18:38:49.627+0000] {dag.py:3677} INFO - Setting next_dagrun for user_automation to 2025-04-29T00:00:00+00:00, run_after=2025-04-30T00:00:00+00:00
[2025-04-29T18:38:49.649+0000] {processor.py:179} INFO - Processing /opt/airflow/dags/kafka_stream.py took 0.091 seconds
[2025-04-29T18:39:20.002+0000] {processor.py:157} INFO - Started process (PID=4691) to work on /opt/airflow/dags/kafka_stream.py
[2025-04-29T18:39:20.003+0000] {processor.py:829} INFO - Processing file /opt/airflow/dags/kafka_stream.py for tasks to queue
[2025-04-29T18:39:20.004+0000] {logging_mixin.py:151} INFO - [2025-04-29T18:39:20.004+0000] {dagbag.py:539} INFO - Filling up the DagBag from /opt/airflow/dags/kafka_stream.py
[2025-04-29T18:39:20.024+0000] {processor.py:839} INFO - DAG(s) dict_keys(['user_automation']) retrieved from /opt/airflow/dags/kafka_stream.py
[2025-04-29T18:39:20.043+0000] {logging_mixin.py:151} INFO - [2025-04-29T18:39:20.043+0000] {dag.py:2907} INFO - Sync 1 DAGs
[2025-04-29T18:39:20.061+0000] {logging_mixin.py:151} INFO - [2025-04-29T18:39:20.060+0000] {dag.py:3677} INFO - Setting next_dagrun for user_automation to 2025-04-29T00:00:00+00:00, run_after=2025-04-30T00:00:00+00:00
[2025-04-29T18:39:20.092+0000] {processor.py:179} INFO - Processing /opt/airflow/dags/kafka_stream.py took 0.093 seconds
[2025-04-29T18:39:50.323+0000] {processor.py:157} INFO - Started process (PID=4692) to work on /opt/airflow/dags/kafka_stream.py
[2025-04-29T18:39:50.324+0000] {processor.py:829} INFO - Processing file /opt/airflow/dags/kafka_stream.py for tasks to queue
[2025-04-29T18:39:50.325+0000] {logging_mixin.py:151} INFO - [2025-04-29T18:39:50.325+0000] {dagbag.py:539} INFO - Filling up the DagBag from /opt/airflow/dags/kafka_stream.py
[2025-04-29T18:39:50.352+0000] {processor.py:839} INFO - DAG(s) dict_keys(['user_automation']) retrieved from /opt/airflow/dags/kafka_stream.py
[2025-04-29T18:39:50.372+0000] {logging_mixin.py:151} INFO - [2025-04-29T18:39:50.372+0000] {dag.py:2907} INFO - Sync 1 DAGs
[2025-04-29T18:39:50.386+0000] {logging_mixin.py:151} INFO - [2025-04-29T18:39:50.386+0000] {dag.py:3677} INFO - Setting next_dagrun for user_automation to 2025-04-29T00:00:00+00:00, run_after=2025-04-30T00:00:00+00:00
[2025-04-29T18:39:50.413+0000] {processor.py:179} INFO - Processing /opt/airflow/dags/kafka_stream.py took 0.093 seconds
[2025-04-29T18:40:20.682+0000] {processor.py:157} INFO - Started process (PID=4693) to work on /opt/airflow/dags/kafka_stream.py
[2025-04-29T18:40:20.683+0000] {processor.py:829} INFO - Processing file /opt/airflow/dags/kafka_stream.py for tasks to queue
[2025-04-29T18:40:20.685+0000] {logging_mixin.py:151} INFO - [2025-04-29T18:40:20.684+0000] {dagbag.py:539} INFO - Filling up the DagBag from /opt/airflow/dags/kafka_stream.py
[2025-04-29T18:40:20.710+0000] {processor.py:839} INFO - DAG(s) dict_keys(['user_automation']) retrieved from /opt/airflow/dags/kafka_stream.py
[2025-04-29T18:40:20.729+0000] {logging_mixin.py:151} INFO - [2025-04-29T18:40:20.729+0000] {dag.py:2907} INFO - Sync 1 DAGs
[2025-04-29T18:40:20.743+0000] {logging_mixin.py:151} INFO - [2025-04-29T18:40:20.742+0000] {dag.py:3677} INFO - Setting next_dagrun for user_automation to 2025-04-29T00:00:00+00:00, run_after=2025-04-30T00:00:00+00:00
[2025-04-29T18:40:20.766+0000] {processor.py:179} INFO - Processing /opt/airflow/dags/kafka_stream.py took 0.088 seconds
[2025-04-29T18:40:51.014+0000] {processor.py:157} INFO - Started process (PID=4694) to work on /opt/airflow/dags/kafka_stream.py
[2025-04-29T18:40:51.015+0000] {processor.py:829} INFO - Processing file /opt/airflow/dags/kafka_stream.py for tasks to queue
[2025-04-29T18:40:51.016+0000] {logging_mixin.py:151} INFO - [2025-04-29T18:40:51.016+0000] {dagbag.py:539} INFO - Filling up the DagBag from /opt/airflow/dags/kafka_stream.py
[2025-04-29T18:40:51.044+0000] {processor.py:839} INFO - DAG(s) dict_keys(['user_automation']) retrieved from /opt/airflow/dags/kafka_stream.py
[2025-04-29T18:40:51.064+0000] {logging_mixin.py:151} INFO - [2025-04-29T18:40:51.063+0000] {dag.py:2907} INFO - Sync 1 DAGs
[2025-04-29T18:40:51.078+0000] {logging_mixin.py:151} INFO - [2025-04-29T18:40:51.078+0000] {dag.py:3677} INFO - Setting next_dagrun for user_automation to 2025-04-29T00:00:00+00:00, run_after=2025-04-30T00:00:00+00:00
[2025-04-29T18:40:51.098+0000] {processor.py:179} INFO - Processing /opt/airflow/dags/kafka_stream.py took 0.087 seconds
[2025-04-29T18:41:21.341+0000] {processor.py:157} INFO - Started process (PID=4695) to work on /opt/airflow/dags/kafka_stream.py
[2025-04-29T18:41:21.342+0000] {processor.py:829} INFO - Processing file /opt/airflow/dags/kafka_stream.py for tasks to queue
[2025-04-29T18:41:21.343+0000] {logging_mixin.py:151} INFO - [2025-04-29T18:41:21.343+0000] {dagbag.py:539} INFO - Filling up the DagBag from /opt/airflow/dags/kafka_stream.py
[2025-04-29T18:41:21.374+0000] {processor.py:839} INFO - DAG(s) dict_keys(['user_automation']) retrieved from /opt/airflow/dags/kafka_stream.py
[2025-04-29T18:41:21.397+0000] {logging_mixin.py:151} INFO - [2025-04-29T18:41:21.397+0000] {dag.py:2907} INFO - Sync 1 DAGs
[2025-04-29T18:41:21.414+0000] {logging_mixin.py:151} INFO - [2025-04-29T18:41:21.413+0000] {dag.py:3677} INFO - Setting next_dagrun for user_automation to 2025-04-29T00:00:00+00:00, run_after=2025-04-30T00:00:00+00:00
[2025-04-29T18:41:21.444+0000] {processor.py:179} INFO - Processing /opt/airflow/dags/kafka_stream.py took 0.105 seconds
[2025-04-29T18:41:51.678+0000] {processor.py:157} INFO - Started process (PID=4696) to work on /opt/airflow/dags/kafka_stream.py
[2025-04-29T18:41:51.680+0000] {processor.py:829} INFO - Processing file /opt/airflow/dags/kafka_stream.py for tasks to queue
[2025-04-29T18:41:51.682+0000] {logging_mixin.py:151} INFO - [2025-04-29T18:41:51.681+0000] {dagbag.py:539} INFO - Filling up the DagBag from /opt/airflow/dags/kafka_stream.py
[2025-04-29T18:41:51.711+0000] {processor.py:839} INFO - DAG(s) dict_keys(['user_automation']) retrieved from /opt/airflow/dags/kafka_stream.py
[2025-04-29T18:41:51.731+0000] {logging_mixin.py:151} INFO - [2025-04-29T18:41:51.731+0000] {dag.py:2907} INFO - Sync 1 DAGs
[2025-04-29T18:41:51.747+0000] {logging_mixin.py:151} INFO - [2025-04-29T18:41:51.747+0000] {dag.py:3677} INFO - Setting next_dagrun for user_automation to 2025-04-29T00:00:00+00:00, run_after=2025-04-30T00:00:00+00:00
[2025-04-29T18:41:51.767+0000] {processor.py:179} INFO - Processing /opt/airflow/dags/kafka_stream.py took 0.094 seconds
[2025-04-29T18:42:21.979+0000] {processor.py:157} INFO - Started process (PID=4697) to work on /opt/airflow/dags/kafka_stream.py
[2025-04-29T18:42:21.981+0000] {processor.py:829} INFO - Processing file /opt/airflow/dags/kafka_stream.py for tasks to queue
[2025-04-29T18:42:21.982+0000] {logging_mixin.py:151} INFO - [2025-04-29T18:42:21.982+0000] {dagbag.py:539} INFO - Filling up the DagBag from /opt/airflow/dags/kafka_stream.py
[2025-04-29T18:42:22.019+0000] {processor.py:839} INFO - DAG(s) dict_keys(['user_automation']) retrieved from /opt/airflow/dags/kafka_stream.py
[2025-04-29T18:42:22.039+0000] {logging_mixin.py:151} INFO - [2025-04-29T18:42:22.039+0000] {dag.py:2907} INFO - Sync 1 DAGs
[2025-04-29T18:42:22.053+0000] {logging_mixin.py:151} INFO - [2025-04-29T18:42:22.053+0000] {dag.py:3677} INFO - Setting next_dagrun for user_automation to 2025-04-29T00:00:00+00:00, run_after=2025-04-30T00:00:00+00:00
[2025-04-29T18:42:22.083+0000] {processor.py:179} INFO - Processing /opt/airflow/dags/kafka_stream.py took 0.109 seconds
[2025-04-29T18:42:52.306+0000] {processor.py:157} INFO - Started process (PID=4698) to work on /opt/airflow/dags/kafka_stream.py
[2025-04-29T18:42:52.307+0000] {processor.py:829} INFO - Processing file /opt/airflow/dags/kafka_stream.py for tasks to queue
[2025-04-29T18:42:52.308+0000] {logging_mixin.py:151} INFO - [2025-04-29T18:42:52.308+0000] {dagbag.py:539} INFO - Filling up the DagBag from /opt/airflow/dags/kafka_stream.py
[2025-04-29T18:42:52.343+0000] {processor.py:839} INFO - DAG(s) dict_keys(['user_automation']) retrieved from /opt/airflow/dags/kafka_stream.py
[2025-04-29T18:42:52.368+0000] {logging_mixin.py:151} INFO - [2025-04-29T18:42:52.367+0000] {dag.py:2907} INFO - Sync 1 DAGs
[2025-04-29T18:42:52.386+0000] {logging_mixin.py:151} INFO - [2025-04-29T18:42:52.386+0000] {dag.py:3677} INFO - Setting next_dagrun for user_automation to 2025-04-29T00:00:00+00:00, run_after=2025-04-30T00:00:00+00:00
[2025-04-29T18:42:52.415+0000] {processor.py:179} INFO - Processing /opt/airflow/dags/kafka_stream.py took 0.112 seconds
[2025-04-29T18:43:22.623+0000] {processor.py:157} INFO - Started process (PID=4699) to work on /opt/airflow/dags/kafka_stream.py
[2025-04-29T18:43:22.624+0000] {processor.py:829} INFO - Processing file /opt/airflow/dags/kafka_stream.py for tasks to queue
[2025-04-29T18:43:22.625+0000] {logging_mixin.py:151} INFO - [2025-04-29T18:43:22.624+0000] {dagbag.py:539} INFO - Filling up the DagBag from /opt/airflow/dags/kafka_stream.py
[2025-04-29T18:43:22.644+0000] {processor.py:839} INFO - DAG(s) dict_keys(['user_automation']) retrieved from /opt/airflow/dags/kafka_stream.py
[2025-04-29T18:43:22.664+0000] {logging_mixin.py:151} INFO - [2025-04-29T18:43:22.664+0000] {dag.py:2907} INFO - Sync 1 DAGs
[2025-04-29T18:43:22.680+0000] {logging_mixin.py:151} INFO - [2025-04-29T18:43:22.680+0000] {dag.py:3677} INFO - Setting next_dagrun for user_automation to 2025-04-29T00:00:00+00:00, run_after=2025-04-30T00:00:00+00:00
[2025-04-29T18:43:22.701+0000] {processor.py:179} INFO - Processing /opt/airflow/dags/kafka_stream.py took 0.081 seconds
[2025-04-29T18:43:52.913+0000] {processor.py:157} INFO - Started process (PID=4700) to work on /opt/airflow/dags/kafka_stream.py
[2025-04-29T18:43:52.915+0000] {processor.py:829} INFO - Processing file /opt/airflow/dags/kafka_stream.py for tasks to queue
[2025-04-29T18:43:52.916+0000] {logging_mixin.py:151} INFO - [2025-04-29T18:43:52.916+0000] {dagbag.py:539} INFO - Filling up the DagBag from /opt/airflow/dags/kafka_stream.py
[2025-04-29T18:43:52.945+0000] {processor.py:839} INFO - DAG(s) dict_keys(['user_automation']) retrieved from /opt/airflow/dags/kafka_stream.py
[2025-04-29T18:43:52.967+0000] {logging_mixin.py:151} INFO - [2025-04-29T18:43:52.967+0000] {dag.py:2907} INFO - Sync 1 DAGs
[2025-04-29T18:43:52.983+0000] {logging_mixin.py:151} INFO - [2025-04-29T18:43:52.983+0000] {dag.py:3677} INFO - Setting next_dagrun for user_automation to 2025-04-29T00:00:00+00:00, run_after=2025-04-30T00:00:00+00:00
[2025-04-29T18:43:53.004+0000] {processor.py:179} INFO - Processing /opt/airflow/dags/kafka_stream.py took 0.093 seconds
[2025-04-29T18:44:23.225+0000] {processor.py:157} INFO - Started process (PID=4701) to work on /opt/airflow/dags/kafka_stream.py
[2025-04-29T18:44:23.227+0000] {processor.py:829} INFO - Processing file /opt/airflow/dags/kafka_stream.py for tasks to queue
[2025-04-29T18:44:23.228+0000] {logging_mixin.py:151} INFO - [2025-04-29T18:44:23.228+0000] {dagbag.py:539} INFO - Filling up the DagBag from /opt/airflow/dags/kafka_stream.py
[2025-04-29T18:44:23.254+0000] {processor.py:839} INFO - DAG(s) dict_keys(['user_automation']) retrieved from /opt/airflow/dags/kafka_stream.py
[2025-04-29T18:44:23.274+0000] {logging_mixin.py:151} INFO - [2025-04-29T18:44:23.273+0000] {dag.py:2907} INFO - Sync 1 DAGs
[2025-04-29T18:44:23.288+0000] {logging_mixin.py:151} INFO - [2025-04-29T18:44:23.288+0000] {dag.py:3677} INFO - Setting next_dagrun for user_automation to 2025-04-29T00:00:00+00:00, run_after=2025-04-30T00:00:00+00:00
[2025-04-29T18:44:23.316+0000] {processor.py:179} INFO - Processing /opt/airflow/dags/kafka_stream.py took 0.094 seconds
[2025-04-29T18:44:53.480+0000] {processor.py:157} INFO - Started process (PID=4702) to work on /opt/airflow/dags/kafka_stream.py
[2025-04-29T18:44:53.481+0000] {processor.py:829} INFO - Processing file /opt/airflow/dags/kafka_stream.py for tasks to queue
[2025-04-29T18:44:53.483+0000] {logging_mixin.py:151} INFO - [2025-04-29T18:44:53.482+0000] {dagbag.py:539} INFO - Filling up the DagBag from /opt/airflow/dags/kafka_stream.py
[2025-04-29T18:44:53.503+0000] {processor.py:839} INFO - DAG(s) dict_keys(['user_automation']) retrieved from /opt/airflow/dags/kafka_stream.py
[2025-04-29T18:44:53.528+0000] {logging_mixin.py:151} INFO - [2025-04-29T18:44:53.527+0000] {dag.py:2907} INFO - Sync 1 DAGs
[2025-04-29T18:44:53.547+0000] {logging_mixin.py:151} INFO - [2025-04-29T18:44:53.547+0000] {dag.py:3677} INFO - Setting next_dagrun for user_automation to 2025-04-29T00:00:00+00:00, run_after=2025-04-30T00:00:00+00:00
[2025-04-29T18:44:53.586+0000] {processor.py:179} INFO - Processing /opt/airflow/dags/kafka_stream.py took 0.109 seconds
[2025-04-29T18:45:23.775+0000] {processor.py:157} INFO - Started process (PID=4703) to work on /opt/airflow/dags/kafka_stream.py
[2025-04-29T18:45:23.777+0000] {processor.py:829} INFO - Processing file /opt/airflow/dags/kafka_stream.py for tasks to queue
[2025-04-29T18:45:23.778+0000] {logging_mixin.py:151} INFO - [2025-04-29T18:45:23.778+0000] {dagbag.py:539} INFO - Filling up the DagBag from /opt/airflow/dags/kafka_stream.py
[2025-04-29T18:45:23.809+0000] {processor.py:839} INFO - DAG(s) dict_keys(['user_automation']) retrieved from /opt/airflow/dags/kafka_stream.py
[2025-04-29T18:45:23.831+0000] {logging_mixin.py:151} INFO - [2025-04-29T18:45:23.831+0000] {dag.py:2907} INFO - Sync 1 DAGs
[2025-04-29T18:45:23.847+0000] {logging_mixin.py:151} INFO - [2025-04-29T18:45:23.847+0000] {dag.py:3677} INFO - Setting next_dagrun for user_automation to 2025-04-29T00:00:00+00:00, run_after=2025-04-30T00:00:00+00:00
[2025-04-29T18:45:23.866+0000] {processor.py:179} INFO - Processing /opt/airflow/dags/kafka_stream.py took 0.094 seconds
[2025-04-29T18:45:54.070+0000] {processor.py:157} INFO - Started process (PID=4704) to work on /opt/airflow/dags/kafka_stream.py
[2025-04-29T18:45:54.071+0000] {processor.py:829} INFO - Processing file /opt/airflow/dags/kafka_stream.py for tasks to queue
[2025-04-29T18:45:54.072+0000] {logging_mixin.py:151} INFO - [2025-04-29T18:45:54.072+0000] {dagbag.py:539} INFO - Filling up the DagBag from /opt/airflow/dags/kafka_stream.py
[2025-04-29T18:45:54.096+0000] {processor.py:839} INFO - DAG(s) dict_keys(['user_automation']) retrieved from /opt/airflow/dags/kafka_stream.py
[2025-04-29T18:45:54.116+0000] {logging_mixin.py:151} INFO - [2025-04-29T18:45:54.116+0000] {dag.py:2907} INFO - Sync 1 DAGs
[2025-04-29T18:45:54.131+0000] {logging_mixin.py:151} INFO - [2025-04-29T18:45:54.131+0000] {dag.py:3677} INFO - Setting next_dagrun for user_automation to 2025-04-29T00:00:00+00:00, run_after=2025-04-30T00:00:00+00:00
[2025-04-29T18:45:54.150+0000] {processor.py:179} INFO - Processing /opt/airflow/dags/kafka_stream.py took 0.082 seconds
[2025-04-29T18:46:24.386+0000] {processor.py:157} INFO - Started process (PID=4705) to work on /opt/airflow/dags/kafka_stream.py
[2025-04-29T18:46:24.388+0000] {processor.py:829} INFO - Processing file /opt/airflow/dags/kafka_stream.py for tasks to queue
[2025-04-29T18:46:24.389+0000] {logging_mixin.py:151} INFO - [2025-04-29T18:46:24.389+0000] {dagbag.py:539} INFO - Filling up the DagBag from /opt/airflow/dags/kafka_stream.py
[2025-04-29T18:46:24.418+0000] {processor.py:839} INFO - DAG(s) dict_keys(['user_automation']) retrieved from /opt/airflow/dags/kafka_stream.py
[2025-04-29T18:46:24.438+0000] {logging_mixin.py:151} INFO - [2025-04-29T18:46:24.438+0000] {dag.py:2907} INFO - Sync 1 DAGs
[2025-04-29T18:46:24.453+0000] {logging_mixin.py:151} INFO - [2025-04-29T18:46:24.453+0000] {dag.py:3677} INFO - Setting next_dagrun for user_automation to 2025-04-29T00:00:00+00:00, run_after=2025-04-30T00:00:00+00:00
[2025-04-29T18:46:24.468+0000] {processor.py:179} INFO - Processing /opt/airflow/dags/kafka_stream.py took 0.085 seconds
[2025-04-29T18:46:54.685+0000] {processor.py:157} INFO - Started process (PID=4706) to work on /opt/airflow/dags/kafka_stream.py
[2025-04-29T18:46:54.686+0000] {processor.py:829} INFO - Processing file /opt/airflow/dags/kafka_stream.py for tasks to queue
[2025-04-29T18:46:54.687+0000] {logging_mixin.py:151} INFO - [2025-04-29T18:46:54.687+0000] {dagbag.py:539} INFO - Filling up the DagBag from /opt/airflow/dags/kafka_stream.py
[2025-04-29T18:46:54.713+0000] {processor.py:839} INFO - DAG(s) dict_keys(['user_automation']) retrieved from /opt/airflow/dags/kafka_stream.py
[2025-04-29T18:46:54.733+0000] {logging_mixin.py:151} INFO - [2025-04-29T18:46:54.733+0000] {dag.py:2907} INFO - Sync 1 DAGs
[2025-04-29T18:46:54.747+0000] {logging_mixin.py:151} INFO - [2025-04-29T18:46:54.747+0000] {dag.py:3677} INFO - Setting next_dagrun for user_automation to 2025-04-29T00:00:00+00:00, run_after=2025-04-30T00:00:00+00:00
[2025-04-29T18:46:54.769+0000] {processor.py:179} INFO - Processing /opt/airflow/dags/kafka_stream.py took 0.088 seconds
[2025-04-29T18:47:24.980+0000] {processor.py:157} INFO - Started process (PID=4707) to work on /opt/airflow/dags/kafka_stream.py
[2025-04-29T18:47:24.981+0000] {processor.py:829} INFO - Processing file /opt/airflow/dags/kafka_stream.py for tasks to queue
[2025-04-29T18:47:24.982+0000] {logging_mixin.py:151} INFO - [2025-04-29T18:47:24.982+0000] {dagbag.py:539} INFO - Filling up the DagBag from /opt/airflow/dags/kafka_stream.py
[2025-04-29T18:47:25.008+0000] {processor.py:839} INFO - DAG(s) dict_keys(['user_automation']) retrieved from /opt/airflow/dags/kafka_stream.py
[2025-04-29T18:47:25.029+0000] {logging_mixin.py:151} INFO - [2025-04-29T18:47:25.029+0000] {dag.py:2907} INFO - Sync 1 DAGs
[2025-04-29T18:47:25.046+0000] {logging_mixin.py:151} INFO - [2025-04-29T18:47:25.046+0000] {dag.py:3677} INFO - Setting next_dagrun for user_automation to 2025-04-29T00:00:00+00:00, run_after=2025-04-30T00:00:00+00:00
[2025-04-29T18:47:25.070+0000] {processor.py:179} INFO - Processing /opt/airflow/dags/kafka_stream.py took 0.092 seconds
[2025-04-29T18:47:55.245+0000] {processor.py:157} INFO - Started process (PID=4708) to work on /opt/airflow/dags/kafka_stream.py
[2025-04-29T18:47:55.246+0000] {processor.py:829} INFO - Processing file /opt/airflow/dags/kafka_stream.py for tasks to queue
[2025-04-29T18:47:55.247+0000] {logging_mixin.py:151} INFO - [2025-04-29T18:47:55.247+0000] {dagbag.py:539} INFO - Filling up the DagBag from /opt/airflow/dags/kafka_stream.py
[2025-04-29T18:47:55.273+0000] {processor.py:839} INFO - DAG(s) dict_keys(['user_automation']) retrieved from /opt/airflow/dags/kafka_stream.py
[2025-04-29T18:47:55.293+0000] {logging_mixin.py:151} INFO - [2025-04-29T18:47:55.293+0000] {dag.py:2907} INFO - Sync 1 DAGs
[2025-04-29T18:47:55.308+0000] {logging_mixin.py:151} INFO - [2025-04-29T18:47:55.308+0000] {dag.py:3677} INFO - Setting next_dagrun for user_automation to 2025-04-29T00:00:00+00:00, run_after=2025-04-30T00:00:00+00:00
[2025-04-29T18:47:55.328+0000] {processor.py:179} INFO - Processing /opt/airflow/dags/kafka_stream.py took 0.086 seconds
[2025-04-29T18:48:25.600+0000] {processor.py:157} INFO - Started process (PID=4709) to work on /opt/airflow/dags/kafka_stream.py
[2025-04-29T18:48:25.602+0000] {processor.py:829} INFO - Processing file /opt/airflow/dags/kafka_stream.py for tasks to queue
[2025-04-29T18:48:25.603+0000] {logging_mixin.py:151} INFO - [2025-04-29T18:48:25.603+0000] {dagbag.py:539} INFO - Filling up the DagBag from /opt/airflow/dags/kafka_stream.py
[2025-04-29T18:48:25.633+0000] {processor.py:839} INFO - DAG(s) dict_keys(['user_automation']) retrieved from /opt/airflow/dags/kafka_stream.py
[2025-04-29T18:48:25.652+0000] {logging_mixin.py:151} INFO - [2025-04-29T18:48:25.651+0000] {dag.py:2907} INFO - Sync 1 DAGs
[2025-04-29T18:48:25.666+0000] {logging_mixin.py:151} INFO - [2025-04-29T18:48:25.666+0000] {dag.py:3677} INFO - Setting next_dagrun for user_automation to 2025-04-29T00:00:00+00:00, run_after=2025-04-30T00:00:00+00:00
[2025-04-29T18:48:25.685+0000] {processor.py:179} INFO - Processing /opt/airflow/dags/kafka_stream.py took 0.087 seconds
[2025-04-29T18:48:55.869+0000] {processor.py:157} INFO - Started process (PID=4710) to work on /opt/airflow/dags/kafka_stream.py
[2025-04-29T18:48:55.870+0000] {processor.py:829} INFO - Processing file /opt/airflow/dags/kafka_stream.py for tasks to queue
[2025-04-29T18:48:55.871+0000] {logging_mixin.py:151} INFO - [2025-04-29T18:48:55.871+0000] {dagbag.py:539} INFO - Filling up the DagBag from /opt/airflow/dags/kafka_stream.py
[2025-04-29T18:48:55.897+0000] {processor.py:839} INFO - DAG(s) dict_keys(['user_automation']) retrieved from /opt/airflow/dags/kafka_stream.py
[2025-04-29T18:48:55.918+0000] {logging_mixin.py:151} INFO - [2025-04-29T18:48:55.918+0000] {dag.py:2907} INFO - Sync 1 DAGs
[2025-04-29T18:48:55.934+0000] {logging_mixin.py:151} INFO - [2025-04-29T18:48:55.934+0000] {dag.py:3677} INFO - Setting next_dagrun for user_automation to 2025-04-29T00:00:00+00:00, run_after=2025-04-30T00:00:00+00:00
[2025-04-29T18:48:55.953+0000] {processor.py:179} INFO - Processing /opt/airflow/dags/kafka_stream.py took 0.087 seconds
[2025-04-29T18:49:26.191+0000] {processor.py:157} INFO - Started process (PID=4711) to work on /opt/airflow/dags/kafka_stream.py
[2025-04-29T18:49:26.192+0000] {processor.py:829} INFO - Processing file /opt/airflow/dags/kafka_stream.py for tasks to queue
[2025-04-29T18:49:26.193+0000] {logging_mixin.py:151} INFO - [2025-04-29T18:49:26.193+0000] {dagbag.py:539} INFO - Filling up the DagBag from /opt/airflow/dags/kafka_stream.py
[2025-04-29T18:49:26.223+0000] {processor.py:839} INFO - DAG(s) dict_keys(['user_automation']) retrieved from /opt/airflow/dags/kafka_stream.py
[2025-04-29T18:49:26.247+0000] {logging_mixin.py:151} INFO - [2025-04-29T18:49:26.247+0000] {dag.py:2907} INFO - Sync 1 DAGs
[2025-04-29T18:49:26.267+0000] {logging_mixin.py:151} INFO - [2025-04-29T18:49:26.267+0000] {dag.py:3677} INFO - Setting next_dagrun for user_automation to 2025-04-29T00:00:00+00:00, run_after=2025-04-30T00:00:00+00:00
[2025-04-29T18:49:26.298+0000] {processor.py:179} INFO - Processing /opt/airflow/dags/kafka_stream.py took 0.110 seconds
[2025-04-29T18:49:56.548+0000] {processor.py:157} INFO - Started process (PID=4712) to work on /opt/airflow/dags/kafka_stream.py
[2025-04-29T18:49:56.549+0000] {processor.py:829} INFO - Processing file /opt/airflow/dags/kafka_stream.py for tasks to queue
[2025-04-29T18:49:56.551+0000] {logging_mixin.py:151} INFO - [2025-04-29T18:49:56.550+0000] {dagbag.py:539} INFO - Filling up the DagBag from /opt/airflow/dags/kafka_stream.py
[2025-04-29T18:49:56.584+0000] {processor.py:839} INFO - DAG(s) dict_keys(['user_automation']) retrieved from /opt/airflow/dags/kafka_stream.py
[2025-04-29T18:49:56.610+0000] {logging_mixin.py:151} INFO - [2025-04-29T18:49:56.610+0000] {dag.py:2907} INFO - Sync 1 DAGs
[2025-04-29T18:49:56.624+0000] {logging_mixin.py:151} INFO - [2025-04-29T18:49:56.624+0000] {dag.py:3677} INFO - Setting next_dagrun for user_automation to 2025-04-29T00:00:00+00:00, run_after=2025-04-30T00:00:00+00:00
[2025-04-29T18:49:56.644+0000] {processor.py:179} INFO - Processing /opt/airflow/dags/kafka_stream.py took 0.098 seconds
[2025-04-29T23:08:53.015+0000] {processor.py:157} INFO - Started process (PID=4715) to work on /opt/airflow/dags/kafka_stream.py
[2025-04-29T23:08:53.205+0000] {processor.py:829} INFO - Processing file /opt/airflow/dags/kafka_stream.py for tasks to queue
[2025-04-29T23:08:53.304+0000] {logging_mixin.py:151} INFO - [2025-04-29T23:08:53.303+0000] {dagbag.py:539} INFO - Filling up the DagBag from /opt/airflow/dags/kafka_stream.py
[2025-04-29T23:08:54.280+0000] {processor.py:839} INFO - DAG(s) dict_keys(['user_automation']) retrieved from /opt/airflow/dags/kafka_stream.py
[2025-04-29T23:08:54.383+0000] {logging_mixin.py:151} INFO - [2025-04-29T23:08:54.383+0000] {dag.py:2907} INFO - Sync 1 DAGs
[2025-04-29T23:08:54.462+0000] {logging_mixin.py:151} INFO - [2025-04-29T23:08:54.461+0000] {dag.py:3677} INFO - Setting next_dagrun for user_automation to 2025-04-29T00:00:00+00:00, run_after=2025-04-30T00:00:00+00:00
[2025-04-29T23:08:54.695+0000] {processor.py:179} INFO - Processing /opt/airflow/dags/kafka_stream.py took 1.685 seconds
[2025-04-29T23:11:12.254+0000] {processor.py:157} INFO - Started process (PID=4716) to work on /opt/airflow/dags/kafka_stream.py
[2025-04-29T23:11:12.264+0000] {processor.py:829} INFO - Processing file /opt/airflow/dags/kafka_stream.py for tasks to queue
[2025-04-29T23:11:12.269+0000] {logging_mixin.py:151} INFO - [2025-04-29T23:11:12.268+0000] {dagbag.py:539} INFO - Filling up the DagBag from /opt/airflow/dags/kafka_stream.py
[2025-04-29T23:11:12.350+0000] {processor.py:839} INFO - DAG(s) dict_keys(['user_automation']) retrieved from /opt/airflow/dags/kafka_stream.py
[2025-04-29T23:11:12.510+0000] {logging_mixin.py:151} INFO - [2025-04-29T23:11:12.510+0000] {dag.py:2907} INFO - Sync 1 DAGs
[2025-04-29T23:11:12.624+0000] {logging_mixin.py:151} INFO - [2025-04-29T23:11:12.623+0000] {dag.py:3677} INFO - Setting next_dagrun for user_automation to 2025-04-29T00:00:00+00:00, run_after=2025-04-30T00:00:00+00:00
[2025-04-29T23:11:12.734+0000] {processor.py:179} INFO - Processing /opt/airflow/dags/kafka_stream.py took 0.486 seconds
