[2025-04-29T00:00:02.873+0000] {logging_mixin.py:151} INFO - Changing /opt/***/logs/dag_id=user_automation/run_id=scheduled__2025-04-28T00:00:00+00:00/task_id=stream_data_from_api permission to 509
[2025-04-29T00:00:02.875+0000] {logging_mixin.py:151} INFO - Failed to change /opt/***/logs/dag_id=user_automation/run_id=scheduled__2025-04-28T00:00:00+00:00/task_id=stream_data_from_api permission to 509: [Errno 1] Operation not permitted: '/opt/***/logs/dag_id=user_automation/run_id=scheduled__2025-04-28T00:00:00+00:00/task_id=stream_data_from_api'
[2025-04-29T00:00:02.906+0000] {logging_mixin.py:151} INFO - Changing /opt/***/logs/dag_id=user_automation/run_id=scheduled__2025-04-28T00:00:00+00:00/task_id=stream_data_from_api permission to 509
[2025-04-29T00:00:02.907+0000] {logging_mixin.py:151} INFO - Failed to change /opt/***/logs/dag_id=user_automation/run_id=scheduled__2025-04-28T00:00:00+00:00/task_id=stream_data_from_api permission to 509: [Errno 1] Operation not permitted: '/opt/***/logs/dag_id=user_automation/run_id=scheduled__2025-04-28T00:00:00+00:00/task_id=stream_data_from_api'
[2025-04-29T00:00:02.943+0000] {taskinstance.py:1159} INFO - Dependencies all met for dep_context=non-requeueable deps ti=<TaskInstance: user_automation.stream_data_from_api scheduled__2025-04-28T00:00:00+00:00 [queued]>
[2025-04-29T00:00:02.949+0000] {taskinstance.py:1159} INFO - Dependencies all met for dep_context=requeueable deps ti=<TaskInstance: user_automation.stream_data_from_api scheduled__2025-04-28T00:00:00+00:00 [queued]>
[2025-04-29T00:00:02.950+0000] {taskinstance.py:1361} INFO - Starting attempt 1 of 1
[2025-04-29T00:00:02.962+0000] {taskinstance.py:1382} INFO - Executing <Task(PythonOperator): stream_data_from_api> on 2025-04-28 00:00:00+00:00
[2025-04-29T00:00:02.965+0000] {standard_task_runner.py:57} INFO - Started process 3933 to run task
[2025-04-29T00:00:02.967+0000] {standard_task_runner.py:84} INFO - Running: ['***', 'tasks', 'run', 'user_automation', 'stream_data_from_api', 'scheduled__2025-04-28T00:00:00+00:00', '--job-id', '11', '--raw', '--subdir', 'DAGS_FOLDER/kafka_stream.py', '--cfg-path', '/tmp/tmpv3gr414d']
[2025-04-29T00:00:02.969+0000] {standard_task_runner.py:85} INFO - Job 11: Subtask stream_data_from_api
[2025-04-29T00:00:03.010+0000] {logging_mixin.py:151} INFO - Changing /opt/***/logs/dag_id=user_automation/run_id=scheduled__2025-04-28T00:00:00+00:00/task_id=stream_data_from_api permission to 509
[2025-04-29T00:00:03.012+0000] {logging_mixin.py:151} INFO - Failed to change /opt/***/logs/dag_id=user_automation/run_id=scheduled__2025-04-28T00:00:00+00:00/task_id=stream_data_from_api permission to 509: [Errno 1] Operation not permitted: '/opt/***/logs/dag_id=user_automation/run_id=scheduled__2025-04-28T00:00:00+00:00/task_id=stream_data_from_api'
[2025-04-29T00:00:03.017+0000] {task_command.py:415} INFO - Running <TaskInstance: user_automation.stream_data_from_api scheduled__2025-04-28T00:00:00+00:00 [running]> on host a3f1561ef11e
[2025-04-29T00:00:03.083+0000] {taskinstance.py:1660} INFO - Exporting env vars: AIRFLOW_CTX_DAG_OWNER='airscholar' AIRFLOW_CTX_DAG_ID='user_automation' AIRFLOW_CTX_TASK_ID='stream_data_from_api' AIRFLOW_CTX_EXECUTION_DATE='2025-04-28T00:00:00+00:00' AIRFLOW_CTX_TRY_NUMBER='1' AIRFLOW_CTX_DAG_RUN_ID='scheduled__2025-04-28T00:00:00+00:00'
[2025-04-29T00:00:03.148+0000] {conn.py:380} INFO - <BrokerConnection node_id=bootstrap-0 host=broker:29092 <connecting> [IPv4 ('172.19.0.8', 29092)]>: connecting to broker:29092 [('172.19.0.8', 29092) IPv4]
[2025-04-29T00:00:03.149+0000] {conn.py:1205} INFO - Probing node bootstrap-0 broker version
[2025-04-29T00:00:03.150+0000] {conn.py:410} INFO - <BrokerConnection node_id=bootstrap-0 host=broker:29092 <connecting> [IPv4 ('172.19.0.8', 29092)]>: Connection complete.
[2025-04-29T00:00:03.260+0000] {conn.py:1267} INFO - Broker version identified as 2.5.0
[2025-04-29T00:00:03.261+0000] {conn.py:1268} INFO - Set configuration api_version=(2, 5, 0) to skip auto check_version requests on startup
[2025-04-29T00:00:03.734+0000] {logging_mixin.py:151} WARNING - /home/***/.local/lib/python3.9/site-packages/urllib3/connectionpool.py:1095 InsecureRequestWarning: Unverified HTTPS request is being made to host 'randomuser.me'. Adding certificate verification is strongly advised. See: https://urllib3.readthedocs.io/en/latest/advanced-usage.html#tls-warnings
[2025-04-29T00:00:15.586+0000] {logging_mixin.py:151} INFO - Record Inserted !!
[2025-04-29T00:00:15.588+0000] {conn.py:380} INFO - <BrokerConnection node_id=1 host=broker:29092 <connecting> [IPv4 ('172.19.0.8', 29092)]>: connecting to broker:29092 [('172.19.0.8', 29092) IPv4]
[2025-04-29T00:00:15.589+0000] {conn.py:410} INFO - <BrokerConnection node_id=1 host=broker:29092 <connecting> [IPv4 ('172.19.0.8', 29092)]>: Connection complete.
[2025-04-29T00:00:15.590+0000] {conn.py:919} INFO - <BrokerConnection node_id=bootstrap-0 host=broker:29092 <connected> [IPv4 ('172.19.0.8', 29092)]>: Closing connection. 
[2025-04-29T00:00:15.700+0000] {logging_mixin.py:151} WARNING - /home/***/.local/lib/python3.9/site-packages/urllib3/connectionpool.py:1095 InsecureRequestWarning: Unverified HTTPS request is being made to host 'randomuser.me'. Adding certificate verification is strongly advised. See: https://urllib3.readthedocs.io/en/latest/advanced-usage.html#tls-warnings
[2025-04-29T00:00:26.578+0000] {logging_mixin.py:151} INFO - Record Inserted !!
[2025-04-29T00:00:26.694+0000] {logging_mixin.py:151} WARNING - /home/***/.local/lib/python3.9/site-packages/urllib3/connectionpool.py:1095 InsecureRequestWarning: Unverified HTTPS request is being made to host 'randomuser.me'. Adding certificate verification is strongly advised. See: https://urllib3.readthedocs.io/en/latest/advanced-usage.html#tls-warnings
[2025-04-29T00:00:39.125+0000] {logging_mixin.py:151} INFO - Record Inserted !!
[2025-04-29T00:00:39.289+0000] {logging_mixin.py:151} WARNING - /home/***/.local/lib/python3.9/site-packages/urllib3/connectionpool.py:1095 InsecureRequestWarning: Unverified HTTPS request is being made to host 'randomuser.me'. Adding certificate verification is strongly advised. See: https://urllib3.readthedocs.io/en/latest/advanced-usage.html#tls-warnings
[2025-04-29T00:00:51.518+0000] {logging_mixin.py:151} INFO - Record Inserted !!
[2025-04-29T00:00:51.646+0000] {logging_mixin.py:151} WARNING - /home/***/.local/lib/python3.9/site-packages/urllib3/connectionpool.py:1095 InsecureRequestWarning: Unverified HTTPS request is being made to host 'randomuser.me'. Adding certificate verification is strongly advised. See: https://urllib3.readthedocs.io/en/latest/advanced-usage.html#tls-warnings
[2025-04-29T00:01:06.318+0000] {logging_mixin.py:151} INFO - Record Inserted !!
[2025-04-29T00:01:06.451+0000] {logging_mixin.py:151} WARNING - /home/***/.local/lib/python3.9/site-packages/urllib3/connectionpool.py:1095 InsecureRequestWarning: Unverified HTTPS request is being made to host 'randomuser.me'. Adding certificate verification is strongly advised. See: https://urllib3.readthedocs.io/en/latest/advanced-usage.html#tls-warnings
[2025-04-29T00:01:21.521+0000] {logging_mixin.py:151} INFO - Record Inserted !!
[2025-04-29T00:01:21.661+0000] {logging_mixin.py:151} WARNING - /home/***/.local/lib/python3.9/site-packages/urllib3/connectionpool.py:1095 InsecureRequestWarning: Unverified HTTPS request is being made to host 'randomuser.me'. Adding certificate verification is strongly advised. See: https://urllib3.readthedocs.io/en/latest/advanced-usage.html#tls-warnings
[2025-04-29T00:01:32.787+0000] {logging_mixin.py:151} INFO - Record Inserted !!
[2025-04-29T00:01:32.907+0000] {logging_mixin.py:151} WARNING - /home/***/.local/lib/python3.9/site-packages/urllib3/connectionpool.py:1095 InsecureRequestWarning: Unverified HTTPS request is being made to host 'randomuser.me'. Adding certificate verification is strongly advised. See: https://urllib3.readthedocs.io/en/latest/advanced-usage.html#tls-warnings
[2025-04-29T00:01:46.713+0000] {logging_mixin.py:151} INFO - Record Inserted !!
[2025-04-29T00:01:46.827+0000] {logging_mixin.py:151} WARNING - /home/***/.local/lib/python3.9/site-packages/urllib3/connectionpool.py:1095 InsecureRequestWarning: Unverified HTTPS request is being made to host 'randomuser.me'. Adding certificate verification is strongly advised. See: https://urllib3.readthedocs.io/en/latest/advanced-usage.html#tls-warnings
[2025-04-29T00:01:58.599+0000] {logging_mixin.py:151} INFO - Record Inserted !!
[2025-04-29T00:01:58.718+0000] {logging_mixin.py:151} WARNING - /home/***/.local/lib/python3.9/site-packages/urllib3/connectionpool.py:1095 InsecureRequestWarning: Unverified HTTPS request is being made to host 'randomuser.me'. Adding certificate verification is strongly advised. See: https://urllib3.readthedocs.io/en/latest/advanced-usage.html#tls-warnings
[2025-04-29T00:02:13.510+0000] {logging_mixin.py:151} INFO - Record Inserted !!
[2025-04-29T00:02:13.632+0000] {logging_mixin.py:151} WARNING - /home/***/.local/lib/python3.9/site-packages/urllib3/connectionpool.py:1095 InsecureRequestWarning: Unverified HTTPS request is being made to host 'randomuser.me'. Adding certificate verification is strongly advised. See: https://urllib3.readthedocs.io/en/latest/advanced-usage.html#tls-warnings
[2025-04-29T00:02:26.838+0000] {logging_mixin.py:151} INFO - Record Inserted !!
[2025-04-29T00:02:26.958+0000] {logging_mixin.py:151} WARNING - /home/***/.local/lib/python3.9/site-packages/urllib3/connectionpool.py:1095 InsecureRequestWarning: Unverified HTTPS request is being made to host 'randomuser.me'. Adding certificate verification is strongly advised. See: https://urllib3.readthedocs.io/en/latest/advanced-usage.html#tls-warnings
[2025-04-29T00:02:38.406+0000] {logging_mixin.py:151} INFO - Record Inserted !!
[2025-04-29T00:02:38.554+0000] {logging_mixin.py:151} WARNING - /home/***/.local/lib/python3.9/site-packages/urllib3/connectionpool.py:1095 InsecureRequestWarning: Unverified HTTPS request is being made to host 'randomuser.me'. Adding certificate verification is strongly advised. See: https://urllib3.readthedocs.io/en/latest/advanced-usage.html#tls-warnings
[2025-04-29T00:02:53.141+0000] {logging_mixin.py:151} INFO - Record Inserted !!
[2025-04-29T00:02:53.283+0000] {logging_mixin.py:151} WARNING - /home/***/.local/lib/python3.9/site-packages/urllib3/connectionpool.py:1095 InsecureRequestWarning: Unverified HTTPS request is being made to host 'randomuser.me'. Adding certificate verification is strongly advised. See: https://urllib3.readthedocs.io/en/latest/advanced-usage.html#tls-warnings
[2025-04-29T00:03:04.672+0000] {logging_mixin.py:151} INFO - Record Inserted !!
[2025-04-29T00:03:04.777+0000] {logging_mixin.py:151} WARNING - /home/***/.local/lib/python3.9/site-packages/urllib3/connectionpool.py:1095 InsecureRequestWarning: Unverified HTTPS request is being made to host 'randomuser.me'. Adding certificate verification is strongly advised. See: https://urllib3.readthedocs.io/en/latest/advanced-usage.html#tls-warnings
[2025-04-29T00:03:15.861+0000] {logging_mixin.py:151} INFO - Record Inserted !!
[2025-04-29T00:03:15.981+0000] {logging_mixin.py:151} WARNING - /home/***/.local/lib/python3.9/site-packages/urllib3/connectionpool.py:1095 InsecureRequestWarning: Unverified HTTPS request is being made to host 'randomuser.me'. Adding certificate verification is strongly advised. See: https://urllib3.readthedocs.io/en/latest/advanced-usage.html#tls-warnings
[2025-04-29T00:03:28.523+0000] {logging_mixin.py:151} INFO - Record Inserted !!
[2025-04-29T00:03:28.641+0000] {logging_mixin.py:151} WARNING - /home/***/.local/lib/python3.9/site-packages/urllib3/connectionpool.py:1095 InsecureRequestWarning: Unverified HTTPS request is being made to host 'randomuser.me'. Adding certificate verification is strongly advised. See: https://urllib3.readthedocs.io/en/latest/advanced-usage.html#tls-warnings
[2025-04-29T00:03:40.869+0000] {logging_mixin.py:151} INFO - Record Inserted !!
[2025-04-29T00:03:41.016+0000] {logging_mixin.py:151} WARNING - /home/***/.local/lib/python3.9/site-packages/urllib3/connectionpool.py:1095 InsecureRequestWarning: Unverified HTTPS request is being made to host 'randomuser.me'. Adding certificate verification is strongly advised. See: https://urllib3.readthedocs.io/en/latest/advanced-usage.html#tls-warnings
[2025-04-29T00:03:51.538+0000] {logging_mixin.py:151} INFO - Record Inserted !!
[2025-04-29T00:03:51.669+0000] {logging_mixin.py:151} WARNING - /home/***/.local/lib/python3.9/site-packages/urllib3/connectionpool.py:1095 InsecureRequestWarning: Unverified HTTPS request is being made to host 'randomuser.me'. Adding certificate verification is strongly advised. See: https://urllib3.readthedocs.io/en/latest/advanced-usage.html#tls-warnings
[2025-04-29T00:04:03.203+0000] {logging_mixin.py:151} INFO - Record Inserted !!
[2025-04-29T00:04:03.290+0000] {logging_mixin.py:151} WARNING - /home/***/.local/lib/python3.9/site-packages/urllib3/connectionpool.py:1095 InsecureRequestWarning: Unverified HTTPS request is being made to host 'randomuser.me'. Adding certificate verification is strongly advised. See: https://urllib3.readthedocs.io/en/latest/advanced-usage.html#tls-warnings
[2025-04-29T00:04:14.517+0000] {logging_mixin.py:151} INFO - Record Inserted !!
[2025-04-29T00:04:14.639+0000] {logging_mixin.py:151} WARNING - /home/***/.local/lib/python3.9/site-packages/urllib3/connectionpool.py:1095 InsecureRequestWarning: Unverified HTTPS request is being made to host 'randomuser.me'. Adding certificate verification is strongly advised. See: https://urllib3.readthedocs.io/en/latest/advanced-usage.html#tls-warnings
[2025-04-29T00:04:25.144+0000] {logging_mixin.py:151} INFO - Record Inserted !!
[2025-04-29T00:04:25.254+0000] {logging_mixin.py:151} WARNING - /home/***/.local/lib/python3.9/site-packages/urllib3/connectionpool.py:1095 InsecureRequestWarning: Unverified HTTPS request is being made to host 'randomuser.me'. Adding certificate verification is strongly advised. See: https://urllib3.readthedocs.io/en/latest/advanced-usage.html#tls-warnings
[2025-04-29T00:04:36.384+0000] {logging_mixin.py:151} INFO - Record Inserted !!
[2025-04-29T00:04:36.491+0000] {logging_mixin.py:151} WARNING - /home/***/.local/lib/python3.9/site-packages/urllib3/connectionpool.py:1095 InsecureRequestWarning: Unverified HTTPS request is being made to host 'randomuser.me'. Adding certificate verification is strongly advised. See: https://urllib3.readthedocs.io/en/latest/advanced-usage.html#tls-warnings
[2025-04-29T00:04:45.589+0000] {logging_mixin.py:151} INFO - Record Inserted !!
[2025-04-29T00:04:45.690+0000] {logging_mixin.py:151} WARNING - /home/***/.local/lib/python3.9/site-packages/urllib3/connectionpool.py:1095 InsecureRequestWarning: Unverified HTTPS request is being made to host 'randomuser.me'. Adding certificate verification is strongly advised. See: https://urllib3.readthedocs.io/en/latest/advanced-usage.html#tls-warnings
[2025-04-29T00:04:54.790+0000] {logging_mixin.py:151} INFO - Record Inserted !!
[2025-04-29T00:04:54.890+0000] {logging_mixin.py:151} WARNING - /home/***/.local/lib/python3.9/site-packages/urllib3/connectionpool.py:1095 InsecureRequestWarning: Unverified HTTPS request is being made to host 'randomuser.me'. Adding certificate verification is strongly advised. See: https://urllib3.readthedocs.io/en/latest/advanced-usage.html#tls-warnings
[2025-04-29T00:05:07.135+0000] {logging_mixin.py:151} INFO - Record Inserted !!
[2025-04-29T00:05:07.590+0000] {logging_mixin.py:151} WARNING - /home/***/.local/lib/python3.9/site-packages/urllib3/connectionpool.py:1095 InsecureRequestWarning: Unverified HTTPS request is being made to host 'randomuser.me'. Adding certificate verification is strongly advised. See: https://urllib3.readthedocs.io/en/latest/advanced-usage.html#tls-warnings
[2025-04-29T00:05:19.159+0000] {logging_mixin.py:151} INFO - Record Inserted !!
[2025-04-29T00:05:19.279+0000] {logging_mixin.py:151} WARNING - /home/***/.local/lib/python3.9/site-packages/urllib3/connectionpool.py:1095 InsecureRequestWarning: Unverified HTTPS request is being made to host 'randomuser.me'. Adding certificate verification is strongly advised. See: https://urllib3.readthedocs.io/en/latest/advanced-usage.html#tls-warnings
[2025-04-29T00:05:32.077+0000] {logging_mixin.py:151} INFO - Record Inserted !!
[2025-04-29T00:05:32.225+0000] {logging_mixin.py:151} WARNING - /home/***/.local/lib/python3.9/site-packages/urllib3/connectionpool.py:1095 InsecureRequestWarning: Unverified HTTPS request is being made to host 'randomuser.me'. Adding certificate verification is strongly advised. See: https://urllib3.readthedocs.io/en/latest/advanced-usage.html#tls-warnings
[2025-04-29T00:05:46.037+0000] {logging_mixin.py:151} INFO - Record Inserted !!
[2025-04-29T00:05:46.525+0000] {logging_mixin.py:151} WARNING - /home/***/.local/lib/python3.9/site-packages/urllib3/connectionpool.py:1095 InsecureRequestWarning: Unverified HTTPS request is being made to host 'randomuser.me'. Adding certificate verification is strongly advised. See: https://urllib3.readthedocs.io/en/latest/advanced-usage.html#tls-warnings
[2025-04-29T00:06:02.517+0000] {logging_mixin.py:151} INFO - Record Inserted !!
[2025-04-29T00:06:02.651+0000] {logging_mixin.py:151} WARNING - /home/***/.local/lib/python3.9/site-packages/urllib3/connectionpool.py:1095 InsecureRequestWarning: Unverified HTTPS request is being made to host 'randomuser.me'. Adding certificate verification is strongly advised. See: https://urllib3.readthedocs.io/en/latest/advanced-usage.html#tls-warnings
[2025-04-29T00:06:17.727+0000] {logging_mixin.py:151} INFO - Record Inserted !!
[2025-04-29T00:06:17.851+0000] {logging_mixin.py:151} WARNING - /home/***/.local/lib/python3.9/site-packages/urllib3/connectionpool.py:1095 InsecureRequestWarning: Unverified HTTPS request is being made to host 'randomuser.me'. Adding certificate verification is strongly advised. See: https://urllib3.readthedocs.io/en/latest/advanced-usage.html#tls-warnings
[2025-04-29T00:06:29.458+0000] {logging_mixin.py:151} INFO - Record Inserted !!
[2025-04-29T00:06:29.565+0000] {logging_mixin.py:151} WARNING - /home/***/.local/lib/python3.9/site-packages/urllib3/connectionpool.py:1095 InsecureRequestWarning: Unverified HTTPS request is being made to host 'randomuser.me'. Adding certificate verification is strongly advised. See: https://urllib3.readthedocs.io/en/latest/advanced-usage.html#tls-warnings
[2025-04-29T00:06:40.442+0000] {logging_mixin.py:151} INFO - Record Inserted !!
[2025-04-29T00:06:40.564+0000] {logging_mixin.py:151} WARNING - /home/***/.local/lib/python3.9/site-packages/urllib3/connectionpool.py:1095 InsecureRequestWarning: Unverified HTTPS request is being made to host 'randomuser.me'. Adding certificate verification is strongly advised. See: https://urllib3.readthedocs.io/en/latest/advanced-usage.html#tls-warnings
[2025-04-29T00:06:52.963+0000] {logging_mixin.py:151} INFO - Record Inserted !!
[2025-04-29T00:06:53.088+0000] {logging_mixin.py:151} WARNING - /home/***/.local/lib/python3.9/site-packages/urllib3/connectionpool.py:1095 InsecureRequestWarning: Unverified HTTPS request is being made to host 'randomuser.me'. Adding certificate verification is strongly advised. See: https://urllib3.readthedocs.io/en/latest/advanced-usage.html#tls-warnings
[2025-04-29T00:07:05.013+0000] {logging_mixin.py:151} INFO - Record Inserted !!
[2025-04-29T00:07:05.332+0000] {logging_mixin.py:151} WARNING - /home/***/.local/lib/python3.9/site-packages/urllib3/connectionpool.py:1095 InsecureRequestWarning: Unverified HTTPS request is being made to host 'randomuser.me'. Adding certificate verification is strongly advised. See: https://urllib3.readthedocs.io/en/latest/advanced-usage.html#tls-warnings
[2025-04-29T00:07:16.766+0000] {logging_mixin.py:151} INFO - Record Inserted !!
[2025-04-29T00:07:17.242+0000] {logging_mixin.py:151} WARNING - /home/***/.local/lib/python3.9/site-packages/urllib3/connectionpool.py:1095 InsecureRequestWarning: Unverified HTTPS request is being made to host 'randomuser.me'. Adding certificate verification is strongly advised. See: https://urllib3.readthedocs.io/en/latest/advanced-usage.html#tls-warnings
[2025-04-29T00:07:27.594+0000] {logging_mixin.py:151} INFO - Record Inserted !!
[2025-04-29T00:07:27.729+0000] {logging_mixin.py:151} WARNING - /home/***/.local/lib/python3.9/site-packages/urllib3/connectionpool.py:1095 InsecureRequestWarning: Unverified HTTPS request is being made to host 'randomuser.me'. Adding certificate verification is strongly advised. See: https://urllib3.readthedocs.io/en/latest/advanced-usage.html#tls-warnings
[2025-04-29T00:07:38.814+0000] {logging_mixin.py:151} INFO - Record Inserted !!
[2025-04-29T00:07:38.967+0000] {logging_mixin.py:151} WARNING - /home/***/.local/lib/python3.9/site-packages/urllib3/connectionpool.py:1095 InsecureRequestWarning: Unverified HTTPS request is being made to host 'randomuser.me'. Adding certificate verification is strongly advised. See: https://urllib3.readthedocs.io/en/latest/advanced-usage.html#tls-warnings
[2025-04-29T00:07:50.006+0000] {logging_mixin.py:151} INFO - Record Inserted !!
[2025-04-29T00:07:50.114+0000] {logging_mixin.py:151} WARNING - /home/***/.local/lib/python3.9/site-packages/urllib3/connectionpool.py:1095 InsecureRequestWarning: Unverified HTTPS request is being made to host 'randomuser.me'. Adding certificate verification is strongly advised. See: https://urllib3.readthedocs.io/en/latest/advanced-usage.html#tls-warnings
[2025-04-29T00:08:01.582+0000] {logging_mixin.py:151} INFO - Record Inserted !!
[2025-04-29T00:08:01.705+0000] {logging_mixin.py:151} WARNING - /home/***/.local/lib/python3.9/site-packages/urllib3/connectionpool.py:1095 InsecureRequestWarning: Unverified HTTPS request is being made to host 'randomuser.me'. Adding certificate verification is strongly advised. See: https://urllib3.readthedocs.io/en/latest/advanced-usage.html#tls-warnings
[2025-04-29T00:08:13.140+0000] {logging_mixin.py:151} INFO - Record Inserted !!
[2025-04-29T00:08:13.235+0000] {logging_mixin.py:151} WARNING - /home/***/.local/lib/python3.9/site-packages/urllib3/connectionpool.py:1095 InsecureRequestWarning: Unverified HTTPS request is being made to host 'randomuser.me'. Adding certificate verification is strongly advised. See: https://urllib3.readthedocs.io/en/latest/advanced-usage.html#tls-warnings
[2025-04-29T00:08:24.032+0000] {logging_mixin.py:151} INFO - Record Inserted !!
[2025-04-29T00:08:24.135+0000] {logging_mixin.py:151} WARNING - /home/***/.local/lib/python3.9/site-packages/urllib3/connectionpool.py:1095 InsecureRequestWarning: Unverified HTTPS request is being made to host 'randomuser.me'. Adding certificate verification is strongly advised. See: https://urllib3.readthedocs.io/en/latest/advanced-usage.html#tls-warnings
[2025-04-29T00:08:36.494+0000] {logging_mixin.py:151} INFO - Record Inserted !!
[2025-04-29T00:08:36.612+0000] {logging_mixin.py:151} WARNING - /home/***/.local/lib/python3.9/site-packages/urllib3/connectionpool.py:1095 InsecureRequestWarning: Unverified HTTPS request is being made to host 'randomuser.me'. Adding certificate verification is strongly advised. See: https://urllib3.readthedocs.io/en/latest/advanced-usage.html#tls-warnings
[2025-04-29T00:08:47.352+0000] {logging_mixin.py:151} INFO - Record Inserted !!
[2025-04-29T00:08:47.508+0000] {logging_mixin.py:151} WARNING - /home/***/.local/lib/python3.9/site-packages/urllib3/connectionpool.py:1095 InsecureRequestWarning: Unverified HTTPS request is being made to host 'randomuser.me'. Adding certificate verification is strongly advised. See: https://urllib3.readthedocs.io/en/latest/advanced-usage.html#tls-warnings
[2025-04-29T00:08:56.980+0000] {logging_mixin.py:151} INFO - Record Inserted !!
[2025-04-29T00:08:57.084+0000] {logging_mixin.py:151} WARNING - /home/***/.local/lib/python3.9/site-packages/urllib3/connectionpool.py:1095 InsecureRequestWarning: Unverified HTTPS request is being made to host 'randomuser.me'. Adding certificate verification is strongly advised. See: https://urllib3.readthedocs.io/en/latest/advanced-usage.html#tls-warnings
[2025-04-29T00:09:07.724+0000] {logging_mixin.py:151} INFO - Record Inserted !!
[2025-04-29T00:09:07.897+0000] {logging_mixin.py:151} WARNING - /home/***/.local/lib/python3.9/site-packages/urllib3/connectionpool.py:1095 InsecureRequestWarning: Unverified HTTPS request is being made to host 'randomuser.me'. Adding certificate verification is strongly advised. See: https://urllib3.readthedocs.io/en/latest/advanced-usage.html#tls-warnings
[2025-04-29T00:09:16.516+0000] {logging_mixin.py:151} INFO - Record Inserted !!
[2025-04-29T00:09:16.626+0000] {logging_mixin.py:151} WARNING - /home/***/.local/lib/python3.9/site-packages/urllib3/connectionpool.py:1095 InsecureRequestWarning: Unverified HTTPS request is being made to host 'randomuser.me'. Adding certificate verification is strongly advised. See: https://urllib3.readthedocs.io/en/latest/advanced-usage.html#tls-warnings
[2025-04-29T00:09:25.943+0000] {logging_mixin.py:151} INFO - Record Inserted !!
[2025-04-29T00:09:26.047+0000] {logging_mixin.py:151} WARNING - /home/***/.local/lib/python3.9/site-packages/urllib3/connectionpool.py:1095 InsecureRequestWarning: Unverified HTTPS request is being made to host 'randomuser.me'. Adding certificate verification is strongly advised. See: https://urllib3.readthedocs.io/en/latest/advanced-usage.html#tls-warnings
[2025-04-29T00:09:34.721+0000] {logging_mixin.py:151} INFO - Record Inserted !!
[2025-04-29T00:09:34.814+0000] {logging_mixin.py:151} WARNING - /home/***/.local/lib/python3.9/site-packages/urllib3/connectionpool.py:1095 InsecureRequestWarning: Unverified HTTPS request is being made to host 'randomuser.me'. Adding certificate verification is strongly advised. See: https://urllib3.readthedocs.io/en/latest/advanced-usage.html#tls-warnings
[2025-04-29T00:09:44.655+0000] {logging_mixin.py:151} INFO - Record Inserted !!
[2025-04-29T00:09:44.786+0000] {logging_mixin.py:151} WARNING - /home/***/.local/lib/python3.9/site-packages/urllib3/connectionpool.py:1095 InsecureRequestWarning: Unverified HTTPS request is being made to host 'randomuser.me'. Adding certificate verification is strongly advised. See: https://urllib3.readthedocs.io/en/latest/advanced-usage.html#tls-warnings
[2025-04-29T00:09:54.010+0000] {logging_mixin.py:151} INFO - Record Inserted !!
[2025-04-29T00:09:54.126+0000] {logging_mixin.py:151} WARNING - /home/***/.local/lib/python3.9/site-packages/urllib3/connectionpool.py:1095 InsecureRequestWarning: Unverified HTTPS request is being made to host 'randomuser.me'. Adding certificate verification is strongly advised. See: https://urllib3.readthedocs.io/en/latest/advanced-usage.html#tls-warnings
[2025-04-29T00:10:04.469+0000] {logging_mixin.py:151} INFO - Record Inserted !!
[2025-04-29T00:10:04.559+0000] {logging_mixin.py:151} WARNING - /home/***/.local/lib/python3.9/site-packages/urllib3/connectionpool.py:1095 InsecureRequestWarning: Unverified HTTPS request is being made to host 'randomuser.me'. Adding certificate verification is strongly advised. See: https://urllib3.readthedocs.io/en/latest/advanced-usage.html#tls-warnings
[2025-04-29T00:10:15.592+0000] {logging_mixin.py:151} INFO - Record Inserted !!
[2025-04-29T00:10:15.860+0000] {logging_mixin.py:151} WARNING - /home/***/.local/lib/python3.9/site-packages/urllib3/connectionpool.py:1095 InsecureRequestWarning: Unverified HTTPS request is being made to host 'randomuser.me'. Adding certificate verification is strongly advised. See: https://urllib3.readthedocs.io/en/latest/advanced-usage.html#tls-warnings
[2025-04-29T00:10:26.040+0000] {logging_mixin.py:151} INFO - Record Inserted !!
[2025-04-29T00:10:26.145+0000] {logging_mixin.py:151} WARNING - /home/***/.local/lib/python3.9/site-packages/urllib3/connectionpool.py:1095 InsecureRequestWarning: Unverified HTTPS request is being made to host 'randomuser.me'. Adding certificate verification is strongly advised. See: https://urllib3.readthedocs.io/en/latest/advanced-usage.html#tls-warnings
[2025-04-29T00:10:34.518+0000] {logging_mixin.py:151} INFO - Record Inserted !!
[2025-04-29T00:10:34.635+0000] {logging_mixin.py:151} WARNING - /home/***/.local/lib/python3.9/site-packages/urllib3/connectionpool.py:1095 InsecureRequestWarning: Unverified HTTPS request is being made to host 'randomuser.me'. Adding certificate verification is strongly advised. See: https://urllib3.readthedocs.io/en/latest/advanced-usage.html#tls-warnings
[2025-04-29T00:10:44.523+0000] {logging_mixin.py:151} INFO - Record Inserted !!
[2025-04-29T00:10:44.629+0000] {logging_mixin.py:151} WARNING - /home/***/.local/lib/python3.9/site-packages/urllib3/connectionpool.py:1095 InsecureRequestWarning: Unverified HTTPS request is being made to host 'randomuser.me'. Adding certificate verification is strongly advised. See: https://urllib3.readthedocs.io/en/latest/advanced-usage.html#tls-warnings
[2025-04-29T00:10:56.412+0000] {logging_mixin.py:151} INFO - Record Inserted !!
[2025-04-29T00:10:56.552+0000] {logging_mixin.py:151} WARNING - /home/***/.local/lib/python3.9/site-packages/urllib3/connectionpool.py:1095 InsecureRequestWarning: Unverified HTTPS request is being made to host 'randomuser.me'. Adding certificate verification is strongly advised. See: https://urllib3.readthedocs.io/en/latest/advanced-usage.html#tls-warnings
[2025-04-29T00:11:11.359+0000] {logging_mixin.py:151} INFO - Record Inserted !!
[2025-04-29T00:11:11.500+0000] {logging_mixin.py:151} WARNING - /home/***/.local/lib/python3.9/site-packages/urllib3/connectionpool.py:1095 InsecureRequestWarning: Unverified HTTPS request is being made to host 'randomuser.me'. Adding certificate verification is strongly advised. See: https://urllib3.readthedocs.io/en/latest/advanced-usage.html#tls-warnings
[2025-04-29T00:11:23.362+0000] {logging_mixin.py:151} INFO - Record Inserted !!
[2025-04-29T00:11:23.474+0000] {logging_mixin.py:151} WARNING - /home/***/.local/lib/python3.9/site-packages/urllib3/connectionpool.py:1095 InsecureRequestWarning: Unverified HTTPS request is being made to host 'randomuser.me'. Adding certificate verification is strongly advised. See: https://urllib3.readthedocs.io/en/latest/advanced-usage.html#tls-warnings
[2025-04-29T00:11:33.564+0000] {logging_mixin.py:151} INFO - Record Inserted !!
[2025-04-29T00:11:33.698+0000] {logging_mixin.py:151} WARNING - /home/***/.local/lib/python3.9/site-packages/urllib3/connectionpool.py:1095 InsecureRequestWarning: Unverified HTTPS request is being made to host 'randomuser.me'. Adding certificate verification is strongly advised. See: https://urllib3.readthedocs.io/en/latest/advanced-usage.html#tls-warnings
[2025-04-29T00:11:43.242+0000] {logging_mixin.py:151} INFO - Record Inserted !!
[2025-04-29T00:11:43.356+0000] {logging_mixin.py:151} WARNING - /home/***/.local/lib/python3.9/site-packages/urllib3/connectionpool.py:1095 InsecureRequestWarning: Unverified HTTPS request is being made to host 'randomuser.me'. Adding certificate verification is strongly advised. See: https://urllib3.readthedocs.io/en/latest/advanced-usage.html#tls-warnings
[2025-04-29T00:11:52.056+0000] {logging_mixin.py:151} INFO - Record Inserted !!
[2025-04-29T00:11:52.175+0000] {logging_mixin.py:151} WARNING - /home/***/.local/lib/python3.9/site-packages/urllib3/connectionpool.py:1095 InsecureRequestWarning: Unverified HTTPS request is being made to host 'randomuser.me'. Adding certificate verification is strongly advised. See: https://urllib3.readthedocs.io/en/latest/advanced-usage.html#tls-warnings
[2025-04-29T00:12:02.461+0000] {logging_mixin.py:151} INFO - Record Inserted !!
[2025-04-29T00:12:02.558+0000] {logging_mixin.py:151} WARNING - /home/***/.local/lib/python3.9/site-packages/urllib3/connectionpool.py:1095 InsecureRequestWarning: Unverified HTTPS request is being made to host 'randomuser.me'. Adding certificate verification is strongly advised. See: https://urllib3.readthedocs.io/en/latest/advanced-usage.html#tls-warnings
[2025-04-29T00:12:11.774+0000] {logging_mixin.py:151} INFO - Record Inserted !!
[2025-04-29T00:12:11.892+0000] {logging_mixin.py:151} WARNING - /home/***/.local/lib/python3.9/site-packages/urllib3/connectionpool.py:1095 InsecureRequestWarning: Unverified HTTPS request is being made to host 'randomuser.me'. Adding certificate verification is strongly advised. See: https://urllib3.readthedocs.io/en/latest/advanced-usage.html#tls-warnings
[2025-04-29T00:12:21.976+0000] {logging_mixin.py:151} INFO - Record Inserted !!
[2025-04-29T00:12:22.123+0000] {logging_mixin.py:151} WARNING - /home/***/.local/lib/python3.9/site-packages/urllib3/connectionpool.py:1095 InsecureRequestWarning: Unverified HTTPS request is being made to host 'randomuser.me'. Adding certificate verification is strongly advised. See: https://urllib3.readthedocs.io/en/latest/advanced-usage.html#tls-warnings
[2025-04-29T00:12:32.063+0000] {logging_mixin.py:151} INFO - Record Inserted !!
[2025-04-29T00:12:32.190+0000] {logging_mixin.py:151} WARNING - /home/***/.local/lib/python3.9/site-packages/urllib3/connectionpool.py:1095 InsecureRequestWarning: Unverified HTTPS request is being made to host 'randomuser.me'. Adding certificate verification is strongly advised. See: https://urllib3.readthedocs.io/en/latest/advanced-usage.html#tls-warnings
[2025-04-29T00:12:41.298+0000] {logging_mixin.py:151} INFO - Record Inserted !!
[2025-04-29T00:12:41.386+0000] {logging_mixin.py:151} WARNING - /home/***/.local/lib/python3.9/site-packages/urllib3/connectionpool.py:1095 InsecureRequestWarning: Unverified HTTPS request is being made to host 'randomuser.me'. Adding certificate verification is strongly advised. See: https://urllib3.readthedocs.io/en/latest/advanced-usage.html#tls-warnings
[2025-04-29T00:12:51.869+0000] {logging_mixin.py:151} INFO - Record Inserted !!
[2025-04-29T00:12:51.999+0000] {logging_mixin.py:151} WARNING - /home/***/.local/lib/python3.9/site-packages/urllib3/connectionpool.py:1095 InsecureRequestWarning: Unverified HTTPS request is being made to host 'randomuser.me'. Adding certificate verification is strongly advised. See: https://urllib3.readthedocs.io/en/latest/advanced-usage.html#tls-warnings
[2025-04-29T00:13:03.124+0000] {logging_mixin.py:151} INFO - Record Inserted !!
[2025-04-29T00:13:03.223+0000] {logging_mixin.py:151} WARNING - /home/***/.local/lib/python3.9/site-packages/urllib3/connectionpool.py:1095 InsecureRequestWarning: Unverified HTTPS request is being made to host 'randomuser.me'. Adding certificate verification is strongly advised. See: https://urllib3.readthedocs.io/en/latest/advanced-usage.html#tls-warnings
[2025-04-29T00:13:14.888+0000] {logging_mixin.py:151} INFO - Record Inserted !!
[2025-04-29T00:13:15.015+0000] {logging_mixin.py:151} WARNING - /home/***/.local/lib/python3.9/site-packages/urllib3/connectionpool.py:1095 InsecureRequestWarning: Unverified HTTPS request is being made to host 'randomuser.me'. Adding certificate verification is strongly advised. See: https://urllib3.readthedocs.io/en/latest/advanced-usage.html#tls-warnings
[2025-04-29T00:13:26.598+0000] {logging_mixin.py:151} INFO - Record Inserted !!
[2025-04-29T00:13:26.732+0000] {logging_mixin.py:151} WARNING - /home/***/.local/lib/python3.9/site-packages/urllib3/connectionpool.py:1095 InsecureRequestWarning: Unverified HTTPS request is being made to host 'randomuser.me'. Adding certificate verification is strongly advised. See: https://urllib3.readthedocs.io/en/latest/advanced-usage.html#tls-warnings
[2025-04-29T00:13:40.035+0000] {logging_mixin.py:151} INFO - Record Inserted !!
[2025-04-29T00:13:40.177+0000] {logging_mixin.py:151} WARNING - /home/***/.local/lib/python3.9/site-packages/urllib3/connectionpool.py:1095 InsecureRequestWarning: Unverified HTTPS request is being made to host 'randomuser.me'. Adding certificate verification is strongly advised. See: https://urllib3.readthedocs.io/en/latest/advanced-usage.html#tls-warnings
[2025-04-29T00:13:51.432+0000] {logging_mixin.py:151} INFO - Record Inserted !!
[2025-04-29T00:13:51.587+0000] {logging_mixin.py:151} WARNING - /home/***/.local/lib/python3.9/site-packages/urllib3/connectionpool.py:1095 InsecureRequestWarning: Unverified HTTPS request is being made to host 'randomuser.me'. Adding certificate verification is strongly advised. See: https://urllib3.readthedocs.io/en/latest/advanced-usage.html#tls-warnings
[2025-04-29T00:14:01.468+0000] {logging_mixin.py:151} INFO - Record Inserted !!
[2025-04-29T00:14:01.587+0000] {logging_mixin.py:151} WARNING - /home/***/.local/lib/python3.9/site-packages/urllib3/connectionpool.py:1095 InsecureRequestWarning: Unverified HTTPS request is being made to host 'randomuser.me'. Adding certificate verification is strongly advised. See: https://urllib3.readthedocs.io/en/latest/advanced-usage.html#tls-warnings
[2025-04-29T00:14:12.704+0000] {logging_mixin.py:151} INFO - Record Inserted !!
[2025-04-29T00:14:12.941+0000] {logging_mixin.py:151} WARNING - /home/***/.local/lib/python3.9/site-packages/urllib3/connectionpool.py:1095 InsecureRequestWarning: Unverified HTTPS request is being made to host 'randomuser.me'. Adding certificate verification is strongly advised. See: https://urllib3.readthedocs.io/en/latest/advanced-usage.html#tls-warnings
[2025-04-29T00:14:24.661+0000] {logging_mixin.py:151} INFO - Record Inserted !!
[2025-04-29T00:14:24.770+0000] {logging_mixin.py:151} WARNING - /home/***/.local/lib/python3.9/site-packages/urllib3/connectionpool.py:1095 InsecureRequestWarning: Unverified HTTPS request is being made to host 'randomuser.me'. Adding certificate verification is strongly advised. See: https://urllib3.readthedocs.io/en/latest/advanced-usage.html#tls-warnings
[2025-04-29T00:14:37.608+0000] {logging_mixin.py:151} INFO - Record Inserted !!
[2025-04-29T00:14:37.725+0000] {logging_mixin.py:151} WARNING - /home/***/.local/lib/python3.9/site-packages/urllib3/connectionpool.py:1095 InsecureRequestWarning: Unverified HTTPS request is being made to host 'randomuser.me'. Adding certificate verification is strongly advised. See: https://urllib3.readthedocs.io/en/latest/advanced-usage.html#tls-warnings
[2025-04-29T00:14:50.786+0000] {logging_mixin.py:151} INFO - Record Inserted !!
[2025-04-29T00:14:50.922+0000] {logging_mixin.py:151} WARNING - /home/***/.local/lib/python3.9/site-packages/urllib3/connectionpool.py:1095 InsecureRequestWarning: Unverified HTTPS request is being made to host 'randomuser.me'. Adding certificate verification is strongly advised. See: https://urllib3.readthedocs.io/en/latest/advanced-usage.html#tls-warnings
[2025-04-29T00:15:03.096+0000] {logging_mixin.py:151} INFO - Record Inserted !!
[2025-04-29T00:15:03.218+0000] {logging_mixin.py:151} WARNING - /home/***/.local/lib/python3.9/site-packages/urllib3/connectionpool.py:1095 InsecureRequestWarning: Unverified HTTPS request is being made to host 'randomuser.me'. Adding certificate verification is strongly advised. See: https://urllib3.readthedocs.io/en/latest/advanced-usage.html#tls-warnings
[2025-04-29T00:15:18.863+0000] {logging_mixin.py:151} INFO - Record Inserted !!
[2025-04-29T00:15:19.540+0000] {logging_mixin.py:151} WARNING - /home/***/.local/lib/python3.9/site-packages/urllib3/connectionpool.py:1095 InsecureRequestWarning: Unverified HTTPS request is being made to host 'randomuser.me'. Adding certificate verification is strongly advised. See: https://urllib3.readthedocs.io/en/latest/advanced-usage.html#tls-warnings
[2025-04-29T00:15:32.153+0000] {logging_mixin.py:151} INFO - Record Inserted !!
[2025-04-29T00:15:32.261+0000] {logging_mixin.py:151} WARNING - /home/***/.local/lib/python3.9/site-packages/urllib3/connectionpool.py:1095 InsecureRequestWarning: Unverified HTTPS request is being made to host 'randomuser.me'. Adding certificate verification is strongly advised. See: https://urllib3.readthedocs.io/en/latest/advanced-usage.html#tls-warnings
[2025-04-29T00:15:45.914+0000] {logging_mixin.py:151} INFO - Record Inserted !!
[2025-04-29T00:15:46.017+0000] {logging_mixin.py:151} WARNING - /home/***/.local/lib/python3.9/site-packages/urllib3/connectionpool.py:1095 InsecureRequestWarning: Unverified HTTPS request is being made to host 'randomuser.me'. Adding certificate verification is strongly advised. See: https://urllib3.readthedocs.io/en/latest/advanced-usage.html#tls-warnings
[2025-04-29T00:15:59.800+0000] {logging_mixin.py:151} INFO - Record Inserted !!
[2025-04-29T00:15:59.919+0000] {logging_mixin.py:151} WARNING - /home/***/.local/lib/python3.9/site-packages/urllib3/connectionpool.py:1095 InsecureRequestWarning: Unverified HTTPS request is being made to host 'randomuser.me'. Adding certificate verification is strongly advised. See: https://urllib3.readthedocs.io/en/latest/advanced-usage.html#tls-warnings
[2025-04-29T00:16:19.002+0000] {logging_mixin.py:151} INFO - Record Inserted !!
[2025-04-29T00:16:19.435+0000] {logging_mixin.py:151} WARNING - /home/***/.local/lib/python3.9/site-packages/urllib3/connectionpool.py:1095 InsecureRequestWarning: Unverified HTTPS request is being made to host 'randomuser.me'. Adding certificate verification is strongly advised. See: https://urllib3.readthedocs.io/en/latest/advanced-usage.html#tls-warnings
[2025-04-29T00:16:31.577+0000] {logging_mixin.py:151} INFO - Record Inserted !!
[2025-04-29T00:16:31.825+0000] {logging_mixin.py:151} WARNING - /home/***/.local/lib/python3.9/site-packages/urllib3/connectionpool.py:1095 InsecureRequestWarning: Unverified HTTPS request is being made to host 'randomuser.me'. Adding certificate verification is strongly advised. See: https://urllib3.readthedocs.io/en/latest/advanced-usage.html#tls-warnings
[2025-04-29T00:16:44.568+0000] {logging_mixin.py:151} INFO - Record Inserted !!
[2025-04-29T00:16:44.684+0000] {logging_mixin.py:151} WARNING - /home/***/.local/lib/python3.9/site-packages/urllib3/connectionpool.py:1095 InsecureRequestWarning: Unverified HTTPS request is being made to host 'randomuser.me'. Adding certificate verification is strongly advised. See: https://urllib3.readthedocs.io/en/latest/advanced-usage.html#tls-warnings
[2025-04-29T00:16:55.522+0000] {logging_mixin.py:151} INFO - Record Inserted !!
[2025-04-29T00:16:55.964+0000] {logging_mixin.py:151} WARNING - /home/***/.local/lib/python3.9/site-packages/urllib3/connectionpool.py:1095 InsecureRequestWarning: Unverified HTTPS request is being made to host 'randomuser.me'. Adding certificate verification is strongly advised. See: https://urllib3.readthedocs.io/en/latest/advanced-usage.html#tls-warnings
[2025-04-29T00:17:07.481+0000] {logging_mixin.py:151} INFO - Record Inserted !!
[2025-04-29T00:17:07.587+0000] {logging_mixin.py:151} WARNING - /home/***/.local/lib/python3.9/site-packages/urllib3/connectionpool.py:1095 InsecureRequestWarning: Unverified HTTPS request is being made to host 'randomuser.me'. Adding certificate verification is strongly advised. See: https://urllib3.readthedocs.io/en/latest/advanced-usage.html#tls-warnings
[2025-04-29T00:17:18.902+0000] {logging_mixin.py:151} INFO - Record Inserted !!
[2025-04-29T00:17:19.032+0000] {logging_mixin.py:151} WARNING - /home/***/.local/lib/python3.9/site-packages/urllib3/connectionpool.py:1095 InsecureRequestWarning: Unverified HTTPS request is being made to host 'randomuser.me'. Adding certificate verification is strongly advised. See: https://urllib3.readthedocs.io/en/latest/advanced-usage.html#tls-warnings
[2025-04-29T00:17:29.247+0000] {logging_mixin.py:151} INFO - Record Inserted !!
[2025-04-29T00:17:29.687+0000] {logging_mixin.py:151} WARNING - /home/***/.local/lib/python3.9/site-packages/urllib3/connectionpool.py:1095 InsecureRequestWarning: Unverified HTTPS request is being made to host 'randomuser.me'. Adding certificate verification is strongly advised. See: https://urllib3.readthedocs.io/en/latest/advanced-usage.html#tls-warnings
[2025-04-29T00:17:39.906+0000] {logging_mixin.py:151} INFO - Record Inserted !!
[2025-04-29T00:17:40.040+0000] {logging_mixin.py:151} WARNING - /home/***/.local/lib/python3.9/site-packages/urllib3/connectionpool.py:1095 InsecureRequestWarning: Unverified HTTPS request is being made to host 'randomuser.me'. Adding certificate verification is strongly advised. See: https://urllib3.readthedocs.io/en/latest/advanced-usage.html#tls-warnings
[2025-04-29T00:17:51.509+0000] {logging_mixin.py:151} INFO - Record Inserted !!
[2025-04-29T00:17:51.660+0000] {logging_mixin.py:151} WARNING - /home/***/.local/lib/python3.9/site-packages/urllib3/connectionpool.py:1095 InsecureRequestWarning: Unverified HTTPS request is being made to host 'randomuser.me'. Adding certificate verification is strongly advised. See: https://urllib3.readthedocs.io/en/latest/advanced-usage.html#tls-warnings
[2025-04-29T00:18:04.174+0000] {logging_mixin.py:151} INFO - Record Inserted !!
[2025-04-29T00:18:04.273+0000] {logging_mixin.py:151} WARNING - /home/***/.local/lib/python3.9/site-packages/urllib3/connectionpool.py:1095 InsecureRequestWarning: Unverified HTTPS request is being made to host 'randomuser.me'. Adding certificate verification is strongly advised. See: https://urllib3.readthedocs.io/en/latest/advanced-usage.html#tls-warnings
[2025-04-29T00:18:15.914+0000] {logging_mixin.py:151} INFO - Record Inserted !!
[2025-04-29T00:18:16.036+0000] {logging_mixin.py:151} WARNING - /home/***/.local/lib/python3.9/site-packages/urllib3/connectionpool.py:1095 InsecureRequestWarning: Unverified HTTPS request is being made to host 'randomuser.me'. Adding certificate verification is strongly advised. See: https://urllib3.readthedocs.io/en/latest/advanced-usage.html#tls-warnings
[2025-04-29T00:18:28.326+0000] {logging_mixin.py:151} INFO - Record Inserted !!
[2025-04-29T00:18:28.429+0000] {logging_mixin.py:151} WARNING - /home/***/.local/lib/python3.9/site-packages/urllib3/connectionpool.py:1095 InsecureRequestWarning: Unverified HTTPS request is being made to host 'randomuser.me'. Adding certificate verification is strongly advised. See: https://urllib3.readthedocs.io/en/latest/advanced-usage.html#tls-warnings
[2025-04-29T00:18:42.685+0000] {logging_mixin.py:151} INFO - Record Inserted !!
[2025-04-29T00:18:42.820+0000] {logging_mixin.py:151} WARNING - /home/***/.local/lib/python3.9/site-packages/urllib3/connectionpool.py:1095 InsecureRequestWarning: Unverified HTTPS request is being made to host 'randomuser.me'. Adding certificate verification is strongly advised. See: https://urllib3.readthedocs.io/en/latest/advanced-usage.html#tls-warnings
[2025-04-29T00:18:55.384+0000] {logging_mixin.py:151} INFO - Record Inserted !!
[2025-04-29T00:18:55.489+0000] {logging_mixin.py:151} WARNING - /home/***/.local/lib/python3.9/site-packages/urllib3/connectionpool.py:1095 InsecureRequestWarning: Unverified HTTPS request is being made to host 'randomuser.me'. Adding certificate verification is strongly advised. See: https://urllib3.readthedocs.io/en/latest/advanced-usage.html#tls-warnings
[2025-04-29T00:19:07.092+0000] {logging_mixin.py:151} INFO - Record Inserted !!
[2025-04-29T00:19:07.202+0000] {logging_mixin.py:151} WARNING - /home/***/.local/lib/python3.9/site-packages/urllib3/connectionpool.py:1095 InsecureRequestWarning: Unverified HTTPS request is being made to host 'randomuser.me'. Adding certificate verification is strongly advised. See: https://urllib3.readthedocs.io/en/latest/advanced-usage.html#tls-warnings
[2025-04-29T00:19:18.616+0000] {logging_mixin.py:151} INFO - Record Inserted !!
[2025-04-29T00:19:18.712+0000] {logging_mixin.py:151} WARNING - /home/***/.local/lib/python3.9/site-packages/urllib3/connectionpool.py:1095 InsecureRequestWarning: Unverified HTTPS request is being made to host 'randomuser.me'. Adding certificate verification is strongly advised. See: https://urllib3.readthedocs.io/en/latest/advanced-usage.html#tls-warnings
[2025-04-29T00:19:32.351+0000] {logging_mixin.py:151} INFO - Record Inserted !!
[2025-04-29T00:19:32.475+0000] {logging_mixin.py:151} WARNING - /home/***/.local/lib/python3.9/site-packages/urllib3/connectionpool.py:1095 InsecureRequestWarning: Unverified HTTPS request is being made to host 'randomuser.me'. Adding certificate verification is strongly advised. See: https://urllib3.readthedocs.io/en/latest/advanced-usage.html#tls-warnings
[2025-04-29T00:19:44.015+0000] {logging_mixin.py:151} INFO - Record Inserted !!
[2025-04-29T00:19:44.130+0000] {logging_mixin.py:151} WARNING - /home/***/.local/lib/python3.9/site-packages/urllib3/connectionpool.py:1095 InsecureRequestWarning: Unverified HTTPS request is being made to host 'randomuser.me'. Adding certificate verification is strongly advised. See: https://urllib3.readthedocs.io/en/latest/advanced-usage.html#tls-warnings
[2025-04-29T00:19:56.398+0000] {logging_mixin.py:151} INFO - Record Inserted !!
[2025-04-29T00:19:56.504+0000] {logging_mixin.py:151} WARNING - /home/***/.local/lib/python3.9/site-packages/urllib3/connectionpool.py:1095 InsecureRequestWarning: Unverified HTTPS request is being made to host 'randomuser.me'. Adding certificate verification is strongly advised. See: https://urllib3.readthedocs.io/en/latest/advanced-usage.html#tls-warnings
[2025-04-29T00:20:10.318+0000] {logging_mixin.py:151} INFO - Record Inserted !!
[2025-04-29T00:20:10.457+0000] {logging_mixin.py:151} WARNING - /home/***/.local/lib/python3.9/site-packages/urllib3/connectionpool.py:1095 InsecureRequestWarning: Unverified HTTPS request is being made to host 'randomuser.me'. Adding certificate verification is strongly advised. See: https://urllib3.readthedocs.io/en/latest/advanced-usage.html#tls-warnings
[2025-04-29T00:20:22.774+0000] {logging_mixin.py:151} INFO - Record Inserted !!
[2025-04-29T00:20:23.196+0000] {logging_mixin.py:151} WARNING - /home/***/.local/lib/python3.9/site-packages/urllib3/connectionpool.py:1095 InsecureRequestWarning: Unverified HTTPS request is being made to host 'randomuser.me'. Adding certificate verification is strongly advised. See: https://urllib3.readthedocs.io/en/latest/advanced-usage.html#tls-warnings
[2025-04-29T00:20:34.360+0000] {logging_mixin.py:151} INFO - Record Inserted !!
[2025-04-29T00:20:34.481+0000] {logging_mixin.py:151} WARNING - /home/***/.local/lib/python3.9/site-packages/urllib3/connectionpool.py:1095 InsecureRequestWarning: Unverified HTTPS request is being made to host 'randomuser.me'. Adding certificate verification is strongly advised. See: https://urllib3.readthedocs.io/en/latest/advanced-usage.html#tls-warnings
[2025-04-29T00:20:47.078+0000] {logging_mixin.py:151} INFO - Record Inserted !!
[2025-04-29T00:20:47.259+0000] {logging_mixin.py:151} WARNING - /home/***/.local/lib/python3.9/site-packages/urllib3/connectionpool.py:1095 InsecureRequestWarning: Unverified HTTPS request is being made to host 'randomuser.me'. Adding certificate verification is strongly advised. See: https://urllib3.readthedocs.io/en/latest/advanced-usage.html#tls-warnings
[2025-04-29T00:20:57.248+0000] {logging_mixin.py:151} INFO - Record Inserted !!
[2025-04-29T00:20:57.375+0000] {logging_mixin.py:151} WARNING - /home/***/.local/lib/python3.9/site-packages/urllib3/connectionpool.py:1095 InsecureRequestWarning: Unverified HTTPS request is being made to host 'randomuser.me'. Adding certificate verification is strongly advised. See: https://urllib3.readthedocs.io/en/latest/advanced-usage.html#tls-warnings
[2025-04-29T00:21:12.175+0000] {logging_mixin.py:151} INFO - Record Inserted !!
[2025-04-29T00:21:12.573+0000] {logging_mixin.py:151} WARNING - /home/***/.local/lib/python3.9/site-packages/urllib3/connectionpool.py:1095 InsecureRequestWarning: Unverified HTTPS request is being made to host 'randomuser.me'. Adding certificate verification is strongly advised. See: https://urllib3.readthedocs.io/en/latest/advanced-usage.html#tls-warnings
[2025-04-29T00:21:25.826+0000] {logging_mixin.py:151} INFO - Record Inserted !!
[2025-04-29T00:21:25.931+0000] {logging_mixin.py:151} WARNING - /home/***/.local/lib/python3.9/site-packages/urllib3/connectionpool.py:1095 InsecureRequestWarning: Unverified HTTPS request is being made to host 'randomuser.me'. Adding certificate verification is strongly advised. See: https://urllib3.readthedocs.io/en/latest/advanced-usage.html#tls-warnings
[2025-04-29T00:21:36.764+0000] {logging_mixin.py:151} INFO - Record Inserted !!
[2025-04-29T00:21:36.923+0000] {logging_mixin.py:151} WARNING - /home/***/.local/lib/python3.9/site-packages/urllib3/connectionpool.py:1095 InsecureRequestWarning: Unverified HTTPS request is being made to host 'randomuser.me'. Adding certificate verification is strongly advised. See: https://urllib3.readthedocs.io/en/latest/advanced-usage.html#tls-warnings
[2025-04-29T00:21:47.949+0000] {logging_mixin.py:151} INFO - Record Inserted !!
[2025-04-29T00:21:48.062+0000] {logging_mixin.py:151} WARNING - /home/***/.local/lib/python3.9/site-packages/urllib3/connectionpool.py:1095 InsecureRequestWarning: Unverified HTTPS request is being made to host 'randomuser.me'. Adding certificate verification is strongly advised. See: https://urllib3.readthedocs.io/en/latest/advanced-usage.html#tls-warnings
[2025-04-29T00:21:59.182+0000] {logging_mixin.py:151} INFO - Record Inserted !!
[2025-04-29T00:21:59.306+0000] {logging_mixin.py:151} WARNING - /home/***/.local/lib/python3.9/site-packages/urllib3/connectionpool.py:1095 InsecureRequestWarning: Unverified HTTPS request is being made to host 'randomuser.me'. Adding certificate verification is strongly advised. See: https://urllib3.readthedocs.io/en/latest/advanced-usage.html#tls-warnings
[2025-04-29T00:22:12.024+0000] {logging_mixin.py:151} INFO - Record Inserted !!
[2025-04-29T00:22:12.115+0000] {logging_mixin.py:151} WARNING - /home/***/.local/lib/python3.9/site-packages/urllib3/connectionpool.py:1095 InsecureRequestWarning: Unverified HTTPS request is being made to host 'randomuser.me'. Adding certificate verification is strongly advised. See: https://urllib3.readthedocs.io/en/latest/advanced-usage.html#tls-warnings
[2025-04-29T00:22:24.560+0000] {logging_mixin.py:151} INFO - Record Inserted !!
[2025-04-29T00:22:24.722+0000] {logging_mixin.py:151} WARNING - /home/***/.local/lib/python3.9/site-packages/urllib3/connectionpool.py:1095 InsecureRequestWarning: Unverified HTTPS request is being made to host 'randomuser.me'. Adding certificate verification is strongly advised. See: https://urllib3.readthedocs.io/en/latest/advanced-usage.html#tls-warnings
[2025-04-29T00:22:35.039+0000] {logging_mixin.py:151} INFO - Record Inserted !!
[2025-04-29T00:22:35.157+0000] {logging_mixin.py:151} WARNING - /home/***/.local/lib/python3.9/site-packages/urllib3/connectionpool.py:1095 InsecureRequestWarning: Unverified HTTPS request is being made to host 'randomuser.me'. Adding certificate verification is strongly advised. See: https://urllib3.readthedocs.io/en/latest/advanced-usage.html#tls-warnings
[2025-04-29T00:22:47.282+0000] {logging_mixin.py:151} INFO - Record Inserted !!
[2025-04-29T00:22:47.401+0000] {logging_mixin.py:151} WARNING - /home/***/.local/lib/python3.9/site-packages/urllib3/connectionpool.py:1095 InsecureRequestWarning: Unverified HTTPS request is being made to host 'randomuser.me'. Adding certificate verification is strongly advised. See: https://urllib3.readthedocs.io/en/latest/advanced-usage.html#tls-warnings
[2025-04-29T00:22:58.905+0000] {logging_mixin.py:151} INFO - Record Inserted !!
[2025-04-29T00:22:59.019+0000] {logging_mixin.py:151} WARNING - /home/***/.local/lib/python3.9/site-packages/urllib3/connectionpool.py:1095 InsecureRequestWarning: Unverified HTTPS request is being made to host 'randomuser.me'. Adding certificate verification is strongly advised. See: https://urllib3.readthedocs.io/en/latest/advanced-usage.html#tls-warnings
[2025-04-29T00:23:10.903+0000] {logging_mixin.py:151} INFO - Record Inserted !!
[2025-04-29T00:23:11.343+0000] {logging_mixin.py:151} WARNING - /home/***/.local/lib/python3.9/site-packages/urllib3/connectionpool.py:1095 InsecureRequestWarning: Unverified HTTPS request is being made to host 'randomuser.me'. Adding certificate verification is strongly advised. See: https://urllib3.readthedocs.io/en/latest/advanced-usage.html#tls-warnings
[2025-04-29T00:23:22.993+0000] {logging_mixin.py:151} INFO - Record Inserted !!
[2025-04-29T00:23:23.111+0000] {logging_mixin.py:151} WARNING - /home/***/.local/lib/python3.9/site-packages/urllib3/connectionpool.py:1095 InsecureRequestWarning: Unverified HTTPS request is being made to host 'randomuser.me'. Adding certificate verification is strongly advised. See: https://urllib3.readthedocs.io/en/latest/advanced-usage.html#tls-warnings
[2025-04-29T00:23:34.150+0000] {logging_mixin.py:151} INFO - Record Inserted !!
[2025-04-29T00:23:34.254+0000] {logging_mixin.py:151} WARNING - /home/***/.local/lib/python3.9/site-packages/urllib3/connectionpool.py:1095 InsecureRequestWarning: Unverified HTTPS request is being made to host 'randomuser.me'. Adding certificate verification is strongly advised. See: https://urllib3.readthedocs.io/en/latest/advanced-usage.html#tls-warnings
[2025-04-29T00:23:47.711+0000] {logging_mixin.py:151} INFO - Record Inserted !!
[2025-04-29T00:23:47.808+0000] {logging_mixin.py:151} WARNING - /home/***/.local/lib/python3.9/site-packages/urllib3/connectionpool.py:1095 InsecureRequestWarning: Unverified HTTPS request is being made to host 'randomuser.me'. Adding certificate verification is strongly advised. See: https://urllib3.readthedocs.io/en/latest/advanced-usage.html#tls-warnings
[2025-04-29T00:23:59.812+0000] {logging_mixin.py:151} INFO - Record Inserted !!
[2025-04-29T00:23:59.928+0000] {logging_mixin.py:151} WARNING - /home/***/.local/lib/python3.9/site-packages/urllib3/connectionpool.py:1095 InsecureRequestWarning: Unverified HTTPS request is being made to host 'randomuser.me'. Adding certificate verification is strongly advised. See: https://urllib3.readthedocs.io/en/latest/advanced-usage.html#tls-warnings
[2025-04-29T00:24:13.458+0000] {logging_mixin.py:151} INFO - Record Inserted !!
[2025-04-29T00:24:13.614+0000] {logging_mixin.py:151} WARNING - /home/***/.local/lib/python3.9/site-packages/urllib3/connectionpool.py:1095 InsecureRequestWarning: Unverified HTTPS request is being made to host 'randomuser.me'. Adding certificate verification is strongly advised. See: https://urllib3.readthedocs.io/en/latest/advanced-usage.html#tls-warnings
[2025-04-29T00:24:25.963+0000] {logging_mixin.py:151} INFO - Record Inserted !!
[2025-04-29T00:24:26.110+0000] {logging_mixin.py:151} WARNING - /home/***/.local/lib/python3.9/site-packages/urllib3/connectionpool.py:1095 InsecureRequestWarning: Unverified HTTPS request is being made to host 'randomuser.me'. Adding certificate verification is strongly advised. See: https://urllib3.readthedocs.io/en/latest/advanced-usage.html#tls-warnings
[2025-04-29T00:24:38.331+0000] {logging_mixin.py:151} INFO - Record Inserted !!
[2025-04-29T00:24:38.434+0000] {logging_mixin.py:151} WARNING - /home/***/.local/lib/python3.9/site-packages/urllib3/connectionpool.py:1095 InsecureRequestWarning: Unverified HTTPS request is being made to host 'randomuser.me'. Adding certificate verification is strongly advised. See: https://urllib3.readthedocs.io/en/latest/advanced-usage.html#tls-warnings
[2025-04-29T00:24:48.974+0000] {logging_mixin.py:151} INFO - Record Inserted !!
[2025-04-29T00:24:49.095+0000] {logging_mixin.py:151} WARNING - /home/***/.local/lib/python3.9/site-packages/urllib3/connectionpool.py:1095 InsecureRequestWarning: Unverified HTTPS request is being made to host 'randomuser.me'. Adding certificate verification is strongly advised. See: https://urllib3.readthedocs.io/en/latest/advanced-usage.html#tls-warnings
[2025-04-29T00:25:01.279+0000] {logging_mixin.py:151} INFO - Record Inserted !!
[2025-04-29T00:25:01.372+0000] {logging_mixin.py:151} WARNING - /home/***/.local/lib/python3.9/site-packages/urllib3/connectionpool.py:1095 InsecureRequestWarning: Unverified HTTPS request is being made to host 'randomuser.me'. Adding certificate verification is strongly advised. See: https://urllib3.readthedocs.io/en/latest/advanced-usage.html#tls-warnings
[2025-04-29T00:25:14.217+0000] {logging_mixin.py:151} INFO - Record Inserted !!
[2025-04-29T00:25:14.330+0000] {logging_mixin.py:151} WARNING - /home/***/.local/lib/python3.9/site-packages/urllib3/connectionpool.py:1095 InsecureRequestWarning: Unverified HTTPS request is being made to host 'randomuser.me'. Adding certificate verification is strongly advised. See: https://urllib3.readthedocs.io/en/latest/advanced-usage.html#tls-warnings
[2025-04-29T00:25:27.169+0000] {logging_mixin.py:151} INFO - Record Inserted !!
[2025-04-29T00:25:27.436+0000] {logging_mixin.py:151} WARNING - /home/***/.local/lib/python3.9/site-packages/urllib3/connectionpool.py:1095 InsecureRequestWarning: Unverified HTTPS request is being made to host 'randomuser.me'. Adding certificate verification is strongly advised. See: https://urllib3.readthedocs.io/en/latest/advanced-usage.html#tls-warnings
[2025-04-29T00:25:27.501+0000] {kafka_stream.py:57} ERROR - An error occured: Expecting value: line 1 column 1 (char 0)
[2025-04-29T00:25:27.630+0000] {logging_mixin.py:151} WARNING - /home/***/.local/lib/python3.9/site-packages/urllib3/connectionpool.py:1095 InsecureRequestWarning: Unverified HTTPS request is being made to host 'randomuser.me'. Adding certificate verification is strongly advised. See: https://urllib3.readthedocs.io/en/latest/advanced-usage.html#tls-warnings
[2025-04-29T00:25:27.692+0000] {kafka_stream.py:57} ERROR - An error occured: Expecting value: line 1 column 1 (char 0)
[2025-04-29T00:25:27.812+0000] {logging_mixin.py:151} WARNING - /home/***/.local/lib/python3.9/site-packages/urllib3/connectionpool.py:1095 InsecureRequestWarning: Unverified HTTPS request is being made to host 'randomuser.me'. Adding certificate verification is strongly advised. See: https://urllib3.readthedocs.io/en/latest/advanced-usage.html#tls-warnings
[2025-04-29T00:25:27.868+0000] {kafka_stream.py:57} ERROR - An error occured: Expecting value: line 1 column 1 (char 0)
[2025-04-29T00:25:27.986+0000] {logging_mixin.py:151} WARNING - /home/***/.local/lib/python3.9/site-packages/urllib3/connectionpool.py:1095 InsecureRequestWarning: Unverified HTTPS request is being made to host 'randomuser.me'. Adding certificate verification is strongly advised. See: https://urllib3.readthedocs.io/en/latest/advanced-usage.html#tls-warnings
[2025-04-29T00:25:28.038+0000] {kafka_stream.py:57} ERROR - An error occured: Expecting value: line 1 column 1 (char 0)
[2025-04-29T00:25:28.143+0000] {logging_mixin.py:151} WARNING - /home/***/.local/lib/python3.9/site-packages/urllib3/connectionpool.py:1095 InsecureRequestWarning: Unverified HTTPS request is being made to host 'randomuser.me'. Adding certificate verification is strongly advised. See: https://urllib3.readthedocs.io/en/latest/advanced-usage.html#tls-warnings
[2025-04-29T00:25:28.199+0000] {kafka_stream.py:57} ERROR - An error occured: Expecting value: line 1 column 1 (char 0)
[2025-04-29T00:25:28.322+0000] {logging_mixin.py:151} WARNING - /home/***/.local/lib/python3.9/site-packages/urllib3/connectionpool.py:1095 InsecureRequestWarning: Unverified HTTPS request is being made to host 'randomuser.me'. Adding certificate verification is strongly advised. See: https://urllib3.readthedocs.io/en/latest/advanced-usage.html#tls-warnings
[2025-04-29T00:25:28.375+0000] {kafka_stream.py:57} ERROR - An error occured: Expecting value: line 1 column 1 (char 0)
[2025-04-29T00:25:28.561+0000] {logging_mixin.py:151} WARNING - /home/***/.local/lib/python3.9/site-packages/urllib3/connectionpool.py:1095 InsecureRequestWarning: Unverified HTTPS request is being made to host 'randomuser.me'. Adding certificate verification is strongly advised. See: https://urllib3.readthedocs.io/en/latest/advanced-usage.html#tls-warnings
[2025-04-29T00:25:28.616+0000] {kafka_stream.py:57} ERROR - An error occured: Expecting value: line 1 column 1 (char 0)
[2025-04-29T00:25:28.809+0000] {logging_mixin.py:151} WARNING - /home/***/.local/lib/python3.9/site-packages/urllib3/connectionpool.py:1095 InsecureRequestWarning: Unverified HTTPS request is being made to host 'randomuser.me'. Adding certificate verification is strongly advised. See: https://urllib3.readthedocs.io/en/latest/advanced-usage.html#tls-warnings
[2025-04-29T00:25:28.865+0000] {kafka_stream.py:57} ERROR - An error occured: Expecting value: line 1 column 1 (char 0)
[2025-04-29T00:25:28.988+0000] {logging_mixin.py:151} WARNING - /home/***/.local/lib/python3.9/site-packages/urllib3/connectionpool.py:1095 InsecureRequestWarning: Unverified HTTPS request is being made to host 'randomuser.me'. Adding certificate verification is strongly advised. See: https://urllib3.readthedocs.io/en/latest/advanced-usage.html#tls-warnings
[2025-04-29T00:25:29.040+0000] {kafka_stream.py:57} ERROR - An error occured: Expecting value: line 1 column 1 (char 0)
[2025-04-29T00:25:29.135+0000] {logging_mixin.py:151} WARNING - /home/***/.local/lib/python3.9/site-packages/urllib3/connectionpool.py:1095 InsecureRequestWarning: Unverified HTTPS request is being made to host 'randomuser.me'. Adding certificate verification is strongly advised. See: https://urllib3.readthedocs.io/en/latest/advanced-usage.html#tls-warnings
[2025-04-29T00:25:29.186+0000] {kafka_stream.py:57} ERROR - An error occured: Expecting value: line 1 column 1 (char 0)
[2025-04-29T00:25:29.293+0000] {logging_mixin.py:151} WARNING - /home/***/.local/lib/python3.9/site-packages/urllib3/connectionpool.py:1095 InsecureRequestWarning: Unverified HTTPS request is being made to host 'randomuser.me'. Adding certificate verification is strongly advised. See: https://urllib3.readthedocs.io/en/latest/advanced-usage.html#tls-warnings
[2025-04-29T00:25:29.353+0000] {kafka_stream.py:57} ERROR - An error occured: Expecting value: line 1 column 1 (char 0)
[2025-04-29T00:25:29.492+0000] {logging_mixin.py:151} WARNING - /home/***/.local/lib/python3.9/site-packages/urllib3/connectionpool.py:1095 InsecureRequestWarning: Unverified HTTPS request is being made to host 'randomuser.me'. Adding certificate verification is strongly advised. See: https://urllib3.readthedocs.io/en/latest/advanced-usage.html#tls-warnings
[2025-04-29T00:25:29.550+0000] {kafka_stream.py:57} ERROR - An error occured: Expecting value: line 1 column 1 (char 0)
[2025-04-29T00:25:29.651+0000] {logging_mixin.py:151} WARNING - /home/***/.local/lib/python3.9/site-packages/urllib3/connectionpool.py:1095 InsecureRequestWarning: Unverified HTTPS request is being made to host 'randomuser.me'. Adding certificate verification is strongly advised. See: https://urllib3.readthedocs.io/en/latest/advanced-usage.html#tls-warnings
[2025-04-29T00:25:29.709+0000] {kafka_stream.py:57} ERROR - An error occured: Expecting value: line 1 column 1 (char 0)
[2025-04-29T00:25:29.921+0000] {logging_mixin.py:151} WARNING - /home/***/.local/lib/python3.9/site-packages/urllib3/connectionpool.py:1095 InsecureRequestWarning: Unverified HTTPS request is being made to host 'randomuser.me'. Adding certificate verification is strongly advised. See: https://urllib3.readthedocs.io/en/latest/advanced-usage.html#tls-warnings
[2025-04-29T00:25:29.984+0000] {kafka_stream.py:57} ERROR - An error occured: Expecting value: line 1 column 1 (char 0)
[2025-04-29T00:25:30.137+0000] {logging_mixin.py:151} WARNING - /home/***/.local/lib/python3.9/site-packages/urllib3/connectionpool.py:1095 InsecureRequestWarning: Unverified HTTPS request is being made to host 'randomuser.me'. Adding certificate verification is strongly advised. See: https://urllib3.readthedocs.io/en/latest/advanced-usage.html#tls-warnings
[2025-04-29T00:25:30.190+0000] {kafka_stream.py:57} ERROR - An error occured: Expecting value: line 1 column 1 (char 0)
[2025-04-29T00:25:30.290+0000] {logging_mixin.py:151} WARNING - /home/***/.local/lib/python3.9/site-packages/urllib3/connectionpool.py:1095 InsecureRequestWarning: Unverified HTTPS request is being made to host 'randomuser.me'. Adding certificate verification is strongly advised. See: https://urllib3.readthedocs.io/en/latest/advanced-usage.html#tls-warnings
[2025-04-29T00:25:30.341+0000] {kafka_stream.py:57} ERROR - An error occured: Expecting value: line 1 column 1 (char 0)
[2025-04-29T00:25:30.462+0000] {logging_mixin.py:151} WARNING - /home/***/.local/lib/python3.9/site-packages/urllib3/connectionpool.py:1095 InsecureRequestWarning: Unverified HTTPS request is being made to host 'randomuser.me'. Adding certificate verification is strongly advised. See: https://urllib3.readthedocs.io/en/latest/advanced-usage.html#tls-warnings
[2025-04-29T00:25:30.518+0000] {kafka_stream.py:57} ERROR - An error occured: Expecting value: line 1 column 1 (char 0)
[2025-04-29T00:25:30.634+0000] {logging_mixin.py:151} WARNING - /home/***/.local/lib/python3.9/site-packages/urllib3/connectionpool.py:1095 InsecureRequestWarning: Unverified HTTPS request is being made to host 'randomuser.me'. Adding certificate verification is strongly advised. See: https://urllib3.readthedocs.io/en/latest/advanced-usage.html#tls-warnings
[2025-04-29T00:25:30.690+0000] {kafka_stream.py:57} ERROR - An error occured: Expecting value: line 1 column 1 (char 0)
[2025-04-29T00:25:30.797+0000] {logging_mixin.py:151} WARNING - /home/***/.local/lib/python3.9/site-packages/urllib3/connectionpool.py:1095 InsecureRequestWarning: Unverified HTTPS request is being made to host 'randomuser.me'. Adding certificate verification is strongly advised. See: https://urllib3.readthedocs.io/en/latest/advanced-usage.html#tls-warnings
[2025-04-29T00:25:30.849+0000] {kafka_stream.py:57} ERROR - An error occured: Expecting value: line 1 column 1 (char 0)
[2025-04-29T00:25:30.957+0000] {logging_mixin.py:151} WARNING - /home/***/.local/lib/python3.9/site-packages/urllib3/connectionpool.py:1095 InsecureRequestWarning: Unverified HTTPS request is being made to host 'randomuser.me'. Adding certificate verification is strongly advised. See: https://urllib3.readthedocs.io/en/latest/advanced-usage.html#tls-warnings
[2025-04-29T00:25:31.008+0000] {kafka_stream.py:57} ERROR - An error occured: Expecting value: line 1 column 1 (char 0)
[2025-04-29T00:25:31.116+0000] {logging_mixin.py:151} WARNING - /home/***/.local/lib/python3.9/site-packages/urllib3/connectionpool.py:1095 InsecureRequestWarning: Unverified HTTPS request is being made to host 'randomuser.me'. Adding certificate verification is strongly advised. See: https://urllib3.readthedocs.io/en/latest/advanced-usage.html#tls-warnings
[2025-04-29T00:25:31.168+0000] {kafka_stream.py:57} ERROR - An error occured: Expecting value: line 1 column 1 (char 0)
[2025-04-29T00:25:31.275+0000] {logging_mixin.py:151} WARNING - /home/***/.local/lib/python3.9/site-packages/urllib3/connectionpool.py:1095 InsecureRequestWarning: Unverified HTTPS request is being made to host 'randomuser.me'. Adding certificate verification is strongly advised. See: https://urllib3.readthedocs.io/en/latest/advanced-usage.html#tls-warnings
[2025-04-29T00:25:31.356+0000] {kafka_stream.py:57} ERROR - An error occured: Expecting value: line 1 column 1 (char 0)
[2025-04-29T00:25:31.450+0000] {logging_mixin.py:151} WARNING - /home/***/.local/lib/python3.9/site-packages/urllib3/connectionpool.py:1095 InsecureRequestWarning: Unverified HTTPS request is being made to host 'randomuser.me'. Adding certificate verification is strongly advised. See: https://urllib3.readthedocs.io/en/latest/advanced-usage.html#tls-warnings
[2025-04-29T00:25:31.517+0000] {kafka_stream.py:57} ERROR - An error occured: Expecting value: line 1 column 1 (char 0)
[2025-04-29T00:25:31.625+0000] {logging_mixin.py:151} WARNING - /home/***/.local/lib/python3.9/site-packages/urllib3/connectionpool.py:1095 InsecureRequestWarning: Unverified HTTPS request is being made to host 'randomuser.me'. Adding certificate verification is strongly advised. See: https://urllib3.readthedocs.io/en/latest/advanced-usage.html#tls-warnings
[2025-04-29T00:25:31.682+0000] {kafka_stream.py:57} ERROR - An error occured: Expecting value: line 1 column 1 (char 0)
[2025-04-29T00:25:31.766+0000] {logging_mixin.py:151} WARNING - /home/***/.local/lib/python3.9/site-packages/urllib3/connectionpool.py:1095 InsecureRequestWarning: Unverified HTTPS request is being made to host 'randomuser.me'. Adding certificate verification is strongly advised. See: https://urllib3.readthedocs.io/en/latest/advanced-usage.html#tls-warnings
[2025-04-29T00:25:31.821+0000] {kafka_stream.py:57} ERROR - An error occured: Expecting value: line 1 column 1 (char 0)
[2025-04-29T00:25:31.916+0000] {logging_mixin.py:151} WARNING - /home/***/.local/lib/python3.9/site-packages/urllib3/connectionpool.py:1095 InsecureRequestWarning: Unverified HTTPS request is being made to host 'randomuser.me'. Adding certificate verification is strongly advised. See: https://urllib3.readthedocs.io/en/latest/advanced-usage.html#tls-warnings
[2025-04-29T00:25:31.967+0000] {kafka_stream.py:57} ERROR - An error occured: Expecting value: line 1 column 1 (char 0)
[2025-04-29T00:25:32.082+0000] {logging_mixin.py:151} WARNING - /home/***/.local/lib/python3.9/site-packages/urllib3/connectionpool.py:1095 InsecureRequestWarning: Unverified HTTPS request is being made to host 'randomuser.me'. Adding certificate verification is strongly advised. See: https://urllib3.readthedocs.io/en/latest/advanced-usage.html#tls-warnings
[2025-04-29T00:25:32.136+0000] {kafka_stream.py:57} ERROR - An error occured: Expecting value: line 1 column 1 (char 0)
[2025-04-29T00:25:32.241+0000] {logging_mixin.py:151} WARNING - /home/***/.local/lib/python3.9/site-packages/urllib3/connectionpool.py:1095 InsecureRequestWarning: Unverified HTTPS request is being made to host 'randomuser.me'. Adding certificate verification is strongly advised. See: https://urllib3.readthedocs.io/en/latest/advanced-usage.html#tls-warnings
[2025-04-29T00:25:32.294+0000] {kafka_stream.py:57} ERROR - An error occured: Expecting value: line 1 column 1 (char 0)
[2025-04-29T00:25:32.411+0000] {logging_mixin.py:151} WARNING - /home/***/.local/lib/python3.9/site-packages/urllib3/connectionpool.py:1095 InsecureRequestWarning: Unverified HTTPS request is being made to host 'randomuser.me'. Adding certificate verification is strongly advised. See: https://urllib3.readthedocs.io/en/latest/advanced-usage.html#tls-warnings
[2025-04-29T00:25:32.471+0000] {kafka_stream.py:57} ERROR - An error occured: Expecting value: line 1 column 1 (char 0)
[2025-04-29T00:25:32.570+0000] {logging_mixin.py:151} WARNING - /home/***/.local/lib/python3.9/site-packages/urllib3/connectionpool.py:1095 InsecureRequestWarning: Unverified HTTPS request is being made to host 'randomuser.me'. Adding certificate verification is strongly advised. See: https://urllib3.readthedocs.io/en/latest/advanced-usage.html#tls-warnings
[2025-04-29T00:25:32.623+0000] {kafka_stream.py:57} ERROR - An error occured: Expecting value: line 1 column 1 (char 0)
[2025-04-29T00:25:32.750+0000] {logging_mixin.py:151} WARNING - /home/***/.local/lib/python3.9/site-packages/urllib3/connectionpool.py:1095 InsecureRequestWarning: Unverified HTTPS request is being made to host 'randomuser.me'. Adding certificate verification is strongly advised. See: https://urllib3.readthedocs.io/en/latest/advanced-usage.html#tls-warnings
[2025-04-29T00:25:32.805+0000] {kafka_stream.py:57} ERROR - An error occured: Expecting value: line 1 column 1 (char 0)
[2025-04-29T00:25:32.922+0000] {logging_mixin.py:151} WARNING - /home/***/.local/lib/python3.9/site-packages/urllib3/connectionpool.py:1095 InsecureRequestWarning: Unverified HTTPS request is being made to host 'randomuser.me'. Adding certificate verification is strongly advised. See: https://urllib3.readthedocs.io/en/latest/advanced-usage.html#tls-warnings
[2025-04-29T00:25:32.981+0000] {kafka_stream.py:57} ERROR - An error occured: Expecting value: line 1 column 1 (char 0)
[2025-04-29T00:25:33.108+0000] {logging_mixin.py:151} WARNING - /home/***/.local/lib/python3.9/site-packages/urllib3/connectionpool.py:1095 InsecureRequestWarning: Unverified HTTPS request is being made to host 'randomuser.me'. Adding certificate verification is strongly advised. See: https://urllib3.readthedocs.io/en/latest/advanced-usage.html#tls-warnings
[2025-04-29T00:25:33.158+0000] {kafka_stream.py:57} ERROR - An error occured: Expecting value: line 1 column 1 (char 0)
[2025-04-29T00:25:33.276+0000] {logging_mixin.py:151} WARNING - /home/***/.local/lib/python3.9/site-packages/urllib3/connectionpool.py:1095 InsecureRequestWarning: Unverified HTTPS request is being made to host 'randomuser.me'. Adding certificate verification is strongly advised. See: https://urllib3.readthedocs.io/en/latest/advanced-usage.html#tls-warnings
[2025-04-29T00:25:33.326+0000] {kafka_stream.py:57} ERROR - An error occured: Expecting value: line 1 column 1 (char 0)
[2025-04-29T00:25:33.445+0000] {logging_mixin.py:151} WARNING - /home/***/.local/lib/python3.9/site-packages/urllib3/connectionpool.py:1095 InsecureRequestWarning: Unverified HTTPS request is being made to host 'randomuser.me'. Adding certificate verification is strongly advised. See: https://urllib3.readthedocs.io/en/latest/advanced-usage.html#tls-warnings
[2025-04-29T00:25:33.498+0000] {kafka_stream.py:57} ERROR - An error occured: Expecting value: line 1 column 1 (char 0)
[2025-04-29T00:25:33.624+0000] {logging_mixin.py:151} WARNING - /home/***/.local/lib/python3.9/site-packages/urllib3/connectionpool.py:1095 InsecureRequestWarning: Unverified HTTPS request is being made to host 'randomuser.me'. Adding certificate verification is strongly advised. See: https://urllib3.readthedocs.io/en/latest/advanced-usage.html#tls-warnings
[2025-04-29T00:25:33.676+0000] {kafka_stream.py:57} ERROR - An error occured: Expecting value: line 1 column 1 (char 0)
[2025-04-29T00:25:33.779+0000] {logging_mixin.py:151} WARNING - /home/***/.local/lib/python3.9/site-packages/urllib3/connectionpool.py:1095 InsecureRequestWarning: Unverified HTTPS request is being made to host 'randomuser.me'. Adding certificate verification is strongly advised. See: https://urllib3.readthedocs.io/en/latest/advanced-usage.html#tls-warnings
[2025-04-29T00:25:33.830+0000] {kafka_stream.py:57} ERROR - An error occured: Expecting value: line 1 column 1 (char 0)
[2025-04-29T00:25:34.010+0000] {logging_mixin.py:151} WARNING - /home/***/.local/lib/python3.9/site-packages/urllib3/connectionpool.py:1095 InsecureRequestWarning: Unverified HTTPS request is being made to host 'randomuser.me'. Adding certificate verification is strongly advised. See: https://urllib3.readthedocs.io/en/latest/advanced-usage.html#tls-warnings
[2025-04-29T00:25:34.062+0000] {kafka_stream.py:57} ERROR - An error occured: Expecting value: line 1 column 1 (char 0)
[2025-04-29T00:25:34.162+0000] {logging_mixin.py:151} WARNING - /home/***/.local/lib/python3.9/site-packages/urllib3/connectionpool.py:1095 InsecureRequestWarning: Unverified HTTPS request is being made to host 'randomuser.me'. Adding certificate verification is strongly advised. See: https://urllib3.readthedocs.io/en/latest/advanced-usage.html#tls-warnings
[2025-04-29T00:25:34.213+0000] {kafka_stream.py:57} ERROR - An error occured: Expecting value: line 1 column 1 (char 0)
[2025-04-29T00:25:34.312+0000] {logging_mixin.py:151} WARNING - /home/***/.local/lib/python3.9/site-packages/urllib3/connectionpool.py:1095 InsecureRequestWarning: Unverified HTTPS request is being made to host 'randomuser.me'. Adding certificate verification is strongly advised. See: https://urllib3.readthedocs.io/en/latest/advanced-usage.html#tls-warnings
[2025-04-29T00:25:34.364+0000] {kafka_stream.py:57} ERROR - An error occured: Expecting value: line 1 column 1 (char 0)
[2025-04-29T00:25:34.474+0000] {logging_mixin.py:151} WARNING - /home/***/.local/lib/python3.9/site-packages/urllib3/connectionpool.py:1095 InsecureRequestWarning: Unverified HTTPS request is being made to host 'randomuser.me'. Adding certificate verification is strongly advised. See: https://urllib3.readthedocs.io/en/latest/advanced-usage.html#tls-warnings
[2025-04-29T00:25:34.525+0000] {kafka_stream.py:57} ERROR - An error occured: Expecting value: line 1 column 1 (char 0)
[2025-04-29T00:25:34.640+0000] {logging_mixin.py:151} WARNING - /home/***/.local/lib/python3.9/site-packages/urllib3/connectionpool.py:1095 InsecureRequestWarning: Unverified HTTPS request is being made to host 'randomuser.me'. Adding certificate verification is strongly advised. See: https://urllib3.readthedocs.io/en/latest/advanced-usage.html#tls-warnings
[2025-04-29T00:25:34.695+0000] {kafka_stream.py:57} ERROR - An error occured: Expecting value: line 1 column 1 (char 0)
[2025-04-29T00:25:34.813+0000] {logging_mixin.py:151} WARNING - /home/***/.local/lib/python3.9/site-packages/urllib3/connectionpool.py:1095 InsecureRequestWarning: Unverified HTTPS request is being made to host 'randomuser.me'. Adding certificate verification is strongly advised. See: https://urllib3.readthedocs.io/en/latest/advanced-usage.html#tls-warnings
[2025-04-29T00:25:34.868+0000] {kafka_stream.py:57} ERROR - An error occured: Expecting value: line 1 column 1 (char 0)
[2025-04-29T00:25:34.965+0000] {logging_mixin.py:151} WARNING - /home/***/.local/lib/python3.9/site-packages/urllib3/connectionpool.py:1095 InsecureRequestWarning: Unverified HTTPS request is being made to host 'randomuser.me'. Adding certificate verification is strongly advised. See: https://urllib3.readthedocs.io/en/latest/advanced-usage.html#tls-warnings
[2025-04-29T00:25:35.033+0000] {kafka_stream.py:57} ERROR - An error occured: Expecting value: line 1 column 1 (char 0)
[2025-04-29T00:25:35.320+0000] {logging_mixin.py:151} WARNING - /home/***/.local/lib/python3.9/site-packages/urllib3/connectionpool.py:1095 InsecureRequestWarning: Unverified HTTPS request is being made to host 'randomuser.me'. Adding certificate verification is strongly advised. See: https://urllib3.readthedocs.io/en/latest/advanced-usage.html#tls-warnings
[2025-04-29T00:25:35.377+0000] {kafka_stream.py:57} ERROR - An error occured: Expecting value: line 1 column 1 (char 0)
[2025-04-29T00:25:35.489+0000] {logging_mixin.py:151} WARNING - /home/***/.local/lib/python3.9/site-packages/urllib3/connectionpool.py:1095 InsecureRequestWarning: Unverified HTTPS request is being made to host 'randomuser.me'. Adding certificate verification is strongly advised. See: https://urllib3.readthedocs.io/en/latest/advanced-usage.html#tls-warnings
[2025-04-29T00:25:35.546+0000] {kafka_stream.py:57} ERROR - An error occured: Expecting value: line 1 column 1 (char 0)
[2025-04-29T00:25:35.740+0000] {logging_mixin.py:151} WARNING - /home/***/.local/lib/python3.9/site-packages/urllib3/connectionpool.py:1095 InsecureRequestWarning: Unverified HTTPS request is being made to host 'randomuser.me'. Adding certificate verification is strongly advised. See: https://urllib3.readthedocs.io/en/latest/advanced-usage.html#tls-warnings
[2025-04-29T00:25:35.790+0000] {kafka_stream.py:57} ERROR - An error occured: Expecting value: line 1 column 1 (char 0)
[2025-04-29T00:25:36.037+0000] {logging_mixin.py:151} WARNING - /home/***/.local/lib/python3.9/site-packages/urllib3/connectionpool.py:1095 InsecureRequestWarning: Unverified HTTPS request is being made to host 'randomuser.me'. Adding certificate verification is strongly advised. See: https://urllib3.readthedocs.io/en/latest/advanced-usage.html#tls-warnings
[2025-04-29T00:25:36.097+0000] {kafka_stream.py:57} ERROR - An error occured: Expecting value: line 1 column 1 (char 0)
[2025-04-29T00:25:36.303+0000] {logging_mixin.py:151} WARNING - /home/***/.local/lib/python3.9/site-packages/urllib3/connectionpool.py:1095 InsecureRequestWarning: Unverified HTTPS request is being made to host 'randomuser.me'. Adding certificate verification is strongly advised. See: https://urllib3.readthedocs.io/en/latest/advanced-usage.html#tls-warnings
[2025-04-29T00:25:36.356+0000] {kafka_stream.py:57} ERROR - An error occured: Expecting value: line 1 column 1 (char 0)
[2025-04-29T00:25:36.488+0000] {logging_mixin.py:151} WARNING - /home/***/.local/lib/python3.9/site-packages/urllib3/connectionpool.py:1095 InsecureRequestWarning: Unverified HTTPS request is being made to host 'randomuser.me'. Adding certificate verification is strongly advised. See: https://urllib3.readthedocs.io/en/latest/advanced-usage.html#tls-warnings
[2025-04-29T00:25:36.539+0000] {kafka_stream.py:57} ERROR - An error occured: Expecting value: line 1 column 1 (char 0)
[2025-04-29T00:25:36.652+0000] {logging_mixin.py:151} WARNING - /home/***/.local/lib/python3.9/site-packages/urllib3/connectionpool.py:1095 InsecureRequestWarning: Unverified HTTPS request is being made to host 'randomuser.me'. Adding certificate verification is strongly advised. See: https://urllib3.readthedocs.io/en/latest/advanced-usage.html#tls-warnings
[2025-04-29T00:25:36.703+0000] {kafka_stream.py:57} ERROR - An error occured: Expecting value: line 1 column 1 (char 0)
[2025-04-29T00:25:36.800+0000] {logging_mixin.py:151} WARNING - /home/***/.local/lib/python3.9/site-packages/urllib3/connectionpool.py:1095 InsecureRequestWarning: Unverified HTTPS request is being made to host 'randomuser.me'. Adding certificate verification is strongly advised. See: https://urllib3.readthedocs.io/en/latest/advanced-usage.html#tls-warnings
[2025-04-29T00:25:36.871+0000] {kafka_stream.py:57} ERROR - An error occured: Expecting value: line 1 column 1 (char 0)
[2025-04-29T00:25:36.960+0000] {logging_mixin.py:151} WARNING - /home/***/.local/lib/python3.9/site-packages/urllib3/connectionpool.py:1095 InsecureRequestWarning: Unverified HTTPS request is being made to host 'randomuser.me'. Adding certificate verification is strongly advised. See: https://urllib3.readthedocs.io/en/latest/advanced-usage.html#tls-warnings
[2025-04-29T00:25:37.017+0000] {kafka_stream.py:57} ERROR - An error occured: Expecting value: line 1 column 1 (char 0)
[2025-04-29T00:25:37.130+0000] {logging_mixin.py:151} WARNING - /home/***/.local/lib/python3.9/site-packages/urllib3/connectionpool.py:1095 InsecureRequestWarning: Unverified HTTPS request is being made to host 'randomuser.me'. Adding certificate verification is strongly advised. See: https://urllib3.readthedocs.io/en/latest/advanced-usage.html#tls-warnings
[2025-04-29T00:25:37.179+0000] {kafka_stream.py:57} ERROR - An error occured: Expecting value: line 1 column 1 (char 0)
[2025-04-29T00:25:37.288+0000] {logging_mixin.py:151} WARNING - /home/***/.local/lib/python3.9/site-packages/urllib3/connectionpool.py:1095 InsecureRequestWarning: Unverified HTTPS request is being made to host 'randomuser.me'. Adding certificate verification is strongly advised. See: https://urllib3.readthedocs.io/en/latest/advanced-usage.html#tls-warnings
[2025-04-29T00:25:37.342+0000] {kafka_stream.py:57} ERROR - An error occured: Expecting value: line 1 column 1 (char 0)
[2025-04-29T00:25:37.465+0000] {logging_mixin.py:151} WARNING - /home/***/.local/lib/python3.9/site-packages/urllib3/connectionpool.py:1095 InsecureRequestWarning: Unverified HTTPS request is being made to host 'randomuser.me'. Adding certificate verification is strongly advised. See: https://urllib3.readthedocs.io/en/latest/advanced-usage.html#tls-warnings
[2025-04-29T00:25:37.518+0000] {kafka_stream.py:57} ERROR - An error occured: Expecting value: line 1 column 1 (char 0)
[2025-04-29T00:25:37.635+0000] {logging_mixin.py:151} WARNING - /home/***/.local/lib/python3.9/site-packages/urllib3/connectionpool.py:1095 InsecureRequestWarning: Unverified HTTPS request is being made to host 'randomuser.me'. Adding certificate verification is strongly advised. See: https://urllib3.readthedocs.io/en/latest/advanced-usage.html#tls-warnings
[2025-04-29T00:25:37.701+0000] {kafka_stream.py:57} ERROR - An error occured: Expecting value: line 1 column 1 (char 0)
[2025-04-29T00:25:37.795+0000] {logging_mixin.py:151} WARNING - /home/***/.local/lib/python3.9/site-packages/urllib3/connectionpool.py:1095 InsecureRequestWarning: Unverified HTTPS request is being made to host 'randomuser.me'. Adding certificate verification is strongly advised. See: https://urllib3.readthedocs.io/en/latest/advanced-usage.html#tls-warnings
[2025-04-29T00:25:37.845+0000] {kafka_stream.py:57} ERROR - An error occured: Expecting value: line 1 column 1 (char 0)
[2025-04-29T00:25:37.951+0000] {logging_mixin.py:151} WARNING - /home/***/.local/lib/python3.9/site-packages/urllib3/connectionpool.py:1095 InsecureRequestWarning: Unverified HTTPS request is being made to host 'randomuser.me'. Adding certificate verification is strongly advised. See: https://urllib3.readthedocs.io/en/latest/advanced-usage.html#tls-warnings
[2025-04-29T00:25:38.002+0000] {kafka_stream.py:57} ERROR - An error occured: Expecting value: line 1 column 1 (char 0)
[2025-04-29T00:25:38.098+0000] {logging_mixin.py:151} WARNING - /home/***/.local/lib/python3.9/site-packages/urllib3/connectionpool.py:1095 InsecureRequestWarning: Unverified HTTPS request is being made to host 'randomuser.me'. Adding certificate verification is strongly advised. See: https://urllib3.readthedocs.io/en/latest/advanced-usage.html#tls-warnings
[2025-04-29T00:25:38.151+0000] {kafka_stream.py:57} ERROR - An error occured: Expecting value: line 1 column 1 (char 0)
[2025-04-29T00:25:38.250+0000] {logging_mixin.py:151} WARNING - /home/***/.local/lib/python3.9/site-packages/urllib3/connectionpool.py:1095 InsecureRequestWarning: Unverified HTTPS request is being made to host 'randomuser.me'. Adding certificate verification is strongly advised. See: https://urllib3.readthedocs.io/en/latest/advanced-usage.html#tls-warnings
[2025-04-29T00:25:38.304+0000] {kafka_stream.py:57} ERROR - An error occured: Expecting value: line 1 column 1 (char 0)
[2025-04-29T00:25:38.408+0000] {logging_mixin.py:151} WARNING - /home/***/.local/lib/python3.9/site-packages/urllib3/connectionpool.py:1095 InsecureRequestWarning: Unverified HTTPS request is being made to host 'randomuser.me'. Adding certificate verification is strongly advised. See: https://urllib3.readthedocs.io/en/latest/advanced-usage.html#tls-warnings
[2025-04-29T00:25:38.460+0000] {kafka_stream.py:57} ERROR - An error occured: Expecting value: line 1 column 1 (char 0)
[2025-04-29T00:25:38.592+0000] {logging_mixin.py:151} WARNING - /home/***/.local/lib/python3.9/site-packages/urllib3/connectionpool.py:1095 InsecureRequestWarning: Unverified HTTPS request is being made to host 'randomuser.me'. Adding certificate verification is strongly advised. See: https://urllib3.readthedocs.io/en/latest/advanced-usage.html#tls-warnings
[2025-04-29T00:25:38.648+0000] {kafka_stream.py:57} ERROR - An error occured: Expecting value: line 1 column 1 (char 0)
[2025-04-29T00:25:38.751+0000] {logging_mixin.py:151} WARNING - /home/***/.local/lib/python3.9/site-packages/urllib3/connectionpool.py:1095 InsecureRequestWarning: Unverified HTTPS request is being made to host 'randomuser.me'. Adding certificate verification is strongly advised. See: https://urllib3.readthedocs.io/en/latest/advanced-usage.html#tls-warnings
[2025-04-29T00:25:38.817+0000] {kafka_stream.py:57} ERROR - An error occured: Expecting value: line 1 column 1 (char 0)
[2025-04-29T00:25:38.927+0000] {logging_mixin.py:151} WARNING - /home/***/.local/lib/python3.9/site-packages/urllib3/connectionpool.py:1095 InsecureRequestWarning: Unverified HTTPS request is being made to host 'randomuser.me'. Adding certificate verification is strongly advised. See: https://urllib3.readthedocs.io/en/latest/advanced-usage.html#tls-warnings
[2025-04-29T00:25:38.978+0000] {kafka_stream.py:57} ERROR - An error occured: Expecting value: line 1 column 1 (char 0)
[2025-04-29T00:25:39.077+0000] {logging_mixin.py:151} WARNING - /home/***/.local/lib/python3.9/site-packages/urllib3/connectionpool.py:1095 InsecureRequestWarning: Unverified HTTPS request is being made to host 'randomuser.me'. Adding certificate verification is strongly advised. See: https://urllib3.readthedocs.io/en/latest/advanced-usage.html#tls-warnings
[2025-04-29T00:25:39.126+0000] {kafka_stream.py:57} ERROR - An error occured: Expecting value: line 1 column 1 (char 0)
[2025-04-29T00:25:39.221+0000] {logging_mixin.py:151} WARNING - /home/***/.local/lib/python3.9/site-packages/urllib3/connectionpool.py:1095 InsecureRequestWarning: Unverified HTTPS request is being made to host 'randomuser.me'. Adding certificate verification is strongly advised. See: https://urllib3.readthedocs.io/en/latest/advanced-usage.html#tls-warnings
[2025-04-29T00:25:39.271+0000] {kafka_stream.py:57} ERROR - An error occured: Expecting value: line 1 column 1 (char 0)
[2025-04-29T00:25:39.468+0000] {logging_mixin.py:151} WARNING - /home/***/.local/lib/python3.9/site-packages/urllib3/connectionpool.py:1095 InsecureRequestWarning: Unverified HTTPS request is being made to host 'randomuser.me'. Adding certificate verification is strongly advised. See: https://urllib3.readthedocs.io/en/latest/advanced-usage.html#tls-warnings
[2025-04-29T00:25:39.535+0000] {kafka_stream.py:57} ERROR - An error occured: Expecting value: line 1 column 1 (char 0)
[2025-04-29T00:25:39.644+0000] {logging_mixin.py:151} WARNING - /home/***/.local/lib/python3.9/site-packages/urllib3/connectionpool.py:1095 InsecureRequestWarning: Unverified HTTPS request is being made to host 'randomuser.me'. Adding certificate verification is strongly advised. See: https://urllib3.readthedocs.io/en/latest/advanced-usage.html#tls-warnings
[2025-04-29T00:25:39.702+0000] {kafka_stream.py:57} ERROR - An error occured: Expecting value: line 1 column 1 (char 0)
[2025-04-29T00:25:39.813+0000] {logging_mixin.py:151} WARNING - /home/***/.local/lib/python3.9/site-packages/urllib3/connectionpool.py:1095 InsecureRequestWarning: Unverified HTTPS request is being made to host 'randomuser.me'. Adding certificate verification is strongly advised. See: https://urllib3.readthedocs.io/en/latest/advanced-usage.html#tls-warnings
[2025-04-29T00:25:39.865+0000] {kafka_stream.py:57} ERROR - An error occured: Expecting value: line 1 column 1 (char 0)
[2025-04-29T00:25:39.968+0000] {logging_mixin.py:151} WARNING - /home/***/.local/lib/python3.9/site-packages/urllib3/connectionpool.py:1095 InsecureRequestWarning: Unverified HTTPS request is being made to host 'randomuser.me'. Adding certificate verification is strongly advised. See: https://urllib3.readthedocs.io/en/latest/advanced-usage.html#tls-warnings
[2025-04-29T00:25:40.020+0000] {kafka_stream.py:57} ERROR - An error occured: Expecting value: line 1 column 1 (char 0)
[2025-04-29T00:25:40.144+0000] {logging_mixin.py:151} WARNING - /home/***/.local/lib/python3.9/site-packages/urllib3/connectionpool.py:1095 InsecureRequestWarning: Unverified HTTPS request is being made to host 'randomuser.me'. Adding certificate verification is strongly advised. See: https://urllib3.readthedocs.io/en/latest/advanced-usage.html#tls-warnings
[2025-04-29T00:25:40.197+0000] {kafka_stream.py:57} ERROR - An error occured: Expecting value: line 1 column 1 (char 0)
[2025-04-29T00:25:40.322+0000] {logging_mixin.py:151} WARNING - /home/***/.local/lib/python3.9/site-packages/urllib3/connectionpool.py:1095 InsecureRequestWarning: Unverified HTTPS request is being made to host 'randomuser.me'. Adding certificate verification is strongly advised. See: https://urllib3.readthedocs.io/en/latest/advanced-usage.html#tls-warnings
[2025-04-29T00:25:40.619+0000] {kafka_stream.py:57} ERROR - An error occured: Expecting value: line 1 column 1 (char 0)
[2025-04-29T00:25:40.733+0000] {logging_mixin.py:151} WARNING - /home/***/.local/lib/python3.9/site-packages/urllib3/connectionpool.py:1095 InsecureRequestWarning: Unverified HTTPS request is being made to host 'randomuser.me'. Adding certificate verification is strongly advised. See: https://urllib3.readthedocs.io/en/latest/advanced-usage.html#tls-warnings
[2025-04-29T00:25:40.787+0000] {kafka_stream.py:57} ERROR - An error occured: Expecting value: line 1 column 1 (char 0)
[2025-04-29T00:25:40.909+0000] {logging_mixin.py:151} WARNING - /home/***/.local/lib/python3.9/site-packages/urllib3/connectionpool.py:1095 InsecureRequestWarning: Unverified HTTPS request is being made to host 'randomuser.me'. Adding certificate verification is strongly advised. See: https://urllib3.readthedocs.io/en/latest/advanced-usage.html#tls-warnings
[2025-04-29T00:25:40.966+0000] {kafka_stream.py:57} ERROR - An error occured: Expecting value: line 1 column 1 (char 0)
[2025-04-29T00:25:41.074+0000] {logging_mixin.py:151} WARNING - /home/***/.local/lib/python3.9/site-packages/urllib3/connectionpool.py:1095 InsecureRequestWarning: Unverified HTTPS request is being made to host 'randomuser.me'. Adding certificate verification is strongly advised. See: https://urllib3.readthedocs.io/en/latest/advanced-usage.html#tls-warnings
[2025-04-29T00:25:41.124+0000] {kafka_stream.py:57} ERROR - An error occured: Expecting value: line 1 column 1 (char 0)
[2025-04-29T00:25:41.225+0000] {logging_mixin.py:151} WARNING - /home/***/.local/lib/python3.9/site-packages/urllib3/connectionpool.py:1095 InsecureRequestWarning: Unverified HTTPS request is being made to host 'randomuser.me'. Adding certificate verification is strongly advised. See: https://urllib3.readthedocs.io/en/latest/advanced-usage.html#tls-warnings
[2025-04-29T00:25:41.278+0000] {kafka_stream.py:57} ERROR - An error occured: Expecting value: line 1 column 1 (char 0)
[2025-04-29T00:25:41.409+0000] {logging_mixin.py:151} WARNING - /home/***/.local/lib/python3.9/site-packages/urllib3/connectionpool.py:1095 InsecureRequestWarning: Unverified HTTPS request is being made to host 'randomuser.me'. Adding certificate verification is strongly advised. See: https://urllib3.readthedocs.io/en/latest/advanced-usage.html#tls-warnings
[2025-04-29T00:25:41.460+0000] {kafka_stream.py:57} ERROR - An error occured: Expecting value: line 1 column 1 (char 0)
[2025-04-29T00:25:41.576+0000] {logging_mixin.py:151} WARNING - /home/***/.local/lib/python3.9/site-packages/urllib3/connectionpool.py:1095 InsecureRequestWarning: Unverified HTTPS request is being made to host 'randomuser.me'. Adding certificate verification is strongly advised. See: https://urllib3.readthedocs.io/en/latest/advanced-usage.html#tls-warnings
[2025-04-29T00:25:41.631+0000] {kafka_stream.py:57} ERROR - An error occured: Expecting value: line 1 column 1 (char 0)
[2025-04-29T00:25:41.728+0000] {logging_mixin.py:151} WARNING - /home/***/.local/lib/python3.9/site-packages/urllib3/connectionpool.py:1095 InsecureRequestWarning: Unverified HTTPS request is being made to host 'randomuser.me'. Adding certificate verification is strongly advised. See: https://urllib3.readthedocs.io/en/latest/advanced-usage.html#tls-warnings
[2025-04-29T00:25:41.788+0000] {kafka_stream.py:57} ERROR - An error occured: Expecting value: line 1 column 1 (char 0)
[2025-04-29T00:25:41.899+0000] {logging_mixin.py:151} WARNING - /home/***/.local/lib/python3.9/site-packages/urllib3/connectionpool.py:1095 InsecureRequestWarning: Unverified HTTPS request is being made to host 'randomuser.me'. Adding certificate verification is strongly advised. See: https://urllib3.readthedocs.io/en/latest/advanced-usage.html#tls-warnings
[2025-04-29T00:25:41.952+0000] {kafka_stream.py:57} ERROR - An error occured: Expecting value: line 1 column 1 (char 0)
[2025-04-29T00:25:42.104+0000] {logging_mixin.py:151} WARNING - /home/***/.local/lib/python3.9/site-packages/urllib3/connectionpool.py:1095 InsecureRequestWarning: Unverified HTTPS request is being made to host 'randomuser.me'. Adding certificate verification is strongly advised. See: https://urllib3.readthedocs.io/en/latest/advanced-usage.html#tls-warnings
[2025-04-29T00:25:42.164+0000] {kafka_stream.py:57} ERROR - An error occured: Expecting value: line 1 column 1 (char 0)
[2025-04-29T00:25:42.299+0000] {logging_mixin.py:151} WARNING - /home/***/.local/lib/python3.9/site-packages/urllib3/connectionpool.py:1095 InsecureRequestWarning: Unverified HTTPS request is being made to host 'randomuser.me'. Adding certificate verification is strongly advised. See: https://urllib3.readthedocs.io/en/latest/advanced-usage.html#tls-warnings
[2025-04-29T00:25:42.539+0000] {kafka_stream.py:57} ERROR - An error occured: Expecting value: line 1 column 1 (char 0)
[2025-04-29T00:25:42.630+0000] {logging_mixin.py:151} WARNING - /home/***/.local/lib/python3.9/site-packages/urllib3/connectionpool.py:1095 InsecureRequestWarning: Unverified HTTPS request is being made to host 'randomuser.me'. Adding certificate verification is strongly advised. See: https://urllib3.readthedocs.io/en/latest/advanced-usage.html#tls-warnings
[2025-04-29T00:25:42.685+0000] {kafka_stream.py:57} ERROR - An error occured: Expecting value: line 1 column 1 (char 0)
[2025-04-29T00:25:42.813+0000] {logging_mixin.py:151} WARNING - /home/***/.local/lib/python3.9/site-packages/urllib3/connectionpool.py:1095 InsecureRequestWarning: Unverified HTTPS request is being made to host 'randomuser.me'. Adding certificate verification is strongly advised. See: https://urllib3.readthedocs.io/en/latest/advanced-usage.html#tls-warnings
[2025-04-29T00:25:42.867+0000] {kafka_stream.py:57} ERROR - An error occured: Expecting value: line 1 column 1 (char 0)
[2025-04-29T00:25:42.986+0000] {logging_mixin.py:151} WARNING - /home/***/.local/lib/python3.9/site-packages/urllib3/connectionpool.py:1095 InsecureRequestWarning: Unverified HTTPS request is being made to host 'randomuser.me'. Adding certificate verification is strongly advised. See: https://urllib3.readthedocs.io/en/latest/advanced-usage.html#tls-warnings
[2025-04-29T00:25:43.045+0000] {kafka_stream.py:57} ERROR - An error occured: Expecting value: line 1 column 1 (char 0)
[2025-04-29T00:25:43.209+0000] {logging_mixin.py:151} WARNING - /home/***/.local/lib/python3.9/site-packages/urllib3/connectionpool.py:1095 InsecureRequestWarning: Unverified HTTPS request is being made to host 'randomuser.me'. Adding certificate verification is strongly advised. See: https://urllib3.readthedocs.io/en/latest/advanced-usage.html#tls-warnings
[2025-04-29T00:25:43.263+0000] {kafka_stream.py:57} ERROR - An error occured: Expecting value: line 1 column 1 (char 0)
[2025-04-29T00:25:43.379+0000] {logging_mixin.py:151} WARNING - /home/***/.local/lib/python3.9/site-packages/urllib3/connectionpool.py:1095 InsecureRequestWarning: Unverified HTTPS request is being made to host 'randomuser.me'. Adding certificate verification is strongly advised. See: https://urllib3.readthedocs.io/en/latest/advanced-usage.html#tls-warnings
[2025-04-29T00:25:43.429+0000] {kafka_stream.py:57} ERROR - An error occured: Expecting value: line 1 column 1 (char 0)
[2025-04-29T00:25:43.547+0000] {logging_mixin.py:151} WARNING - /home/***/.local/lib/python3.9/site-packages/urllib3/connectionpool.py:1095 InsecureRequestWarning: Unverified HTTPS request is being made to host 'randomuser.me'. Adding certificate verification is strongly advised. See: https://urllib3.readthedocs.io/en/latest/advanced-usage.html#tls-warnings
[2025-04-29T00:25:43.598+0000] {kafka_stream.py:57} ERROR - An error occured: Expecting value: line 1 column 1 (char 0)
[2025-04-29T00:25:43.686+0000] {logging_mixin.py:151} WARNING - /home/***/.local/lib/python3.9/site-packages/urllib3/connectionpool.py:1095 InsecureRequestWarning: Unverified HTTPS request is being made to host 'randomuser.me'. Adding certificate verification is strongly advised. See: https://urllib3.readthedocs.io/en/latest/advanced-usage.html#tls-warnings
[2025-04-29T00:25:43.736+0000] {kafka_stream.py:57} ERROR - An error occured: Expecting value: line 1 column 1 (char 0)
[2025-04-29T00:25:43.852+0000] {logging_mixin.py:151} WARNING - /home/***/.local/lib/python3.9/site-packages/urllib3/connectionpool.py:1095 InsecureRequestWarning: Unverified HTTPS request is being made to host 'randomuser.me'. Adding certificate verification is strongly advised. See: https://urllib3.readthedocs.io/en/latest/advanced-usage.html#tls-warnings
[2025-04-29T00:25:43.903+0000] {kafka_stream.py:57} ERROR - An error occured: Expecting value: line 1 column 1 (char 0)
[2025-04-29T00:25:44.023+0000] {logging_mixin.py:151} WARNING - /home/***/.local/lib/python3.9/site-packages/urllib3/connectionpool.py:1095 InsecureRequestWarning: Unverified HTTPS request is being made to host 'randomuser.me'. Adding certificate verification is strongly advised. See: https://urllib3.readthedocs.io/en/latest/advanced-usage.html#tls-warnings
[2025-04-29T00:25:44.075+0000] {kafka_stream.py:57} ERROR - An error occured: Expecting value: line 1 column 1 (char 0)
[2025-04-29T00:25:44.198+0000] {logging_mixin.py:151} WARNING - /home/***/.local/lib/python3.9/site-packages/urllib3/connectionpool.py:1095 InsecureRequestWarning: Unverified HTTPS request is being made to host 'randomuser.me'. Adding certificate verification is strongly advised. See: https://urllib3.readthedocs.io/en/latest/advanced-usage.html#tls-warnings
[2025-04-29T00:25:44.250+0000] {kafka_stream.py:57} ERROR - An error occured: Expecting value: line 1 column 1 (char 0)
[2025-04-29T00:25:44.368+0000] {logging_mixin.py:151} WARNING - /home/***/.local/lib/python3.9/site-packages/urllib3/connectionpool.py:1095 InsecureRequestWarning: Unverified HTTPS request is being made to host 'randomuser.me'. Adding certificate verification is strongly advised. See: https://urllib3.readthedocs.io/en/latest/advanced-usage.html#tls-warnings
[2025-04-29T00:25:44.422+0000] {kafka_stream.py:57} ERROR - An error occured: Expecting value: line 1 column 1 (char 0)
[2025-04-29T00:25:44.538+0000] {logging_mixin.py:151} WARNING - /home/***/.local/lib/python3.9/site-packages/urllib3/connectionpool.py:1095 InsecureRequestWarning: Unverified HTTPS request is being made to host 'randomuser.me'. Adding certificate verification is strongly advised. See: https://urllib3.readthedocs.io/en/latest/advanced-usage.html#tls-warnings
[2025-04-29T00:25:44.590+0000] {kafka_stream.py:57} ERROR - An error occured: Expecting value: line 1 column 1 (char 0)
[2025-04-29T00:25:44.675+0000] {logging_mixin.py:151} WARNING - /home/***/.local/lib/python3.9/site-packages/urllib3/connectionpool.py:1095 InsecureRequestWarning: Unverified HTTPS request is being made to host 'randomuser.me'. Adding certificate verification is strongly advised. See: https://urllib3.readthedocs.io/en/latest/advanced-usage.html#tls-warnings
[2025-04-29T00:25:44.727+0000] {kafka_stream.py:57} ERROR - An error occured: Expecting value: line 1 column 1 (char 0)
[2025-04-29T00:25:45.041+0000] {logging_mixin.py:151} WARNING - /home/***/.local/lib/python3.9/site-packages/urllib3/connectionpool.py:1095 InsecureRequestWarning: Unverified HTTPS request is being made to host 'randomuser.me'. Adding certificate verification is strongly advised. See: https://urllib3.readthedocs.io/en/latest/advanced-usage.html#tls-warnings
[2025-04-29T00:25:45.094+0000] {kafka_stream.py:57} ERROR - An error occured: Expecting value: line 1 column 1 (char 0)
[2025-04-29T00:25:45.199+0000] {logging_mixin.py:151} WARNING - /home/***/.local/lib/python3.9/site-packages/urllib3/connectionpool.py:1095 InsecureRequestWarning: Unverified HTTPS request is being made to host 'randomuser.me'. Adding certificate verification is strongly advised. See: https://urllib3.readthedocs.io/en/latest/advanced-usage.html#tls-warnings
[2025-04-29T00:25:45.252+0000] {kafka_stream.py:57} ERROR - An error occured: Expecting value: line 1 column 1 (char 0)
[2025-04-29T00:25:45.343+0000] {logging_mixin.py:151} WARNING - /home/***/.local/lib/python3.9/site-packages/urllib3/connectionpool.py:1095 InsecureRequestWarning: Unverified HTTPS request is being made to host 'randomuser.me'. Adding certificate verification is strongly advised. See: https://urllib3.readthedocs.io/en/latest/advanced-usage.html#tls-warnings
[2025-04-29T00:25:45.396+0000] {kafka_stream.py:57} ERROR - An error occured: Expecting value: line 1 column 1 (char 0)
[2025-04-29T00:25:45.481+0000] {logging_mixin.py:151} WARNING - /home/***/.local/lib/python3.9/site-packages/urllib3/connectionpool.py:1095 InsecureRequestWarning: Unverified HTTPS request is being made to host 'randomuser.me'. Adding certificate verification is strongly advised. See: https://urllib3.readthedocs.io/en/latest/advanced-usage.html#tls-warnings
[2025-04-29T00:25:45.536+0000] {kafka_stream.py:57} ERROR - An error occured: Expecting value: line 1 column 1 (char 0)
[2025-04-29T00:25:45.667+0000] {logging_mixin.py:151} WARNING - /home/***/.local/lib/python3.9/site-packages/urllib3/connectionpool.py:1095 InsecureRequestWarning: Unverified HTTPS request is being made to host 'randomuser.me'. Adding certificate verification is strongly advised. See: https://urllib3.readthedocs.io/en/latest/advanced-usage.html#tls-warnings
[2025-04-29T00:25:45.717+0000] {kafka_stream.py:57} ERROR - An error occured: Expecting value: line 1 column 1 (char 0)
[2025-04-29T00:25:45.823+0000] {logging_mixin.py:151} WARNING - /home/***/.local/lib/python3.9/site-packages/urllib3/connectionpool.py:1095 InsecureRequestWarning: Unverified HTTPS request is being made to host 'randomuser.me'. Adding certificate verification is strongly advised. See: https://urllib3.readthedocs.io/en/latest/advanced-usage.html#tls-warnings
[2025-04-29T00:25:45.879+0000] {kafka_stream.py:57} ERROR - An error occured: Expecting value: line 1 column 1 (char 0)
[2025-04-29T00:25:45.987+0000] {logging_mixin.py:151} WARNING - /home/***/.local/lib/python3.9/site-packages/urllib3/connectionpool.py:1095 InsecureRequestWarning: Unverified HTTPS request is being made to host 'randomuser.me'. Adding certificate verification is strongly advised. See: https://urllib3.readthedocs.io/en/latest/advanced-usage.html#tls-warnings
[2025-04-29T00:25:46.036+0000] {kafka_stream.py:57} ERROR - An error occured: Expecting value: line 1 column 1 (char 0)
[2025-04-29T00:25:46.141+0000] {logging_mixin.py:151} WARNING - /home/***/.local/lib/python3.9/site-packages/urllib3/connectionpool.py:1095 InsecureRequestWarning: Unverified HTTPS request is being made to host 'randomuser.me'. Adding certificate verification is strongly advised. See: https://urllib3.readthedocs.io/en/latest/advanced-usage.html#tls-warnings
[2025-04-29T00:25:46.192+0000] {kafka_stream.py:57} ERROR - An error occured: Expecting value: line 1 column 1 (char 0)
[2025-04-29T00:25:46.491+0000] {logging_mixin.py:151} WARNING - /home/***/.local/lib/python3.9/site-packages/urllib3/connectionpool.py:1095 InsecureRequestWarning: Unverified HTTPS request is being made to host 'randomuser.me'. Adding certificate verification is strongly advised. See: https://urllib3.readthedocs.io/en/latest/advanced-usage.html#tls-warnings
[2025-04-29T00:25:46.541+0000] {kafka_stream.py:57} ERROR - An error occured: Expecting value: line 1 column 1 (char 0)
[2025-04-29T00:25:46.643+0000] {logging_mixin.py:151} WARNING - /home/***/.local/lib/python3.9/site-packages/urllib3/connectionpool.py:1095 InsecureRequestWarning: Unverified HTTPS request is being made to host 'randomuser.me'. Adding certificate verification is strongly advised. See: https://urllib3.readthedocs.io/en/latest/advanced-usage.html#tls-warnings
[2025-04-29T00:25:46.698+0000] {kafka_stream.py:57} ERROR - An error occured: Expecting value: line 1 column 1 (char 0)
[2025-04-29T00:25:46.812+0000] {logging_mixin.py:151} WARNING - /home/***/.local/lib/python3.9/site-packages/urllib3/connectionpool.py:1095 InsecureRequestWarning: Unverified HTTPS request is being made to host 'randomuser.me'. Adding certificate verification is strongly advised. See: https://urllib3.readthedocs.io/en/latest/advanced-usage.html#tls-warnings
[2025-04-29T00:25:46.862+0000] {kafka_stream.py:57} ERROR - An error occured: Expecting value: line 1 column 1 (char 0)
[2025-04-29T00:25:46.947+0000] {logging_mixin.py:151} WARNING - /home/***/.local/lib/python3.9/site-packages/urllib3/connectionpool.py:1095 InsecureRequestWarning: Unverified HTTPS request is being made to host 'randomuser.me'. Adding certificate verification is strongly advised. See: https://urllib3.readthedocs.io/en/latest/advanced-usage.html#tls-warnings
[2025-04-29T00:25:47.006+0000] {kafka_stream.py:57} ERROR - An error occured: Expecting value: line 1 column 1 (char 0)
[2025-04-29T00:25:47.156+0000] {logging_mixin.py:151} WARNING - /home/***/.local/lib/python3.9/site-packages/urllib3/connectionpool.py:1095 InsecureRequestWarning: Unverified HTTPS request is being made to host 'randomuser.me'. Adding certificate verification is strongly advised. See: https://urllib3.readthedocs.io/en/latest/advanced-usage.html#tls-warnings
[2025-04-29T00:25:47.212+0000] {kafka_stream.py:57} ERROR - An error occured: Expecting value: line 1 column 1 (char 0)
[2025-04-29T00:25:47.320+0000] {logging_mixin.py:151} WARNING - /home/***/.local/lib/python3.9/site-packages/urllib3/connectionpool.py:1095 InsecureRequestWarning: Unverified HTTPS request is being made to host 'randomuser.me'. Adding certificate verification is strongly advised. See: https://urllib3.readthedocs.io/en/latest/advanced-usage.html#tls-warnings
[2025-04-29T00:25:47.372+0000] {kafka_stream.py:57} ERROR - An error occured: Expecting value: line 1 column 1 (char 0)
[2025-04-29T00:25:47.462+0000] {logging_mixin.py:151} WARNING - /home/***/.local/lib/python3.9/site-packages/urllib3/connectionpool.py:1095 InsecureRequestWarning: Unverified HTTPS request is being made to host 'randomuser.me'. Adding certificate verification is strongly advised. See: https://urllib3.readthedocs.io/en/latest/advanced-usage.html#tls-warnings
[2025-04-29T00:25:47.518+0000] {kafka_stream.py:57} ERROR - An error occured: Expecting value: line 1 column 1 (char 0)
[2025-04-29T00:25:47.619+0000] {logging_mixin.py:151} WARNING - /home/***/.local/lib/python3.9/site-packages/urllib3/connectionpool.py:1095 InsecureRequestWarning: Unverified HTTPS request is being made to host 'randomuser.me'. Adding certificate verification is strongly advised. See: https://urllib3.readthedocs.io/en/latest/advanced-usage.html#tls-warnings
[2025-04-29T00:25:47.674+0000] {kafka_stream.py:57} ERROR - An error occured: Expecting value: line 1 column 1 (char 0)
[2025-04-29T00:25:47.755+0000] {logging_mixin.py:151} WARNING - /home/***/.local/lib/python3.9/site-packages/urllib3/connectionpool.py:1095 InsecureRequestWarning: Unverified HTTPS request is being made to host 'randomuser.me'. Adding certificate verification is strongly advised. See: https://urllib3.readthedocs.io/en/latest/advanced-usage.html#tls-warnings
[2025-04-29T00:25:47.808+0000] {kafka_stream.py:57} ERROR - An error occured: Expecting value: line 1 column 1 (char 0)
[2025-04-29T00:25:47.920+0000] {logging_mixin.py:151} WARNING - /home/***/.local/lib/python3.9/site-packages/urllib3/connectionpool.py:1095 InsecureRequestWarning: Unverified HTTPS request is being made to host 'randomuser.me'. Adding certificate verification is strongly advised. See: https://urllib3.readthedocs.io/en/latest/advanced-usage.html#tls-warnings
[2025-04-29T00:25:47.974+0000] {kafka_stream.py:57} ERROR - An error occured: Expecting value: line 1 column 1 (char 0)
[2025-04-29T00:25:48.090+0000] {logging_mixin.py:151} WARNING - /home/***/.local/lib/python3.9/site-packages/urllib3/connectionpool.py:1095 InsecureRequestWarning: Unverified HTTPS request is being made to host 'randomuser.me'. Adding certificate verification is strongly advised. See: https://urllib3.readthedocs.io/en/latest/advanced-usage.html#tls-warnings
[2025-04-29T00:25:48.143+0000] {kafka_stream.py:57} ERROR - An error occured: Expecting value: line 1 column 1 (char 0)
[2025-04-29T00:25:48.255+0000] {logging_mixin.py:151} WARNING - /home/***/.local/lib/python3.9/site-packages/urllib3/connectionpool.py:1095 InsecureRequestWarning: Unverified HTTPS request is being made to host 'randomuser.me'. Adding certificate verification is strongly advised. See: https://urllib3.readthedocs.io/en/latest/advanced-usage.html#tls-warnings
[2025-04-29T00:25:48.306+0000] {kafka_stream.py:57} ERROR - An error occured: Expecting value: line 1 column 1 (char 0)
[2025-04-29T00:25:48.437+0000] {logging_mixin.py:151} WARNING - /home/***/.local/lib/python3.9/site-packages/urllib3/connectionpool.py:1095 InsecureRequestWarning: Unverified HTTPS request is being made to host 'randomuser.me'. Adding certificate verification is strongly advised. See: https://urllib3.readthedocs.io/en/latest/advanced-usage.html#tls-warnings
[2025-04-29T00:25:48.491+0000] {kafka_stream.py:57} ERROR - An error occured: Expecting value: line 1 column 1 (char 0)
[2025-04-29T00:25:48.581+0000] {logging_mixin.py:151} WARNING - /home/***/.local/lib/python3.9/site-packages/urllib3/connectionpool.py:1095 InsecureRequestWarning: Unverified HTTPS request is being made to host 'randomuser.me'. Adding certificate verification is strongly advised. See: https://urllib3.readthedocs.io/en/latest/advanced-usage.html#tls-warnings
[2025-04-29T00:25:48.637+0000] {kafka_stream.py:57} ERROR - An error occured: Expecting value: line 1 column 1 (char 0)
[2025-04-29T00:25:48.748+0000] {logging_mixin.py:151} WARNING - /home/***/.local/lib/python3.9/site-packages/urllib3/connectionpool.py:1095 InsecureRequestWarning: Unverified HTTPS request is being made to host 'randomuser.me'. Adding certificate verification is strongly advised. See: https://urllib3.readthedocs.io/en/latest/advanced-usage.html#tls-warnings
[2025-04-29T00:25:48.802+0000] {kafka_stream.py:57} ERROR - An error occured: Expecting value: line 1 column 1 (char 0)
[2025-04-29T00:25:48.890+0000] {logging_mixin.py:151} WARNING - /home/***/.local/lib/python3.9/site-packages/urllib3/connectionpool.py:1095 InsecureRequestWarning: Unverified HTTPS request is being made to host 'randomuser.me'. Adding certificate verification is strongly advised. See: https://urllib3.readthedocs.io/en/latest/advanced-usage.html#tls-warnings
[2025-04-29T00:25:48.952+0000] {kafka_stream.py:57} ERROR - An error occured: Expecting value: line 1 column 1 (char 0)
[2025-04-29T00:25:49.054+0000] {logging_mixin.py:151} WARNING - /home/***/.local/lib/python3.9/site-packages/urllib3/connectionpool.py:1095 InsecureRequestWarning: Unverified HTTPS request is being made to host 'randomuser.me'. Adding certificate verification is strongly advised. See: https://urllib3.readthedocs.io/en/latest/advanced-usage.html#tls-warnings
[2025-04-29T00:25:49.104+0000] {kafka_stream.py:57} ERROR - An error occured: Expecting value: line 1 column 1 (char 0)
[2025-04-29T00:25:49.222+0000] {logging_mixin.py:151} WARNING - /home/***/.local/lib/python3.9/site-packages/urllib3/connectionpool.py:1095 InsecureRequestWarning: Unverified HTTPS request is being made to host 'randomuser.me'. Adding certificate verification is strongly advised. See: https://urllib3.readthedocs.io/en/latest/advanced-usage.html#tls-warnings
[2025-04-29T00:25:49.271+0000] {kafka_stream.py:57} ERROR - An error occured: Expecting value: line 1 column 1 (char 0)
[2025-04-29T00:25:49.358+0000] {logging_mixin.py:151} WARNING - /home/***/.local/lib/python3.9/site-packages/urllib3/connectionpool.py:1095 InsecureRequestWarning: Unverified HTTPS request is being made to host 'randomuser.me'. Adding certificate verification is strongly advised. See: https://urllib3.readthedocs.io/en/latest/advanced-usage.html#tls-warnings
[2025-04-29T00:25:49.413+0000] {kafka_stream.py:57} ERROR - An error occured: Expecting value: line 1 column 1 (char 0)
[2025-04-29T00:25:49.512+0000] {logging_mixin.py:151} WARNING - /home/***/.local/lib/python3.9/site-packages/urllib3/connectionpool.py:1095 InsecureRequestWarning: Unverified HTTPS request is being made to host 'randomuser.me'. Adding certificate verification is strongly advised. See: https://urllib3.readthedocs.io/en/latest/advanced-usage.html#tls-warnings
[2025-04-29T00:25:49.572+0000] {kafka_stream.py:57} ERROR - An error occured: Expecting value: line 1 column 1 (char 0)
[2025-04-29T00:25:49.674+0000] {logging_mixin.py:151} WARNING - /home/***/.local/lib/python3.9/site-packages/urllib3/connectionpool.py:1095 InsecureRequestWarning: Unverified HTTPS request is being made to host 'randomuser.me'. Adding certificate verification is strongly advised. See: https://urllib3.readthedocs.io/en/latest/advanced-usage.html#tls-warnings
[2025-04-29T00:25:49.727+0000] {kafka_stream.py:57} ERROR - An error occured: Expecting value: line 1 column 1 (char 0)
[2025-04-29T00:25:49.848+0000] {logging_mixin.py:151} WARNING - /home/***/.local/lib/python3.9/site-packages/urllib3/connectionpool.py:1095 InsecureRequestWarning: Unverified HTTPS request is being made to host 'randomuser.me'. Adding certificate verification is strongly advised. See: https://urllib3.readthedocs.io/en/latest/advanced-usage.html#tls-warnings
[2025-04-29T00:25:49.901+0000] {kafka_stream.py:57} ERROR - An error occured: Expecting value: line 1 column 1 (char 0)
[2025-04-29T00:25:49.997+0000] {logging_mixin.py:151} WARNING - /home/***/.local/lib/python3.9/site-packages/urllib3/connectionpool.py:1095 InsecureRequestWarning: Unverified HTTPS request is being made to host 'randomuser.me'. Adding certificate verification is strongly advised. See: https://urllib3.readthedocs.io/en/latest/advanced-usage.html#tls-warnings
[2025-04-29T00:25:50.048+0000] {kafka_stream.py:57} ERROR - An error occured: Expecting value: line 1 column 1 (char 0)
[2025-04-29T00:25:50.156+0000] {logging_mixin.py:151} WARNING - /home/***/.local/lib/python3.9/site-packages/urllib3/connectionpool.py:1095 InsecureRequestWarning: Unverified HTTPS request is being made to host 'randomuser.me'. Adding certificate verification is strongly advised. See: https://urllib3.readthedocs.io/en/latest/advanced-usage.html#tls-warnings
[2025-04-29T00:25:50.210+0000] {kafka_stream.py:57} ERROR - An error occured: Expecting value: line 1 column 1 (char 0)
[2025-04-29T00:25:50.305+0000] {logging_mixin.py:151} WARNING - /home/***/.local/lib/python3.9/site-packages/urllib3/connectionpool.py:1095 InsecureRequestWarning: Unverified HTTPS request is being made to host 'randomuser.me'. Adding certificate verification is strongly advised. See: https://urllib3.readthedocs.io/en/latest/advanced-usage.html#tls-warnings
[2025-04-29T00:25:50.356+0000] {kafka_stream.py:57} ERROR - An error occured: Expecting value: line 1 column 1 (char 0)
[2025-04-29T00:25:50.485+0000] {logging_mixin.py:151} WARNING - /home/***/.local/lib/python3.9/site-packages/urllib3/connectionpool.py:1095 InsecureRequestWarning: Unverified HTTPS request is being made to host 'randomuser.me'. Adding certificate verification is strongly advised. See: https://urllib3.readthedocs.io/en/latest/advanced-usage.html#tls-warnings
[2025-04-29T00:25:50.566+0000] {kafka_stream.py:57} ERROR - An error occured: Expecting value: line 1 column 1 (char 0)
[2025-04-29T00:25:50.680+0000] {logging_mixin.py:151} WARNING - /home/***/.local/lib/python3.9/site-packages/urllib3/connectionpool.py:1095 InsecureRequestWarning: Unverified HTTPS request is being made to host 'randomuser.me'. Adding certificate verification is strongly advised. See: https://urllib3.readthedocs.io/en/latest/advanced-usage.html#tls-warnings
[2025-04-29T00:25:50.734+0000] {kafka_stream.py:57} ERROR - An error occured: Expecting value: line 1 column 1 (char 0)
[2025-04-29T00:25:51.040+0000] {logging_mixin.py:151} WARNING - /home/***/.local/lib/python3.9/site-packages/urllib3/connectionpool.py:1095 InsecureRequestWarning: Unverified HTTPS request is being made to host 'randomuser.me'. Adding certificate verification is strongly advised. See: https://urllib3.readthedocs.io/en/latest/advanced-usage.html#tls-warnings
[2025-04-29T00:25:51.105+0000] {kafka_stream.py:57} ERROR - An error occured: Expecting value: line 1 column 1 (char 0)
[2025-04-29T00:25:51.237+0000] {logging_mixin.py:151} WARNING - /home/***/.local/lib/python3.9/site-packages/urllib3/connectionpool.py:1095 InsecureRequestWarning: Unverified HTTPS request is being made to host 'randomuser.me'. Adding certificate verification is strongly advised. See: https://urllib3.readthedocs.io/en/latest/advanced-usage.html#tls-warnings
[2025-04-29T00:25:51.297+0000] {kafka_stream.py:57} ERROR - An error occured: Expecting value: line 1 column 1 (char 0)
[2025-04-29T00:25:51.401+0000] {logging_mixin.py:151} WARNING - /home/***/.local/lib/python3.9/site-packages/urllib3/connectionpool.py:1095 InsecureRequestWarning: Unverified HTTPS request is being made to host 'randomuser.me'. Adding certificate verification is strongly advised. See: https://urllib3.readthedocs.io/en/latest/advanced-usage.html#tls-warnings
[2025-04-29T00:25:51.457+0000] {kafka_stream.py:57} ERROR - An error occured: Expecting value: line 1 column 1 (char 0)
[2025-04-29T00:25:51.567+0000] {logging_mixin.py:151} WARNING - /home/***/.local/lib/python3.9/site-packages/urllib3/connectionpool.py:1095 InsecureRequestWarning: Unverified HTTPS request is being made to host 'randomuser.me'. Adding certificate verification is strongly advised. See: https://urllib3.readthedocs.io/en/latest/advanced-usage.html#tls-warnings
[2025-04-29T00:25:51.615+0000] {kafka_stream.py:57} ERROR - An error occured: Expecting value: line 1 column 1 (char 0)
[2025-04-29T00:25:51.718+0000] {logging_mixin.py:151} WARNING - /home/***/.local/lib/python3.9/site-packages/urllib3/connectionpool.py:1095 InsecureRequestWarning: Unverified HTTPS request is being made to host 'randomuser.me'. Adding certificate verification is strongly advised. See: https://urllib3.readthedocs.io/en/latest/advanced-usage.html#tls-warnings
[2025-04-29T00:25:51.771+0000] {kafka_stream.py:57} ERROR - An error occured: Expecting value: line 1 column 1 (char 0)
[2025-04-29T00:25:51.875+0000] {logging_mixin.py:151} WARNING - /home/***/.local/lib/python3.9/site-packages/urllib3/connectionpool.py:1095 InsecureRequestWarning: Unverified HTTPS request is being made to host 'randomuser.me'. Adding certificate verification is strongly advised. See: https://urllib3.readthedocs.io/en/latest/advanced-usage.html#tls-warnings
[2025-04-29T00:25:51.928+0000] {kafka_stream.py:57} ERROR - An error occured: Expecting value: line 1 column 1 (char 0)
[2025-04-29T00:25:52.030+0000] {logging_mixin.py:151} WARNING - /home/***/.local/lib/python3.9/site-packages/urllib3/connectionpool.py:1095 InsecureRequestWarning: Unverified HTTPS request is being made to host 'randomuser.me'. Adding certificate verification is strongly advised. See: https://urllib3.readthedocs.io/en/latest/advanced-usage.html#tls-warnings
[2025-04-29T00:25:52.084+0000] {kafka_stream.py:57} ERROR - An error occured: Expecting value: line 1 column 1 (char 0)
[2025-04-29T00:25:52.233+0000] {logging_mixin.py:151} WARNING - /home/***/.local/lib/python3.9/site-packages/urllib3/connectionpool.py:1095 InsecureRequestWarning: Unverified HTTPS request is being made to host 'randomuser.me'. Adding certificate verification is strongly advised. See: https://urllib3.readthedocs.io/en/latest/advanced-usage.html#tls-warnings
[2025-04-29T00:25:52.491+0000] {kafka_stream.py:57} ERROR - An error occured: Expecting value: line 1 column 1 (char 0)
[2025-04-29T00:25:52.581+0000] {logging_mixin.py:151} WARNING - /home/***/.local/lib/python3.9/site-packages/urllib3/connectionpool.py:1095 InsecureRequestWarning: Unverified HTTPS request is being made to host 'randomuser.me'. Adding certificate verification is strongly advised. See: https://urllib3.readthedocs.io/en/latest/advanced-usage.html#tls-warnings
[2025-04-29T00:25:52.636+0000] {kafka_stream.py:57} ERROR - An error occured: Expecting value: line 1 column 1 (char 0)
[2025-04-29T00:25:52.742+0000] {logging_mixin.py:151} WARNING - /home/***/.local/lib/python3.9/site-packages/urllib3/connectionpool.py:1095 InsecureRequestWarning: Unverified HTTPS request is being made to host 'randomuser.me'. Adding certificate verification is strongly advised. See: https://urllib3.readthedocs.io/en/latest/advanced-usage.html#tls-warnings
[2025-04-29T00:25:52.795+0000] {kafka_stream.py:57} ERROR - An error occured: Expecting value: line 1 column 1 (char 0)
[2025-04-29T00:25:52.904+0000] {logging_mixin.py:151} WARNING - /home/***/.local/lib/python3.9/site-packages/urllib3/connectionpool.py:1095 InsecureRequestWarning: Unverified HTTPS request is being made to host 'randomuser.me'. Adding certificate verification is strongly advised. See: https://urllib3.readthedocs.io/en/latest/advanced-usage.html#tls-warnings
[2025-04-29T00:25:52.957+0000] {kafka_stream.py:57} ERROR - An error occured: Expecting value: line 1 column 1 (char 0)
[2025-04-29T00:25:53.083+0000] {logging_mixin.py:151} WARNING - /home/***/.local/lib/python3.9/site-packages/urllib3/connectionpool.py:1095 InsecureRequestWarning: Unverified HTTPS request is being made to host 'randomuser.me'. Adding certificate verification is strongly advised. See: https://urllib3.readthedocs.io/en/latest/advanced-usage.html#tls-warnings
[2025-04-29T00:25:53.133+0000] {kafka_stream.py:57} ERROR - An error occured: Expecting value: line 1 column 1 (char 0)
[2025-04-29T00:25:54.280+0000] {logging_mixin.py:151} WARNING - /home/***/.local/lib/python3.9/site-packages/urllib3/connectionpool.py:1095 InsecureRequestWarning: Unverified HTTPS request is being made to host 'randomuser.me'. Adding certificate verification is strongly advised. See: https://urllib3.readthedocs.io/en/latest/advanced-usage.html#tls-warnings
[2025-04-29T00:25:54.334+0000] {kafka_stream.py:57} ERROR - An error occured: Expecting value: line 1 column 1 (char 0)
[2025-04-29T00:25:54.435+0000] {logging_mixin.py:151} WARNING - /home/***/.local/lib/python3.9/site-packages/urllib3/connectionpool.py:1095 InsecureRequestWarning: Unverified HTTPS request is being made to host 'randomuser.me'. Adding certificate verification is strongly advised. See: https://urllib3.readthedocs.io/en/latest/advanced-usage.html#tls-warnings
[2025-04-29T00:25:54.487+0000] {kafka_stream.py:57} ERROR - An error occured: Expecting value: line 1 column 1 (char 0)
[2025-04-29T00:25:54.594+0000] {logging_mixin.py:151} WARNING - /home/***/.local/lib/python3.9/site-packages/urllib3/connectionpool.py:1095 InsecureRequestWarning: Unverified HTTPS request is being made to host 'randomuser.me'. Adding certificate verification is strongly advised. See: https://urllib3.readthedocs.io/en/latest/advanced-usage.html#tls-warnings
[2025-04-29T00:25:54.650+0000] {kafka_stream.py:57} ERROR - An error occured: Expecting value: line 1 column 1 (char 0)
[2025-04-29T00:25:54.769+0000] {logging_mixin.py:151} WARNING - /home/***/.local/lib/python3.9/site-packages/urllib3/connectionpool.py:1095 InsecureRequestWarning: Unverified HTTPS request is being made to host 'randomuser.me'. Adding certificate verification is strongly advised. See: https://urllib3.readthedocs.io/en/latest/advanced-usage.html#tls-warnings
[2025-04-29T00:25:54.821+0000] {kafka_stream.py:57} ERROR - An error occured: Expecting value: line 1 column 1 (char 0)
[2025-04-29T00:25:54.917+0000] {logging_mixin.py:151} WARNING - /home/***/.local/lib/python3.9/site-packages/urllib3/connectionpool.py:1095 InsecureRequestWarning: Unverified HTTPS request is being made to host 'randomuser.me'. Adding certificate verification is strongly advised. See: https://urllib3.readthedocs.io/en/latest/advanced-usage.html#tls-warnings
[2025-04-29T00:25:54.968+0000] {kafka_stream.py:57} ERROR - An error occured: Expecting value: line 1 column 1 (char 0)
[2025-04-29T00:25:55.077+0000] {logging_mixin.py:151} WARNING - /home/***/.local/lib/python3.9/site-packages/urllib3/connectionpool.py:1095 InsecureRequestWarning: Unverified HTTPS request is being made to host 'randomuser.me'. Adding certificate verification is strongly advised. See: https://urllib3.readthedocs.io/en/latest/advanced-usage.html#tls-warnings
[2025-04-29T00:25:55.135+0000] {kafka_stream.py:57} ERROR - An error occured: Expecting value: line 1 column 1 (char 0)
[2025-04-29T00:25:55.695+0000] {logging_mixin.py:151} WARNING - /home/***/.local/lib/python3.9/site-packages/urllib3/connectionpool.py:1095 InsecureRequestWarning: Unverified HTTPS request is being made to host 'randomuser.me'. Adding certificate verification is strongly advised. See: https://urllib3.readthedocs.io/en/latest/advanced-usage.html#tls-warnings
[2025-04-29T00:25:55.747+0000] {kafka_stream.py:57} ERROR - An error occured: Expecting value: line 1 column 1 (char 0)
[2025-04-29T00:25:55.843+0000] {logging_mixin.py:151} WARNING - /home/***/.local/lib/python3.9/site-packages/urllib3/connectionpool.py:1095 InsecureRequestWarning: Unverified HTTPS request is being made to host 'randomuser.me'. Adding certificate verification is strongly advised. See: https://urllib3.readthedocs.io/en/latest/advanced-usage.html#tls-warnings
[2025-04-29T00:25:55.901+0000] {kafka_stream.py:57} ERROR - An error occured: Expecting value: line 1 column 1 (char 0)
[2025-04-29T00:25:55.991+0000] {logging_mixin.py:151} WARNING - /home/***/.local/lib/python3.9/site-packages/urllib3/connectionpool.py:1095 InsecureRequestWarning: Unverified HTTPS request is being made to host 'randomuser.me'. Adding certificate verification is strongly advised. See: https://urllib3.readthedocs.io/en/latest/advanced-usage.html#tls-warnings
[2025-04-29T00:25:56.044+0000] {kafka_stream.py:57} ERROR - An error occured: Expecting value: line 1 column 1 (char 0)
[2025-04-29T00:25:56.147+0000] {logging_mixin.py:151} WARNING - /home/***/.local/lib/python3.9/site-packages/urllib3/connectionpool.py:1095 InsecureRequestWarning: Unverified HTTPS request is being made to host 'randomuser.me'. Adding certificate verification is strongly advised. See: https://urllib3.readthedocs.io/en/latest/advanced-usage.html#tls-warnings
[2025-04-29T00:25:56.200+0000] {kafka_stream.py:57} ERROR - An error occured: Expecting value: line 1 column 1 (char 0)
[2025-04-29T00:25:57.528+0000] {logging_mixin.py:151} WARNING - /home/***/.local/lib/python3.9/site-packages/urllib3/connectionpool.py:1095 InsecureRequestWarning: Unverified HTTPS request is being made to host 'randomuser.me'. Adding certificate verification is strongly advised. See: https://urllib3.readthedocs.io/en/latest/advanced-usage.html#tls-warnings
[2025-04-29T00:25:57.580+0000] {kafka_stream.py:57} ERROR - An error occured: Expecting value: line 1 column 1 (char 0)
[2025-04-29T00:25:57.703+0000] {logging_mixin.py:151} WARNING - /home/***/.local/lib/python3.9/site-packages/urllib3/connectionpool.py:1095 InsecureRequestWarning: Unverified HTTPS request is being made to host 'randomuser.me'. Adding certificate verification is strongly advised. See: https://urllib3.readthedocs.io/en/latest/advanced-usage.html#tls-warnings
[2025-04-29T00:25:57.756+0000] {kafka_stream.py:57} ERROR - An error occured: Expecting value: line 1 column 1 (char 0)
[2025-04-29T00:25:57.868+0000] {logging_mixin.py:151} WARNING - /home/***/.local/lib/python3.9/site-packages/urllib3/connectionpool.py:1095 InsecureRequestWarning: Unverified HTTPS request is being made to host 'randomuser.me'. Adding certificate verification is strongly advised. See: https://urllib3.readthedocs.io/en/latest/advanced-usage.html#tls-warnings
[2025-04-29T00:25:57.920+0000] {kafka_stream.py:57} ERROR - An error occured: Expecting value: line 1 column 1 (char 0)
[2025-04-29T00:25:58.052+0000] {logging_mixin.py:151} WARNING - /home/***/.local/lib/python3.9/site-packages/urllib3/connectionpool.py:1095 InsecureRequestWarning: Unverified HTTPS request is being made to host 'randomuser.me'. Adding certificate verification is strongly advised. See: https://urllib3.readthedocs.io/en/latest/advanced-usage.html#tls-warnings
[2025-04-29T00:25:58.106+0000] {kafka_stream.py:57} ERROR - An error occured: Expecting value: line 1 column 1 (char 0)
[2025-04-29T00:25:58.240+0000] {logging_mixin.py:151} WARNING - /home/***/.local/lib/python3.9/site-packages/urllib3/connectionpool.py:1095 InsecureRequestWarning: Unverified HTTPS request is being made to host 'randomuser.me'. Adding certificate verification is strongly advised. See: https://urllib3.readthedocs.io/en/latest/advanced-usage.html#tls-warnings
[2025-04-29T00:25:58.290+0000] {kafka_stream.py:57} ERROR - An error occured: Expecting value: line 1 column 1 (char 0)
[2025-04-29T00:25:58.401+0000] {logging_mixin.py:151} WARNING - /home/***/.local/lib/python3.9/site-packages/urllib3/connectionpool.py:1095 InsecureRequestWarning: Unverified HTTPS request is being made to host 'randomuser.me'. Adding certificate verification is strongly advised. See: https://urllib3.readthedocs.io/en/latest/advanced-usage.html#tls-warnings
[2025-04-29T00:25:58.454+0000] {kafka_stream.py:57} ERROR - An error occured: Expecting value: line 1 column 1 (char 0)
[2025-04-29T00:25:58.580+0000] {logging_mixin.py:151} WARNING - /home/***/.local/lib/python3.9/site-packages/urllib3/connectionpool.py:1095 InsecureRequestWarning: Unverified HTTPS request is being made to host 'randomuser.me'. Adding certificate verification is strongly advised. See: https://urllib3.readthedocs.io/en/latest/advanced-usage.html#tls-warnings
[2025-04-29T00:25:58.634+0000] {kafka_stream.py:57} ERROR - An error occured: Expecting value: line 1 column 1 (char 0)
[2025-04-29T00:25:58.740+0000] {logging_mixin.py:151} WARNING - /home/***/.local/lib/python3.9/site-packages/urllib3/connectionpool.py:1095 InsecureRequestWarning: Unverified HTTPS request is being made to host 'randomuser.me'. Adding certificate verification is strongly advised. See: https://urllib3.readthedocs.io/en/latest/advanced-usage.html#tls-warnings
[2025-04-29T00:25:58.796+0000] {kafka_stream.py:57} ERROR - An error occured: Expecting value: line 1 column 1 (char 0)
[2025-04-29T00:25:58.892+0000] {logging_mixin.py:151} WARNING - /home/***/.local/lib/python3.9/site-packages/urllib3/connectionpool.py:1095 InsecureRequestWarning: Unverified HTTPS request is being made to host 'randomuser.me'. Adding certificate verification is strongly advised. See: https://urllib3.readthedocs.io/en/latest/advanced-usage.html#tls-warnings
[2025-04-29T00:25:58.943+0000] {kafka_stream.py:57} ERROR - An error occured: Expecting value: line 1 column 1 (char 0)
[2025-04-29T00:25:59.063+0000] {logging_mixin.py:151} WARNING - /home/***/.local/lib/python3.9/site-packages/urllib3/connectionpool.py:1095 InsecureRequestWarning: Unverified HTTPS request is being made to host 'randomuser.me'. Adding certificate verification is strongly advised. See: https://urllib3.readthedocs.io/en/latest/advanced-usage.html#tls-warnings
[2025-04-29T00:25:59.115+0000] {kafka_stream.py:57} ERROR - An error occured: Expecting value: line 1 column 1 (char 0)
[2025-04-29T00:25:59.222+0000] {logging_mixin.py:151} WARNING - /home/***/.local/lib/python3.9/site-packages/urllib3/connectionpool.py:1095 InsecureRequestWarning: Unverified HTTPS request is being made to host 'randomuser.me'. Adding certificate verification is strongly advised. See: https://urllib3.readthedocs.io/en/latest/advanced-usage.html#tls-warnings
[2025-04-29T00:25:59.273+0000] {kafka_stream.py:57} ERROR - An error occured: Expecting value: line 1 column 1 (char 0)
[2025-04-29T00:25:59.375+0000] {logging_mixin.py:151} WARNING - /home/***/.local/lib/python3.9/site-packages/urllib3/connectionpool.py:1095 InsecureRequestWarning: Unverified HTTPS request is being made to host 'randomuser.me'. Adding certificate verification is strongly advised. See: https://urllib3.readthedocs.io/en/latest/advanced-usage.html#tls-warnings
[2025-04-29T00:25:59.429+0000] {kafka_stream.py:57} ERROR - An error occured: Expecting value: line 1 column 1 (char 0)
[2025-04-29T00:25:59.528+0000] {logging_mixin.py:151} WARNING - /home/***/.local/lib/python3.9/site-packages/urllib3/connectionpool.py:1095 InsecureRequestWarning: Unverified HTTPS request is being made to host 'randomuser.me'. Adding certificate verification is strongly advised. See: https://urllib3.readthedocs.io/en/latest/advanced-usage.html#tls-warnings
[2025-04-29T00:25:59.584+0000] {kafka_stream.py:57} ERROR - An error occured: Expecting value: line 1 column 1 (char 0)
[2025-04-29T00:25:59.710+0000] {logging_mixin.py:151} WARNING - /home/***/.local/lib/python3.9/site-packages/urllib3/connectionpool.py:1095 InsecureRequestWarning: Unverified HTTPS request is being made to host 'randomuser.me'. Adding certificate verification is strongly advised. See: https://urllib3.readthedocs.io/en/latest/advanced-usage.html#tls-warnings
[2025-04-29T00:25:59.764+0000] {kafka_stream.py:57} ERROR - An error occured: Expecting value: line 1 column 1 (char 0)
[2025-04-29T00:25:59.863+0000] {logging_mixin.py:151} WARNING - /home/***/.local/lib/python3.9/site-packages/urllib3/connectionpool.py:1095 InsecureRequestWarning: Unverified HTTPS request is being made to host 'randomuser.me'. Adding certificate verification is strongly advised. See: https://urllib3.readthedocs.io/en/latest/advanced-usage.html#tls-warnings
[2025-04-29T00:25:59.918+0000] {kafka_stream.py:57} ERROR - An error occured: Expecting value: line 1 column 1 (char 0)
[2025-04-29T00:26:00.007+0000] {logging_mixin.py:151} WARNING - /home/***/.local/lib/python3.9/site-packages/urllib3/connectionpool.py:1095 InsecureRequestWarning: Unverified HTTPS request is being made to host 'randomuser.me'. Adding certificate verification is strongly advised. See: https://urllib3.readthedocs.io/en/latest/advanced-usage.html#tls-warnings
[2025-04-29T00:26:00.064+0000] {kafka_stream.py:57} ERROR - An error occured: Expecting value: line 1 column 1 (char 0)
[2025-04-29T00:26:00.160+0000] {logging_mixin.py:151} WARNING - /home/***/.local/lib/python3.9/site-packages/urllib3/connectionpool.py:1095 InsecureRequestWarning: Unverified HTTPS request is being made to host 'randomuser.me'. Adding certificate verification is strongly advised. See: https://urllib3.readthedocs.io/en/latest/advanced-usage.html#tls-warnings
[2025-04-29T00:26:00.219+0000] {kafka_stream.py:57} ERROR - An error occured: Expecting value: line 1 column 1 (char 0)
[2025-04-29T00:26:00.369+0000] {logging_mixin.py:151} WARNING - /home/***/.local/lib/python3.9/site-packages/urllib3/connectionpool.py:1095 InsecureRequestWarning: Unverified HTTPS request is being made to host 'randomuser.me'. Adding certificate verification is strongly advised. See: https://urllib3.readthedocs.io/en/latest/advanced-usage.html#tls-warnings
[2025-04-29T00:26:00.422+0000] {kafka_stream.py:57} ERROR - An error occured: Expecting value: line 1 column 1 (char 0)
[2025-04-29T00:26:00.527+0000] {logging_mixin.py:151} WARNING - /home/***/.local/lib/python3.9/site-packages/urllib3/connectionpool.py:1095 InsecureRequestWarning: Unverified HTTPS request is being made to host 'randomuser.me'. Adding certificate verification is strongly advised. See: https://urllib3.readthedocs.io/en/latest/advanced-usage.html#tls-warnings
[2025-04-29T00:26:00.583+0000] {kafka_stream.py:57} ERROR - An error occured: Expecting value: line 1 column 1 (char 0)
[2025-04-29T00:26:00.683+0000] {logging_mixin.py:151} WARNING - /home/***/.local/lib/python3.9/site-packages/urllib3/connectionpool.py:1095 InsecureRequestWarning: Unverified HTTPS request is being made to host 'randomuser.me'. Adding certificate verification is strongly advised. See: https://urllib3.readthedocs.io/en/latest/advanced-usage.html#tls-warnings
[2025-04-29T00:26:00.734+0000] {kafka_stream.py:57} ERROR - An error occured: Expecting value: line 1 column 1 (char 0)
[2025-04-29T00:26:00.834+0000] {logging_mixin.py:151} WARNING - /home/***/.local/lib/python3.9/site-packages/urllib3/connectionpool.py:1095 InsecureRequestWarning: Unverified HTTPS request is being made to host 'randomuser.me'. Adding certificate verification is strongly advised. See: https://urllib3.readthedocs.io/en/latest/advanced-usage.html#tls-warnings
[2025-04-29T00:26:00.884+0000] {kafka_stream.py:57} ERROR - An error occured: Expecting value: line 1 column 1 (char 0)
[2025-04-29T00:26:00.999+0000] {logging_mixin.py:151} WARNING - /home/***/.local/lib/python3.9/site-packages/urllib3/connectionpool.py:1095 InsecureRequestWarning: Unverified HTTPS request is being made to host 'randomuser.me'. Adding certificate verification is strongly advised. See: https://urllib3.readthedocs.io/en/latest/advanced-usage.html#tls-warnings
[2025-04-29T00:26:01.051+0000] {kafka_stream.py:57} ERROR - An error occured: Expecting value: line 1 column 1 (char 0)
[2025-04-29T00:26:01.164+0000] {logging_mixin.py:151} WARNING - /home/***/.local/lib/python3.9/site-packages/urllib3/connectionpool.py:1095 InsecureRequestWarning: Unverified HTTPS request is being made to host 'randomuser.me'. Adding certificate verification is strongly advised. See: https://urllib3.readthedocs.io/en/latest/advanced-usage.html#tls-warnings
[2025-04-29T00:26:01.216+0000] {kafka_stream.py:57} ERROR - An error occured: Expecting value: line 1 column 1 (char 0)
[2025-04-29T00:26:01.538+0000] {logging_mixin.py:151} WARNING - /home/***/.local/lib/python3.9/site-packages/urllib3/connectionpool.py:1095 InsecureRequestWarning: Unverified HTTPS request is being made to host 'randomuser.me'. Adding certificate verification is strongly advised. See: https://urllib3.readthedocs.io/en/latest/advanced-usage.html#tls-warnings
[2025-04-29T00:26:01.590+0000] {kafka_stream.py:57} ERROR - An error occured: Expecting value: line 1 column 1 (char 0)
[2025-04-29T00:26:01.783+0000] {logging_mixin.py:151} WARNING - /home/***/.local/lib/python3.9/site-packages/urllib3/connectionpool.py:1095 InsecureRequestWarning: Unverified HTTPS request is being made to host 'randomuser.me'. Adding certificate verification is strongly advised. See: https://urllib3.readthedocs.io/en/latest/advanced-usage.html#tls-warnings
[2025-04-29T00:26:01.843+0000] {kafka_stream.py:57} ERROR - An error occured: Expecting value: line 1 column 1 (char 0)
[2025-04-29T00:26:01.955+0000] {logging_mixin.py:151} WARNING - /home/***/.local/lib/python3.9/site-packages/urllib3/connectionpool.py:1095 InsecureRequestWarning: Unverified HTTPS request is being made to host 'randomuser.me'. Adding certificate verification is strongly advised. See: https://urllib3.readthedocs.io/en/latest/advanced-usage.html#tls-warnings
[2025-04-29T00:26:02.011+0000] {kafka_stream.py:57} ERROR - An error occured: Expecting value: line 1 column 1 (char 0)
[2025-04-29T00:26:02.138+0000] {logging_mixin.py:151} WARNING - /home/***/.local/lib/python3.9/site-packages/urllib3/connectionpool.py:1095 InsecureRequestWarning: Unverified HTTPS request is being made to host 'randomuser.me'. Adding certificate verification is strongly advised. See: https://urllib3.readthedocs.io/en/latest/advanced-usage.html#tls-warnings
[2025-04-29T00:26:02.187+0000] {kafka_stream.py:57} ERROR - An error occured: Expecting value: line 1 column 1 (char 0)
[2025-04-29T00:26:02.301+0000] {logging_mixin.py:151} WARNING - /home/***/.local/lib/python3.9/site-packages/urllib3/connectionpool.py:1095 InsecureRequestWarning: Unverified HTTPS request is being made to host 'randomuser.me'. Adding certificate verification is strongly advised. See: https://urllib3.readthedocs.io/en/latest/advanced-usage.html#tls-warnings
[2025-04-29T00:26:02.370+0000] {kafka_stream.py:57} ERROR - An error occured: Expecting value: line 1 column 1 (char 0)
[2025-04-29T00:26:02.474+0000] {logging_mixin.py:151} WARNING - /home/***/.local/lib/python3.9/site-packages/urllib3/connectionpool.py:1095 InsecureRequestWarning: Unverified HTTPS request is being made to host 'randomuser.me'. Adding certificate verification is strongly advised. See: https://urllib3.readthedocs.io/en/latest/advanced-usage.html#tls-warnings
[2025-04-29T00:26:02.526+0000] {kafka_stream.py:57} ERROR - An error occured: Expecting value: line 1 column 1 (char 0)
[2025-04-29T00:26:02.651+0000] {logging_mixin.py:151} WARNING - /home/***/.local/lib/python3.9/site-packages/urllib3/connectionpool.py:1095 InsecureRequestWarning: Unverified HTTPS request is being made to host 'randomuser.me'. Adding certificate verification is strongly advised. See: https://urllib3.readthedocs.io/en/latest/advanced-usage.html#tls-warnings
[2025-04-29T00:26:02.705+0000] {kafka_stream.py:57} ERROR - An error occured: Expecting value: line 1 column 1 (char 0)
[2025-04-29T00:26:02.807+0000] {logging_mixin.py:151} WARNING - /home/***/.local/lib/python3.9/site-packages/urllib3/connectionpool.py:1095 InsecureRequestWarning: Unverified HTTPS request is being made to host 'randomuser.me'. Adding certificate verification is strongly advised. See: https://urllib3.readthedocs.io/en/latest/advanced-usage.html#tls-warnings
[2025-04-29T00:26:02.865+0000] {kafka_stream.py:57} ERROR - An error occured: Expecting value: line 1 column 1 (char 0)
[2025-04-29T00:26:02.979+0000] {logging_mixin.py:151} WARNING - /home/***/.local/lib/python3.9/site-packages/urllib3/connectionpool.py:1095 InsecureRequestWarning: Unverified HTTPS request is being made to host 'randomuser.me'. Adding certificate verification is strongly advised. See: https://urllib3.readthedocs.io/en/latest/advanced-usage.html#tls-warnings
[2025-04-29T00:26:03.033+0000] {kafka_stream.py:57} ERROR - An error occured: Expecting value: line 1 column 1 (char 0)
[2025-04-29T00:26:03.173+0000] {logging_mixin.py:151} WARNING - /home/***/.local/lib/python3.9/site-packages/urllib3/connectionpool.py:1095 InsecureRequestWarning: Unverified HTTPS request is being made to host 'randomuser.me'. Adding certificate verification is strongly advised. See: https://urllib3.readthedocs.io/en/latest/advanced-usage.html#tls-warnings
[2025-04-29T00:26:03.227+0000] {kafka_stream.py:57} ERROR - An error occured: Expecting value: line 1 column 1 (char 0)
[2025-04-29T00:26:03.331+0000] {logging_mixin.py:151} WARNING - /home/***/.local/lib/python3.9/site-packages/urllib3/connectionpool.py:1095 InsecureRequestWarning: Unverified HTTPS request is being made to host 'randomuser.me'. Adding certificate verification is strongly advised. See: https://urllib3.readthedocs.io/en/latest/advanced-usage.html#tls-warnings
[2025-04-29T00:26:03.394+0000] {kafka_stream.py:57} ERROR - An error occured: Expecting value: line 1 column 1 (char 0)
[2025-04-29T00:26:03.492+0000] {logging_mixin.py:151} WARNING - /home/***/.local/lib/python3.9/site-packages/urllib3/connectionpool.py:1095 InsecureRequestWarning: Unverified HTTPS request is being made to host 'randomuser.me'. Adding certificate verification is strongly advised. See: https://urllib3.readthedocs.io/en/latest/advanced-usage.html#tls-warnings
[2025-04-29T00:26:03.548+0000] {kafka_stream.py:57} ERROR - An error occured: Expecting value: line 1 column 1 (char 0)
[2025-04-29T00:26:03.643+0000] {logging_mixin.py:151} WARNING - /home/***/.local/lib/python3.9/site-packages/urllib3/connectionpool.py:1095 InsecureRequestWarning: Unverified HTTPS request is being made to host 'randomuser.me'. Adding certificate verification is strongly advised. See: https://urllib3.readthedocs.io/en/latest/advanced-usage.html#tls-warnings
[2025-04-29T00:26:03.699+0000] {kafka_stream.py:57} ERROR - An error occured: Expecting value: line 1 column 1 (char 0)
[2025-04-29T00:26:03.810+0000] {logging_mixin.py:151} WARNING - /home/***/.local/lib/python3.9/site-packages/urllib3/connectionpool.py:1095 InsecureRequestWarning: Unverified HTTPS request is being made to host 'randomuser.me'. Adding certificate verification is strongly advised. See: https://urllib3.readthedocs.io/en/latest/advanced-usage.html#tls-warnings
[2025-04-29T00:26:03.865+0000] {kafka_stream.py:57} ERROR - An error occured: Expecting value: line 1 column 1 (char 0)
[2025-04-29T00:26:03.979+0000] {logging_mixin.py:151} WARNING - /home/***/.local/lib/python3.9/site-packages/urllib3/connectionpool.py:1095 InsecureRequestWarning: Unverified HTTPS request is being made to host 'randomuser.me'. Adding certificate verification is strongly advised. See: https://urllib3.readthedocs.io/en/latest/advanced-usage.html#tls-warnings
[2025-04-29T00:26:04.033+0000] {kafka_stream.py:57} ERROR - An error occured: Expecting value: line 1 column 1 (char 0)
[2025-04-29T00:26:04.139+0000] {logging_mixin.py:151} WARNING - /home/***/.local/lib/python3.9/site-packages/urllib3/connectionpool.py:1095 InsecureRequestWarning: Unverified HTTPS request is being made to host 'randomuser.me'. Adding certificate verification is strongly advised. See: https://urllib3.readthedocs.io/en/latest/advanced-usage.html#tls-warnings
[2025-04-29T00:26:04.194+0000] {kafka_stream.py:57} ERROR - An error occured: Expecting value: line 1 column 1 (char 0)
[2025-04-29T00:26:04.303+0000] {logging_mixin.py:151} WARNING - /home/***/.local/lib/python3.9/site-packages/urllib3/connectionpool.py:1095 InsecureRequestWarning: Unverified HTTPS request is being made to host 'randomuser.me'. Adding certificate verification is strongly advised. See: https://urllib3.readthedocs.io/en/latest/advanced-usage.html#tls-warnings
[2025-04-29T00:26:04.355+0000] {kafka_stream.py:57} ERROR - An error occured: Expecting value: line 1 column 1 (char 0)
[2025-04-29T00:26:04.469+0000] {logging_mixin.py:151} WARNING - /home/***/.local/lib/python3.9/site-packages/urllib3/connectionpool.py:1095 InsecureRequestWarning: Unverified HTTPS request is being made to host 'randomuser.me'. Adding certificate verification is strongly advised. See: https://urllib3.readthedocs.io/en/latest/advanced-usage.html#tls-warnings
[2025-04-29T00:26:04.518+0000] {kafka_stream.py:57} ERROR - An error occured: Expecting value: line 1 column 1 (char 0)
[2025-04-29T00:26:04.625+0000] {logging_mixin.py:151} WARNING - /home/***/.local/lib/python3.9/site-packages/urllib3/connectionpool.py:1095 InsecureRequestWarning: Unverified HTTPS request is being made to host 'randomuser.me'. Adding certificate verification is strongly advised. See: https://urllib3.readthedocs.io/en/latest/advanced-usage.html#tls-warnings
[2025-04-29T00:26:04.677+0000] {kafka_stream.py:57} ERROR - An error occured: Expecting value: line 1 column 1 (char 0)
[2025-04-29T00:26:04.814+0000] {logging_mixin.py:151} WARNING - /home/***/.local/lib/python3.9/site-packages/urllib3/connectionpool.py:1095 InsecureRequestWarning: Unverified HTTPS request is being made to host 'randomuser.me'. Adding certificate verification is strongly advised. See: https://urllib3.readthedocs.io/en/latest/advanced-usage.html#tls-warnings
[2025-04-29T00:26:04.867+0000] {kafka_stream.py:57} ERROR - An error occured: Expecting value: line 1 column 1 (char 0)
[2025-04-29T00:26:04.988+0000] {logging_mixin.py:151} WARNING - /home/***/.local/lib/python3.9/site-packages/urllib3/connectionpool.py:1095 InsecureRequestWarning: Unverified HTTPS request is being made to host 'randomuser.me'. Adding certificate verification is strongly advised. See: https://urllib3.readthedocs.io/en/latest/advanced-usage.html#tls-warnings
[2025-04-29T00:26:05.040+0000] {kafka_stream.py:57} ERROR - An error occured: Expecting value: line 1 column 1 (char 0)
[2025-04-29T00:26:05.139+0000] {logging_mixin.py:151} WARNING - /home/***/.local/lib/python3.9/site-packages/urllib3/connectionpool.py:1095 InsecureRequestWarning: Unverified HTTPS request is being made to host 'randomuser.me'. Adding certificate verification is strongly advised. See: https://urllib3.readthedocs.io/en/latest/advanced-usage.html#tls-warnings
[2025-04-29T00:26:05.190+0000] {kafka_stream.py:57} ERROR - An error occured: Expecting value: line 1 column 1 (char 0)
[2025-04-29T00:26:05.333+0000] {logging_mixin.py:151} WARNING - /home/***/.local/lib/python3.9/site-packages/urllib3/connectionpool.py:1095 InsecureRequestWarning: Unverified HTTPS request is being made to host 'randomuser.me'. Adding certificate verification is strongly advised. See: https://urllib3.readthedocs.io/en/latest/advanced-usage.html#tls-warnings
[2025-04-29T00:26:05.392+0000] {kafka_stream.py:57} ERROR - An error occured: Expecting value: line 1 column 1 (char 0)
[2025-04-29T00:26:05.498+0000] {logging_mixin.py:151} WARNING - /home/***/.local/lib/python3.9/site-packages/urllib3/connectionpool.py:1095 InsecureRequestWarning: Unverified HTTPS request is being made to host 'randomuser.me'. Adding certificate verification is strongly advised. See: https://urllib3.readthedocs.io/en/latest/advanced-usage.html#tls-warnings
[2025-04-29T00:26:05.549+0000] {kafka_stream.py:57} ERROR - An error occured: Expecting value: line 1 column 1 (char 0)
[2025-04-29T00:26:05.654+0000] {logging_mixin.py:151} WARNING - /home/***/.local/lib/python3.9/site-packages/urllib3/connectionpool.py:1095 InsecureRequestWarning: Unverified HTTPS request is being made to host 'randomuser.me'. Adding certificate verification is strongly advised. See: https://urllib3.readthedocs.io/en/latest/advanced-usage.html#tls-warnings
[2025-04-29T00:26:05.703+0000] {kafka_stream.py:57} ERROR - An error occured: Expecting value: line 1 column 1 (char 0)
[2025-04-29T00:26:06.035+0000] {logging_mixin.py:151} WARNING - /home/***/.local/lib/python3.9/site-packages/urllib3/connectionpool.py:1095 InsecureRequestWarning: Unverified HTTPS request is being made to host 'randomuser.me'. Adding certificate verification is strongly advised. See: https://urllib3.readthedocs.io/en/latest/advanced-usage.html#tls-warnings
[2025-04-29T00:26:06.091+0000] {kafka_stream.py:57} ERROR - An error occured: Expecting value: line 1 column 1 (char 0)
[2025-04-29T00:26:06.215+0000] {logging_mixin.py:151} WARNING - /home/***/.local/lib/python3.9/site-packages/urllib3/connectionpool.py:1095 InsecureRequestWarning: Unverified HTTPS request is being made to host 'randomuser.me'. Adding certificate verification is strongly advised. See: https://urllib3.readthedocs.io/en/latest/advanced-usage.html#tls-warnings
[2025-04-29T00:26:06.267+0000] {kafka_stream.py:57} ERROR - An error occured: Expecting value: line 1 column 1 (char 0)
[2025-04-29T00:26:06.370+0000] {logging_mixin.py:151} WARNING - /home/***/.local/lib/python3.9/site-packages/urllib3/connectionpool.py:1095 InsecureRequestWarning: Unverified HTTPS request is being made to host 'randomuser.me'. Adding certificate verification is strongly advised. See: https://urllib3.readthedocs.io/en/latest/advanced-usage.html#tls-warnings
[2025-04-29T00:26:06.422+0000] {kafka_stream.py:57} ERROR - An error occured: Expecting value: line 1 column 1 (char 0)
[2025-04-29T00:26:06.505+0000] {logging_mixin.py:151} WARNING - /home/***/.local/lib/python3.9/site-packages/urllib3/connectionpool.py:1095 InsecureRequestWarning: Unverified HTTPS request is being made to host 'randomuser.me'. Adding certificate verification is strongly advised. See: https://urllib3.readthedocs.io/en/latest/advanced-usage.html#tls-warnings
[2025-04-29T00:26:06.561+0000] {kafka_stream.py:57} ERROR - An error occured: Expecting value: line 1 column 1 (char 0)
[2025-04-29T00:26:06.657+0000] {logging_mixin.py:151} WARNING - /home/***/.local/lib/python3.9/site-packages/urllib3/connectionpool.py:1095 InsecureRequestWarning: Unverified HTTPS request is being made to host 'randomuser.me'. Adding certificate verification is strongly advised. See: https://urllib3.readthedocs.io/en/latest/advanced-usage.html#tls-warnings
[2025-04-29T00:26:06.707+0000] {kafka_stream.py:57} ERROR - An error occured: Expecting value: line 1 column 1 (char 0)
[2025-04-29T00:26:06.877+0000] {logging_mixin.py:151} WARNING - /home/***/.local/lib/python3.9/site-packages/urllib3/connectionpool.py:1095 InsecureRequestWarning: Unverified HTTPS request is being made to host 'randomuser.me'. Adding certificate verification is strongly advised. See: https://urllib3.readthedocs.io/en/latest/advanced-usage.html#tls-warnings
[2025-04-29T00:26:06.927+0000] {kafka_stream.py:57} ERROR - An error occured: Expecting value: line 1 column 1 (char 0)
[2025-04-29T00:26:07.022+0000] {logging_mixin.py:151} WARNING - /home/***/.local/lib/python3.9/site-packages/urllib3/connectionpool.py:1095 InsecureRequestWarning: Unverified HTTPS request is being made to host 'randomuser.me'. Adding certificate verification is strongly advised. See: https://urllib3.readthedocs.io/en/latest/advanced-usage.html#tls-warnings
[2025-04-29T00:26:07.076+0000] {kafka_stream.py:57} ERROR - An error occured: Expecting value: line 1 column 1 (char 0)
[2025-04-29T00:26:07.178+0000] {logging_mixin.py:151} WARNING - /home/***/.local/lib/python3.9/site-packages/urllib3/connectionpool.py:1095 InsecureRequestWarning: Unverified HTTPS request is being made to host 'randomuser.me'. Adding certificate verification is strongly advised. See: https://urllib3.readthedocs.io/en/latest/advanced-usage.html#tls-warnings
[2025-04-29T00:26:07.231+0000] {kafka_stream.py:57} ERROR - An error occured: Expecting value: line 1 column 1 (char 0)
[2025-04-29T00:26:07.372+0000] {logging_mixin.py:151} WARNING - /home/***/.local/lib/python3.9/site-packages/urllib3/connectionpool.py:1095 InsecureRequestWarning: Unverified HTTPS request is being made to host 'randomuser.me'. Adding certificate verification is strongly advised. See: https://urllib3.readthedocs.io/en/latest/advanced-usage.html#tls-warnings
[2025-04-29T00:26:07.428+0000] {kafka_stream.py:57} ERROR - An error occured: Expecting value: line 1 column 1 (char 0)
[2025-04-29T00:26:07.535+0000] {logging_mixin.py:151} WARNING - /home/***/.local/lib/python3.9/site-packages/urllib3/connectionpool.py:1095 InsecureRequestWarning: Unverified HTTPS request is being made to host 'randomuser.me'. Adding certificate verification is strongly advised. See: https://urllib3.readthedocs.io/en/latest/advanced-usage.html#tls-warnings
[2025-04-29T00:26:07.591+0000] {kafka_stream.py:57} ERROR - An error occured: Expecting value: line 1 column 1 (char 0)
[2025-04-29T00:26:07.694+0000] {logging_mixin.py:151} WARNING - /home/***/.local/lib/python3.9/site-packages/urllib3/connectionpool.py:1095 InsecureRequestWarning: Unverified HTTPS request is being made to host 'randomuser.me'. Adding certificate verification is strongly advised. See: https://urllib3.readthedocs.io/en/latest/advanced-usage.html#tls-warnings
[2025-04-29T00:26:07.748+0000] {kafka_stream.py:57} ERROR - An error occured: Expecting value: line 1 column 1 (char 0)
[2025-04-29T00:26:07.865+0000] {logging_mixin.py:151} WARNING - /home/***/.local/lib/python3.9/site-packages/urllib3/connectionpool.py:1095 InsecureRequestWarning: Unverified HTTPS request is being made to host 'randomuser.me'. Adding certificate verification is strongly advised. See: https://urllib3.readthedocs.io/en/latest/advanced-usage.html#tls-warnings
[2025-04-29T00:26:07.918+0000] {kafka_stream.py:57} ERROR - An error occured: Expecting value: line 1 column 1 (char 0)
[2025-04-29T00:26:08.006+0000] {logging_mixin.py:151} WARNING - /home/***/.local/lib/python3.9/site-packages/urllib3/connectionpool.py:1095 InsecureRequestWarning: Unverified HTTPS request is being made to host 'randomuser.me'. Adding certificate verification is strongly advised. See: https://urllib3.readthedocs.io/en/latest/advanced-usage.html#tls-warnings
[2025-04-29T00:26:08.057+0000] {kafka_stream.py:57} ERROR - An error occured: Expecting value: line 1 column 1 (char 0)
[2025-04-29T00:26:08.149+0000] {logging_mixin.py:151} WARNING - /home/***/.local/lib/python3.9/site-packages/urllib3/connectionpool.py:1095 InsecureRequestWarning: Unverified HTTPS request is being made to host 'randomuser.me'. Adding certificate verification is strongly advised. See: https://urllib3.readthedocs.io/en/latest/advanced-usage.html#tls-warnings
[2025-04-29T00:26:08.201+0000] {kafka_stream.py:57} ERROR - An error occured: Expecting value: line 1 column 1 (char 0)
[2025-04-29T00:26:08.308+0000] {logging_mixin.py:151} WARNING - /home/***/.local/lib/python3.9/site-packages/urllib3/connectionpool.py:1095 InsecureRequestWarning: Unverified HTTPS request is being made to host 'randomuser.me'. Adding certificate verification is strongly advised. See: https://urllib3.readthedocs.io/en/latest/advanced-usage.html#tls-warnings
[2025-04-29T00:26:08.360+0000] {kafka_stream.py:57} ERROR - An error occured: Expecting value: line 1 column 1 (char 0)
[2025-04-29T00:26:08.463+0000] {logging_mixin.py:151} WARNING - /home/***/.local/lib/python3.9/site-packages/urllib3/connectionpool.py:1095 InsecureRequestWarning: Unverified HTTPS request is being made to host 'randomuser.me'. Adding certificate verification is strongly advised. See: https://urllib3.readthedocs.io/en/latest/advanced-usage.html#tls-warnings
[2025-04-29T00:26:08.518+0000] {kafka_stream.py:57} ERROR - An error occured: Expecting value: line 1 column 1 (char 0)
[2025-04-29T00:26:08.616+0000] {logging_mixin.py:151} WARNING - /home/***/.local/lib/python3.9/site-packages/urllib3/connectionpool.py:1095 InsecureRequestWarning: Unverified HTTPS request is being made to host 'randomuser.me'. Adding certificate verification is strongly advised. See: https://urllib3.readthedocs.io/en/latest/advanced-usage.html#tls-warnings
[2025-04-29T00:26:08.668+0000] {kafka_stream.py:57} ERROR - An error occured: Expecting value: line 1 column 1 (char 0)
[2025-04-29T00:26:08.775+0000] {logging_mixin.py:151} WARNING - /home/***/.local/lib/python3.9/site-packages/urllib3/connectionpool.py:1095 InsecureRequestWarning: Unverified HTTPS request is being made to host 'randomuser.me'. Adding certificate verification is strongly advised. See: https://urllib3.readthedocs.io/en/latest/advanced-usage.html#tls-warnings
[2025-04-29T00:26:08.828+0000] {kafka_stream.py:57} ERROR - An error occured: Expecting value: line 1 column 1 (char 0)
[2025-04-29T00:26:08.914+0000] {logging_mixin.py:151} WARNING - /home/***/.local/lib/python3.9/site-packages/urllib3/connectionpool.py:1095 InsecureRequestWarning: Unverified HTTPS request is being made to host 'randomuser.me'. Adding certificate verification is strongly advised. See: https://urllib3.readthedocs.io/en/latest/advanced-usage.html#tls-warnings
[2025-04-29T00:26:08.967+0000] {kafka_stream.py:57} ERROR - An error occured: Expecting value: line 1 column 1 (char 0)
[2025-04-29T00:26:09.076+0000] {logging_mixin.py:151} WARNING - /home/***/.local/lib/python3.9/site-packages/urllib3/connectionpool.py:1095 InsecureRequestWarning: Unverified HTTPS request is being made to host 'randomuser.me'. Adding certificate verification is strongly advised. See: https://urllib3.readthedocs.io/en/latest/advanced-usage.html#tls-warnings
[2025-04-29T00:26:09.129+0000] {kafka_stream.py:57} ERROR - An error occured: Expecting value: line 1 column 1 (char 0)
[2025-04-29T00:26:09.844+0000] {logging_mixin.py:151} WARNING - /home/***/.local/lib/python3.9/site-packages/urllib3/connectionpool.py:1095 InsecureRequestWarning: Unverified HTTPS request is being made to host 'randomuser.me'. Adding certificate verification is strongly advised. See: https://urllib3.readthedocs.io/en/latest/advanced-usage.html#tls-warnings
[2025-04-29T00:26:09.897+0000] {kafka_stream.py:57} ERROR - An error occured: Expecting value: line 1 column 1 (char 0)
[2025-04-29T00:26:10.002+0000] {logging_mixin.py:151} WARNING - /home/***/.local/lib/python3.9/site-packages/urllib3/connectionpool.py:1095 InsecureRequestWarning: Unverified HTTPS request is being made to host 'randomuser.me'. Adding certificate verification is strongly advised. See: https://urllib3.readthedocs.io/en/latest/advanced-usage.html#tls-warnings
[2025-04-29T00:26:10.053+0000] {kafka_stream.py:57} ERROR - An error occured: Expecting value: line 1 column 1 (char 0)
[2025-04-29T00:26:10.159+0000] {logging_mixin.py:151} WARNING - /home/***/.local/lib/python3.9/site-packages/urllib3/connectionpool.py:1095 InsecureRequestWarning: Unverified HTTPS request is being made to host 'randomuser.me'. Adding certificate verification is strongly advised. See: https://urllib3.readthedocs.io/en/latest/advanced-usage.html#tls-warnings
[2025-04-29T00:26:10.211+0000] {kafka_stream.py:57} ERROR - An error occured: Expecting value: line 1 column 1 (char 0)
[2025-04-29T00:26:10.308+0000] {logging_mixin.py:151} WARNING - /home/***/.local/lib/python3.9/site-packages/urllib3/connectionpool.py:1095 InsecureRequestWarning: Unverified HTTPS request is being made to host 'randomuser.me'. Adding certificate verification is strongly advised. See: https://urllib3.readthedocs.io/en/latest/advanced-usage.html#tls-warnings
[2025-04-29T00:26:10.361+0000] {kafka_stream.py:57} ERROR - An error occured: Expecting value: line 1 column 1 (char 0)
[2025-04-29T00:26:10.463+0000] {logging_mixin.py:151} WARNING - /home/***/.local/lib/python3.9/site-packages/urllib3/connectionpool.py:1095 InsecureRequestWarning: Unverified HTTPS request is being made to host 'randomuser.me'. Adding certificate verification is strongly advised. See: https://urllib3.readthedocs.io/en/latest/advanced-usage.html#tls-warnings
[2025-04-29T00:26:10.529+0000] {kafka_stream.py:57} ERROR - An error occured: Expecting value: line 1 column 1 (char 0)
[2025-04-29T00:26:10.652+0000] {logging_mixin.py:151} WARNING - /home/***/.local/lib/python3.9/site-packages/urllib3/connectionpool.py:1095 InsecureRequestWarning: Unverified HTTPS request is being made to host 'randomuser.me'. Adding certificate verification is strongly advised. See: https://urllib3.readthedocs.io/en/latest/advanced-usage.html#tls-warnings
[2025-04-29T00:26:10.710+0000] {kafka_stream.py:57} ERROR - An error occured: Expecting value: line 1 column 1 (char 0)
[2025-04-29T00:26:10.822+0000] {logging_mixin.py:151} WARNING - /home/***/.local/lib/python3.9/site-packages/urllib3/connectionpool.py:1095 InsecureRequestWarning: Unverified HTTPS request is being made to host 'randomuser.me'. Adding certificate verification is strongly advised. See: https://urllib3.readthedocs.io/en/latest/advanced-usage.html#tls-warnings
[2025-04-29T00:26:10.872+0000] {kafka_stream.py:57} ERROR - An error occured: Expecting value: line 1 column 1 (char 0)
[2025-04-29T00:26:11.029+0000] {logging_mixin.py:151} WARNING - /home/***/.local/lib/python3.9/site-packages/urllib3/connectionpool.py:1095 InsecureRequestWarning: Unverified HTTPS request is being made to host 'randomuser.me'. Adding certificate verification is strongly advised. See: https://urllib3.readthedocs.io/en/latest/advanced-usage.html#tls-warnings
[2025-04-29T00:26:11.082+0000] {kafka_stream.py:57} ERROR - An error occured: Expecting value: line 1 column 1 (char 0)
[2025-04-29T00:26:11.621+0000] {logging_mixin.py:151} WARNING - /home/***/.local/lib/python3.9/site-packages/urllib3/connectionpool.py:1095 InsecureRequestWarning: Unverified HTTPS request is being made to host 'randomuser.me'. Adding certificate verification is strongly advised. See: https://urllib3.readthedocs.io/en/latest/advanced-usage.html#tls-warnings
[2025-04-29T00:26:11.691+0000] {kafka_stream.py:57} ERROR - An error occured: Expecting value: line 1 column 1 (char 0)
[2025-04-29T00:26:11.818+0000] {logging_mixin.py:151} WARNING - /home/***/.local/lib/python3.9/site-packages/urllib3/connectionpool.py:1095 InsecureRequestWarning: Unverified HTTPS request is being made to host 'randomuser.me'. Adding certificate verification is strongly advised. See: https://urllib3.readthedocs.io/en/latest/advanced-usage.html#tls-warnings
[2025-04-29T00:26:11.884+0000] {kafka_stream.py:57} ERROR - An error occured: Expecting value: line 1 column 1 (char 0)
[2025-04-29T00:26:11.992+0000] {logging_mixin.py:151} WARNING - /home/***/.local/lib/python3.9/site-packages/urllib3/connectionpool.py:1095 InsecureRequestWarning: Unverified HTTPS request is being made to host 'randomuser.me'. Adding certificate verification is strongly advised. See: https://urllib3.readthedocs.io/en/latest/advanced-usage.html#tls-warnings
[2025-04-29T00:26:12.045+0000] {kafka_stream.py:57} ERROR - An error occured: Expecting value: line 1 column 1 (char 0)
[2025-04-29T00:26:12.170+0000] {logging_mixin.py:151} WARNING - /home/***/.local/lib/python3.9/site-packages/urllib3/connectionpool.py:1095 InsecureRequestWarning: Unverified HTTPS request is being made to host 'randomuser.me'. Adding certificate verification is strongly advised. See: https://urllib3.readthedocs.io/en/latest/advanced-usage.html#tls-warnings
[2025-04-29T00:26:12.223+0000] {kafka_stream.py:57} ERROR - An error occured: Expecting value: line 1 column 1 (char 0)
[2025-04-29T00:26:12.322+0000] {logging_mixin.py:151} WARNING - /home/***/.local/lib/python3.9/site-packages/urllib3/connectionpool.py:1095 InsecureRequestWarning: Unverified HTTPS request is being made to host 'randomuser.me'. Adding certificate verification is strongly advised. See: https://urllib3.readthedocs.io/en/latest/advanced-usage.html#tls-warnings
[2025-04-29T00:26:12.377+0000] {kafka_stream.py:57} ERROR - An error occured: Expecting value: line 1 column 1 (char 0)
[2025-04-29T00:26:12.490+0000] {logging_mixin.py:151} WARNING - /home/***/.local/lib/python3.9/site-packages/urllib3/connectionpool.py:1095 InsecureRequestWarning: Unverified HTTPS request is being made to host 'randomuser.me'. Adding certificate verification is strongly advised. See: https://urllib3.readthedocs.io/en/latest/advanced-usage.html#tls-warnings
[2025-04-29T00:26:12.541+0000] {kafka_stream.py:57} ERROR - An error occured: Expecting value: line 1 column 1 (char 0)
[2025-04-29T00:26:12.654+0000] {logging_mixin.py:151} WARNING - /home/***/.local/lib/python3.9/site-packages/urllib3/connectionpool.py:1095 InsecureRequestWarning: Unverified HTTPS request is being made to host 'randomuser.me'. Adding certificate verification is strongly advised. See: https://urllib3.readthedocs.io/en/latest/advanced-usage.html#tls-warnings
[2025-04-29T00:26:12.718+0000] {kafka_stream.py:57} ERROR - An error occured: Expecting value: line 1 column 1 (char 0)
[2025-04-29T00:26:12.833+0000] {logging_mixin.py:151} WARNING - /home/***/.local/lib/python3.9/site-packages/urllib3/connectionpool.py:1095 InsecureRequestWarning: Unverified HTTPS request is being made to host 'randomuser.me'. Adding certificate verification is strongly advised. See: https://urllib3.readthedocs.io/en/latest/advanced-usage.html#tls-warnings
[2025-04-29T00:26:12.883+0000] {kafka_stream.py:57} ERROR - An error occured: Expecting value: line 1 column 1 (char 0)
[2025-04-29T00:26:13.011+0000] {logging_mixin.py:151} WARNING - /home/***/.local/lib/python3.9/site-packages/urllib3/connectionpool.py:1095 InsecureRequestWarning: Unverified HTTPS request is being made to host 'randomuser.me'. Adding certificate verification is strongly advised. See: https://urllib3.readthedocs.io/en/latest/advanced-usage.html#tls-warnings
[2025-04-29T00:26:13.066+0000] {kafka_stream.py:57} ERROR - An error occured: Expecting value: line 1 column 1 (char 0)
[2025-04-29T00:26:13.174+0000] {logging_mixin.py:151} WARNING - /home/***/.local/lib/python3.9/site-packages/urllib3/connectionpool.py:1095 InsecureRequestWarning: Unverified HTTPS request is being made to host 'randomuser.me'. Adding certificate verification is strongly advised. See: https://urllib3.readthedocs.io/en/latest/advanced-usage.html#tls-warnings
[2025-04-29T00:26:13.224+0000] {kafka_stream.py:57} ERROR - An error occured: Expecting value: line 1 column 1 (char 0)
[2025-04-29T00:26:13.531+0000] {logging_mixin.py:151} WARNING - /home/***/.local/lib/python3.9/site-packages/urllib3/connectionpool.py:1095 InsecureRequestWarning: Unverified HTTPS request is being made to host 'randomuser.me'. Adding certificate verification is strongly advised. See: https://urllib3.readthedocs.io/en/latest/advanced-usage.html#tls-warnings
[2025-04-29T00:26:13.583+0000] {kafka_stream.py:57} ERROR - An error occured: Expecting value: line 1 column 1 (char 0)
[2025-04-29T00:26:13.727+0000] {logging_mixin.py:151} WARNING - /home/***/.local/lib/python3.9/site-packages/urllib3/connectionpool.py:1095 InsecureRequestWarning: Unverified HTTPS request is being made to host 'randomuser.me'. Adding certificate verification is strongly advised. See: https://urllib3.readthedocs.io/en/latest/advanced-usage.html#tls-warnings
[2025-04-29T00:26:13.782+0000] {kafka_stream.py:57} ERROR - An error occured: Expecting value: line 1 column 1 (char 0)
[2025-04-29T00:26:13.870+0000] {logging_mixin.py:151} WARNING - /home/***/.local/lib/python3.9/site-packages/urllib3/connectionpool.py:1095 InsecureRequestWarning: Unverified HTTPS request is being made to host 'randomuser.me'. Adding certificate verification is strongly advised. See: https://urllib3.readthedocs.io/en/latest/advanced-usage.html#tls-warnings
[2025-04-29T00:26:13.919+0000] {kafka_stream.py:57} ERROR - An error occured: Expecting value: line 1 column 1 (char 0)
[2025-04-29T00:26:14.027+0000] {logging_mixin.py:151} WARNING - /home/***/.local/lib/python3.9/site-packages/urllib3/connectionpool.py:1095 InsecureRequestWarning: Unverified HTTPS request is being made to host 'randomuser.me'. Adding certificate verification is strongly advised. See: https://urllib3.readthedocs.io/en/latest/advanced-usage.html#tls-warnings
[2025-04-29T00:26:14.079+0000] {kafka_stream.py:57} ERROR - An error occured: Expecting value: line 1 column 1 (char 0)
[2025-04-29T00:26:14.165+0000] {logging_mixin.py:151} WARNING - /home/***/.local/lib/python3.9/site-packages/urllib3/connectionpool.py:1095 InsecureRequestWarning: Unverified HTTPS request is being made to host 'randomuser.me'. Adding certificate verification is strongly advised. See: https://urllib3.readthedocs.io/en/latest/advanced-usage.html#tls-warnings
[2025-04-29T00:26:14.217+0000] {kafka_stream.py:57} ERROR - An error occured: Expecting value: line 1 column 1 (char 0)
[2025-04-29T00:26:14.322+0000] {logging_mixin.py:151} WARNING - /home/***/.local/lib/python3.9/site-packages/urllib3/connectionpool.py:1095 InsecureRequestWarning: Unverified HTTPS request is being made to host 'randomuser.me'. Adding certificate verification is strongly advised. See: https://urllib3.readthedocs.io/en/latest/advanced-usage.html#tls-warnings
[2025-04-29T00:26:14.378+0000] {kafka_stream.py:57} ERROR - An error occured: Expecting value: line 1 column 1 (char 0)
[2025-04-29T00:26:14.480+0000] {logging_mixin.py:151} WARNING - /home/***/.local/lib/python3.9/site-packages/urllib3/connectionpool.py:1095 InsecureRequestWarning: Unverified HTTPS request is being made to host 'randomuser.me'. Adding certificate verification is strongly advised. See: https://urllib3.readthedocs.io/en/latest/advanced-usage.html#tls-warnings
[2025-04-29T00:26:14.553+0000] {kafka_stream.py:57} ERROR - An error occured: Expecting value: line 1 column 1 (char 0)
[2025-04-29T00:26:14.655+0000] {logging_mixin.py:151} WARNING - /home/***/.local/lib/python3.9/site-packages/urllib3/connectionpool.py:1095 InsecureRequestWarning: Unverified HTTPS request is being made to host 'randomuser.me'. Adding certificate verification is strongly advised. See: https://urllib3.readthedocs.io/en/latest/advanced-usage.html#tls-warnings
[2025-04-29T00:26:14.709+0000] {kafka_stream.py:57} ERROR - An error occured: Expecting value: line 1 column 1 (char 0)
[2025-04-29T00:26:14.832+0000] {logging_mixin.py:151} WARNING - /home/***/.local/lib/python3.9/site-packages/urllib3/connectionpool.py:1095 InsecureRequestWarning: Unverified HTTPS request is being made to host 'randomuser.me'. Adding certificate verification is strongly advised. See: https://urllib3.readthedocs.io/en/latest/advanced-usage.html#tls-warnings
[2025-04-29T00:26:14.883+0000] {kafka_stream.py:57} ERROR - An error occured: Expecting value: line 1 column 1 (char 0)
[2025-04-29T00:26:14.972+0000] {logging_mixin.py:151} WARNING - /home/***/.local/lib/python3.9/site-packages/urllib3/connectionpool.py:1095 InsecureRequestWarning: Unverified HTTPS request is being made to host 'randomuser.me'. Adding certificate verification is strongly advised. See: https://urllib3.readthedocs.io/en/latest/advanced-usage.html#tls-warnings
[2025-04-29T00:26:15.038+0000] {kafka_stream.py:57} ERROR - An error occured: Expecting value: line 1 column 1 (char 0)
[2025-04-29T00:26:15.169+0000] {logging_mixin.py:151} WARNING - /home/***/.local/lib/python3.9/site-packages/urllib3/connectionpool.py:1095 InsecureRequestWarning: Unverified HTTPS request is being made to host 'randomuser.me'. Adding certificate verification is strongly advised. See: https://urllib3.readthedocs.io/en/latest/advanced-usage.html#tls-warnings
[2025-04-29T00:26:15.222+0000] {kafka_stream.py:57} ERROR - An error occured: Expecting value: line 1 column 1 (char 0)
[2025-04-29T00:26:15.299+0000] {logging_mixin.py:151} WARNING - /home/***/.local/lib/python3.9/site-packages/urllib3/connectionpool.py:1095 InsecureRequestWarning: Unverified HTTPS request is being made to host 'randomuser.me'. Adding certificate verification is strongly advised. See: https://urllib3.readthedocs.io/en/latest/advanced-usage.html#tls-warnings
[2025-04-29T00:26:15.353+0000] {kafka_stream.py:57} ERROR - An error occured: Expecting value: line 1 column 1 (char 0)
[2025-04-29T00:26:15.446+0000] {logging_mixin.py:151} WARNING - /home/***/.local/lib/python3.9/site-packages/urllib3/connectionpool.py:1095 InsecureRequestWarning: Unverified HTTPS request is being made to host 'randomuser.me'. Adding certificate verification is strongly advised. See: https://urllib3.readthedocs.io/en/latest/advanced-usage.html#tls-warnings
[2025-04-29T00:26:15.499+0000] {kafka_stream.py:57} ERROR - An error occured: Expecting value: line 1 column 1 (char 0)
[2025-04-29T00:26:15.772+0000] {logging_mixin.py:151} WARNING - /home/***/.local/lib/python3.9/site-packages/urllib3/connectionpool.py:1095 InsecureRequestWarning: Unverified HTTPS request is being made to host 'randomuser.me'. Adding certificate verification is strongly advised. See: https://urllib3.readthedocs.io/en/latest/advanced-usage.html#tls-warnings
[2025-04-29T00:26:15.827+0000] {kafka_stream.py:57} ERROR - An error occured: Expecting value: line 1 column 1 (char 0)
[2025-04-29T00:26:15.957+0000] {logging_mixin.py:151} WARNING - /home/***/.local/lib/python3.9/site-packages/urllib3/connectionpool.py:1095 InsecureRequestWarning: Unverified HTTPS request is being made to host 'randomuser.me'. Adding certificate verification is strongly advised. See: https://urllib3.readthedocs.io/en/latest/advanced-usage.html#tls-warnings
[2025-04-29T00:26:16.009+0000] {kafka_stream.py:57} ERROR - An error occured: Expecting value: line 1 column 1 (char 0)
[2025-04-29T00:26:16.129+0000] {logging_mixin.py:151} WARNING - /home/***/.local/lib/python3.9/site-packages/urllib3/connectionpool.py:1095 InsecureRequestWarning: Unverified HTTPS request is being made to host 'randomuser.me'. Adding certificate verification is strongly advised. See: https://urllib3.readthedocs.io/en/latest/advanced-usage.html#tls-warnings
[2025-04-29T00:26:16.194+0000] {kafka_stream.py:57} ERROR - An error occured: Expecting value: line 1 column 1 (char 0)
[2025-04-29T00:26:16.577+0000] {logging_mixin.py:151} WARNING - /home/***/.local/lib/python3.9/site-packages/urllib3/connectionpool.py:1095 InsecureRequestWarning: Unverified HTTPS request is being made to host 'randomuser.me'. Adding certificate verification is strongly advised. See: https://urllib3.readthedocs.io/en/latest/advanced-usage.html#tls-warnings
[2025-04-29T00:26:16.626+0000] {kafka_stream.py:57} ERROR - An error occured: Expecting value: line 1 column 1 (char 0)
[2025-04-29T00:26:16.738+0000] {logging_mixin.py:151} WARNING - /home/***/.local/lib/python3.9/site-packages/urllib3/connectionpool.py:1095 InsecureRequestWarning: Unverified HTTPS request is being made to host 'randomuser.me'. Adding certificate verification is strongly advised. See: https://urllib3.readthedocs.io/en/latest/advanced-usage.html#tls-warnings
[2025-04-29T00:26:16.789+0000] {kafka_stream.py:57} ERROR - An error occured: Expecting value: line 1 column 1 (char 0)
[2025-04-29T00:26:16.899+0000] {logging_mixin.py:151} WARNING - /home/***/.local/lib/python3.9/site-packages/urllib3/connectionpool.py:1095 InsecureRequestWarning: Unverified HTTPS request is being made to host 'randomuser.me'. Adding certificate verification is strongly advised. See: https://urllib3.readthedocs.io/en/latest/advanced-usage.html#tls-warnings
[2025-04-29T00:26:16.955+0000] {kafka_stream.py:57} ERROR - An error occured: Expecting value: line 1 column 1 (char 0)
[2025-04-29T00:26:17.066+0000] {logging_mixin.py:151} WARNING - /home/***/.local/lib/python3.9/site-packages/urllib3/connectionpool.py:1095 InsecureRequestWarning: Unverified HTTPS request is being made to host 'randomuser.me'. Adding certificate verification is strongly advised. See: https://urllib3.readthedocs.io/en/latest/advanced-usage.html#tls-warnings
[2025-04-29T00:26:17.119+0000] {kafka_stream.py:57} ERROR - An error occured: Expecting value: line 1 column 1 (char 0)
[2025-04-29T00:26:17.246+0000] {logging_mixin.py:151} WARNING - /home/***/.local/lib/python3.9/site-packages/urllib3/connectionpool.py:1095 InsecureRequestWarning: Unverified HTTPS request is being made to host 'randomuser.me'. Adding certificate verification is strongly advised. See: https://urllib3.readthedocs.io/en/latest/advanced-usage.html#tls-warnings
[2025-04-29T00:26:17.300+0000] {kafka_stream.py:57} ERROR - An error occured: Expecting value: line 1 column 1 (char 0)
[2025-04-29T00:26:17.413+0000] {logging_mixin.py:151} WARNING - /home/***/.local/lib/python3.9/site-packages/urllib3/connectionpool.py:1095 InsecureRequestWarning: Unverified HTTPS request is being made to host 'randomuser.me'. Adding certificate verification is strongly advised. See: https://urllib3.readthedocs.io/en/latest/advanced-usage.html#tls-warnings
[2025-04-29T00:26:17.463+0000] {kafka_stream.py:57} ERROR - An error occured: Expecting value: line 1 column 1 (char 0)
[2025-04-29T00:26:17.557+0000] {logging_mixin.py:151} WARNING - /home/***/.local/lib/python3.9/site-packages/urllib3/connectionpool.py:1095 InsecureRequestWarning: Unverified HTTPS request is being made to host 'randomuser.me'. Adding certificate verification is strongly advised. See: https://urllib3.readthedocs.io/en/latest/advanced-usage.html#tls-warnings
[2025-04-29T00:26:17.607+0000] {kafka_stream.py:57} ERROR - An error occured: Expecting value: line 1 column 1 (char 0)
[2025-04-29T00:26:17.697+0000] {logging_mixin.py:151} WARNING - /home/***/.local/lib/python3.9/site-packages/urllib3/connectionpool.py:1095 InsecureRequestWarning: Unverified HTTPS request is being made to host 'randomuser.me'. Adding certificate verification is strongly advised. See: https://urllib3.readthedocs.io/en/latest/advanced-usage.html#tls-warnings
[2025-04-29T00:26:17.751+0000] {kafka_stream.py:57} ERROR - An error occured: Expecting value: line 1 column 1 (char 0)
[2025-04-29T00:26:17.851+0000] {logging_mixin.py:151} WARNING - /home/***/.local/lib/python3.9/site-packages/urllib3/connectionpool.py:1095 InsecureRequestWarning: Unverified HTTPS request is being made to host 'randomuser.me'. Adding certificate verification is strongly advised. See: https://urllib3.readthedocs.io/en/latest/advanced-usage.html#tls-warnings
[2025-04-29T00:26:17.903+0000] {kafka_stream.py:57} ERROR - An error occured: Expecting value: line 1 column 1 (char 0)
[2025-04-29T00:26:18.013+0000] {logging_mixin.py:151} WARNING - /home/***/.local/lib/python3.9/site-packages/urllib3/connectionpool.py:1095 InsecureRequestWarning: Unverified HTTPS request is being made to host 'randomuser.me'. Adding certificate verification is strongly advised. See: https://urllib3.readthedocs.io/en/latest/advanced-usage.html#tls-warnings
[2025-04-29T00:26:18.065+0000] {kafka_stream.py:57} ERROR - An error occured: Expecting value: line 1 column 1 (char 0)
[2025-04-29T00:26:18.161+0000] {logging_mixin.py:151} WARNING - /home/***/.local/lib/python3.9/site-packages/urllib3/connectionpool.py:1095 InsecureRequestWarning: Unverified HTTPS request is being made to host 'randomuser.me'. Adding certificate verification is strongly advised. See: https://urllib3.readthedocs.io/en/latest/advanced-usage.html#tls-warnings
[2025-04-29T00:26:18.212+0000] {kafka_stream.py:57} ERROR - An error occured: Expecting value: line 1 column 1 (char 0)
[2025-04-29T00:26:19.357+0000] {logging_mixin.py:151} WARNING - /home/***/.local/lib/python3.9/site-packages/urllib3/connectionpool.py:1095 InsecureRequestWarning: Unverified HTTPS request is being made to host 'randomuser.me'. Adding certificate verification is strongly advised. See: https://urllib3.readthedocs.io/en/latest/advanced-usage.html#tls-warnings
[2025-04-29T00:26:19.419+0000] {kafka_stream.py:57} ERROR - An error occured: Expecting value: line 1 column 1 (char 0)
[2025-04-29T00:26:19.512+0000] {logging_mixin.py:151} WARNING - /home/***/.local/lib/python3.9/site-packages/urllib3/connectionpool.py:1095 InsecureRequestWarning: Unverified HTTPS request is being made to host 'randomuser.me'. Adding certificate verification is strongly advised. See: https://urllib3.readthedocs.io/en/latest/advanced-usage.html#tls-warnings
[2025-04-29T00:26:19.571+0000] {kafka_stream.py:57} ERROR - An error occured: Expecting value: line 1 column 1 (char 0)
[2025-04-29T00:26:19.695+0000] {logging_mixin.py:151} WARNING - /home/***/.local/lib/python3.9/site-packages/urllib3/connectionpool.py:1095 InsecureRequestWarning: Unverified HTTPS request is being made to host 'randomuser.me'. Adding certificate verification is strongly advised. See: https://urllib3.readthedocs.io/en/latest/advanced-usage.html#tls-warnings
[2025-04-29T00:26:19.752+0000] {kafka_stream.py:57} ERROR - An error occured: Expecting value: line 1 column 1 (char 0)
[2025-04-29T00:26:20.034+0000] {logging_mixin.py:151} WARNING - /home/***/.local/lib/python3.9/site-packages/urllib3/connectionpool.py:1095 InsecureRequestWarning: Unverified HTTPS request is being made to host 'randomuser.me'. Adding certificate verification is strongly advised. See: https://urllib3.readthedocs.io/en/latest/advanced-usage.html#tls-warnings
[2025-04-29T00:26:20.088+0000] {kafka_stream.py:57} ERROR - An error occured: Expecting value: line 1 column 1 (char 0)
[2025-04-29T00:26:20.207+0000] {logging_mixin.py:151} WARNING - /home/***/.local/lib/python3.9/site-packages/urllib3/connectionpool.py:1095 InsecureRequestWarning: Unverified HTTPS request is being made to host 'randomuser.me'. Adding certificate verification is strongly advised. See: https://urllib3.readthedocs.io/en/latest/advanced-usage.html#tls-warnings
[2025-04-29T00:26:20.260+0000] {kafka_stream.py:57} ERROR - An error occured: Expecting value: line 1 column 1 (char 0)
[2025-04-29T00:26:21.467+0000] {logging_mixin.py:151} WARNING - /home/***/.local/lib/python3.9/site-packages/urllib3/connectionpool.py:1095 InsecureRequestWarning: Unverified HTTPS request is being made to host 'randomuser.me'. Adding certificate verification is strongly advised. See: https://urllib3.readthedocs.io/en/latest/advanced-usage.html#tls-warnings
[2025-04-29T00:26:21.517+0000] {kafka_stream.py:57} ERROR - An error occured: Expecting value: line 1 column 1 (char 0)
[2025-04-29T00:26:21.609+0000] {logging_mixin.py:151} WARNING - /home/***/.local/lib/python3.9/site-packages/urllib3/connectionpool.py:1095 InsecureRequestWarning: Unverified HTTPS request is being made to host 'randomuser.me'. Adding certificate verification is strongly advised. See: https://urllib3.readthedocs.io/en/latest/advanced-usage.html#tls-warnings
[2025-04-29T00:26:21.662+0000] {kafka_stream.py:57} ERROR - An error occured: Expecting value: line 1 column 1 (char 0)
[2025-04-29T00:26:21.775+0000] {logging_mixin.py:151} WARNING - /home/***/.local/lib/python3.9/site-packages/urllib3/connectionpool.py:1095 InsecureRequestWarning: Unverified HTTPS request is being made to host 'randomuser.me'. Adding certificate verification is strongly advised. See: https://urllib3.readthedocs.io/en/latest/advanced-usage.html#tls-warnings
[2025-04-29T00:26:21.829+0000] {kafka_stream.py:57} ERROR - An error occured: Expecting value: line 1 column 1 (char 0)
[2025-04-29T00:26:21.939+0000] {logging_mixin.py:151} WARNING - /home/***/.local/lib/python3.9/site-packages/urllib3/connectionpool.py:1095 InsecureRequestWarning: Unverified HTTPS request is being made to host 'randomuser.me'. Adding certificate verification is strongly advised. See: https://urllib3.readthedocs.io/en/latest/advanced-usage.html#tls-warnings
[2025-04-29T00:26:21.992+0000] {kafka_stream.py:57} ERROR - An error occured: Expecting value: line 1 column 1 (char 0)
[2025-04-29T00:26:22.091+0000] {logging_mixin.py:151} WARNING - /home/***/.local/lib/python3.9/site-packages/urllib3/connectionpool.py:1095 InsecureRequestWarning: Unverified HTTPS request is being made to host 'randomuser.me'. Adding certificate verification is strongly advised. See: https://urllib3.readthedocs.io/en/latest/advanced-usage.html#tls-warnings
[2025-04-29T00:26:22.140+0000] {kafka_stream.py:57} ERROR - An error occured: Expecting value: line 1 column 1 (char 0)
[2025-04-29T00:26:22.671+0000] {logging_mixin.py:151} WARNING - /home/***/.local/lib/python3.9/site-packages/urllib3/connectionpool.py:1095 InsecureRequestWarning: Unverified HTTPS request is being made to host 'randomuser.me'. Adding certificate verification is strongly advised. See: https://urllib3.readthedocs.io/en/latest/advanced-usage.html#tls-warnings
[2025-04-29T00:26:22.741+0000] {kafka_stream.py:57} ERROR - An error occured: Expecting value: line 1 column 1 (char 0)
[2025-04-29T00:26:22.843+0000] {logging_mixin.py:151} WARNING - /home/***/.local/lib/python3.9/site-packages/urllib3/connectionpool.py:1095 InsecureRequestWarning: Unverified HTTPS request is being made to host 'randomuser.me'. Adding certificate verification is strongly advised. See: https://urllib3.readthedocs.io/en/latest/advanced-usage.html#tls-warnings
[2025-04-29T00:26:22.896+0000] {kafka_stream.py:57} ERROR - An error occured: Expecting value: line 1 column 1 (char 0)
[2025-04-29T00:26:22.996+0000] {logging_mixin.py:151} WARNING - /home/***/.local/lib/python3.9/site-packages/urllib3/connectionpool.py:1095 InsecureRequestWarning: Unverified HTTPS request is being made to host 'randomuser.me'. Adding certificate verification is strongly advised. See: https://urllib3.readthedocs.io/en/latest/advanced-usage.html#tls-warnings
[2025-04-29T00:26:23.055+0000] {kafka_stream.py:57} ERROR - An error occured: Expecting value: line 1 column 1 (char 0)
[2025-04-29T00:26:23.168+0000] {logging_mixin.py:151} WARNING - /home/***/.local/lib/python3.9/site-packages/urllib3/connectionpool.py:1095 InsecureRequestWarning: Unverified HTTPS request is being made to host 'randomuser.me'. Adding certificate verification is strongly advised. See: https://urllib3.readthedocs.io/en/latest/advanced-usage.html#tls-warnings
[2025-04-29T00:26:23.220+0000] {kafka_stream.py:57} ERROR - An error occured: Expecting value: line 1 column 1 (char 0)
[2025-04-29T00:26:23.549+0000] {logging_mixin.py:151} WARNING - /home/***/.local/lib/python3.9/site-packages/urllib3/connectionpool.py:1095 InsecureRequestWarning: Unverified HTTPS request is being made to host 'randomuser.me'. Adding certificate verification is strongly advised. See: https://urllib3.readthedocs.io/en/latest/advanced-usage.html#tls-warnings
[2025-04-29T00:26:23.604+0000] {kafka_stream.py:57} ERROR - An error occured: Expecting value: line 1 column 1 (char 0)
[2025-04-29T00:26:23.722+0000] {logging_mixin.py:151} WARNING - /home/***/.local/lib/python3.9/site-packages/urllib3/connectionpool.py:1095 InsecureRequestWarning: Unverified HTTPS request is being made to host 'randomuser.me'. Adding certificate verification is strongly advised. See: https://urllib3.readthedocs.io/en/latest/advanced-usage.html#tls-warnings
[2025-04-29T00:26:23.773+0000] {kafka_stream.py:57} ERROR - An error occured: Expecting value: line 1 column 1 (char 0)
[2025-04-29T00:26:23.882+0000] {logging_mixin.py:151} WARNING - /home/***/.local/lib/python3.9/site-packages/urllib3/connectionpool.py:1095 InsecureRequestWarning: Unverified HTTPS request is being made to host 'randomuser.me'. Adding certificate verification is strongly advised. See: https://urllib3.readthedocs.io/en/latest/advanced-usage.html#tls-warnings
[2025-04-29T00:26:23.937+0000] {kafka_stream.py:57} ERROR - An error occured: Expecting value: line 1 column 1 (char 0)
[2025-04-29T00:26:24.032+0000] {logging_mixin.py:151} WARNING - /home/***/.local/lib/python3.9/site-packages/urllib3/connectionpool.py:1095 InsecureRequestWarning: Unverified HTTPS request is being made to host 'randomuser.me'. Adding certificate verification is strongly advised. See: https://urllib3.readthedocs.io/en/latest/advanced-usage.html#tls-warnings
[2025-04-29T00:26:24.089+0000] {kafka_stream.py:57} ERROR - An error occured: Expecting value: line 1 column 1 (char 0)
[2025-04-29T00:26:24.223+0000] {logging_mixin.py:151} WARNING - /home/***/.local/lib/python3.9/site-packages/urllib3/connectionpool.py:1095 InsecureRequestWarning: Unverified HTTPS request is being made to host 'randomuser.me'. Adding certificate verification is strongly advised. See: https://urllib3.readthedocs.io/en/latest/advanced-usage.html#tls-warnings
[2025-04-29T00:26:24.275+0000] {kafka_stream.py:57} ERROR - An error occured: Expecting value: line 1 column 1 (char 0)
[2025-04-29T00:26:24.648+0000] {logging_mixin.py:151} WARNING - /home/***/.local/lib/python3.9/site-packages/urllib3/connectionpool.py:1095 InsecureRequestWarning: Unverified HTTPS request is being made to host 'randomuser.me'. Adding certificate verification is strongly advised. See: https://urllib3.readthedocs.io/en/latest/advanced-usage.html#tls-warnings
[2025-04-29T00:26:24.701+0000] {kafka_stream.py:57} ERROR - An error occured: Expecting value: line 1 column 1 (char 0)
[2025-04-29T00:26:24.800+0000] {logging_mixin.py:151} WARNING - /home/***/.local/lib/python3.9/site-packages/urllib3/connectionpool.py:1095 InsecureRequestWarning: Unverified HTTPS request is being made to host 'randomuser.me'. Adding certificate verification is strongly advised. See: https://urllib3.readthedocs.io/en/latest/advanced-usage.html#tls-warnings
[2025-04-29T00:26:24.853+0000] {kafka_stream.py:57} ERROR - An error occured: Expecting value: line 1 column 1 (char 0)
[2025-04-29T00:26:24.950+0000] {logging_mixin.py:151} WARNING - /home/***/.local/lib/python3.9/site-packages/urllib3/connectionpool.py:1095 InsecureRequestWarning: Unverified HTTPS request is being made to host 'randomuser.me'. Adding certificate verification is strongly advised. See: https://urllib3.readthedocs.io/en/latest/advanced-usage.html#tls-warnings
[2025-04-29T00:26:25.006+0000] {kafka_stream.py:57} ERROR - An error occured: Expecting value: line 1 column 1 (char 0)
[2025-04-29T00:26:25.143+0000] {logging_mixin.py:151} WARNING - /home/***/.local/lib/python3.9/site-packages/urllib3/connectionpool.py:1095 InsecureRequestWarning: Unverified HTTPS request is being made to host 'randomuser.me'. Adding certificate verification is strongly advised. See: https://urllib3.readthedocs.io/en/latest/advanced-usage.html#tls-warnings
[2025-04-29T00:26:25.198+0000] {kafka_stream.py:57} ERROR - An error occured: Expecting value: line 1 column 1 (char 0)
[2025-04-29T00:26:25.300+0000] {logging_mixin.py:151} WARNING - /home/***/.local/lib/python3.9/site-packages/urllib3/connectionpool.py:1095 InsecureRequestWarning: Unverified HTTPS request is being made to host 'randomuser.me'. Adding certificate verification is strongly advised. See: https://urllib3.readthedocs.io/en/latest/advanced-usage.html#tls-warnings
[2025-04-29T00:26:25.350+0000] {kafka_stream.py:57} ERROR - An error occured: Expecting value: line 1 column 1 (char 0)
[2025-04-29T00:26:25.461+0000] {logging_mixin.py:151} WARNING - /home/***/.local/lib/python3.9/site-packages/urllib3/connectionpool.py:1095 InsecureRequestWarning: Unverified HTTPS request is being made to host 'randomuser.me'. Adding certificate verification is strongly advised. See: https://urllib3.readthedocs.io/en/latest/advanced-usage.html#tls-warnings
[2025-04-29T00:26:25.513+0000] {kafka_stream.py:57} ERROR - An error occured: Expecting value: line 1 column 1 (char 0)
[2025-04-29T00:26:25.749+0000] {logging_mixin.py:151} WARNING - /home/***/.local/lib/python3.9/site-packages/urllib3/connectionpool.py:1095 InsecureRequestWarning: Unverified HTTPS request is being made to host 'randomuser.me'. Adding certificate verification is strongly advised. See: https://urllib3.readthedocs.io/en/latest/advanced-usage.html#tls-warnings
[2025-04-29T00:26:25.814+0000] {kafka_stream.py:57} ERROR - An error occured: Expecting value: line 1 column 1 (char 0)
[2025-04-29T00:26:26.020+0000] {logging_mixin.py:151} WARNING - /home/***/.local/lib/python3.9/site-packages/urllib3/connectionpool.py:1095 InsecureRequestWarning: Unverified HTTPS request is being made to host 'randomuser.me'. Adding certificate verification is strongly advised. See: https://urllib3.readthedocs.io/en/latest/advanced-usage.html#tls-warnings
[2025-04-29T00:26:26.075+0000] {kafka_stream.py:57} ERROR - An error occured: Expecting value: line 1 column 1 (char 0)
[2025-04-29T00:26:26.200+0000] {logging_mixin.py:151} WARNING - /home/***/.local/lib/python3.9/site-packages/urllib3/connectionpool.py:1095 InsecureRequestWarning: Unverified HTTPS request is being made to host 'randomuser.me'. Adding certificate verification is strongly advised. See: https://urllib3.readthedocs.io/en/latest/advanced-usage.html#tls-warnings
[2025-04-29T00:26:26.254+0000] {kafka_stream.py:57} ERROR - An error occured: Expecting value: line 1 column 1 (char 0)
[2025-04-29T00:26:26.358+0000] {logging_mixin.py:151} WARNING - /home/***/.local/lib/python3.9/site-packages/urllib3/connectionpool.py:1095 InsecureRequestWarning: Unverified HTTPS request is being made to host 'randomuser.me'. Adding certificate verification is strongly advised. See: https://urllib3.readthedocs.io/en/latest/advanced-usage.html#tls-warnings
[2025-04-29T00:26:26.424+0000] {kafka_stream.py:57} ERROR - An error occured: Expecting value: line 1 column 1 (char 0)
[2025-04-29T00:26:26.539+0000] {logging_mixin.py:151} WARNING - /home/***/.local/lib/python3.9/site-packages/urllib3/connectionpool.py:1095 InsecureRequestWarning: Unverified HTTPS request is being made to host 'randomuser.me'. Adding certificate verification is strongly advised. See: https://urllib3.readthedocs.io/en/latest/advanced-usage.html#tls-warnings
[2025-04-29T00:26:26.614+0000] {kafka_stream.py:57} ERROR - An error occured: Expecting value: line 1 column 1 (char 0)
[2025-04-29T00:26:26.731+0000] {logging_mixin.py:151} WARNING - /home/***/.local/lib/python3.9/site-packages/urllib3/connectionpool.py:1095 InsecureRequestWarning: Unverified HTTPS request is being made to host 'randomuser.me'. Adding certificate verification is strongly advised. See: https://urllib3.readthedocs.io/en/latest/advanced-usage.html#tls-warnings
[2025-04-29T00:26:26.783+0000] {kafka_stream.py:57} ERROR - An error occured: Expecting value: line 1 column 1 (char 0)
[2025-04-29T00:26:27.034+0000] {logging_mixin.py:151} WARNING - /home/***/.local/lib/python3.9/site-packages/urllib3/connectionpool.py:1095 InsecureRequestWarning: Unverified HTTPS request is being made to host 'randomuser.me'. Adding certificate verification is strongly advised. See: https://urllib3.readthedocs.io/en/latest/advanced-usage.html#tls-warnings
[2025-04-29T00:26:27.090+0000] {kafka_stream.py:57} ERROR - An error occured: Expecting value: line 1 column 1 (char 0)
[2025-04-29T00:26:27.194+0000] {logging_mixin.py:151} WARNING - /home/***/.local/lib/python3.9/site-packages/urllib3/connectionpool.py:1095 InsecureRequestWarning: Unverified HTTPS request is being made to host 'randomuser.me'. Adding certificate verification is strongly advised. See: https://urllib3.readthedocs.io/en/latest/advanced-usage.html#tls-warnings
[2025-04-29T00:26:27.250+0000] {kafka_stream.py:57} ERROR - An error occured: Expecting value: line 1 column 1 (char 0)
[2025-04-29T00:26:27.408+0000] {logging_mixin.py:151} WARNING - /home/***/.local/lib/python3.9/site-packages/urllib3/connectionpool.py:1095 InsecureRequestWarning: Unverified HTTPS request is being made to host 'randomuser.me'. Adding certificate verification is strongly advised. See: https://urllib3.readthedocs.io/en/latest/advanced-usage.html#tls-warnings
[2025-04-29T00:26:27.460+0000] {kafka_stream.py:57} ERROR - An error occured: Expecting value: line 1 column 1 (char 0)
[2025-04-29T00:26:27.585+0000] {logging_mixin.py:151} WARNING - /home/***/.local/lib/python3.9/site-packages/urllib3/connectionpool.py:1095 InsecureRequestWarning: Unverified HTTPS request is being made to host 'randomuser.me'. Adding certificate verification is strongly advised. See: https://urllib3.readthedocs.io/en/latest/advanced-usage.html#tls-warnings
[2025-04-29T00:26:27.644+0000] {kafka_stream.py:57} ERROR - An error occured: Expecting value: line 1 column 1 (char 0)
[2025-04-29T00:26:27.734+0000] {logging_mixin.py:151} WARNING - /home/***/.local/lib/python3.9/site-packages/urllib3/connectionpool.py:1095 InsecureRequestWarning: Unverified HTTPS request is being made to host 'randomuser.me'. Adding certificate verification is strongly advised. See: https://urllib3.readthedocs.io/en/latest/advanced-usage.html#tls-warnings
[2025-04-29T00:26:27.791+0000] {kafka_stream.py:57} ERROR - An error occured: Expecting value: line 1 column 1 (char 0)
[2025-04-29T00:26:27.920+0000] {logging_mixin.py:151} WARNING - /home/***/.local/lib/python3.9/site-packages/urllib3/connectionpool.py:1095 InsecureRequestWarning: Unverified HTTPS request is being made to host 'randomuser.me'. Adding certificate verification is strongly advised. See: https://urllib3.readthedocs.io/en/latest/advanced-usage.html#tls-warnings
[2025-04-29T00:26:27.973+0000] {kafka_stream.py:57} ERROR - An error occured: Expecting value: line 1 column 1 (char 0)
[2025-04-29T00:26:28.078+0000] {logging_mixin.py:151} WARNING - /home/***/.local/lib/python3.9/site-packages/urllib3/connectionpool.py:1095 InsecureRequestWarning: Unverified HTTPS request is being made to host 'randomuser.me'. Adding certificate verification is strongly advised. See: https://urllib3.readthedocs.io/en/latest/advanced-usage.html#tls-warnings
[2025-04-29T00:26:28.129+0000] {kafka_stream.py:57} ERROR - An error occured: Expecting value: line 1 column 1 (char 0)
[2025-04-29T00:26:28.226+0000] {logging_mixin.py:151} WARNING - /home/***/.local/lib/python3.9/site-packages/urllib3/connectionpool.py:1095 InsecureRequestWarning: Unverified HTTPS request is being made to host 'randomuser.me'. Adding certificate verification is strongly advised. See: https://urllib3.readthedocs.io/en/latest/advanced-usage.html#tls-warnings
[2025-04-29T00:26:28.276+0000] {kafka_stream.py:57} ERROR - An error occured: Expecting value: line 1 column 1 (char 0)
[2025-04-29T00:26:28.609+0000] {logging_mixin.py:151} WARNING - /home/***/.local/lib/python3.9/site-packages/urllib3/connectionpool.py:1095 InsecureRequestWarning: Unverified HTTPS request is being made to host 'randomuser.me'. Adding certificate verification is strongly advised. See: https://urllib3.readthedocs.io/en/latest/advanced-usage.html#tls-warnings
[2025-04-29T00:26:28.660+0000] {kafka_stream.py:57} ERROR - An error occured: Expecting value: line 1 column 1 (char 0)
[2025-04-29T00:26:28.790+0000] {logging_mixin.py:151} WARNING - /home/***/.local/lib/python3.9/site-packages/urllib3/connectionpool.py:1095 InsecureRequestWarning: Unverified HTTPS request is being made to host 'randomuser.me'. Adding certificate verification is strongly advised. See: https://urllib3.readthedocs.io/en/latest/advanced-usage.html#tls-warnings
[2025-04-29T00:26:28.851+0000] {kafka_stream.py:57} ERROR - An error occured: Expecting value: line 1 column 1 (char 0)
[2025-04-29T00:26:28.990+0000] {logging_mixin.py:151} WARNING - /home/***/.local/lib/python3.9/site-packages/urllib3/connectionpool.py:1095 InsecureRequestWarning: Unverified HTTPS request is being made to host 'randomuser.me'. Adding certificate verification is strongly advised. See: https://urllib3.readthedocs.io/en/latest/advanced-usage.html#tls-warnings
[2025-04-29T00:26:29.045+0000] {kafka_stream.py:57} ERROR - An error occured: Expecting value: line 1 column 1 (char 0)
[2025-04-29T00:26:29.169+0000] {logging_mixin.py:151} WARNING - /home/***/.local/lib/python3.9/site-packages/urllib3/connectionpool.py:1095 InsecureRequestWarning: Unverified HTTPS request is being made to host 'randomuser.me'. Adding certificate verification is strongly advised. See: https://urllib3.readthedocs.io/en/latest/advanced-usage.html#tls-warnings
[2025-04-29T00:26:29.221+0000] {kafka_stream.py:57} ERROR - An error occured: Expecting value: line 1 column 1 (char 0)
[2025-04-29T00:26:29.307+0000] {logging_mixin.py:151} WARNING - /home/***/.local/lib/python3.9/site-packages/urllib3/connectionpool.py:1095 InsecureRequestWarning: Unverified HTTPS request is being made to host 'randomuser.me'. Adding certificate verification is strongly advised. See: https://urllib3.readthedocs.io/en/latest/advanced-usage.html#tls-warnings
[2025-04-29T00:26:29.356+0000] {kafka_stream.py:57} ERROR - An error occured: Expecting value: line 1 column 1 (char 0)
[2025-04-29T00:26:29.475+0000] {logging_mixin.py:151} WARNING - /home/***/.local/lib/python3.9/site-packages/urllib3/connectionpool.py:1095 InsecureRequestWarning: Unverified HTTPS request is being made to host 'randomuser.me'. Adding certificate verification is strongly advised. See: https://urllib3.readthedocs.io/en/latest/advanced-usage.html#tls-warnings
[2025-04-29T00:26:29.529+0000] {kafka_stream.py:57} ERROR - An error occured: Expecting value: line 1 column 1 (char 0)
[2025-04-29T00:26:29.688+0000] {logging_mixin.py:151} WARNING - /home/***/.local/lib/python3.9/site-packages/urllib3/connectionpool.py:1095 InsecureRequestWarning: Unverified HTTPS request is being made to host 'randomuser.me'. Adding certificate verification is strongly advised. See: https://urllib3.readthedocs.io/en/latest/advanced-usage.html#tls-warnings
[2025-04-29T00:26:29.739+0000] {kafka_stream.py:57} ERROR - An error occured: Expecting value: line 1 column 1 (char 0)
[2025-04-29T00:26:29.852+0000] {logging_mixin.py:151} WARNING - /home/***/.local/lib/python3.9/site-packages/urllib3/connectionpool.py:1095 InsecureRequestWarning: Unverified HTTPS request is being made to host 'randomuser.me'. Adding certificate verification is strongly advised. See: https://urllib3.readthedocs.io/en/latest/advanced-usage.html#tls-warnings
[2025-04-29T00:26:29.913+0000] {kafka_stream.py:57} ERROR - An error occured: Expecting value: line 1 column 1 (char 0)
[2025-04-29T00:26:30.018+0000] {logging_mixin.py:151} WARNING - /home/***/.local/lib/python3.9/site-packages/urllib3/connectionpool.py:1095 InsecureRequestWarning: Unverified HTTPS request is being made to host 'randomuser.me'. Adding certificate verification is strongly advised. See: https://urllib3.readthedocs.io/en/latest/advanced-usage.html#tls-warnings
[2025-04-29T00:26:30.070+0000] {kafka_stream.py:57} ERROR - An error occured: Expecting value: line 1 column 1 (char 0)
[2025-04-29T00:26:30.192+0000] {logging_mixin.py:151} WARNING - /home/***/.local/lib/python3.9/site-packages/urllib3/connectionpool.py:1095 InsecureRequestWarning: Unverified HTTPS request is being made to host 'randomuser.me'. Adding certificate verification is strongly advised. See: https://urllib3.readthedocs.io/en/latest/advanced-usage.html#tls-warnings
[2025-04-29T00:26:30.246+0000] {kafka_stream.py:57} ERROR - An error occured: Expecting value: line 1 column 1 (char 0)
[2025-04-29T00:26:30.834+0000] {logging_mixin.py:151} WARNING - /home/***/.local/lib/python3.9/site-packages/urllib3/connectionpool.py:1095 InsecureRequestWarning: Unverified HTTPS request is being made to host 'randomuser.me'. Adding certificate verification is strongly advised. See: https://urllib3.readthedocs.io/en/latest/advanced-usage.html#tls-warnings
[2025-04-29T00:26:30.884+0000] {kafka_stream.py:57} ERROR - An error occured: Expecting value: line 1 column 1 (char 0)
[2025-04-29T00:26:30.978+0000] {logging_mixin.py:151} WARNING - /home/***/.local/lib/python3.9/site-packages/urllib3/connectionpool.py:1095 InsecureRequestWarning: Unverified HTTPS request is being made to host 'randomuser.me'. Adding certificate verification is strongly advised. See: https://urllib3.readthedocs.io/en/latest/advanced-usage.html#tls-warnings
[2025-04-29T00:26:31.037+0000] {kafka_stream.py:57} ERROR - An error occured: Expecting value: line 1 column 1 (char 0)
[2025-04-29T00:26:31.153+0000] {logging_mixin.py:151} WARNING - /home/***/.local/lib/python3.9/site-packages/urllib3/connectionpool.py:1095 InsecureRequestWarning: Unverified HTTPS request is being made to host 'randomuser.me'. Adding certificate verification is strongly advised. See: https://urllib3.readthedocs.io/en/latest/advanced-usage.html#tls-warnings
[2025-04-29T00:26:31.219+0000] {kafka_stream.py:57} ERROR - An error occured: Expecting value: line 1 column 1 (char 0)
[2025-04-29T00:26:31.327+0000] {logging_mixin.py:151} WARNING - /home/***/.local/lib/python3.9/site-packages/urllib3/connectionpool.py:1095 InsecureRequestWarning: Unverified HTTPS request is being made to host 'randomuser.me'. Adding certificate verification is strongly advised. See: https://urllib3.readthedocs.io/en/latest/advanced-usage.html#tls-warnings
[2025-04-29T00:26:31.379+0000] {kafka_stream.py:57} ERROR - An error occured: Expecting value: line 1 column 1 (char 0)
[2025-04-29T00:26:31.474+0000] {logging_mixin.py:151} WARNING - /home/***/.local/lib/python3.9/site-packages/urllib3/connectionpool.py:1095 InsecureRequestWarning: Unverified HTTPS request is being made to host 'randomuser.me'. Adding certificate verification is strongly advised. See: https://urllib3.readthedocs.io/en/latest/advanced-usage.html#tls-warnings
[2025-04-29T00:26:31.523+0000] {kafka_stream.py:57} ERROR - An error occured: Expecting value: line 1 column 1 (char 0)
[2025-04-29T00:26:31.631+0000] {logging_mixin.py:151} WARNING - /home/***/.local/lib/python3.9/site-packages/urllib3/connectionpool.py:1095 InsecureRequestWarning: Unverified HTTPS request is being made to host 'randomuser.me'. Adding certificate verification is strongly advised. See: https://urllib3.readthedocs.io/en/latest/advanced-usage.html#tls-warnings
[2025-04-29T00:26:31.684+0000] {kafka_stream.py:57} ERROR - An error occured: Expecting value: line 1 column 1 (char 0)
[2025-04-29T00:26:31.786+0000] {logging_mixin.py:151} WARNING - /home/***/.local/lib/python3.9/site-packages/urllib3/connectionpool.py:1095 InsecureRequestWarning: Unverified HTTPS request is being made to host 'randomuser.me'. Adding certificate verification is strongly advised. See: https://urllib3.readthedocs.io/en/latest/advanced-usage.html#tls-warnings
[2025-04-29T00:26:31.838+0000] {kafka_stream.py:57} ERROR - An error occured: Expecting value: line 1 column 1 (char 0)
[2025-04-29T00:26:31.947+0000] {logging_mixin.py:151} WARNING - /home/***/.local/lib/python3.9/site-packages/urllib3/connectionpool.py:1095 InsecureRequestWarning: Unverified HTTPS request is being made to host 'randomuser.me'. Adding certificate verification is strongly advised. See: https://urllib3.readthedocs.io/en/latest/advanced-usage.html#tls-warnings
[2025-04-29T00:26:32.001+0000] {kafka_stream.py:57} ERROR - An error occured: Expecting value: line 1 column 1 (char 0)
[2025-04-29T00:26:32.121+0000] {logging_mixin.py:151} WARNING - /home/***/.local/lib/python3.9/site-packages/urllib3/connectionpool.py:1095 InsecureRequestWarning: Unverified HTTPS request is being made to host 'randomuser.me'. Adding certificate verification is strongly advised. See: https://urllib3.readthedocs.io/en/latest/advanced-usage.html#tls-warnings
[2025-04-29T00:26:32.173+0000] {kafka_stream.py:57} ERROR - An error occured: Expecting value: line 1 column 1 (char 0)
[2025-04-29T00:26:32.741+0000] {logging_mixin.py:151} WARNING - /home/***/.local/lib/python3.9/site-packages/urllib3/connectionpool.py:1095 InsecureRequestWarning: Unverified HTTPS request is being made to host 'randomuser.me'. Adding certificate verification is strongly advised. See: https://urllib3.readthedocs.io/en/latest/advanced-usage.html#tls-warnings
[2025-04-29T00:26:32.792+0000] {kafka_stream.py:57} ERROR - An error occured: Expecting value: line 1 column 1 (char 0)
[2025-04-29T00:26:32.903+0000] {logging_mixin.py:151} WARNING - /home/***/.local/lib/python3.9/site-packages/urllib3/connectionpool.py:1095 InsecureRequestWarning: Unverified HTTPS request is being made to host 'randomuser.me'. Adding certificate verification is strongly advised. See: https://urllib3.readthedocs.io/en/latest/advanced-usage.html#tls-warnings
[2025-04-29T00:26:32.952+0000] {kafka_stream.py:57} ERROR - An error occured: Expecting value: line 1 column 1 (char 0)
[2025-04-29T00:26:33.073+0000] {logging_mixin.py:151} WARNING - /home/***/.local/lib/python3.9/site-packages/urllib3/connectionpool.py:1095 InsecureRequestWarning: Unverified HTTPS request is being made to host 'randomuser.me'. Adding certificate verification is strongly advised. See: https://urllib3.readthedocs.io/en/latest/advanced-usage.html#tls-warnings
[2025-04-29T00:26:33.127+0000] {kafka_stream.py:57} ERROR - An error occured: Expecting value: line 1 column 1 (char 0)
[2025-04-29T00:26:33.238+0000] {logging_mixin.py:151} WARNING - /home/***/.local/lib/python3.9/site-packages/urllib3/connectionpool.py:1095 InsecureRequestWarning: Unverified HTTPS request is being made to host 'randomuser.me'. Adding certificate verification is strongly advised. See: https://urllib3.readthedocs.io/en/latest/advanced-usage.html#tls-warnings
[2025-04-29T00:26:33.291+0000] {kafka_stream.py:57} ERROR - An error occured: Expecting value: line 1 column 1 (char 0)
[2025-04-29T00:26:33.445+0000] {logging_mixin.py:151} WARNING - /home/***/.local/lib/python3.9/site-packages/urllib3/connectionpool.py:1095 InsecureRequestWarning: Unverified HTTPS request is being made to host 'randomuser.me'. Adding certificate verification is strongly advised. See: https://urllib3.readthedocs.io/en/latest/advanced-usage.html#tls-warnings
[2025-04-29T00:26:33.502+0000] {kafka_stream.py:57} ERROR - An error occured: Expecting value: line 1 column 1 (char 0)
[2025-04-29T00:26:33.612+0000] {logging_mixin.py:151} WARNING - /home/***/.local/lib/python3.9/site-packages/urllib3/connectionpool.py:1095 InsecureRequestWarning: Unverified HTTPS request is being made to host 'randomuser.me'. Adding certificate verification is strongly advised. See: https://urllib3.readthedocs.io/en/latest/advanced-usage.html#tls-warnings
[2025-04-29T00:26:33.666+0000] {kafka_stream.py:57} ERROR - An error occured: Expecting value: line 1 column 1 (char 0)
[2025-04-29T00:26:33.792+0000] {logging_mixin.py:151} WARNING - /home/***/.local/lib/python3.9/site-packages/urllib3/connectionpool.py:1095 InsecureRequestWarning: Unverified HTTPS request is being made to host 'randomuser.me'. Adding certificate verification is strongly advised. See: https://urllib3.readthedocs.io/en/latest/advanced-usage.html#tls-warnings
[2025-04-29T00:26:33.845+0000] {kafka_stream.py:57} ERROR - An error occured: Expecting value: line 1 column 1 (char 0)
[2025-04-29T00:26:33.948+0000] {logging_mixin.py:151} WARNING - /home/***/.local/lib/python3.9/site-packages/urllib3/connectionpool.py:1095 InsecureRequestWarning: Unverified HTTPS request is being made to host 'randomuser.me'. Adding certificate verification is strongly advised. See: https://urllib3.readthedocs.io/en/latest/advanced-usage.html#tls-warnings
[2025-04-29T00:26:34.010+0000] {kafka_stream.py:57} ERROR - An error occured: Expecting value: line 1 column 1 (char 0)
[2025-04-29T00:26:34.114+0000] {logging_mixin.py:151} WARNING - /home/***/.local/lib/python3.9/site-packages/urllib3/connectionpool.py:1095 InsecureRequestWarning: Unverified HTTPS request is being made to host 'randomuser.me'. Adding certificate verification is strongly advised. See: https://urllib3.readthedocs.io/en/latest/advanced-usage.html#tls-warnings
[2025-04-29T00:26:34.170+0000] {kafka_stream.py:57} ERROR - An error occured: Expecting value: line 1 column 1 (char 0)
[2025-04-29T00:26:34.269+0000] {logging_mixin.py:151} WARNING - /home/***/.local/lib/python3.9/site-packages/urllib3/connectionpool.py:1095 InsecureRequestWarning: Unverified HTTPS request is being made to host 'randomuser.me'. Adding certificate verification is strongly advised. See: https://urllib3.readthedocs.io/en/latest/advanced-usage.html#tls-warnings
[2025-04-29T00:26:34.323+0000] {kafka_stream.py:57} ERROR - An error occured: Expecting value: line 1 column 1 (char 0)
[2025-04-29T00:26:34.425+0000] {logging_mixin.py:151} WARNING - /home/***/.local/lib/python3.9/site-packages/urllib3/connectionpool.py:1095 InsecureRequestWarning: Unverified HTTPS request is being made to host 'randomuser.me'. Adding certificate verification is strongly advised. See: https://urllib3.readthedocs.io/en/latest/advanced-usage.html#tls-warnings
[2025-04-29T00:26:34.476+0000] {kafka_stream.py:57} ERROR - An error occured: Expecting value: line 1 column 1 (char 0)
[2025-04-29T00:26:34.566+0000] {logging_mixin.py:151} WARNING - /home/***/.local/lib/python3.9/site-packages/urllib3/connectionpool.py:1095 InsecureRequestWarning: Unverified HTTPS request is being made to host 'randomuser.me'. Adding certificate verification is strongly advised. See: https://urllib3.readthedocs.io/en/latest/advanced-usage.html#tls-warnings
[2025-04-29T00:26:34.623+0000] {kafka_stream.py:57} ERROR - An error occured: Expecting value: line 1 column 1 (char 0)
[2025-04-29T00:26:34.736+0000] {logging_mixin.py:151} WARNING - /home/***/.local/lib/python3.9/site-packages/urllib3/connectionpool.py:1095 InsecureRequestWarning: Unverified HTTPS request is being made to host 'randomuser.me'. Adding certificate verification is strongly advised. See: https://urllib3.readthedocs.io/en/latest/advanced-usage.html#tls-warnings
[2025-04-29T00:26:34.787+0000] {kafka_stream.py:57} ERROR - An error occured: Expecting value: line 1 column 1 (char 0)
[2025-04-29T00:26:34.916+0000] {logging_mixin.py:151} WARNING - /home/***/.local/lib/python3.9/site-packages/urllib3/connectionpool.py:1095 InsecureRequestWarning: Unverified HTTPS request is being made to host 'randomuser.me'. Adding certificate verification is strongly advised. See: https://urllib3.readthedocs.io/en/latest/advanced-usage.html#tls-warnings
[2025-04-29T00:26:34.972+0000] {kafka_stream.py:57} ERROR - An error occured: Expecting value: line 1 column 1 (char 0)
[2025-04-29T00:26:35.217+0000] {logging_mixin.py:151} WARNING - /home/***/.local/lib/python3.9/site-packages/urllib3/connectionpool.py:1095 InsecureRequestWarning: Unverified HTTPS request is being made to host 'randomuser.me'. Adding certificate verification is strongly advised. See: https://urllib3.readthedocs.io/en/latest/advanced-usage.html#tls-warnings
[2025-04-29T00:26:35.268+0000] {kafka_stream.py:57} ERROR - An error occured: Expecting value: line 1 column 1 (char 0)
[2025-04-29T00:26:35.539+0000] {logging_mixin.py:151} WARNING - /home/***/.local/lib/python3.9/site-packages/urllib3/connectionpool.py:1095 InsecureRequestWarning: Unverified HTTPS request is being made to host 'randomuser.me'. Adding certificate verification is strongly advised. See: https://urllib3.readthedocs.io/en/latest/advanced-usage.html#tls-warnings
[2025-04-29T00:26:35.589+0000] {kafka_stream.py:57} ERROR - An error occured: Expecting value: line 1 column 1 (char 0)
[2025-04-29T00:26:35.674+0000] {logging_mixin.py:151} WARNING - /home/***/.local/lib/python3.9/site-packages/urllib3/connectionpool.py:1095 InsecureRequestWarning: Unverified HTTPS request is being made to host 'randomuser.me'. Adding certificate verification is strongly advised. See: https://urllib3.readthedocs.io/en/latest/advanced-usage.html#tls-warnings
[2025-04-29T00:26:35.724+0000] {kafka_stream.py:57} ERROR - An error occured: Expecting value: line 1 column 1 (char 0)
[2025-04-29T00:26:35.850+0000] {logging_mixin.py:151} WARNING - /home/***/.local/lib/python3.9/site-packages/urllib3/connectionpool.py:1095 InsecureRequestWarning: Unverified HTTPS request is being made to host 'randomuser.me'. Adding certificate verification is strongly advised. See: https://urllib3.readthedocs.io/en/latest/advanced-usage.html#tls-warnings
[2025-04-29T00:26:35.902+0000] {kafka_stream.py:57} ERROR - An error occured: Expecting value: line 1 column 1 (char 0)
[2025-04-29T00:26:36.039+0000] {logging_mixin.py:151} WARNING - /home/***/.local/lib/python3.9/site-packages/urllib3/connectionpool.py:1095 InsecureRequestWarning: Unverified HTTPS request is being made to host 'randomuser.me'. Adding certificate verification is strongly advised. See: https://urllib3.readthedocs.io/en/latest/advanced-usage.html#tls-warnings
[2025-04-29T00:26:36.095+0000] {kafka_stream.py:57} ERROR - An error occured: Expecting value: line 1 column 1 (char 0)
[2025-04-29T00:26:36.213+0000] {logging_mixin.py:151} WARNING - /home/***/.local/lib/python3.9/site-packages/urllib3/connectionpool.py:1095 InsecureRequestWarning: Unverified HTTPS request is being made to host 'randomuser.me'. Adding certificate verification is strongly advised. See: https://urllib3.readthedocs.io/en/latest/advanced-usage.html#tls-warnings
[2025-04-29T00:26:36.267+0000] {kafka_stream.py:57} ERROR - An error occured: Expecting value: line 1 column 1 (char 0)
[2025-04-29T00:26:36.610+0000] {logging_mixin.py:151} WARNING - /home/***/.local/lib/python3.9/site-packages/urllib3/connectionpool.py:1095 InsecureRequestWarning: Unverified HTTPS request is being made to host 'randomuser.me'. Adding certificate verification is strongly advised. See: https://urllib3.readthedocs.io/en/latest/advanced-usage.html#tls-warnings
[2025-04-29T00:26:36.668+0000] {kafka_stream.py:57} ERROR - An error occured: Expecting value: line 1 column 1 (char 0)
[2025-04-29T00:26:36.786+0000] {logging_mixin.py:151} WARNING - /home/***/.local/lib/python3.9/site-packages/urllib3/connectionpool.py:1095 InsecureRequestWarning: Unverified HTTPS request is being made to host 'randomuser.me'. Adding certificate verification is strongly advised. See: https://urllib3.readthedocs.io/en/latest/advanced-usage.html#tls-warnings
[2025-04-29T00:26:36.847+0000] {kafka_stream.py:57} ERROR - An error occured: Expecting value: line 1 column 1 (char 0)
[2025-04-29T00:26:36.957+0000] {logging_mixin.py:151} WARNING - /home/***/.local/lib/python3.9/site-packages/urllib3/connectionpool.py:1095 InsecureRequestWarning: Unverified HTTPS request is being made to host 'randomuser.me'. Adding certificate verification is strongly advised. See: https://urllib3.readthedocs.io/en/latest/advanced-usage.html#tls-warnings
[2025-04-29T00:26:37.011+0000] {kafka_stream.py:57} ERROR - An error occured: Expecting value: line 1 column 1 (char 0)
[2025-04-29T00:26:37.098+0000] {logging_mixin.py:151} WARNING - /home/***/.local/lib/python3.9/site-packages/urllib3/connectionpool.py:1095 InsecureRequestWarning: Unverified HTTPS request is being made to host 'randomuser.me'. Adding certificate verification is strongly advised. See: https://urllib3.readthedocs.io/en/latest/advanced-usage.html#tls-warnings
[2025-04-29T00:26:37.150+0000] {kafka_stream.py:57} ERROR - An error occured: Expecting value: line 1 column 1 (char 0)
[2025-04-29T00:26:37.274+0000] {logging_mixin.py:151} WARNING - /home/***/.local/lib/python3.9/site-packages/urllib3/connectionpool.py:1095 InsecureRequestWarning: Unverified HTTPS request is being made to host 'randomuser.me'. Adding certificate verification is strongly advised. See: https://urllib3.readthedocs.io/en/latest/advanced-usage.html#tls-warnings
[2025-04-29T00:26:37.326+0000] {kafka_stream.py:57} ERROR - An error occured: Expecting value: line 1 column 1 (char 0)
[2025-04-29T00:26:37.409+0000] {logging_mixin.py:151} WARNING - /home/***/.local/lib/python3.9/site-packages/urllib3/connectionpool.py:1095 InsecureRequestWarning: Unverified HTTPS request is being made to host 'randomuser.me'. Adding certificate verification is strongly advised. See: https://urllib3.readthedocs.io/en/latest/advanced-usage.html#tls-warnings
[2025-04-29T00:26:37.457+0000] {kafka_stream.py:57} ERROR - An error occured: Expecting value: line 1 column 1 (char 0)
[2025-04-29T00:26:37.546+0000] {logging_mixin.py:151} WARNING - /home/***/.local/lib/python3.9/site-packages/urllib3/connectionpool.py:1095 InsecureRequestWarning: Unverified HTTPS request is being made to host 'randomuser.me'. Adding certificate verification is strongly advised. See: https://urllib3.readthedocs.io/en/latest/advanced-usage.html#tls-warnings
[2025-04-29T00:26:37.595+0000] {kafka_stream.py:57} ERROR - An error occured: Expecting value: line 1 column 1 (char 0)
[2025-04-29T00:26:37.696+0000] {logging_mixin.py:151} WARNING - /home/***/.local/lib/python3.9/site-packages/urllib3/connectionpool.py:1095 InsecureRequestWarning: Unverified HTTPS request is being made to host 'randomuser.me'. Adding certificate verification is strongly advised. See: https://urllib3.readthedocs.io/en/latest/advanced-usage.html#tls-warnings
[2025-04-29T00:26:37.748+0000] {kafka_stream.py:57} ERROR - An error occured: Expecting value: line 1 column 1 (char 0)
[2025-04-29T00:26:37.840+0000] {logging_mixin.py:151} WARNING - /home/***/.local/lib/python3.9/site-packages/urllib3/connectionpool.py:1095 InsecureRequestWarning: Unverified HTTPS request is being made to host 'randomuser.me'. Adding certificate verification is strongly advised. See: https://urllib3.readthedocs.io/en/latest/advanced-usage.html#tls-warnings
[2025-04-29T00:26:37.907+0000] {kafka_stream.py:57} ERROR - An error occured: Expecting value: line 1 column 1 (char 0)
[2025-04-29T00:26:38.045+0000] {logging_mixin.py:151} WARNING - /home/***/.local/lib/python3.9/site-packages/urllib3/connectionpool.py:1095 InsecureRequestWarning: Unverified HTTPS request is being made to host 'randomuser.me'. Adding certificate verification is strongly advised. See: https://urllib3.readthedocs.io/en/latest/advanced-usage.html#tls-warnings
[2025-04-29T00:26:38.120+0000] {kafka_stream.py:57} ERROR - An error occured: Expecting value: line 1 column 1 (char 0)
[2025-04-29T00:26:38.236+0000] {logging_mixin.py:151} WARNING - /home/***/.local/lib/python3.9/site-packages/urllib3/connectionpool.py:1095 InsecureRequestWarning: Unverified HTTPS request is being made to host 'randomuser.me'. Adding certificate verification is strongly advised. See: https://urllib3.readthedocs.io/en/latest/advanced-usage.html#tls-warnings
[2025-04-29T00:26:38.286+0000] {kafka_stream.py:57} ERROR - An error occured: Expecting value: line 1 column 1 (char 0)
[2025-04-29T00:26:38.379+0000] {logging_mixin.py:151} WARNING - /home/***/.local/lib/python3.9/site-packages/urllib3/connectionpool.py:1095 InsecureRequestWarning: Unverified HTTPS request is being made to host 'randomuser.me'. Adding certificate verification is strongly advised. See: https://urllib3.readthedocs.io/en/latest/advanced-usage.html#tls-warnings
[2025-04-29T00:26:38.439+0000] {kafka_stream.py:57} ERROR - An error occured: Expecting value: line 1 column 1 (char 0)
[2025-04-29T00:26:38.545+0000] {logging_mixin.py:151} WARNING - /home/***/.local/lib/python3.9/site-packages/urllib3/connectionpool.py:1095 InsecureRequestWarning: Unverified HTTPS request is being made to host 'randomuser.me'. Adding certificate verification is strongly advised. See: https://urllib3.readthedocs.io/en/latest/advanced-usage.html#tls-warnings
[2025-04-29T00:26:38.604+0000] {kafka_stream.py:57} ERROR - An error occured: Expecting value: line 1 column 1 (char 0)
[2025-04-29T00:26:38.721+0000] {logging_mixin.py:151} WARNING - /home/***/.local/lib/python3.9/site-packages/urllib3/connectionpool.py:1095 InsecureRequestWarning: Unverified HTTPS request is being made to host 'randomuser.me'. Adding certificate verification is strongly advised. See: https://urllib3.readthedocs.io/en/latest/advanced-usage.html#tls-warnings
[2025-04-29T00:26:38.773+0000] {kafka_stream.py:57} ERROR - An error occured: Expecting value: line 1 column 1 (char 0)
[2025-04-29T00:26:38.880+0000] {logging_mixin.py:151} WARNING - /home/***/.local/lib/python3.9/site-packages/urllib3/connectionpool.py:1095 InsecureRequestWarning: Unverified HTTPS request is being made to host 'randomuser.me'. Adding certificate verification is strongly advised. See: https://urllib3.readthedocs.io/en/latest/advanced-usage.html#tls-warnings
[2025-04-29T00:26:38.933+0000] {kafka_stream.py:57} ERROR - An error occured: Expecting value: line 1 column 1 (char 0)
[2025-04-29T00:26:39.030+0000] {logging_mixin.py:151} WARNING - /home/***/.local/lib/python3.9/site-packages/urllib3/connectionpool.py:1095 InsecureRequestWarning: Unverified HTTPS request is being made to host 'randomuser.me'. Adding certificate verification is strongly advised. See: https://urllib3.readthedocs.io/en/latest/advanced-usage.html#tls-warnings
[2025-04-29T00:26:39.084+0000] {kafka_stream.py:57} ERROR - An error occured: Expecting value: line 1 column 1 (char 0)
[2025-04-29T00:26:39.199+0000] {logging_mixin.py:151} WARNING - /home/***/.local/lib/python3.9/site-packages/urllib3/connectionpool.py:1095 InsecureRequestWarning: Unverified HTTPS request is being made to host 'randomuser.me'. Adding certificate verification is strongly advised. See: https://urllib3.readthedocs.io/en/latest/advanced-usage.html#tls-warnings
[2025-04-29T00:26:39.253+0000] {kafka_stream.py:57} ERROR - An error occured: Expecting value: line 1 column 1 (char 0)
[2025-04-29T00:26:39.351+0000] {logging_mixin.py:151} WARNING - /home/***/.local/lib/python3.9/site-packages/urllib3/connectionpool.py:1095 InsecureRequestWarning: Unverified HTTPS request is being made to host 'randomuser.me'. Adding certificate verification is strongly advised. See: https://urllib3.readthedocs.io/en/latest/advanced-usage.html#tls-warnings
[2025-04-29T00:26:39.407+0000] {kafka_stream.py:57} ERROR - An error occured: Expecting value: line 1 column 1 (char 0)
[2025-04-29T00:26:39.537+0000] {logging_mixin.py:151} WARNING - /home/***/.local/lib/python3.9/site-packages/urllib3/connectionpool.py:1095 InsecureRequestWarning: Unverified HTTPS request is being made to host 'randomuser.me'. Adding certificate verification is strongly advised. See: https://urllib3.readthedocs.io/en/latest/advanced-usage.html#tls-warnings
[2025-04-29T00:26:39.591+0000] {kafka_stream.py:57} ERROR - An error occured: Expecting value: line 1 column 1 (char 0)
[2025-04-29T00:26:39.725+0000] {logging_mixin.py:151} WARNING - /home/***/.local/lib/python3.9/site-packages/urllib3/connectionpool.py:1095 InsecureRequestWarning: Unverified HTTPS request is being made to host 'randomuser.me'. Adding certificate verification is strongly advised. See: https://urllib3.readthedocs.io/en/latest/advanced-usage.html#tls-warnings
[2025-04-29T00:26:39.778+0000] {kafka_stream.py:57} ERROR - An error occured: Expecting value: line 1 column 1 (char 0)
[2025-04-29T00:26:39.888+0000] {logging_mixin.py:151} WARNING - /home/***/.local/lib/python3.9/site-packages/urllib3/connectionpool.py:1095 InsecureRequestWarning: Unverified HTTPS request is being made to host 'randomuser.me'. Adding certificate verification is strongly advised. See: https://urllib3.readthedocs.io/en/latest/advanced-usage.html#tls-warnings
[2025-04-29T00:26:39.948+0000] {kafka_stream.py:57} ERROR - An error occured: Expecting value: line 1 column 1 (char 0)
[2025-04-29T00:26:40.055+0000] {logging_mixin.py:151} WARNING - /home/***/.local/lib/python3.9/site-packages/urllib3/connectionpool.py:1095 InsecureRequestWarning: Unverified HTTPS request is being made to host 'randomuser.me'. Adding certificate verification is strongly advised. See: https://urllib3.readthedocs.io/en/latest/advanced-usage.html#tls-warnings
[2025-04-29T00:26:40.108+0000] {kafka_stream.py:57} ERROR - An error occured: Expecting value: line 1 column 1 (char 0)
[2025-04-29T00:26:40.231+0000] {logging_mixin.py:151} WARNING - /home/***/.local/lib/python3.9/site-packages/urllib3/connectionpool.py:1095 InsecureRequestWarning: Unverified HTTPS request is being made to host 'randomuser.me'. Adding certificate verification is strongly advised. See: https://urllib3.readthedocs.io/en/latest/advanced-usage.html#tls-warnings
[2025-04-29T00:26:40.283+0000] {kafka_stream.py:57} ERROR - An error occured: Expecting value: line 1 column 1 (char 0)
[2025-04-29T00:26:40.379+0000] {logging_mixin.py:151} WARNING - /home/***/.local/lib/python3.9/site-packages/urllib3/connectionpool.py:1095 InsecureRequestWarning: Unverified HTTPS request is being made to host 'randomuser.me'. Adding certificate verification is strongly advised. See: https://urllib3.readthedocs.io/en/latest/advanced-usage.html#tls-warnings
[2025-04-29T00:26:40.428+0000] {kafka_stream.py:57} ERROR - An error occured: Expecting value: line 1 column 1 (char 0)
[2025-04-29T00:26:40.548+0000] {logging_mixin.py:151} WARNING - /home/***/.local/lib/python3.9/site-packages/urllib3/connectionpool.py:1095 InsecureRequestWarning: Unverified HTTPS request is being made to host 'randomuser.me'. Adding certificate verification is strongly advised. See: https://urllib3.readthedocs.io/en/latest/advanced-usage.html#tls-warnings
[2025-04-29T00:26:40.603+0000] {kafka_stream.py:57} ERROR - An error occured: Expecting value: line 1 column 1 (char 0)
[2025-04-29T00:26:40.718+0000] {logging_mixin.py:151} WARNING - /home/***/.local/lib/python3.9/site-packages/urllib3/connectionpool.py:1095 InsecureRequestWarning: Unverified HTTPS request is being made to host 'randomuser.me'. Adding certificate verification is strongly advised. See: https://urllib3.readthedocs.io/en/latest/advanced-usage.html#tls-warnings
[2025-04-29T00:26:40.770+0000] {kafka_stream.py:57} ERROR - An error occured: Expecting value: line 1 column 1 (char 0)
[2025-04-29T00:26:40.865+0000] {logging_mixin.py:151} WARNING - /home/***/.local/lib/python3.9/site-packages/urllib3/connectionpool.py:1095 InsecureRequestWarning: Unverified HTTPS request is being made to host 'randomuser.me'. Adding certificate verification is strongly advised. See: https://urllib3.readthedocs.io/en/latest/advanced-usage.html#tls-warnings
[2025-04-29T00:26:40.923+0000] {kafka_stream.py:57} ERROR - An error occured: Expecting value: line 1 column 1 (char 0)
[2025-04-29T00:26:41.033+0000] {logging_mixin.py:151} WARNING - /home/***/.local/lib/python3.9/site-packages/urllib3/connectionpool.py:1095 InsecureRequestWarning: Unverified HTTPS request is being made to host 'randomuser.me'. Adding certificate verification is strongly advised. See: https://urllib3.readthedocs.io/en/latest/advanced-usage.html#tls-warnings
[2025-04-29T00:26:41.084+0000] {kafka_stream.py:57} ERROR - An error occured: Expecting value: line 1 column 1 (char 0)
[2025-04-29T00:26:41.173+0000] {logging_mixin.py:151} WARNING - /home/***/.local/lib/python3.9/site-packages/urllib3/connectionpool.py:1095 InsecureRequestWarning: Unverified HTTPS request is being made to host 'randomuser.me'. Adding certificate verification is strongly advised. See: https://urllib3.readthedocs.io/en/latest/advanced-usage.html#tls-warnings
[2025-04-29T00:26:41.222+0000] {kafka_stream.py:57} ERROR - An error occured: Expecting value: line 1 column 1 (char 0)
[2025-04-29T00:26:41.785+0000] {logging_mixin.py:151} WARNING - /home/***/.local/lib/python3.9/site-packages/urllib3/connectionpool.py:1095 InsecureRequestWarning: Unverified HTTPS request is being made to host 'randomuser.me'. Adding certificate verification is strongly advised. See: https://urllib3.readthedocs.io/en/latest/advanced-usage.html#tls-warnings
[2025-04-29T00:26:41.835+0000] {kafka_stream.py:57} ERROR - An error occured: Expecting value: line 1 column 1 (char 0)
[2025-04-29T00:26:41.938+0000] {logging_mixin.py:151} WARNING - /home/***/.local/lib/python3.9/site-packages/urllib3/connectionpool.py:1095 InsecureRequestWarning: Unverified HTTPS request is being made to host 'randomuser.me'. Adding certificate verification is strongly advised. See: https://urllib3.readthedocs.io/en/latest/advanced-usage.html#tls-warnings
[2025-04-29T00:26:41.992+0000] {kafka_stream.py:57} ERROR - An error occured: Expecting value: line 1 column 1 (char 0)
[2025-04-29T00:26:42.099+0000] {logging_mixin.py:151} WARNING - /home/***/.local/lib/python3.9/site-packages/urllib3/connectionpool.py:1095 InsecureRequestWarning: Unverified HTTPS request is being made to host 'randomuser.me'. Adding certificate verification is strongly advised. See: https://urllib3.readthedocs.io/en/latest/advanced-usage.html#tls-warnings
[2025-04-29T00:26:42.154+0000] {kafka_stream.py:57} ERROR - An error occured: Expecting value: line 1 column 1 (char 0)
[2025-04-29T00:26:42.254+0000] {logging_mixin.py:151} WARNING - /home/***/.local/lib/python3.9/site-packages/urllib3/connectionpool.py:1095 InsecureRequestWarning: Unverified HTTPS request is being made to host 'randomuser.me'. Adding certificate verification is strongly advised. See: https://urllib3.readthedocs.io/en/latest/advanced-usage.html#tls-warnings
[2025-04-29T00:26:42.304+0000] {kafka_stream.py:57} ERROR - An error occured: Expecting value: line 1 column 1 (char 0)
[2025-04-29T00:26:42.666+0000] {logging_mixin.py:151} WARNING - /home/***/.local/lib/python3.9/site-packages/urllib3/connectionpool.py:1095 InsecureRequestWarning: Unverified HTTPS request is being made to host 'randomuser.me'. Adding certificate verification is strongly advised. See: https://urllib3.readthedocs.io/en/latest/advanced-usage.html#tls-warnings
[2025-04-29T00:26:42.717+0000] {kafka_stream.py:57} ERROR - An error occured: Expecting value: line 1 column 1 (char 0)
[2025-04-29T00:26:42.842+0000] {logging_mixin.py:151} WARNING - /home/***/.local/lib/python3.9/site-packages/urllib3/connectionpool.py:1095 InsecureRequestWarning: Unverified HTTPS request is being made to host 'randomuser.me'. Adding certificate verification is strongly advised. See: https://urllib3.readthedocs.io/en/latest/advanced-usage.html#tls-warnings
[2025-04-29T00:26:42.896+0000] {kafka_stream.py:57} ERROR - An error occured: Expecting value: line 1 column 1 (char 0)
[2025-04-29T00:26:43.015+0000] {logging_mixin.py:151} WARNING - /home/***/.local/lib/python3.9/site-packages/urllib3/connectionpool.py:1095 InsecureRequestWarning: Unverified HTTPS request is being made to host 'randomuser.me'. Adding certificate verification is strongly advised. See: https://urllib3.readthedocs.io/en/latest/advanced-usage.html#tls-warnings
[2025-04-29T00:26:43.067+0000] {kafka_stream.py:57} ERROR - An error occured: Expecting value: line 1 column 1 (char 0)
[2025-04-29T00:26:43.155+0000] {logging_mixin.py:151} WARNING - /home/***/.local/lib/python3.9/site-packages/urllib3/connectionpool.py:1095 InsecureRequestWarning: Unverified HTTPS request is being made to host 'randomuser.me'. Adding certificate verification is strongly advised. See: https://urllib3.readthedocs.io/en/latest/advanced-usage.html#tls-warnings
[2025-04-29T00:26:43.206+0000] {kafka_stream.py:57} ERROR - An error occured: Expecting value: line 1 column 1 (char 0)
[2025-04-29T00:26:43.322+0000] {logging_mixin.py:151} WARNING - /home/***/.local/lib/python3.9/site-packages/urllib3/connectionpool.py:1095 InsecureRequestWarning: Unverified HTTPS request is being made to host 'randomuser.me'. Adding certificate verification is strongly advised. See: https://urllib3.readthedocs.io/en/latest/advanced-usage.html#tls-warnings
[2025-04-29T00:26:43.380+0000] {kafka_stream.py:57} ERROR - An error occured: Expecting value: line 1 column 1 (char 0)
[2025-04-29T00:26:43.476+0000] {logging_mixin.py:151} WARNING - /home/***/.local/lib/python3.9/site-packages/urllib3/connectionpool.py:1095 InsecureRequestWarning: Unverified HTTPS request is being made to host 'randomuser.me'. Adding certificate verification is strongly advised. See: https://urllib3.readthedocs.io/en/latest/advanced-usage.html#tls-warnings
[2025-04-29T00:26:43.529+0000] {kafka_stream.py:57} ERROR - An error occured: Expecting value: line 1 column 1 (char 0)
[2025-04-29T00:26:43.637+0000] {logging_mixin.py:151} WARNING - /home/***/.local/lib/python3.9/site-packages/urllib3/connectionpool.py:1095 InsecureRequestWarning: Unverified HTTPS request is being made to host 'randomuser.me'. Adding certificate verification is strongly advised. See: https://urllib3.readthedocs.io/en/latest/advanced-usage.html#tls-warnings
[2025-04-29T00:26:43.691+0000] {kafka_stream.py:57} ERROR - An error occured: Expecting value: line 1 column 1 (char 0)
[2025-04-29T00:26:43.838+0000] {logging_mixin.py:151} WARNING - /home/***/.local/lib/python3.9/site-packages/urllib3/connectionpool.py:1095 InsecureRequestWarning: Unverified HTTPS request is being made to host 'randomuser.me'. Adding certificate verification is strongly advised. See: https://urllib3.readthedocs.io/en/latest/advanced-usage.html#tls-warnings
[2025-04-29T00:26:43.892+0000] {kafka_stream.py:57} ERROR - An error occured: Expecting value: line 1 column 1 (char 0)
[2025-04-29T00:26:43.986+0000] {logging_mixin.py:151} WARNING - /home/***/.local/lib/python3.9/site-packages/urllib3/connectionpool.py:1095 InsecureRequestWarning: Unverified HTTPS request is being made to host 'randomuser.me'. Adding certificate verification is strongly advised. See: https://urllib3.readthedocs.io/en/latest/advanced-usage.html#tls-warnings
[2025-04-29T00:26:44.051+0000] {kafka_stream.py:57} ERROR - An error occured: Expecting value: line 1 column 1 (char 0)
[2025-04-29T00:26:44.145+0000] {logging_mixin.py:151} WARNING - /home/***/.local/lib/python3.9/site-packages/urllib3/connectionpool.py:1095 InsecureRequestWarning: Unverified HTTPS request is being made to host 'randomuser.me'. Adding certificate verification is strongly advised. See: https://urllib3.readthedocs.io/en/latest/advanced-usage.html#tls-warnings
[2025-04-29T00:26:44.200+0000] {kafka_stream.py:57} ERROR - An error occured: Expecting value: line 1 column 1 (char 0)
[2025-04-29T00:26:44.323+0000] {logging_mixin.py:151} WARNING - /home/***/.local/lib/python3.9/site-packages/urllib3/connectionpool.py:1095 InsecureRequestWarning: Unverified HTTPS request is being made to host 'randomuser.me'. Adding certificate verification is strongly advised. See: https://urllib3.readthedocs.io/en/latest/advanced-usage.html#tls-warnings
[2025-04-29T00:26:44.376+0000] {kafka_stream.py:57} ERROR - An error occured: Expecting value: line 1 column 1 (char 0)
[2025-04-29T00:26:44.491+0000] {logging_mixin.py:151} WARNING - /home/***/.local/lib/python3.9/site-packages/urllib3/connectionpool.py:1095 InsecureRequestWarning: Unverified HTTPS request is being made to host 'randomuser.me'. Adding certificate verification is strongly advised. See: https://urllib3.readthedocs.io/en/latest/advanced-usage.html#tls-warnings
[2025-04-29T00:26:44.554+0000] {kafka_stream.py:57} ERROR - An error occured: Expecting value: line 1 column 1 (char 0)
[2025-04-29T00:26:44.646+0000] {logging_mixin.py:151} WARNING - /home/***/.local/lib/python3.9/site-packages/urllib3/connectionpool.py:1095 InsecureRequestWarning: Unverified HTTPS request is being made to host 'randomuser.me'. Adding certificate verification is strongly advised. See: https://urllib3.readthedocs.io/en/latest/advanced-usage.html#tls-warnings
[2025-04-29T00:26:44.697+0000] {kafka_stream.py:57} ERROR - An error occured: Expecting value: line 1 column 1 (char 0)
[2025-04-29T00:26:44.837+0000] {logging_mixin.py:151} WARNING - /home/***/.local/lib/python3.9/site-packages/urllib3/connectionpool.py:1095 InsecureRequestWarning: Unverified HTTPS request is being made to host 'randomuser.me'. Adding certificate verification is strongly advised. See: https://urllib3.readthedocs.io/en/latest/advanced-usage.html#tls-warnings
[2025-04-29T00:26:44.887+0000] {kafka_stream.py:57} ERROR - An error occured: Expecting value: line 1 column 1 (char 0)
[2025-04-29T00:26:44.978+0000] {logging_mixin.py:151} WARNING - /home/***/.local/lib/python3.9/site-packages/urllib3/connectionpool.py:1095 InsecureRequestWarning: Unverified HTTPS request is being made to host 'randomuser.me'. Adding certificate verification is strongly advised. See: https://urllib3.readthedocs.io/en/latest/advanced-usage.html#tls-warnings
[2025-04-29T00:26:45.033+0000] {kafka_stream.py:57} ERROR - An error occured: Expecting value: line 1 column 1 (char 0)
[2025-04-29T00:26:45.120+0000] {logging_mixin.py:151} WARNING - /home/***/.local/lib/python3.9/site-packages/urllib3/connectionpool.py:1095 InsecureRequestWarning: Unverified HTTPS request is being made to host 'randomuser.me'. Adding certificate verification is strongly advised. See: https://urllib3.readthedocs.io/en/latest/advanced-usage.html#tls-warnings
[2025-04-29T00:26:45.172+0000] {kafka_stream.py:57} ERROR - An error occured: Expecting value: line 1 column 1 (char 0)
[2025-04-29T00:26:45.282+0000] {logging_mixin.py:151} WARNING - /home/***/.local/lib/python3.9/site-packages/urllib3/connectionpool.py:1095 InsecureRequestWarning: Unverified HTTPS request is being made to host 'randomuser.me'. Adding certificate verification is strongly advised. See: https://urllib3.readthedocs.io/en/latest/advanced-usage.html#tls-warnings
[2025-04-29T00:26:45.336+0000] {kafka_stream.py:57} ERROR - An error occured: Expecting value: line 1 column 1 (char 0)
[2025-04-29T00:26:45.444+0000] {logging_mixin.py:151} WARNING - /home/***/.local/lib/python3.9/site-packages/urllib3/connectionpool.py:1095 InsecureRequestWarning: Unverified HTTPS request is being made to host 'randomuser.me'. Adding certificate verification is strongly advised. See: https://urllib3.readthedocs.io/en/latest/advanced-usage.html#tls-warnings
[2025-04-29T00:26:45.499+0000] {kafka_stream.py:57} ERROR - An error occured: Expecting value: line 1 column 1 (char 0)
[2025-04-29T00:26:45.590+0000] {logging_mixin.py:151} WARNING - /home/***/.local/lib/python3.9/site-packages/urllib3/connectionpool.py:1095 InsecureRequestWarning: Unverified HTTPS request is being made to host 'randomuser.me'. Adding certificate verification is strongly advised. See: https://urllib3.readthedocs.io/en/latest/advanced-usage.html#tls-warnings
[2025-04-29T00:26:45.640+0000] {kafka_stream.py:57} ERROR - An error occured: Expecting value: line 1 column 1 (char 0)
[2025-04-29T00:26:45.736+0000] {logging_mixin.py:151} WARNING - /home/***/.local/lib/python3.9/site-packages/urllib3/connectionpool.py:1095 InsecureRequestWarning: Unverified HTTPS request is being made to host 'randomuser.me'. Adding certificate verification is strongly advised. See: https://urllib3.readthedocs.io/en/latest/advanced-usage.html#tls-warnings
[2025-04-29T00:26:45.788+0000] {kafka_stream.py:57} ERROR - An error occured: Expecting value: line 1 column 1 (char 0)
[2025-04-29T00:26:45.912+0000] {logging_mixin.py:151} WARNING - /home/***/.local/lib/python3.9/site-packages/urllib3/connectionpool.py:1095 InsecureRequestWarning: Unverified HTTPS request is being made to host 'randomuser.me'. Adding certificate verification is strongly advised. See: https://urllib3.readthedocs.io/en/latest/advanced-usage.html#tls-warnings
[2025-04-29T00:26:45.995+0000] {kafka_stream.py:57} ERROR - An error occured: Expecting value: line 1 column 1 (char 0)
[2025-04-29T00:26:46.097+0000] {logging_mixin.py:151} WARNING - /home/***/.local/lib/python3.9/site-packages/urllib3/connectionpool.py:1095 InsecureRequestWarning: Unverified HTTPS request is being made to host 'randomuser.me'. Adding certificate verification is strongly advised. See: https://urllib3.readthedocs.io/en/latest/advanced-usage.html#tls-warnings
[2025-04-29T00:26:46.146+0000] {kafka_stream.py:57} ERROR - An error occured: Expecting value: line 1 column 1 (char 0)
[2025-04-29T00:26:46.249+0000] {logging_mixin.py:151} WARNING - /home/***/.local/lib/python3.9/site-packages/urllib3/connectionpool.py:1095 InsecureRequestWarning: Unverified HTTPS request is being made to host 'randomuser.me'. Adding certificate verification is strongly advised. See: https://urllib3.readthedocs.io/en/latest/advanced-usage.html#tls-warnings
[2025-04-29T00:26:46.301+0000] {kafka_stream.py:57} ERROR - An error occured: Expecting value: line 1 column 1 (char 0)
[2025-04-29T00:26:46.645+0000] {logging_mixin.py:151} WARNING - /home/***/.local/lib/python3.9/site-packages/urllib3/connectionpool.py:1095 InsecureRequestWarning: Unverified HTTPS request is being made to host 'randomuser.me'. Adding certificate verification is strongly advised. See: https://urllib3.readthedocs.io/en/latest/advanced-usage.html#tls-warnings
[2025-04-29T00:26:46.704+0000] {kafka_stream.py:57} ERROR - An error occured: Expecting value: line 1 column 1 (char 0)
[2025-04-29T00:26:46.824+0000] {logging_mixin.py:151} WARNING - /home/***/.local/lib/python3.9/site-packages/urllib3/connectionpool.py:1095 InsecureRequestWarning: Unverified HTTPS request is being made to host 'randomuser.me'. Adding certificate verification is strongly advised. See: https://urllib3.readthedocs.io/en/latest/advanced-usage.html#tls-warnings
[2025-04-29T00:26:46.876+0000] {kafka_stream.py:57} ERROR - An error occured: Expecting value: line 1 column 1 (char 0)
[2025-04-29T00:26:46.997+0000] {logging_mixin.py:151} WARNING - /home/***/.local/lib/python3.9/site-packages/urllib3/connectionpool.py:1095 InsecureRequestWarning: Unverified HTTPS request is being made to host 'randomuser.me'. Adding certificate verification is strongly advised. See: https://urllib3.readthedocs.io/en/latest/advanced-usage.html#tls-warnings
[2025-04-29T00:26:47.058+0000] {kafka_stream.py:57} ERROR - An error occured: Expecting value: line 1 column 1 (char 0)
[2025-04-29T00:26:47.159+0000] {logging_mixin.py:151} WARNING - /home/***/.local/lib/python3.9/site-packages/urllib3/connectionpool.py:1095 InsecureRequestWarning: Unverified HTTPS request is being made to host 'randomuser.me'. Adding certificate verification is strongly advised. See: https://urllib3.readthedocs.io/en/latest/advanced-usage.html#tls-warnings
[2025-04-29T00:26:47.221+0000] {kafka_stream.py:57} ERROR - An error occured: Expecting value: line 1 column 1 (char 0)
[2025-04-29T00:26:47.325+0000] {logging_mixin.py:151} WARNING - /home/***/.local/lib/python3.9/site-packages/urllib3/connectionpool.py:1095 InsecureRequestWarning: Unverified HTTPS request is being made to host 'randomuser.me'. Adding certificate verification is strongly advised. See: https://urllib3.readthedocs.io/en/latest/advanced-usage.html#tls-warnings
[2025-04-29T00:26:47.617+0000] {kafka_stream.py:57} ERROR - An error occured: Expecting value: line 1 column 1 (char 0)
[2025-04-29T00:26:47.736+0000] {logging_mixin.py:151} WARNING - /home/***/.local/lib/python3.9/site-packages/urllib3/connectionpool.py:1095 InsecureRequestWarning: Unverified HTTPS request is being made to host 'randomuser.me'. Adding certificate verification is strongly advised. See: https://urllib3.readthedocs.io/en/latest/advanced-usage.html#tls-warnings
[2025-04-29T00:26:47.791+0000] {kafka_stream.py:57} ERROR - An error occured: Expecting value: line 1 column 1 (char 0)
[2025-04-29T00:26:47.895+0000] {logging_mixin.py:151} WARNING - /home/***/.local/lib/python3.9/site-packages/urllib3/connectionpool.py:1095 InsecureRequestWarning: Unverified HTTPS request is being made to host 'randomuser.me'. Adding certificate verification is strongly advised. See: https://urllib3.readthedocs.io/en/latest/advanced-usage.html#tls-warnings
[2025-04-29T00:26:47.948+0000] {kafka_stream.py:57} ERROR - An error occured: Expecting value: line 1 column 1 (char 0)
[2025-04-29T00:26:48.067+0000] {logging_mixin.py:151} WARNING - /home/***/.local/lib/python3.9/site-packages/urllib3/connectionpool.py:1095 InsecureRequestWarning: Unverified HTTPS request is being made to host 'randomuser.me'. Adding certificate verification is strongly advised. See: https://urllib3.readthedocs.io/en/latest/advanced-usage.html#tls-warnings
[2025-04-29T00:26:48.127+0000] {kafka_stream.py:57} ERROR - An error occured: Expecting value: line 1 column 1 (char 0)
[2025-04-29T00:26:48.243+0000] {logging_mixin.py:151} WARNING - /home/***/.local/lib/python3.9/site-packages/urllib3/connectionpool.py:1095 InsecureRequestWarning: Unverified HTTPS request is being made to host 'randomuser.me'. Adding certificate verification is strongly advised. See: https://urllib3.readthedocs.io/en/latest/advanced-usage.html#tls-warnings
[2025-04-29T00:26:48.294+0000] {kafka_stream.py:57} ERROR - An error occured: Expecting value: line 1 column 1 (char 0)
[2025-04-29T00:26:48.728+0000] {logging_mixin.py:151} WARNING - /home/***/.local/lib/python3.9/site-packages/urllib3/connectionpool.py:1095 InsecureRequestWarning: Unverified HTTPS request is being made to host 'randomuser.me'. Adding certificate verification is strongly advised. See: https://urllib3.readthedocs.io/en/latest/advanced-usage.html#tls-warnings
[2025-04-29T00:26:48.779+0000] {kafka_stream.py:57} ERROR - An error occured: Expecting value: line 1 column 1 (char 0)
[2025-04-29T00:26:48.878+0000] {logging_mixin.py:151} WARNING - /home/***/.local/lib/python3.9/site-packages/urllib3/connectionpool.py:1095 InsecureRequestWarning: Unverified HTTPS request is being made to host 'randomuser.me'. Adding certificate verification is strongly advised. See: https://urllib3.readthedocs.io/en/latest/advanced-usage.html#tls-warnings
[2025-04-29T00:26:48.928+0000] {kafka_stream.py:57} ERROR - An error occured: Expecting value: line 1 column 1 (char 0)
[2025-04-29T00:26:49.021+0000] {logging_mixin.py:151} WARNING - /home/***/.local/lib/python3.9/site-packages/urllib3/connectionpool.py:1095 InsecureRequestWarning: Unverified HTTPS request is being made to host 'randomuser.me'. Adding certificate verification is strongly advised. See: https://urllib3.readthedocs.io/en/latest/advanced-usage.html#tls-warnings
[2025-04-29T00:26:49.076+0000] {kafka_stream.py:57} ERROR - An error occured: Expecting value: line 1 column 1 (char 0)
[2025-04-29T00:26:49.177+0000] {logging_mixin.py:151} WARNING - /home/***/.local/lib/python3.9/site-packages/urllib3/connectionpool.py:1095 InsecureRequestWarning: Unverified HTTPS request is being made to host 'randomuser.me'. Adding certificate verification is strongly advised. See: https://urllib3.readthedocs.io/en/latest/advanced-usage.html#tls-warnings
[2025-04-29T00:26:49.230+0000] {kafka_stream.py:57} ERROR - An error occured: Expecting value: line 1 column 1 (char 0)
[2025-04-29T00:26:49.357+0000] {logging_mixin.py:151} WARNING - /home/***/.local/lib/python3.9/site-packages/urllib3/connectionpool.py:1095 InsecureRequestWarning: Unverified HTTPS request is being made to host 'randomuser.me'. Adding certificate verification is strongly advised. See: https://urllib3.readthedocs.io/en/latest/advanced-usage.html#tls-warnings
[2025-04-29T00:26:49.413+0000] {kafka_stream.py:57} ERROR - An error occured: Expecting value: line 1 column 1 (char 0)
[2025-04-29T00:26:49.732+0000] {logging_mixin.py:151} WARNING - /home/***/.local/lib/python3.9/site-packages/urllib3/connectionpool.py:1095 InsecureRequestWarning: Unverified HTTPS request is being made to host 'randomuser.me'. Adding certificate verification is strongly advised. See: https://urllib3.readthedocs.io/en/latest/advanced-usage.html#tls-warnings
[2025-04-29T00:26:49.786+0000] {kafka_stream.py:57} ERROR - An error occured: Expecting value: line 1 column 1 (char 0)
[2025-04-29T00:26:49.899+0000] {logging_mixin.py:151} WARNING - /home/***/.local/lib/python3.9/site-packages/urllib3/connectionpool.py:1095 InsecureRequestWarning: Unverified HTTPS request is being made to host 'randomuser.me'. Adding certificate verification is strongly advised. See: https://urllib3.readthedocs.io/en/latest/advanced-usage.html#tls-warnings
[2025-04-29T00:26:49.951+0000] {kafka_stream.py:57} ERROR - An error occured: Expecting value: line 1 column 1 (char 0)
[2025-04-29T00:26:50.036+0000] {logging_mixin.py:151} WARNING - /home/***/.local/lib/python3.9/site-packages/urllib3/connectionpool.py:1095 InsecureRequestWarning: Unverified HTTPS request is being made to host 'randomuser.me'. Adding certificate verification is strongly advised. See: https://urllib3.readthedocs.io/en/latest/advanced-usage.html#tls-warnings
[2025-04-29T00:26:50.090+0000] {kafka_stream.py:57} ERROR - An error occured: Expecting value: line 1 column 1 (char 0)
[2025-04-29T00:26:50.214+0000] {logging_mixin.py:151} WARNING - /home/***/.local/lib/python3.9/site-packages/urllib3/connectionpool.py:1095 InsecureRequestWarning: Unverified HTTPS request is being made to host 'randomuser.me'. Adding certificate verification is strongly advised. See: https://urllib3.readthedocs.io/en/latest/advanced-usage.html#tls-warnings
[2025-04-29T00:26:50.266+0000] {kafka_stream.py:57} ERROR - An error occured: Expecting value: line 1 column 1 (char 0)
[2025-04-29T00:26:50.377+0000] {logging_mixin.py:151} WARNING - /home/***/.local/lib/python3.9/site-packages/urllib3/connectionpool.py:1095 InsecureRequestWarning: Unverified HTTPS request is being made to host 'randomuser.me'. Adding certificate verification is strongly advised. See: https://urllib3.readthedocs.io/en/latest/advanced-usage.html#tls-warnings
[2025-04-29T00:26:50.432+0000] {kafka_stream.py:57} ERROR - An error occured: Expecting value: line 1 column 1 (char 0)
[2025-04-29T00:26:50.523+0000] {logging_mixin.py:151} WARNING - /home/***/.local/lib/python3.9/site-packages/urllib3/connectionpool.py:1095 InsecureRequestWarning: Unverified HTTPS request is being made to host 'randomuser.me'. Adding certificate verification is strongly advised. See: https://urllib3.readthedocs.io/en/latest/advanced-usage.html#tls-warnings
[2025-04-29T00:26:50.574+0000] {kafka_stream.py:57} ERROR - An error occured: Expecting value: line 1 column 1 (char 0)
[2025-04-29T00:26:50.706+0000] {logging_mixin.py:151} WARNING - /home/***/.local/lib/python3.9/site-packages/urllib3/connectionpool.py:1095 InsecureRequestWarning: Unverified HTTPS request is being made to host 'randomuser.me'. Adding certificate verification is strongly advised. See: https://urllib3.readthedocs.io/en/latest/advanced-usage.html#tls-warnings
[2025-04-29T00:26:50.758+0000] {kafka_stream.py:57} ERROR - An error occured: Expecting value: line 1 column 1 (char 0)
[2025-04-29T00:26:50.882+0000] {logging_mixin.py:151} WARNING - /home/***/.local/lib/python3.9/site-packages/urllib3/connectionpool.py:1095 InsecureRequestWarning: Unverified HTTPS request is being made to host 'randomuser.me'. Adding certificate verification is strongly advised. See: https://urllib3.readthedocs.io/en/latest/advanced-usage.html#tls-warnings
[2025-04-29T00:26:50.936+0000] {kafka_stream.py:57} ERROR - An error occured: Expecting value: line 1 column 1 (char 0)
[2025-04-29T00:26:51.035+0000] {logging_mixin.py:151} WARNING - /home/***/.local/lib/python3.9/site-packages/urllib3/connectionpool.py:1095 InsecureRequestWarning: Unverified HTTPS request is being made to host 'randomuser.me'. Adding certificate verification is strongly advised. See: https://urllib3.readthedocs.io/en/latest/advanced-usage.html#tls-warnings
[2025-04-29T00:26:51.085+0000] {kafka_stream.py:57} ERROR - An error occured: Expecting value: line 1 column 1 (char 0)
[2025-04-29T00:26:51.198+0000] {logging_mixin.py:151} WARNING - /home/***/.local/lib/python3.9/site-packages/urllib3/connectionpool.py:1095 InsecureRequestWarning: Unverified HTTPS request is being made to host 'randomuser.me'. Adding certificate verification is strongly advised. See: https://urllib3.readthedocs.io/en/latest/advanced-usage.html#tls-warnings
[2025-04-29T00:26:51.258+0000] {kafka_stream.py:57} ERROR - An error occured: Expecting value: line 1 column 1 (char 0)
[2025-04-29T00:26:51.815+0000] {logging_mixin.py:151} WARNING - /home/***/.local/lib/python3.9/site-packages/urllib3/connectionpool.py:1095 InsecureRequestWarning: Unverified HTTPS request is being made to host 'randomuser.me'. Adding certificate verification is strongly advised. See: https://urllib3.readthedocs.io/en/latest/advanced-usage.html#tls-warnings
[2025-04-29T00:26:51.867+0000] {kafka_stream.py:57} ERROR - An error occured: Expecting value: line 1 column 1 (char 0)
[2025-04-29T00:26:51.983+0000] {logging_mixin.py:151} WARNING - /home/***/.local/lib/python3.9/site-packages/urllib3/connectionpool.py:1095 InsecureRequestWarning: Unverified HTTPS request is being made to host 'randomuser.me'. Adding certificate verification is strongly advised. See: https://urllib3.readthedocs.io/en/latest/advanced-usage.html#tls-warnings
[2025-04-29T00:26:52.037+0000] {kafka_stream.py:57} ERROR - An error occured: Expecting value: line 1 column 1 (char 0)
[2025-04-29T00:26:52.244+0000] {logging_mixin.py:151} WARNING - /home/***/.local/lib/python3.9/site-packages/urllib3/connectionpool.py:1095 InsecureRequestWarning: Unverified HTTPS request is being made to host 'randomuser.me'. Adding certificate verification is strongly advised. See: https://urllib3.readthedocs.io/en/latest/advanced-usage.html#tls-warnings
[2025-04-29T00:26:52.297+0000] {kafka_stream.py:57} ERROR - An error occured: Expecting value: line 1 column 1 (char 0)
[2025-04-29T00:26:52.441+0000] {logging_mixin.py:151} WARNING - /home/***/.local/lib/python3.9/site-packages/urllib3/connectionpool.py:1095 InsecureRequestWarning: Unverified HTTPS request is being made to host 'randomuser.me'. Adding certificate verification is strongly advised. See: https://urllib3.readthedocs.io/en/latest/advanced-usage.html#tls-warnings
[2025-04-29T00:26:52.495+0000] {kafka_stream.py:57} ERROR - An error occured: Expecting value: line 1 column 1 (char 0)
[2025-04-29T00:26:52.602+0000] {logging_mixin.py:151} WARNING - /home/***/.local/lib/python3.9/site-packages/urllib3/connectionpool.py:1095 InsecureRequestWarning: Unverified HTTPS request is being made to host 'randomuser.me'. Adding certificate verification is strongly advised. See: https://urllib3.readthedocs.io/en/latest/advanced-usage.html#tls-warnings
[2025-04-29T00:26:52.652+0000] {kafka_stream.py:57} ERROR - An error occured: Expecting value: line 1 column 1 (char 0)
[2025-04-29T00:26:52.764+0000] {logging_mixin.py:151} WARNING - /home/***/.local/lib/python3.9/site-packages/urllib3/connectionpool.py:1095 InsecureRequestWarning: Unverified HTTPS request is being made to host 'randomuser.me'. Adding certificate verification is strongly advised. See: https://urllib3.readthedocs.io/en/latest/advanced-usage.html#tls-warnings
[2025-04-29T00:26:52.817+0000] {kafka_stream.py:57} ERROR - An error occured: Expecting value: line 1 column 1 (char 0)
[2025-04-29T00:26:52.947+0000] {logging_mixin.py:151} WARNING - /home/***/.local/lib/python3.9/site-packages/urllib3/connectionpool.py:1095 InsecureRequestWarning: Unverified HTTPS request is being made to host 'randomuser.me'. Adding certificate verification is strongly advised. See: https://urllib3.readthedocs.io/en/latest/advanced-usage.html#tls-warnings
[2025-04-29T00:26:53.007+0000] {kafka_stream.py:57} ERROR - An error occured: Expecting value: line 1 column 1 (char 0)
[2025-04-29T00:26:53.116+0000] {logging_mixin.py:151} WARNING - /home/***/.local/lib/python3.9/site-packages/urllib3/connectionpool.py:1095 InsecureRequestWarning: Unverified HTTPS request is being made to host 'randomuser.me'. Adding certificate verification is strongly advised. See: https://urllib3.readthedocs.io/en/latest/advanced-usage.html#tls-warnings
[2025-04-29T00:26:53.167+0000] {kafka_stream.py:57} ERROR - An error occured: Expecting value: line 1 column 1 (char 0)
[2025-04-29T00:26:53.264+0000] {logging_mixin.py:151} WARNING - /home/***/.local/lib/python3.9/site-packages/urllib3/connectionpool.py:1095 InsecureRequestWarning: Unverified HTTPS request is being made to host 'randomuser.me'. Adding certificate verification is strongly advised. See: https://urllib3.readthedocs.io/en/latest/advanced-usage.html#tls-warnings
[2025-04-29T00:26:53.316+0000] {kafka_stream.py:57} ERROR - An error occured: Expecting value: line 1 column 1 (char 0)
[2025-04-29T00:26:53.469+0000] {logging_mixin.py:151} WARNING - /home/***/.local/lib/python3.9/site-packages/urllib3/connectionpool.py:1095 InsecureRequestWarning: Unverified HTTPS request is being made to host 'randomuser.me'. Adding certificate verification is strongly advised. See: https://urllib3.readthedocs.io/en/latest/advanced-usage.html#tls-warnings
[2025-04-29T00:26:53.521+0000] {kafka_stream.py:57} ERROR - An error occured: Expecting value: line 1 column 1 (char 0)
[2025-04-29T00:26:53.647+0000] {logging_mixin.py:151} WARNING - /home/***/.local/lib/python3.9/site-packages/urllib3/connectionpool.py:1095 InsecureRequestWarning: Unverified HTTPS request is being made to host 'randomuser.me'. Adding certificate verification is strongly advised. See: https://urllib3.readthedocs.io/en/latest/advanced-usage.html#tls-warnings
[2025-04-29T00:26:53.696+0000] {kafka_stream.py:57} ERROR - An error occured: Expecting value: line 1 column 1 (char 0)
[2025-04-29T00:26:53.788+0000] {logging_mixin.py:151} WARNING - /home/***/.local/lib/python3.9/site-packages/urllib3/connectionpool.py:1095 InsecureRequestWarning: Unverified HTTPS request is being made to host 'randomuser.me'. Adding certificate verification is strongly advised. See: https://urllib3.readthedocs.io/en/latest/advanced-usage.html#tls-warnings
[2025-04-29T00:26:53.843+0000] {kafka_stream.py:57} ERROR - An error occured: Expecting value: line 1 column 1 (char 0)
[2025-04-29T00:26:53.989+0000] {logging_mixin.py:151} WARNING - /home/***/.local/lib/python3.9/site-packages/urllib3/connectionpool.py:1095 InsecureRequestWarning: Unverified HTTPS request is being made to host 'randomuser.me'. Adding certificate verification is strongly advised. See: https://urllib3.readthedocs.io/en/latest/advanced-usage.html#tls-warnings
[2025-04-29T00:26:54.040+0000] {kafka_stream.py:57} ERROR - An error occured: Expecting value: line 1 column 1 (char 0)
[2025-04-29T00:26:54.159+0000] {logging_mixin.py:151} WARNING - /home/***/.local/lib/python3.9/site-packages/urllib3/connectionpool.py:1095 InsecureRequestWarning: Unverified HTTPS request is being made to host 'randomuser.me'. Adding certificate verification is strongly advised. See: https://urllib3.readthedocs.io/en/latest/advanced-usage.html#tls-warnings
[2025-04-29T00:26:54.212+0000] {kafka_stream.py:57} ERROR - An error occured: Expecting value: line 1 column 1 (char 0)
[2025-04-29T00:26:54.602+0000] {logging_mixin.py:151} WARNING - /home/***/.local/lib/python3.9/site-packages/urllib3/connectionpool.py:1095 InsecureRequestWarning: Unverified HTTPS request is being made to host 'randomuser.me'. Adding certificate verification is strongly advised. See: https://urllib3.readthedocs.io/en/latest/advanced-usage.html#tls-warnings
[2025-04-29T00:26:54.653+0000] {kafka_stream.py:57} ERROR - An error occured: Expecting value: line 1 column 1 (char 0)
[2025-04-29T00:26:54.789+0000] {logging_mixin.py:151} WARNING - /home/***/.local/lib/python3.9/site-packages/urllib3/connectionpool.py:1095 InsecureRequestWarning: Unverified HTTPS request is being made to host 'randomuser.me'. Adding certificate verification is strongly advised. See: https://urllib3.readthedocs.io/en/latest/advanced-usage.html#tls-warnings
[2025-04-29T00:26:54.841+0000] {kafka_stream.py:57} ERROR - An error occured: Expecting value: line 1 column 1 (char 0)
[2025-04-29T00:26:54.927+0000] {logging_mixin.py:151} WARNING - /home/***/.local/lib/python3.9/site-packages/urllib3/connectionpool.py:1095 InsecureRequestWarning: Unverified HTTPS request is being made to host 'randomuser.me'. Adding certificate verification is strongly advised. See: https://urllib3.readthedocs.io/en/latest/advanced-usage.html#tls-warnings
[2025-04-29T00:26:54.976+0000] {kafka_stream.py:57} ERROR - An error occured: Expecting value: line 1 column 1 (char 0)
[2025-04-29T00:26:55.115+0000] {logging_mixin.py:151} WARNING - /home/***/.local/lib/python3.9/site-packages/urllib3/connectionpool.py:1095 InsecureRequestWarning: Unverified HTTPS request is being made to host 'randomuser.me'. Adding certificate verification is strongly advised. See: https://urllib3.readthedocs.io/en/latest/advanced-usage.html#tls-warnings
[2025-04-29T00:26:55.176+0000] {kafka_stream.py:57} ERROR - An error occured: Expecting value: line 1 column 1 (char 0)
[2025-04-29T00:26:55.293+0000] {logging_mixin.py:151} WARNING - /home/***/.local/lib/python3.9/site-packages/urllib3/connectionpool.py:1095 InsecureRequestWarning: Unverified HTTPS request is being made to host 'randomuser.me'. Adding certificate verification is strongly advised. See: https://urllib3.readthedocs.io/en/latest/advanced-usage.html#tls-warnings
[2025-04-29T00:26:55.360+0000] {kafka_stream.py:57} ERROR - An error occured: Expecting value: line 1 column 1 (char 0)
[2025-04-29T00:26:55.457+0000] {logging_mixin.py:151} WARNING - /home/***/.local/lib/python3.9/site-packages/urllib3/connectionpool.py:1095 InsecureRequestWarning: Unverified HTTPS request is being made to host 'randomuser.me'. Adding certificate verification is strongly advised. See: https://urllib3.readthedocs.io/en/latest/advanced-usage.html#tls-warnings
[2025-04-29T00:26:55.516+0000] {kafka_stream.py:57} ERROR - An error occured: Expecting value: line 1 column 1 (char 0)
[2025-04-29T00:26:55.637+0000] {logging_mixin.py:151} WARNING - /home/***/.local/lib/python3.9/site-packages/urllib3/connectionpool.py:1095 InsecureRequestWarning: Unverified HTTPS request is being made to host 'randomuser.me'. Adding certificate verification is strongly advised. See: https://urllib3.readthedocs.io/en/latest/advanced-usage.html#tls-warnings
[2025-04-29T00:26:55.689+0000] {kafka_stream.py:57} ERROR - An error occured: Expecting value: line 1 column 1 (char 0)
[2025-04-29T00:26:55.824+0000] {logging_mixin.py:151} WARNING - /home/***/.local/lib/python3.9/site-packages/urllib3/connectionpool.py:1095 InsecureRequestWarning: Unverified HTTPS request is being made to host 'randomuser.me'. Adding certificate verification is strongly advised. See: https://urllib3.readthedocs.io/en/latest/advanced-usage.html#tls-warnings
[2025-04-29T00:26:55.876+0000] {kafka_stream.py:57} ERROR - An error occured: Expecting value: line 1 column 1 (char 0)
[2025-04-29T00:26:55.988+0000] {logging_mixin.py:151} WARNING - /home/***/.local/lib/python3.9/site-packages/urllib3/connectionpool.py:1095 InsecureRequestWarning: Unverified HTTPS request is being made to host 'randomuser.me'. Adding certificate verification is strongly advised. See: https://urllib3.readthedocs.io/en/latest/advanced-usage.html#tls-warnings
[2025-04-29T00:26:56.040+0000] {kafka_stream.py:57} ERROR - An error occured: Expecting value: line 1 column 1 (char 0)
[2025-04-29T00:26:56.184+0000] {logging_mixin.py:151} WARNING - /home/***/.local/lib/python3.9/site-packages/urllib3/connectionpool.py:1095 InsecureRequestWarning: Unverified HTTPS request is being made to host 'randomuser.me'. Adding certificate verification is strongly advised. See: https://urllib3.readthedocs.io/en/latest/advanced-usage.html#tls-warnings
[2025-04-29T00:26:56.235+0000] {kafka_stream.py:57} ERROR - An error occured: Expecting value: line 1 column 1 (char 0)
[2025-04-29T00:26:56.374+0000] {logging_mixin.py:151} WARNING - /home/***/.local/lib/python3.9/site-packages/urllib3/connectionpool.py:1095 InsecureRequestWarning: Unverified HTTPS request is being made to host 'randomuser.me'. Adding certificate verification is strongly advised. See: https://urllib3.readthedocs.io/en/latest/advanced-usage.html#tls-warnings
[2025-04-29T00:26:56.437+0000] {kafka_stream.py:57} ERROR - An error occured: Expecting value: line 1 column 1 (char 0)
[2025-04-29T00:26:56.564+0000] {logging_mixin.py:151} WARNING - /home/***/.local/lib/python3.9/site-packages/urllib3/connectionpool.py:1095 InsecureRequestWarning: Unverified HTTPS request is being made to host 'randomuser.me'. Adding certificate verification is strongly advised. See: https://urllib3.readthedocs.io/en/latest/advanced-usage.html#tls-warnings
[2025-04-29T00:26:56.617+0000] {kafka_stream.py:57} ERROR - An error occured: Expecting value: line 1 column 1 (char 0)
[2025-04-29T00:26:56.746+0000] {logging_mixin.py:151} WARNING - /home/***/.local/lib/python3.9/site-packages/urllib3/connectionpool.py:1095 InsecureRequestWarning: Unverified HTTPS request is being made to host 'randomuser.me'. Adding certificate verification is strongly advised. See: https://urllib3.readthedocs.io/en/latest/advanced-usage.html#tls-warnings
[2025-04-29T00:26:56.799+0000] {kafka_stream.py:57} ERROR - An error occured: Expecting value: line 1 column 1 (char 0)
[2025-04-29T00:26:56.907+0000] {logging_mixin.py:151} WARNING - /home/***/.local/lib/python3.9/site-packages/urllib3/connectionpool.py:1095 InsecureRequestWarning: Unverified HTTPS request is being made to host 'randomuser.me'. Adding certificate verification is strongly advised. See: https://urllib3.readthedocs.io/en/latest/advanced-usage.html#tls-warnings
[2025-04-29T00:26:56.958+0000] {kafka_stream.py:57} ERROR - An error occured: Expecting value: line 1 column 1 (char 0)
[2025-04-29T00:26:57.053+0000] {logging_mixin.py:151} WARNING - /home/***/.local/lib/python3.9/site-packages/urllib3/connectionpool.py:1095 InsecureRequestWarning: Unverified HTTPS request is being made to host 'randomuser.me'. Adding certificate verification is strongly advised. See: https://urllib3.readthedocs.io/en/latest/advanced-usage.html#tls-warnings
[2025-04-29T00:26:57.102+0000] {kafka_stream.py:57} ERROR - An error occured: Expecting value: line 1 column 1 (char 0)
[2025-04-29T00:26:57.253+0000] {logging_mixin.py:151} WARNING - /home/***/.local/lib/python3.9/site-packages/urllib3/connectionpool.py:1095 InsecureRequestWarning: Unverified HTTPS request is being made to host 'randomuser.me'. Adding certificate verification is strongly advised. See: https://urllib3.readthedocs.io/en/latest/advanced-usage.html#tls-warnings
[2025-04-29T00:26:57.307+0000] {kafka_stream.py:57} ERROR - An error occured: Expecting value: line 1 column 1 (char 0)
[2025-04-29T00:26:57.881+0000] {logging_mixin.py:151} WARNING - /home/***/.local/lib/python3.9/site-packages/urllib3/connectionpool.py:1095 InsecureRequestWarning: Unverified HTTPS request is being made to host 'randomuser.me'. Adding certificate verification is strongly advised. See: https://urllib3.readthedocs.io/en/latest/advanced-usage.html#tls-warnings
[2025-04-29T00:26:57.936+0000] {kafka_stream.py:57} ERROR - An error occured: Expecting value: line 1 column 1 (char 0)
[2025-04-29T00:26:58.136+0000] {logging_mixin.py:151} WARNING - /home/***/.local/lib/python3.9/site-packages/urllib3/connectionpool.py:1095 InsecureRequestWarning: Unverified HTTPS request is being made to host 'randomuser.me'. Adding certificate verification is strongly advised. See: https://urllib3.readthedocs.io/en/latest/advanced-usage.html#tls-warnings
[2025-04-29T00:26:58.191+0000] {kafka_stream.py:57} ERROR - An error occured: Expecting value: line 1 column 1 (char 0)
[2025-04-29T00:26:58.311+0000] {logging_mixin.py:151} WARNING - /home/***/.local/lib/python3.9/site-packages/urllib3/connectionpool.py:1095 InsecureRequestWarning: Unverified HTTPS request is being made to host 'randomuser.me'. Adding certificate verification is strongly advised. See: https://urllib3.readthedocs.io/en/latest/advanced-usage.html#tls-warnings
[2025-04-29T00:26:58.363+0000] {kafka_stream.py:57} ERROR - An error occured: Expecting value: line 1 column 1 (char 0)
[2025-04-29T00:26:58.466+0000] {logging_mixin.py:151} WARNING - /home/***/.local/lib/python3.9/site-packages/urllib3/connectionpool.py:1095 InsecureRequestWarning: Unverified HTTPS request is being made to host 'randomuser.me'. Adding certificate verification is strongly advised. See: https://urllib3.readthedocs.io/en/latest/advanced-usage.html#tls-warnings
[2025-04-29T00:26:58.519+0000] {kafka_stream.py:57} ERROR - An error occured: Expecting value: line 1 column 1 (char 0)
[2025-04-29T00:26:58.632+0000] {logging_mixin.py:151} WARNING - /home/***/.local/lib/python3.9/site-packages/urllib3/connectionpool.py:1095 InsecureRequestWarning: Unverified HTTPS request is being made to host 'randomuser.me'. Adding certificate verification is strongly advised. See: https://urllib3.readthedocs.io/en/latest/advanced-usage.html#tls-warnings
[2025-04-29T00:26:58.694+0000] {kafka_stream.py:57} ERROR - An error occured: Expecting value: line 1 column 1 (char 0)
[2025-04-29T00:26:58.807+0000] {logging_mixin.py:151} WARNING - /home/***/.local/lib/python3.9/site-packages/urllib3/connectionpool.py:1095 InsecureRequestWarning: Unverified HTTPS request is being made to host 'randomuser.me'. Adding certificate verification is strongly advised. See: https://urllib3.readthedocs.io/en/latest/advanced-usage.html#tls-warnings
[2025-04-29T00:26:58.862+0000] {kafka_stream.py:57} ERROR - An error occured: Expecting value: line 1 column 1 (char 0)
[2025-04-29T00:26:58.989+0000] {logging_mixin.py:151} WARNING - /home/***/.local/lib/python3.9/site-packages/urllib3/connectionpool.py:1095 InsecureRequestWarning: Unverified HTTPS request is being made to host 'randomuser.me'. Adding certificate verification is strongly advised. See: https://urllib3.readthedocs.io/en/latest/advanced-usage.html#tls-warnings
[2025-04-29T00:26:59.046+0000] {kafka_stream.py:57} ERROR - An error occured: Expecting value: line 1 column 1 (char 0)
[2025-04-29T00:26:59.144+0000] {logging_mixin.py:151} WARNING - /home/***/.local/lib/python3.9/site-packages/urllib3/connectionpool.py:1095 InsecureRequestWarning: Unverified HTTPS request is being made to host 'randomuser.me'. Adding certificate verification is strongly advised. See: https://urllib3.readthedocs.io/en/latest/advanced-usage.html#tls-warnings
[2025-04-29T00:26:59.202+0000] {kafka_stream.py:57} ERROR - An error occured: Expecting value: line 1 column 1 (char 0)
[2025-04-29T00:26:59.313+0000] {logging_mixin.py:151} WARNING - /home/***/.local/lib/python3.9/site-packages/urllib3/connectionpool.py:1095 InsecureRequestWarning: Unverified HTTPS request is being made to host 'randomuser.me'. Adding certificate verification is strongly advised. See: https://urllib3.readthedocs.io/en/latest/advanced-usage.html#tls-warnings
[2025-04-29T00:26:59.363+0000] {kafka_stream.py:57} ERROR - An error occured: Expecting value: line 1 column 1 (char 0)
[2025-04-29T00:26:59.498+0000] {logging_mixin.py:151} WARNING - /home/***/.local/lib/python3.9/site-packages/urllib3/connectionpool.py:1095 InsecureRequestWarning: Unverified HTTPS request is being made to host 'randomuser.me'. Adding certificate verification is strongly advised. See: https://urllib3.readthedocs.io/en/latest/advanced-usage.html#tls-warnings
[2025-04-29T00:26:59.551+0000] {kafka_stream.py:57} ERROR - An error occured: Expecting value: line 1 column 1 (char 0)
[2025-04-29T00:26:59.638+0000] {logging_mixin.py:151} WARNING - /home/***/.local/lib/python3.9/site-packages/urllib3/connectionpool.py:1095 InsecureRequestWarning: Unverified HTTPS request is being made to host 'randomuser.me'. Adding certificate verification is strongly advised. See: https://urllib3.readthedocs.io/en/latest/advanced-usage.html#tls-warnings
[2025-04-29T00:26:59.701+0000] {kafka_stream.py:57} ERROR - An error occured: Expecting value: line 1 column 1 (char 0)
[2025-04-29T00:26:59.818+0000] {logging_mixin.py:151} WARNING - /home/***/.local/lib/python3.9/site-packages/urllib3/connectionpool.py:1095 InsecureRequestWarning: Unverified HTTPS request is being made to host 'randomuser.me'. Adding certificate verification is strongly advised. See: https://urllib3.readthedocs.io/en/latest/advanced-usage.html#tls-warnings
[2025-04-29T00:26:59.873+0000] {kafka_stream.py:57} ERROR - An error occured: Expecting value: line 1 column 1 (char 0)
[2025-04-29T00:27:00.022+0000] {logging_mixin.py:151} WARNING - /home/***/.local/lib/python3.9/site-packages/urllib3/connectionpool.py:1095 InsecureRequestWarning: Unverified HTTPS request is being made to host 'randomuser.me'. Adding certificate verification is strongly advised. See: https://urllib3.readthedocs.io/en/latest/advanced-usage.html#tls-warnings
[2025-04-29T00:27:00.076+0000] {kafka_stream.py:57} ERROR - An error occured: Expecting value: line 1 column 1 (char 0)
[2025-04-29T00:27:00.167+0000] {logging_mixin.py:151} WARNING - /home/***/.local/lib/python3.9/site-packages/urllib3/connectionpool.py:1095 InsecureRequestWarning: Unverified HTTPS request is being made to host 'randomuser.me'. Adding certificate verification is strongly advised. See: https://urllib3.readthedocs.io/en/latest/advanced-usage.html#tls-warnings
[2025-04-29T00:27:00.222+0000] {kafka_stream.py:57} ERROR - An error occured: Expecting value: line 1 column 1 (char 0)
[2025-04-29T00:27:00.335+0000] {logging_mixin.py:151} WARNING - /home/***/.local/lib/python3.9/site-packages/urllib3/connectionpool.py:1095 InsecureRequestWarning: Unverified HTTPS request is being made to host 'randomuser.me'. Adding certificate verification is strongly advised. See: https://urllib3.readthedocs.io/en/latest/advanced-usage.html#tls-warnings
[2025-04-29T00:27:00.387+0000] {kafka_stream.py:57} ERROR - An error occured: Expecting value: line 1 column 1 (char 0)
[2025-04-29T00:27:00.519+0000] {logging_mixin.py:151} WARNING - /home/***/.local/lib/python3.9/site-packages/urllib3/connectionpool.py:1095 InsecureRequestWarning: Unverified HTTPS request is being made to host 'randomuser.me'. Adding certificate verification is strongly advised. See: https://urllib3.readthedocs.io/en/latest/advanced-usage.html#tls-warnings
[2025-04-29T00:27:00.575+0000] {kafka_stream.py:57} ERROR - An error occured: Expecting value: line 1 column 1 (char 0)
[2025-04-29T00:27:00.719+0000] {logging_mixin.py:151} WARNING - /home/***/.local/lib/python3.9/site-packages/urllib3/connectionpool.py:1095 InsecureRequestWarning: Unverified HTTPS request is being made to host 'randomuser.me'. Adding certificate verification is strongly advised. See: https://urllib3.readthedocs.io/en/latest/advanced-usage.html#tls-warnings
[2025-04-29T00:27:00.771+0000] {kafka_stream.py:57} ERROR - An error occured: Expecting value: line 1 column 1 (char 0)
[2025-04-29T00:27:00.896+0000] {logging_mixin.py:151} WARNING - /home/***/.local/lib/python3.9/site-packages/urllib3/connectionpool.py:1095 InsecureRequestWarning: Unverified HTTPS request is being made to host 'randomuser.me'. Adding certificate verification is strongly advised. See: https://urllib3.readthedocs.io/en/latest/advanced-usage.html#tls-warnings
[2025-04-29T00:27:00.947+0000] {kafka_stream.py:57} ERROR - An error occured: Expecting value: line 1 column 1 (char 0)
[2025-04-29T00:27:01.045+0000] {logging_mixin.py:151} WARNING - /home/***/.local/lib/python3.9/site-packages/urllib3/connectionpool.py:1095 InsecureRequestWarning: Unverified HTTPS request is being made to host 'randomuser.me'. Adding certificate verification is strongly advised. See: https://urllib3.readthedocs.io/en/latest/advanced-usage.html#tls-warnings
[2025-04-29T00:27:01.101+0000] {kafka_stream.py:57} ERROR - An error occured: Expecting value: line 1 column 1 (char 0)
[2025-04-29T00:27:01.208+0000] {logging_mixin.py:151} WARNING - /home/***/.local/lib/python3.9/site-packages/urllib3/connectionpool.py:1095 InsecureRequestWarning: Unverified HTTPS request is being made to host 'randomuser.me'. Adding certificate verification is strongly advised. See: https://urllib3.readthedocs.io/en/latest/advanced-usage.html#tls-warnings
[2025-04-29T00:27:01.263+0000] {kafka_stream.py:57} ERROR - An error occured: Expecting value: line 1 column 1 (char 0)
[2025-04-29T00:27:01.376+0000] {logging_mixin.py:151} WARNING - /home/***/.local/lib/python3.9/site-packages/urllib3/connectionpool.py:1095 InsecureRequestWarning: Unverified HTTPS request is being made to host 'randomuser.me'. Adding certificate verification is strongly advised. See: https://urllib3.readthedocs.io/en/latest/advanced-usage.html#tls-warnings
[2025-04-29T00:27:01.431+0000] {kafka_stream.py:57} ERROR - An error occured: Expecting value: line 1 column 1 (char 0)
[2025-04-29T00:27:01.514+0000] {logging_mixin.py:151} WARNING - /home/***/.local/lib/python3.9/site-packages/urllib3/connectionpool.py:1095 InsecureRequestWarning: Unverified HTTPS request is being made to host 'randomuser.me'. Adding certificate verification is strongly advised. See: https://urllib3.readthedocs.io/en/latest/advanced-usage.html#tls-warnings
[2025-04-29T00:27:01.564+0000] {kafka_stream.py:57} ERROR - An error occured: Expecting value: line 1 column 1 (char 0)
[2025-04-29T00:27:01.730+0000] {logging_mixin.py:151} WARNING - /home/***/.local/lib/python3.9/site-packages/urllib3/connectionpool.py:1095 InsecureRequestWarning: Unverified HTTPS request is being made to host 'randomuser.me'. Adding certificate verification is strongly advised. See: https://urllib3.readthedocs.io/en/latest/advanced-usage.html#tls-warnings
[2025-04-29T00:27:01.781+0000] {kafka_stream.py:57} ERROR - An error occured: Expecting value: line 1 column 1 (char 0)
[2025-04-29T00:27:01.916+0000] {logging_mixin.py:151} WARNING - /home/***/.local/lib/python3.9/site-packages/urllib3/connectionpool.py:1095 InsecureRequestWarning: Unverified HTTPS request is being made to host 'randomuser.me'. Adding certificate verification is strongly advised. See: https://urllib3.readthedocs.io/en/latest/advanced-usage.html#tls-warnings
[2025-04-29T00:27:01.967+0000] {kafka_stream.py:57} ERROR - An error occured: Expecting value: line 1 column 1 (char 0)
[2025-04-29T00:27:02.069+0000] {logging_mixin.py:151} WARNING - /home/***/.local/lib/python3.9/site-packages/urllib3/connectionpool.py:1095 InsecureRequestWarning: Unverified HTTPS request is being made to host 'randomuser.me'. Adding certificate verification is strongly advised. See: https://urllib3.readthedocs.io/en/latest/advanced-usage.html#tls-warnings
[2025-04-29T00:27:02.121+0000] {kafka_stream.py:57} ERROR - An error occured: Expecting value: line 1 column 1 (char 0)
[2025-04-29T00:27:02.234+0000] {logging_mixin.py:151} WARNING - /home/***/.local/lib/python3.9/site-packages/urllib3/connectionpool.py:1095 InsecureRequestWarning: Unverified HTTPS request is being made to host 'randomuser.me'. Adding certificate verification is strongly advised. See: https://urllib3.readthedocs.io/en/latest/advanced-usage.html#tls-warnings
[2025-04-29T00:27:02.285+0000] {kafka_stream.py:57} ERROR - An error occured: Expecting value: line 1 column 1 (char 0)
[2025-04-29T00:27:02.408+0000] {logging_mixin.py:151} WARNING - /home/***/.local/lib/python3.9/site-packages/urllib3/connectionpool.py:1095 InsecureRequestWarning: Unverified HTTPS request is being made to host 'randomuser.me'. Adding certificate verification is strongly advised. See: https://urllib3.readthedocs.io/en/latest/advanced-usage.html#tls-warnings
[2025-04-29T00:27:02.478+0000] {kafka_stream.py:57} ERROR - An error occured: Expecting value: line 1 column 1 (char 0)
[2025-04-29T00:27:02.586+0000] {logging_mixin.py:151} WARNING - /home/***/.local/lib/python3.9/site-packages/urllib3/connectionpool.py:1095 InsecureRequestWarning: Unverified HTTPS request is being made to host 'randomuser.me'. Adding certificate verification is strongly advised. See: https://urllib3.readthedocs.io/en/latest/advanced-usage.html#tls-warnings
[2025-04-29T00:27:02.643+0000] {kafka_stream.py:57} ERROR - An error occured: Expecting value: line 1 column 1 (char 0)
[2025-04-29T00:27:02.781+0000] {logging_mixin.py:151} WARNING - /home/***/.local/lib/python3.9/site-packages/urllib3/connectionpool.py:1095 InsecureRequestWarning: Unverified HTTPS request is being made to host 'randomuser.me'. Adding certificate verification is strongly advised. See: https://urllib3.readthedocs.io/en/latest/advanced-usage.html#tls-warnings
[2025-04-29T00:27:02.838+0000] {kafka_stream.py:57} ERROR - An error occured: Expecting value: line 1 column 1 (char 0)
[2025-04-29T00:27:02.986+0000] {logging_mixin.py:151} WARNING - /home/***/.local/lib/python3.9/site-packages/urllib3/connectionpool.py:1095 InsecureRequestWarning: Unverified HTTPS request is being made to host 'randomuser.me'. Adding certificate verification is strongly advised. See: https://urllib3.readthedocs.io/en/latest/advanced-usage.html#tls-warnings
[2025-04-29T00:27:03.041+0000] {kafka_stream.py:57} ERROR - An error occured: Expecting value: line 1 column 1 (char 0)
[2025-04-29T00:27:03.271+0000] {logging_mixin.py:151} WARNING - /home/***/.local/lib/python3.9/site-packages/urllib3/connectionpool.py:1095 InsecureRequestWarning: Unverified HTTPS request is being made to host 'randomuser.me'. Adding certificate verification is strongly advised. See: https://urllib3.readthedocs.io/en/latest/advanced-usage.html#tls-warnings
[2025-04-29T00:27:03.323+0000] {kafka_stream.py:57} ERROR - An error occured: Expecting value: line 1 column 1 (char 0)
[2025-04-29T00:27:03.444+0000] {logging_mixin.py:151} WARNING - /home/***/.local/lib/python3.9/site-packages/urllib3/connectionpool.py:1095 InsecureRequestWarning: Unverified HTTPS request is being made to host 'randomuser.me'. Adding certificate verification is strongly advised. See: https://urllib3.readthedocs.io/en/latest/advanced-usage.html#tls-warnings
[2025-04-29T00:27:03.501+0000] {kafka_stream.py:57} ERROR - An error occured: Expecting value: line 1 column 1 (char 0)
[2025-04-29T00:27:03.604+0000] {logging_mixin.py:151} WARNING - /home/***/.local/lib/python3.9/site-packages/urllib3/connectionpool.py:1095 InsecureRequestWarning: Unverified HTTPS request is being made to host 'randomuser.me'. Adding certificate verification is strongly advised. See: https://urllib3.readthedocs.io/en/latest/advanced-usage.html#tls-warnings
[2025-04-29T00:27:03.654+0000] {kafka_stream.py:57} ERROR - An error occured: Expecting value: line 1 column 1 (char 0)
[2025-04-29T00:27:03.735+0000] {logging_mixin.py:151} WARNING - /home/***/.local/lib/python3.9/site-packages/urllib3/connectionpool.py:1095 InsecureRequestWarning: Unverified HTTPS request is being made to host 'randomuser.me'. Adding certificate verification is strongly advised. See: https://urllib3.readthedocs.io/en/latest/advanced-usage.html#tls-warnings
[2025-04-29T00:27:03.789+0000] {kafka_stream.py:57} ERROR - An error occured: Expecting value: line 1 column 1 (char 0)
[2025-04-29T00:27:03.907+0000] {logging_mixin.py:151} WARNING - /home/***/.local/lib/python3.9/site-packages/urllib3/connectionpool.py:1095 InsecureRequestWarning: Unverified HTTPS request is being made to host 'randomuser.me'. Adding certificate verification is strongly advised. See: https://urllib3.readthedocs.io/en/latest/advanced-usage.html#tls-warnings
[2025-04-29T00:27:03.963+0000] {kafka_stream.py:57} ERROR - An error occured: Expecting value: line 1 column 1 (char 0)
[2025-04-29T00:27:04.061+0000] {logging_mixin.py:151} WARNING - /home/***/.local/lib/python3.9/site-packages/urllib3/connectionpool.py:1095 InsecureRequestWarning: Unverified HTTPS request is being made to host 'randomuser.me'. Adding certificate verification is strongly advised. See: https://urllib3.readthedocs.io/en/latest/advanced-usage.html#tls-warnings
[2025-04-29T00:27:04.122+0000] {kafka_stream.py:57} ERROR - An error occured: Expecting value: line 1 column 1 (char 0)
[2025-04-29T00:27:04.231+0000] {logging_mixin.py:151} WARNING - /home/***/.local/lib/python3.9/site-packages/urllib3/connectionpool.py:1095 InsecureRequestWarning: Unverified HTTPS request is being made to host 'randomuser.me'. Adding certificate verification is strongly advised. See: https://urllib3.readthedocs.io/en/latest/advanced-usage.html#tls-warnings
[2025-04-29T00:27:04.281+0000] {kafka_stream.py:57} ERROR - An error occured: Expecting value: line 1 column 1 (char 0)
[2025-04-29T00:27:04.418+0000] {logging_mixin.py:151} WARNING - /home/***/.local/lib/python3.9/site-packages/urllib3/connectionpool.py:1095 InsecureRequestWarning: Unverified HTTPS request is being made to host 'randomuser.me'. Adding certificate verification is strongly advised. See: https://urllib3.readthedocs.io/en/latest/advanced-usage.html#tls-warnings
[2025-04-29T00:27:04.475+0000] {kafka_stream.py:57} ERROR - An error occured: Expecting value: line 1 column 1 (char 0)
[2025-04-29T00:27:04.570+0000] {logging_mixin.py:151} WARNING - /home/***/.local/lib/python3.9/site-packages/urllib3/connectionpool.py:1095 InsecureRequestWarning: Unverified HTTPS request is being made to host 'randomuser.me'. Adding certificate verification is strongly advised. See: https://urllib3.readthedocs.io/en/latest/advanced-usage.html#tls-warnings
[2025-04-29T00:27:04.627+0000] {kafka_stream.py:57} ERROR - An error occured: Expecting value: line 1 column 1 (char 0)
[2025-04-29T00:27:04.734+0000] {logging_mixin.py:151} WARNING - /home/***/.local/lib/python3.9/site-packages/urllib3/connectionpool.py:1095 InsecureRequestWarning: Unverified HTTPS request is being made to host 'randomuser.me'. Adding certificate verification is strongly advised. See: https://urllib3.readthedocs.io/en/latest/advanced-usage.html#tls-warnings
[2025-04-29T00:27:04.788+0000] {kafka_stream.py:57} ERROR - An error occured: Expecting value: line 1 column 1 (char 0)
[2025-04-29T00:27:04.908+0000] {logging_mixin.py:151} WARNING - /home/***/.local/lib/python3.9/site-packages/urllib3/connectionpool.py:1095 InsecureRequestWarning: Unverified HTTPS request is being made to host 'randomuser.me'. Adding certificate verification is strongly advised. See: https://urllib3.readthedocs.io/en/latest/advanced-usage.html#tls-warnings
[2025-04-29T00:27:04.959+0000] {kafka_stream.py:57} ERROR - An error occured: Expecting value: line 1 column 1 (char 0)
[2025-04-29T00:27:05.047+0000] {logging_mixin.py:151} WARNING - /home/***/.local/lib/python3.9/site-packages/urllib3/connectionpool.py:1095 InsecureRequestWarning: Unverified HTTPS request is being made to host 'randomuser.me'. Adding certificate verification is strongly advised. See: https://urllib3.readthedocs.io/en/latest/advanced-usage.html#tls-warnings
[2025-04-29T00:27:05.096+0000] {kafka_stream.py:57} ERROR - An error occured: Expecting value: line 1 column 1 (char 0)
[2025-04-29T00:27:05.264+0000] {logging_mixin.py:151} WARNING - /home/***/.local/lib/python3.9/site-packages/urllib3/connectionpool.py:1095 InsecureRequestWarning: Unverified HTTPS request is being made to host 'randomuser.me'. Adding certificate verification is strongly advised. See: https://urllib3.readthedocs.io/en/latest/advanced-usage.html#tls-warnings
[2025-04-29T00:27:05.317+0000] {kafka_stream.py:57} ERROR - An error occured: Expecting value: line 1 column 1 (char 0)
[2025-04-29T00:27:06.445+0000] {logging_mixin.py:151} WARNING - /home/***/.local/lib/python3.9/site-packages/urllib3/connectionpool.py:1095 InsecureRequestWarning: Unverified HTTPS request is being made to host 'randomuser.me'. Adding certificate verification is strongly advised. See: https://urllib3.readthedocs.io/en/latest/advanced-usage.html#tls-warnings
[2025-04-29T00:27:06.501+0000] {kafka_stream.py:57} ERROR - An error occured: Expecting value: line 1 column 1 (char 0)
[2025-04-29T00:27:06.627+0000] {logging_mixin.py:151} WARNING - /home/***/.local/lib/python3.9/site-packages/urllib3/connectionpool.py:1095 InsecureRequestWarning: Unverified HTTPS request is being made to host 'randomuser.me'. Adding certificate verification is strongly advised. See: https://urllib3.readthedocs.io/en/latest/advanced-usage.html#tls-warnings
[2025-04-29T00:27:06.679+0000] {kafka_stream.py:57} ERROR - An error occured: Expecting value: line 1 column 1 (char 0)
[2025-04-29T00:27:06.798+0000] {logging_mixin.py:151} WARNING - /home/***/.local/lib/python3.9/site-packages/urllib3/connectionpool.py:1095 InsecureRequestWarning: Unverified HTTPS request is being made to host 'randomuser.me'. Adding certificate verification is strongly advised. See: https://urllib3.readthedocs.io/en/latest/advanced-usage.html#tls-warnings
[2025-04-29T00:27:06.851+0000] {kafka_stream.py:57} ERROR - An error occured: Expecting value: line 1 column 1 (char 0)
[2025-04-29T00:27:06.978+0000] {logging_mixin.py:151} WARNING - /home/***/.local/lib/python3.9/site-packages/urllib3/connectionpool.py:1095 InsecureRequestWarning: Unverified HTTPS request is being made to host 'randomuser.me'. Adding certificate verification is strongly advised. See: https://urllib3.readthedocs.io/en/latest/advanced-usage.html#tls-warnings
[2025-04-29T00:27:07.035+0000] {kafka_stream.py:57} ERROR - An error occured: Expecting value: line 1 column 1 (char 0)
[2025-04-29T00:27:07.165+0000] {logging_mixin.py:151} WARNING - /home/***/.local/lib/python3.9/site-packages/urllib3/connectionpool.py:1095 InsecureRequestWarning: Unverified HTTPS request is being made to host 'randomuser.me'. Adding certificate verification is strongly advised. See: https://urllib3.readthedocs.io/en/latest/advanced-usage.html#tls-warnings
[2025-04-29T00:27:07.217+0000] {kafka_stream.py:57} ERROR - An error occured: Expecting value: line 1 column 1 (char 0)
[2025-04-29T00:27:07.322+0000] {logging_mixin.py:151} WARNING - /home/***/.local/lib/python3.9/site-packages/urllib3/connectionpool.py:1095 InsecureRequestWarning: Unverified HTTPS request is being made to host 'randomuser.me'. Adding certificate verification is strongly advised. See: https://urllib3.readthedocs.io/en/latest/advanced-usage.html#tls-warnings
[2025-04-29T00:27:07.375+0000] {kafka_stream.py:57} ERROR - An error occured: Expecting value: line 1 column 1 (char 0)
[2025-04-29T00:27:08.501+0000] {logging_mixin.py:151} WARNING - /home/***/.local/lib/python3.9/site-packages/urllib3/connectionpool.py:1095 InsecureRequestWarning: Unverified HTTPS request is being made to host 'randomuser.me'. Adding certificate verification is strongly advised. See: https://urllib3.readthedocs.io/en/latest/advanced-usage.html#tls-warnings
[2025-04-29T00:27:08.552+0000] {kafka_stream.py:57} ERROR - An error occured: Expecting value: line 1 column 1 (char 0)
[2025-04-29T00:27:08.664+0000] {logging_mixin.py:151} WARNING - /home/***/.local/lib/python3.9/site-packages/urllib3/connectionpool.py:1095 InsecureRequestWarning: Unverified HTTPS request is being made to host 'randomuser.me'. Adding certificate verification is strongly advised. See: https://urllib3.readthedocs.io/en/latest/advanced-usage.html#tls-warnings
[2025-04-29T00:27:08.721+0000] {kafka_stream.py:57} ERROR - An error occured: Expecting value: line 1 column 1 (char 0)
[2025-04-29T00:27:08.838+0000] {logging_mixin.py:151} WARNING - /home/***/.local/lib/python3.9/site-packages/urllib3/connectionpool.py:1095 InsecureRequestWarning: Unverified HTTPS request is being made to host 'randomuser.me'. Adding certificate verification is strongly advised. See: https://urllib3.readthedocs.io/en/latest/advanced-usage.html#tls-warnings
[2025-04-29T00:27:08.889+0000] {kafka_stream.py:57} ERROR - An error occured: Expecting value: line 1 column 1 (char 0)
[2025-04-29T00:27:09.007+0000] {logging_mixin.py:151} WARNING - /home/***/.local/lib/python3.9/site-packages/urllib3/connectionpool.py:1095 InsecureRequestWarning: Unverified HTTPS request is being made to host 'randomuser.me'. Adding certificate verification is strongly advised. See: https://urllib3.readthedocs.io/en/latest/advanced-usage.html#tls-warnings
[2025-04-29T00:27:09.059+0000] {kafka_stream.py:57} ERROR - An error occured: Expecting value: line 1 column 1 (char 0)
[2025-04-29T00:27:09.162+0000] {logging_mixin.py:151} WARNING - /home/***/.local/lib/python3.9/site-packages/urllib3/connectionpool.py:1095 InsecureRequestWarning: Unverified HTTPS request is being made to host 'randomuser.me'. Adding certificate verification is strongly advised. See: https://urllib3.readthedocs.io/en/latest/advanced-usage.html#tls-warnings
[2025-04-29T00:27:09.213+0000] {kafka_stream.py:57} ERROR - An error occured: Expecting value: line 1 column 1 (char 0)
[2025-04-29T00:27:09.326+0000] {logging_mixin.py:151} WARNING - /home/***/.local/lib/python3.9/site-packages/urllib3/connectionpool.py:1095 InsecureRequestWarning: Unverified HTTPS request is being made to host 'randomuser.me'. Adding certificate verification is strongly advised. See: https://urllib3.readthedocs.io/en/latest/advanced-usage.html#tls-warnings
[2025-04-29T00:27:09.378+0000] {kafka_stream.py:57} ERROR - An error occured: Expecting value: line 1 column 1 (char 0)
[2025-04-29T00:27:09.495+0000] {logging_mixin.py:151} WARNING - /home/***/.local/lib/python3.9/site-packages/urllib3/connectionpool.py:1095 InsecureRequestWarning: Unverified HTTPS request is being made to host 'randomuser.me'. Adding certificate verification is strongly advised. See: https://urllib3.readthedocs.io/en/latest/advanced-usage.html#tls-warnings
[2025-04-29T00:27:09.548+0000] {kafka_stream.py:57} ERROR - An error occured: Expecting value: line 1 column 1 (char 0)
[2025-04-29T00:27:09.653+0000] {logging_mixin.py:151} WARNING - /home/***/.local/lib/python3.9/site-packages/urllib3/connectionpool.py:1095 InsecureRequestWarning: Unverified HTTPS request is being made to host 'randomuser.me'. Adding certificate verification is strongly advised. See: https://urllib3.readthedocs.io/en/latest/advanced-usage.html#tls-warnings
[2025-04-29T00:27:09.705+0000] {kafka_stream.py:57} ERROR - An error occured: Expecting value: line 1 column 1 (char 0)
[2025-04-29T00:27:09.824+0000] {logging_mixin.py:151} WARNING - /home/***/.local/lib/python3.9/site-packages/urllib3/connectionpool.py:1095 InsecureRequestWarning: Unverified HTTPS request is being made to host 'randomuser.me'. Adding certificate verification is strongly advised. See: https://urllib3.readthedocs.io/en/latest/advanced-usage.html#tls-warnings
[2025-04-29T00:27:09.875+0000] {kafka_stream.py:57} ERROR - An error occured: Expecting value: line 1 column 1 (char 0)
[2025-04-29T00:27:09.966+0000] {logging_mixin.py:151} WARNING - /home/***/.local/lib/python3.9/site-packages/urllib3/connectionpool.py:1095 InsecureRequestWarning: Unverified HTTPS request is being made to host 'randomuser.me'. Adding certificate verification is strongly advised. See: https://urllib3.readthedocs.io/en/latest/advanced-usage.html#tls-warnings
[2025-04-29T00:27:10.026+0000] {kafka_stream.py:57} ERROR - An error occured: Expecting value: line 1 column 1 (char 0)
[2025-04-29T00:27:10.138+0000] {logging_mixin.py:151} WARNING - /home/***/.local/lib/python3.9/site-packages/urllib3/connectionpool.py:1095 InsecureRequestWarning: Unverified HTTPS request is being made to host 'randomuser.me'. Adding certificate verification is strongly advised. See: https://urllib3.readthedocs.io/en/latest/advanced-usage.html#tls-warnings
[2025-04-29T00:27:10.188+0000] {kafka_stream.py:57} ERROR - An error occured: Expecting value: line 1 column 1 (char 0)
[2025-04-29T00:27:10.276+0000] {logging_mixin.py:151} WARNING - /home/***/.local/lib/python3.9/site-packages/urllib3/connectionpool.py:1095 InsecureRequestWarning: Unverified HTTPS request is being made to host 'randomuser.me'. Adding certificate verification is strongly advised. See: https://urllib3.readthedocs.io/en/latest/advanced-usage.html#tls-warnings
[2025-04-29T00:27:10.329+0000] {kafka_stream.py:57} ERROR - An error occured: Expecting value: line 1 column 1 (char 0)
[2025-04-29T00:27:10.448+0000] {logging_mixin.py:151} WARNING - /home/***/.local/lib/python3.9/site-packages/urllib3/connectionpool.py:1095 InsecureRequestWarning: Unverified HTTPS request is being made to host 'randomuser.me'. Adding certificate verification is strongly advised. See: https://urllib3.readthedocs.io/en/latest/advanced-usage.html#tls-warnings
[2025-04-29T00:27:10.502+0000] {kafka_stream.py:57} ERROR - An error occured: Expecting value: line 1 column 1 (char 0)
[2025-04-29T00:27:10.708+0000] {logging_mixin.py:151} WARNING - /home/***/.local/lib/python3.9/site-packages/urllib3/connectionpool.py:1095 InsecureRequestWarning: Unverified HTTPS request is being made to host 'randomuser.me'. Adding certificate verification is strongly advised. See: https://urllib3.readthedocs.io/en/latest/advanced-usage.html#tls-warnings
[2025-04-29T00:27:10.770+0000] {kafka_stream.py:57} ERROR - An error occured: Expecting value: line 1 column 1 (char 0)
[2025-04-29T00:27:10.874+0000] {logging_mixin.py:151} WARNING - /home/***/.local/lib/python3.9/site-packages/urllib3/connectionpool.py:1095 InsecureRequestWarning: Unverified HTTPS request is being made to host 'randomuser.me'. Adding certificate verification is strongly advised. See: https://urllib3.readthedocs.io/en/latest/advanced-usage.html#tls-warnings
[2025-04-29T00:27:10.927+0000] {kafka_stream.py:57} ERROR - An error occured: Expecting value: line 1 column 1 (char 0)
[2025-04-29T00:27:11.087+0000] {logging_mixin.py:151} WARNING - /home/***/.local/lib/python3.9/site-packages/urllib3/connectionpool.py:1095 InsecureRequestWarning: Unverified HTTPS request is being made to host 'randomuser.me'. Adding certificate verification is strongly advised. See: https://urllib3.readthedocs.io/en/latest/advanced-usage.html#tls-warnings
[2025-04-29T00:27:11.139+0000] {kafka_stream.py:57} ERROR - An error occured: Expecting value: line 1 column 1 (char 0)
[2025-04-29T00:27:11.273+0000] {logging_mixin.py:151} WARNING - /home/***/.local/lib/python3.9/site-packages/urllib3/connectionpool.py:1095 InsecureRequestWarning: Unverified HTTPS request is being made to host 'randomuser.me'. Adding certificate verification is strongly advised. See: https://urllib3.readthedocs.io/en/latest/advanced-usage.html#tls-warnings
[2025-04-29T00:27:11.325+0000] {kafka_stream.py:57} ERROR - An error occured: Expecting value: line 1 column 1 (char 0)
[2025-04-29T00:27:11.473+0000] {logging_mixin.py:151} WARNING - /home/***/.local/lib/python3.9/site-packages/urllib3/connectionpool.py:1095 InsecureRequestWarning: Unverified HTTPS request is being made to host 'randomuser.me'. Adding certificate verification is strongly advised. See: https://urllib3.readthedocs.io/en/latest/advanced-usage.html#tls-warnings
[2025-04-29T00:27:11.526+0000] {kafka_stream.py:57} ERROR - An error occured: Expecting value: line 1 column 1 (char 0)
[2025-04-29T00:27:11.634+0000] {logging_mixin.py:151} WARNING - /home/***/.local/lib/python3.9/site-packages/urllib3/connectionpool.py:1095 InsecureRequestWarning: Unverified HTTPS request is being made to host 'randomuser.me'. Adding certificate verification is strongly advised. See: https://urllib3.readthedocs.io/en/latest/advanced-usage.html#tls-warnings
[2025-04-29T00:27:11.693+0000] {kafka_stream.py:57} ERROR - An error occured: Expecting value: line 1 column 1 (char 0)
[2025-04-29T00:27:11.794+0000] {logging_mixin.py:151} WARNING - /home/***/.local/lib/python3.9/site-packages/urllib3/connectionpool.py:1095 InsecureRequestWarning: Unverified HTTPS request is being made to host 'randomuser.me'. Adding certificate verification is strongly advised. See: https://urllib3.readthedocs.io/en/latest/advanced-usage.html#tls-warnings
[2025-04-29T00:27:11.845+0000] {kafka_stream.py:57} ERROR - An error occured: Expecting value: line 1 column 1 (char 0)
[2025-04-29T00:27:11.972+0000] {logging_mixin.py:151} WARNING - /home/***/.local/lib/python3.9/site-packages/urllib3/connectionpool.py:1095 InsecureRequestWarning: Unverified HTTPS request is being made to host 'randomuser.me'. Adding certificate verification is strongly advised. See: https://urllib3.readthedocs.io/en/latest/advanced-usage.html#tls-warnings
[2025-04-29T00:27:12.024+0000] {kafka_stream.py:57} ERROR - An error occured: Expecting value: line 1 column 1 (char 0)
[2025-04-29T00:27:12.128+0000] {logging_mixin.py:151} WARNING - /home/***/.local/lib/python3.9/site-packages/urllib3/connectionpool.py:1095 InsecureRequestWarning: Unverified HTTPS request is being made to host 'randomuser.me'. Adding certificate verification is strongly advised. See: https://urllib3.readthedocs.io/en/latest/advanced-usage.html#tls-warnings
[2025-04-29T00:27:12.181+0000] {kafka_stream.py:57} ERROR - An error occured: Expecting value: line 1 column 1 (char 0)
[2025-04-29T00:27:12.300+0000] {logging_mixin.py:151} WARNING - /home/***/.local/lib/python3.9/site-packages/urllib3/connectionpool.py:1095 InsecureRequestWarning: Unverified HTTPS request is being made to host 'randomuser.me'. Adding certificate verification is strongly advised. See: https://urllib3.readthedocs.io/en/latest/advanced-usage.html#tls-warnings
[2025-04-29T00:27:12.357+0000] {kafka_stream.py:57} ERROR - An error occured: Expecting value: line 1 column 1 (char 0)
[2025-04-29T00:27:12.461+0000] {logging_mixin.py:151} WARNING - /home/***/.local/lib/python3.9/site-packages/urllib3/connectionpool.py:1095 InsecureRequestWarning: Unverified HTTPS request is being made to host 'randomuser.me'. Adding certificate verification is strongly advised. See: https://urllib3.readthedocs.io/en/latest/advanced-usage.html#tls-warnings
[2025-04-29T00:27:12.511+0000] {kafka_stream.py:57} ERROR - An error occured: Expecting value: line 1 column 1 (char 0)
[2025-04-29T00:27:12.726+0000] {logging_mixin.py:151} WARNING - /home/***/.local/lib/python3.9/site-packages/urllib3/connectionpool.py:1095 InsecureRequestWarning: Unverified HTTPS request is being made to host 'randomuser.me'. Adding certificate verification is strongly advised. See: https://urllib3.readthedocs.io/en/latest/advanced-usage.html#tls-warnings
[2025-04-29T00:27:12.779+0000] {kafka_stream.py:57} ERROR - An error occured: Expecting value: line 1 column 1 (char 0)
[2025-04-29T00:27:12.897+0000] {logging_mixin.py:151} WARNING - /home/***/.local/lib/python3.9/site-packages/urllib3/connectionpool.py:1095 InsecureRequestWarning: Unverified HTTPS request is being made to host 'randomuser.me'. Adding certificate verification is strongly advised. See: https://urllib3.readthedocs.io/en/latest/advanced-usage.html#tls-warnings
[2025-04-29T00:27:12.950+0000] {kafka_stream.py:57} ERROR - An error occured: Expecting value: line 1 column 1 (char 0)
[2025-04-29T00:27:13.069+0000] {logging_mixin.py:151} WARNING - /home/***/.local/lib/python3.9/site-packages/urllib3/connectionpool.py:1095 InsecureRequestWarning: Unverified HTTPS request is being made to host 'randomuser.me'. Adding certificate verification is strongly advised. See: https://urllib3.readthedocs.io/en/latest/advanced-usage.html#tls-warnings
[2025-04-29T00:27:13.127+0000] {kafka_stream.py:57} ERROR - An error occured: Expecting value: line 1 column 1 (char 0)
[2025-04-29T00:27:13.259+0000] {logging_mixin.py:151} WARNING - /home/***/.local/lib/python3.9/site-packages/urllib3/connectionpool.py:1095 InsecureRequestWarning: Unverified HTTPS request is being made to host 'randomuser.me'. Adding certificate verification is strongly advised. See: https://urllib3.readthedocs.io/en/latest/advanced-usage.html#tls-warnings
[2025-04-29T00:27:13.339+0000] {kafka_stream.py:57} ERROR - An error occured: Expecting value: line 1 column 1 (char 0)
[2025-04-29T00:27:13.440+0000] {logging_mixin.py:151} WARNING - /home/***/.local/lib/python3.9/site-packages/urllib3/connectionpool.py:1095 InsecureRequestWarning: Unverified HTTPS request is being made to host 'randomuser.me'. Adding certificate verification is strongly advised. See: https://urllib3.readthedocs.io/en/latest/advanced-usage.html#tls-warnings
[2025-04-29T00:27:13.492+0000] {kafka_stream.py:57} ERROR - An error occured: Expecting value: line 1 column 1 (char 0)
[2025-04-29T00:27:13.605+0000] {logging_mixin.py:151} WARNING - /home/***/.local/lib/python3.9/site-packages/urllib3/connectionpool.py:1095 InsecureRequestWarning: Unverified HTTPS request is being made to host 'randomuser.me'. Adding certificate verification is strongly advised. See: https://urllib3.readthedocs.io/en/latest/advanced-usage.html#tls-warnings
[2025-04-29T00:27:13.657+0000] {kafka_stream.py:57} ERROR - An error occured: Expecting value: line 1 column 1 (char 0)
[2025-04-29T00:27:13.772+0000] {logging_mixin.py:151} WARNING - /home/***/.local/lib/python3.9/site-packages/urllib3/connectionpool.py:1095 InsecureRequestWarning: Unverified HTTPS request is being made to host 'randomuser.me'. Adding certificate verification is strongly advised. See: https://urllib3.readthedocs.io/en/latest/advanced-usage.html#tls-warnings
[2025-04-29T00:27:13.823+0000] {kafka_stream.py:57} ERROR - An error occured: Expecting value: line 1 column 1 (char 0)
[2025-04-29T00:27:13.923+0000] {logging_mixin.py:151} WARNING - /home/***/.local/lib/python3.9/site-packages/urllib3/connectionpool.py:1095 InsecureRequestWarning: Unverified HTTPS request is being made to host 'randomuser.me'. Adding certificate verification is strongly advised. See: https://urllib3.readthedocs.io/en/latest/advanced-usage.html#tls-warnings
[2025-04-29T00:27:13.974+0000] {kafka_stream.py:57} ERROR - An error occured: Expecting value: line 1 column 1 (char 0)
[2025-04-29T00:27:14.062+0000] {logging_mixin.py:151} WARNING - /home/***/.local/lib/python3.9/site-packages/urllib3/connectionpool.py:1095 InsecureRequestWarning: Unverified HTTPS request is being made to host 'randomuser.me'. Adding certificate verification is strongly advised. See: https://urllib3.readthedocs.io/en/latest/advanced-usage.html#tls-warnings
[2025-04-29T00:27:14.114+0000] {kafka_stream.py:57} ERROR - An error occured: Expecting value: line 1 column 1 (char 0)
[2025-04-29T00:27:14.248+0000] {logging_mixin.py:151} WARNING - /home/***/.local/lib/python3.9/site-packages/urllib3/connectionpool.py:1095 InsecureRequestWarning: Unverified HTTPS request is being made to host 'randomuser.me'. Adding certificate verification is strongly advised. See: https://urllib3.readthedocs.io/en/latest/advanced-usage.html#tls-warnings
[2025-04-29T00:27:14.302+0000] {kafka_stream.py:57} ERROR - An error occured: Expecting value: line 1 column 1 (char 0)
[2025-04-29T00:27:14.399+0000] {logging_mixin.py:151} WARNING - /home/***/.local/lib/python3.9/site-packages/urllib3/connectionpool.py:1095 InsecureRequestWarning: Unverified HTTPS request is being made to host 'randomuser.me'. Adding certificate verification is strongly advised. See: https://urllib3.readthedocs.io/en/latest/advanced-usage.html#tls-warnings
[2025-04-29T00:27:14.460+0000] {kafka_stream.py:57} ERROR - An error occured: Expecting value: line 1 column 1 (char 0)
[2025-04-29T00:27:14.561+0000] {logging_mixin.py:151} WARNING - /home/***/.local/lib/python3.9/site-packages/urllib3/connectionpool.py:1095 InsecureRequestWarning: Unverified HTTPS request is being made to host 'randomuser.me'. Adding certificate verification is strongly advised. See: https://urllib3.readthedocs.io/en/latest/advanced-usage.html#tls-warnings
[2025-04-29T00:27:14.614+0000] {kafka_stream.py:57} ERROR - An error occured: Expecting value: line 1 column 1 (char 0)
[2025-04-29T00:27:14.701+0000] {logging_mixin.py:151} WARNING - /home/***/.local/lib/python3.9/site-packages/urllib3/connectionpool.py:1095 InsecureRequestWarning: Unverified HTTPS request is being made to host 'randomuser.me'. Adding certificate verification is strongly advised. See: https://urllib3.readthedocs.io/en/latest/advanced-usage.html#tls-warnings
[2025-04-29T00:27:14.757+0000] {kafka_stream.py:57} ERROR - An error occured: Expecting value: line 1 column 1 (char 0)
[2025-04-29T00:27:14.865+0000] {logging_mixin.py:151} WARNING - /home/***/.local/lib/python3.9/site-packages/urllib3/connectionpool.py:1095 InsecureRequestWarning: Unverified HTTPS request is being made to host 'randomuser.me'. Adding certificate verification is strongly advised. See: https://urllib3.readthedocs.io/en/latest/advanced-usage.html#tls-warnings
[2025-04-29T00:27:14.916+0000] {kafka_stream.py:57} ERROR - An error occured: Expecting value: line 1 column 1 (char 0)
[2025-04-29T00:27:15.207+0000] {logging_mixin.py:151} WARNING - /home/***/.local/lib/python3.9/site-packages/urllib3/connectionpool.py:1095 InsecureRequestWarning: Unverified HTTPS request is being made to host 'randomuser.me'. Adding certificate verification is strongly advised. See: https://urllib3.readthedocs.io/en/latest/advanced-usage.html#tls-warnings
[2025-04-29T00:27:15.258+0000] {kafka_stream.py:57} ERROR - An error occured: Expecting value: line 1 column 1 (char 0)
[2025-04-29T00:27:15.384+0000] {logging_mixin.py:151} WARNING - /home/***/.local/lib/python3.9/site-packages/urllib3/connectionpool.py:1095 InsecureRequestWarning: Unverified HTTPS request is being made to host 'randomuser.me'. Adding certificate verification is strongly advised. See: https://urllib3.readthedocs.io/en/latest/advanced-usage.html#tls-warnings
[2025-04-29T00:27:15.434+0000] {kafka_stream.py:57} ERROR - An error occured: Expecting value: line 1 column 1 (char 0)
[2025-04-29T00:27:15.572+0000] {logging_mixin.py:151} WARNING - /home/***/.local/lib/python3.9/site-packages/urllib3/connectionpool.py:1095 InsecureRequestWarning: Unverified HTTPS request is being made to host 'randomuser.me'. Adding certificate verification is strongly advised. See: https://urllib3.readthedocs.io/en/latest/advanced-usage.html#tls-warnings
[2025-04-29T00:27:15.625+0000] {kafka_stream.py:57} ERROR - An error occured: Expecting value: line 1 column 1 (char 0)
[2025-04-29T00:27:15.767+0000] {logging_mixin.py:151} WARNING - /home/***/.local/lib/python3.9/site-packages/urllib3/connectionpool.py:1095 InsecureRequestWarning: Unverified HTTPS request is being made to host 'randomuser.me'. Adding certificate verification is strongly advised. See: https://urllib3.readthedocs.io/en/latest/advanced-usage.html#tls-warnings
[2025-04-29T00:27:15.822+0000] {kafka_stream.py:57} ERROR - An error occured: Expecting value: line 1 column 1 (char 0)
[2025-04-29T00:27:15.937+0000] {logging_mixin.py:151} WARNING - /home/***/.local/lib/python3.9/site-packages/urllib3/connectionpool.py:1095 InsecureRequestWarning: Unverified HTTPS request is being made to host 'randomuser.me'. Adding certificate verification is strongly advised. See: https://urllib3.readthedocs.io/en/latest/advanced-usage.html#tls-warnings
[2025-04-29T00:27:15.997+0000] {kafka_stream.py:57} ERROR - An error occured: Expecting value: line 1 column 1 (char 0)
[2025-04-29T00:27:16.110+0000] {logging_mixin.py:151} WARNING - /home/***/.local/lib/python3.9/site-packages/urllib3/connectionpool.py:1095 InsecureRequestWarning: Unverified HTTPS request is being made to host 'randomuser.me'. Adding certificate verification is strongly advised. See: https://urllib3.readthedocs.io/en/latest/advanced-usage.html#tls-warnings
[2025-04-29T00:27:16.197+0000] {kafka_stream.py:57} ERROR - An error occured: Expecting value: line 1 column 1 (char 0)
[2025-04-29T00:27:16.303+0000] {logging_mixin.py:151} WARNING - /home/***/.local/lib/python3.9/site-packages/urllib3/connectionpool.py:1095 InsecureRequestWarning: Unverified HTTPS request is being made to host 'randomuser.me'. Adding certificate verification is strongly advised. See: https://urllib3.readthedocs.io/en/latest/advanced-usage.html#tls-warnings
[2025-04-29T00:27:16.362+0000] {kafka_stream.py:57} ERROR - An error occured: Expecting value: line 1 column 1 (char 0)
[2025-04-29T00:27:16.457+0000] {logging_mixin.py:151} WARNING - /home/***/.local/lib/python3.9/site-packages/urllib3/connectionpool.py:1095 InsecureRequestWarning: Unverified HTTPS request is being made to host 'randomuser.me'. Adding certificate verification is strongly advised. See: https://urllib3.readthedocs.io/en/latest/advanced-usage.html#tls-warnings
[2025-04-29T00:27:16.511+0000] {kafka_stream.py:57} ERROR - An error occured: Expecting value: line 1 column 1 (char 0)
[2025-04-29T00:27:16.630+0000] {logging_mixin.py:151} WARNING - /home/***/.local/lib/python3.9/site-packages/urllib3/connectionpool.py:1095 InsecureRequestWarning: Unverified HTTPS request is being made to host 'randomuser.me'. Adding certificate verification is strongly advised. See: https://urllib3.readthedocs.io/en/latest/advanced-usage.html#tls-warnings
[2025-04-29T00:27:16.688+0000] {kafka_stream.py:57} ERROR - An error occured: Expecting value: line 1 column 1 (char 0)
[2025-04-29T00:27:16.785+0000] {logging_mixin.py:151} WARNING - /home/***/.local/lib/python3.9/site-packages/urllib3/connectionpool.py:1095 InsecureRequestWarning: Unverified HTTPS request is being made to host 'randomuser.me'. Adding certificate verification is strongly advised. See: https://urllib3.readthedocs.io/en/latest/advanced-usage.html#tls-warnings
[2025-04-29T00:27:16.835+0000] {kafka_stream.py:57} ERROR - An error occured: Expecting value: line 1 column 1 (char 0)
[2025-04-29T00:27:16.954+0000] {logging_mixin.py:151} WARNING - /home/***/.local/lib/python3.9/site-packages/urllib3/connectionpool.py:1095 InsecureRequestWarning: Unverified HTTPS request is being made to host 'randomuser.me'. Adding certificate verification is strongly advised. See: https://urllib3.readthedocs.io/en/latest/advanced-usage.html#tls-warnings
[2025-04-29T00:27:17.017+0000] {kafka_stream.py:57} ERROR - An error occured: Expecting value: line 1 column 1 (char 0)
[2025-04-29T00:27:17.156+0000] {logging_mixin.py:151} WARNING - /home/***/.local/lib/python3.9/site-packages/urllib3/connectionpool.py:1095 InsecureRequestWarning: Unverified HTTPS request is being made to host 'randomuser.me'. Adding certificate verification is strongly advised. See: https://urllib3.readthedocs.io/en/latest/advanced-usage.html#tls-warnings
[2025-04-29T00:27:17.224+0000] {kafka_stream.py:57} ERROR - An error occured: Expecting value: line 1 column 1 (char 0)
[2025-04-29T00:27:17.327+0000] {logging_mixin.py:151} WARNING - /home/***/.local/lib/python3.9/site-packages/urllib3/connectionpool.py:1095 InsecureRequestWarning: Unverified HTTPS request is being made to host 'randomuser.me'. Adding certificate verification is strongly advised. See: https://urllib3.readthedocs.io/en/latest/advanced-usage.html#tls-warnings
[2025-04-29T00:27:17.378+0000] {kafka_stream.py:57} ERROR - An error occured: Expecting value: line 1 column 1 (char 0)
[2025-04-29T00:27:17.473+0000] {logging_mixin.py:151} WARNING - /home/***/.local/lib/python3.9/site-packages/urllib3/connectionpool.py:1095 InsecureRequestWarning: Unverified HTTPS request is being made to host 'randomuser.me'. Adding certificate verification is strongly advised. See: https://urllib3.readthedocs.io/en/latest/advanced-usage.html#tls-warnings
[2025-04-29T00:27:17.527+0000] {kafka_stream.py:57} ERROR - An error occured: Expecting value: line 1 column 1 (char 0)
[2025-04-29T00:27:17.637+0000] {logging_mixin.py:151} WARNING - /home/***/.local/lib/python3.9/site-packages/urllib3/connectionpool.py:1095 InsecureRequestWarning: Unverified HTTPS request is being made to host 'randomuser.me'. Adding certificate verification is strongly advised. See: https://urllib3.readthedocs.io/en/latest/advanced-usage.html#tls-warnings
[2025-04-29T00:27:17.691+0000] {kafka_stream.py:57} ERROR - An error occured: Expecting value: line 1 column 1 (char 0)
[2025-04-29T00:27:17.817+0000] {logging_mixin.py:151} WARNING - /home/***/.local/lib/python3.9/site-packages/urllib3/connectionpool.py:1095 InsecureRequestWarning: Unverified HTTPS request is being made to host 'randomuser.me'. Adding certificate verification is strongly advised. See: https://urllib3.readthedocs.io/en/latest/advanced-usage.html#tls-warnings
[2025-04-29T00:27:17.869+0000] {kafka_stream.py:57} ERROR - An error occured: Expecting value: line 1 column 1 (char 0)
[2025-04-29T00:27:18.005+0000] {logging_mixin.py:151} WARNING - /home/***/.local/lib/python3.9/site-packages/urllib3/connectionpool.py:1095 InsecureRequestWarning: Unverified HTTPS request is being made to host 'randomuser.me'. Adding certificate verification is strongly advised. See: https://urllib3.readthedocs.io/en/latest/advanced-usage.html#tls-warnings
[2025-04-29T00:27:18.053+0000] {kafka_stream.py:57} ERROR - An error occured: Expecting value: line 1 column 1 (char 0)
[2025-04-29T00:27:18.143+0000] {logging_mixin.py:151} WARNING - /home/***/.local/lib/python3.9/site-packages/urllib3/connectionpool.py:1095 InsecureRequestWarning: Unverified HTTPS request is being made to host 'randomuser.me'. Adding certificate verification is strongly advised. See: https://urllib3.readthedocs.io/en/latest/advanced-usage.html#tls-warnings
[2025-04-29T00:27:18.196+0000] {kafka_stream.py:57} ERROR - An error occured: Expecting value: line 1 column 1 (char 0)
[2025-04-29T00:27:18.300+0000] {logging_mixin.py:151} WARNING - /home/***/.local/lib/python3.9/site-packages/urllib3/connectionpool.py:1095 InsecureRequestWarning: Unverified HTTPS request is being made to host 'randomuser.me'. Adding certificate verification is strongly advised. See: https://urllib3.readthedocs.io/en/latest/advanced-usage.html#tls-warnings
[2025-04-29T00:27:18.352+0000] {kafka_stream.py:57} ERROR - An error occured: Expecting value: line 1 column 1 (char 0)
[2025-04-29T00:27:18.461+0000] {logging_mixin.py:151} WARNING - /home/***/.local/lib/python3.9/site-packages/urllib3/connectionpool.py:1095 InsecureRequestWarning: Unverified HTTPS request is being made to host 'randomuser.me'. Adding certificate verification is strongly advised. See: https://urllib3.readthedocs.io/en/latest/advanced-usage.html#tls-warnings
[2025-04-29T00:27:18.517+0000] {kafka_stream.py:57} ERROR - An error occured: Expecting value: line 1 column 1 (char 0)
[2025-04-29T00:27:18.614+0000] {logging_mixin.py:151} WARNING - /home/***/.local/lib/python3.9/site-packages/urllib3/connectionpool.py:1095 InsecureRequestWarning: Unverified HTTPS request is being made to host 'randomuser.me'. Adding certificate verification is strongly advised. See: https://urllib3.readthedocs.io/en/latest/advanced-usage.html#tls-warnings
[2025-04-29T00:27:18.665+0000] {kafka_stream.py:57} ERROR - An error occured: Expecting value: line 1 column 1 (char 0)
[2025-04-29T00:27:18.784+0000] {logging_mixin.py:151} WARNING - /home/***/.local/lib/python3.9/site-packages/urllib3/connectionpool.py:1095 InsecureRequestWarning: Unverified HTTPS request is being made to host 'randomuser.me'. Adding certificate verification is strongly advised. See: https://urllib3.readthedocs.io/en/latest/advanced-usage.html#tls-warnings
[2025-04-29T00:27:18.834+0000] {kafka_stream.py:57} ERROR - An error occured: Expecting value: line 1 column 1 (char 0)
[2025-04-29T00:27:18.939+0000] {logging_mixin.py:151} WARNING - /home/***/.local/lib/python3.9/site-packages/urllib3/connectionpool.py:1095 InsecureRequestWarning: Unverified HTTPS request is being made to host 'randomuser.me'. Adding certificate verification is strongly advised. See: https://urllib3.readthedocs.io/en/latest/advanced-usage.html#tls-warnings
[2025-04-29T00:27:18.987+0000] {kafka_stream.py:57} ERROR - An error occured: Expecting value: line 1 column 1 (char 0)
[2025-04-29T00:27:19.152+0000] {logging_mixin.py:151} WARNING - /home/***/.local/lib/python3.9/site-packages/urllib3/connectionpool.py:1095 InsecureRequestWarning: Unverified HTTPS request is being made to host 'randomuser.me'. Adding certificate verification is strongly advised. See: https://urllib3.readthedocs.io/en/latest/advanced-usage.html#tls-warnings
[2025-04-29T00:27:19.207+0000] {kafka_stream.py:57} ERROR - An error occured: Expecting value: line 1 column 1 (char 0)
[2025-04-29T00:27:19.299+0000] {logging_mixin.py:151} WARNING - /home/***/.local/lib/python3.9/site-packages/urllib3/connectionpool.py:1095 InsecureRequestWarning: Unverified HTTPS request is being made to host 'randomuser.me'. Adding certificate verification is strongly advised. See: https://urllib3.readthedocs.io/en/latest/advanced-usage.html#tls-warnings
[2025-04-29T00:27:19.357+0000] {kafka_stream.py:57} ERROR - An error occured: Expecting value: line 1 column 1 (char 0)
[2025-04-29T00:27:19.480+0000] {logging_mixin.py:151} WARNING - /home/***/.local/lib/python3.9/site-packages/urllib3/connectionpool.py:1095 InsecureRequestWarning: Unverified HTTPS request is being made to host 'randomuser.me'. Adding certificate verification is strongly advised. See: https://urllib3.readthedocs.io/en/latest/advanced-usage.html#tls-warnings
[2025-04-29T00:27:19.536+0000] {kafka_stream.py:57} ERROR - An error occured: Expecting value: line 1 column 1 (char 0)
[2025-04-29T00:27:19.623+0000] {logging_mixin.py:151} WARNING - /home/***/.local/lib/python3.9/site-packages/urllib3/connectionpool.py:1095 InsecureRequestWarning: Unverified HTTPS request is being made to host 'randomuser.me'. Adding certificate verification is strongly advised. See: https://urllib3.readthedocs.io/en/latest/advanced-usage.html#tls-warnings
[2025-04-29T00:27:19.676+0000] {kafka_stream.py:57} ERROR - An error occured: Expecting value: line 1 column 1 (char 0)
[2025-04-29T00:27:19.784+0000] {logging_mixin.py:151} WARNING - /home/***/.local/lib/python3.9/site-packages/urllib3/connectionpool.py:1095 InsecureRequestWarning: Unverified HTTPS request is being made to host 'randomuser.me'. Adding certificate verification is strongly advised. See: https://urllib3.readthedocs.io/en/latest/advanced-usage.html#tls-warnings
[2025-04-29T00:27:19.840+0000] {kafka_stream.py:57} ERROR - An error occured: Expecting value: line 1 column 1 (char 0)
[2025-04-29T00:27:19.975+0000] {logging_mixin.py:151} WARNING - /home/***/.local/lib/python3.9/site-packages/urllib3/connectionpool.py:1095 InsecureRequestWarning: Unverified HTTPS request is being made to host 'randomuser.me'. Adding certificate verification is strongly advised. See: https://urllib3.readthedocs.io/en/latest/advanced-usage.html#tls-warnings
[2025-04-29T00:27:20.061+0000] {kafka_stream.py:57} ERROR - An error occured: Expecting value: line 1 column 1 (char 0)
[2025-04-29T00:27:20.217+0000] {logging_mixin.py:151} WARNING - /home/***/.local/lib/python3.9/site-packages/urllib3/connectionpool.py:1095 InsecureRequestWarning: Unverified HTTPS request is being made to host 'randomuser.me'. Adding certificate verification is strongly advised. See: https://urllib3.readthedocs.io/en/latest/advanced-usage.html#tls-warnings
[2025-04-29T00:27:20.267+0000] {kafka_stream.py:57} ERROR - An error occured: Expecting value: line 1 column 1 (char 0)
[2025-04-29T00:27:20.384+0000] {logging_mixin.py:151} WARNING - /home/***/.local/lib/python3.9/site-packages/urllib3/connectionpool.py:1095 InsecureRequestWarning: Unverified HTTPS request is being made to host 'randomuser.me'. Adding certificate verification is strongly advised. See: https://urllib3.readthedocs.io/en/latest/advanced-usage.html#tls-warnings
[2025-04-29T00:27:20.437+0000] {kafka_stream.py:57} ERROR - An error occured: Expecting value: line 1 column 1 (char 0)
[2025-04-29T00:27:20.523+0000] {logging_mixin.py:151} WARNING - /home/***/.local/lib/python3.9/site-packages/urllib3/connectionpool.py:1095 InsecureRequestWarning: Unverified HTTPS request is being made to host 'randomuser.me'. Adding certificate verification is strongly advised. See: https://urllib3.readthedocs.io/en/latest/advanced-usage.html#tls-warnings
[2025-04-29T00:27:20.576+0000] {kafka_stream.py:57} ERROR - An error occured: Expecting value: line 1 column 1 (char 0)
[2025-04-29T00:27:20.690+0000] {logging_mixin.py:151} WARNING - /home/***/.local/lib/python3.9/site-packages/urllib3/connectionpool.py:1095 InsecureRequestWarning: Unverified HTTPS request is being made to host 'randomuser.me'. Adding certificate verification is strongly advised. See: https://urllib3.readthedocs.io/en/latest/advanced-usage.html#tls-warnings
[2025-04-29T00:27:20.742+0000] {kafka_stream.py:57} ERROR - An error occured: Expecting value: line 1 column 1 (char 0)
[2025-04-29T00:27:20.847+0000] {logging_mixin.py:151} WARNING - /home/***/.local/lib/python3.9/site-packages/urllib3/connectionpool.py:1095 InsecureRequestWarning: Unverified HTTPS request is being made to host 'randomuser.me'. Adding certificate verification is strongly advised. See: https://urllib3.readthedocs.io/en/latest/advanced-usage.html#tls-warnings
[2025-04-29T00:27:20.914+0000] {kafka_stream.py:57} ERROR - An error occured: Expecting value: line 1 column 1 (char 0)
[2025-04-29T00:27:21.025+0000] {logging_mixin.py:151} WARNING - /home/***/.local/lib/python3.9/site-packages/urllib3/connectionpool.py:1095 InsecureRequestWarning: Unverified HTTPS request is being made to host 'randomuser.me'. Adding certificate verification is strongly advised. See: https://urllib3.readthedocs.io/en/latest/advanced-usage.html#tls-warnings
[2025-04-29T00:27:21.075+0000] {kafka_stream.py:57} ERROR - An error occured: Expecting value: line 1 column 1 (char 0)
[2025-04-29T00:27:21.165+0000] {logging_mixin.py:151} WARNING - /home/***/.local/lib/python3.9/site-packages/urllib3/connectionpool.py:1095 InsecureRequestWarning: Unverified HTTPS request is being made to host 'randomuser.me'. Adding certificate verification is strongly advised. See: https://urllib3.readthedocs.io/en/latest/advanced-usage.html#tls-warnings
[2025-04-29T00:27:21.214+0000] {kafka_stream.py:57} ERROR - An error occured: Expecting value: line 1 column 1 (char 0)
[2025-04-29T00:27:21.325+0000] {logging_mixin.py:151} WARNING - /home/***/.local/lib/python3.9/site-packages/urllib3/connectionpool.py:1095 InsecureRequestWarning: Unverified HTTPS request is being made to host 'randomuser.me'. Adding certificate verification is strongly advised. See: https://urllib3.readthedocs.io/en/latest/advanced-usage.html#tls-warnings
[2025-04-29T00:27:21.375+0000] {kafka_stream.py:57} ERROR - An error occured: Expecting value: line 1 column 1 (char 0)
[2025-04-29T00:27:21.500+0000] {logging_mixin.py:151} WARNING - /home/***/.local/lib/python3.9/site-packages/urllib3/connectionpool.py:1095 InsecureRequestWarning: Unverified HTTPS request is being made to host 'randomuser.me'. Adding certificate verification is strongly advised. See: https://urllib3.readthedocs.io/en/latest/advanced-usage.html#tls-warnings
[2025-04-29T00:27:21.552+0000] {kafka_stream.py:57} ERROR - An error occured: Expecting value: line 1 column 1 (char 0)
[2025-04-29T00:27:21.664+0000] {logging_mixin.py:151} WARNING - /home/***/.local/lib/python3.9/site-packages/urllib3/connectionpool.py:1095 InsecureRequestWarning: Unverified HTTPS request is being made to host 'randomuser.me'. Adding certificate verification is strongly advised. See: https://urllib3.readthedocs.io/en/latest/advanced-usage.html#tls-warnings
[2025-04-29T00:27:21.720+0000] {kafka_stream.py:57} ERROR - An error occured: Expecting value: line 1 column 1 (char 0)
[2025-04-29T00:27:21.820+0000] {logging_mixin.py:151} WARNING - /home/***/.local/lib/python3.9/site-packages/urllib3/connectionpool.py:1095 InsecureRequestWarning: Unverified HTTPS request is being made to host 'randomuser.me'. Adding certificate verification is strongly advised. See: https://urllib3.readthedocs.io/en/latest/advanced-usage.html#tls-warnings
[2025-04-29T00:27:21.873+0000] {kafka_stream.py:57} ERROR - An error occured: Expecting value: line 1 column 1 (char 0)
[2025-04-29T00:27:22.012+0000] {logging_mixin.py:151} WARNING - /home/***/.local/lib/python3.9/site-packages/urllib3/connectionpool.py:1095 InsecureRequestWarning: Unverified HTTPS request is being made to host 'randomuser.me'. Adding certificate verification is strongly advised. See: https://urllib3.readthedocs.io/en/latest/advanced-usage.html#tls-warnings
[2025-04-29T00:27:22.067+0000] {kafka_stream.py:57} ERROR - An error occured: Expecting value: line 1 column 1 (char 0)
[2025-04-29T00:27:22.161+0000] {logging_mixin.py:151} WARNING - /home/***/.local/lib/python3.9/site-packages/urllib3/connectionpool.py:1095 InsecureRequestWarning: Unverified HTTPS request is being made to host 'randomuser.me'. Adding certificate verification is strongly advised. See: https://urllib3.readthedocs.io/en/latest/advanced-usage.html#tls-warnings
[2025-04-29T00:27:22.215+0000] {kafka_stream.py:57} ERROR - An error occured: Expecting value: line 1 column 1 (char 0)
[2025-04-29T00:27:22.321+0000] {logging_mixin.py:151} WARNING - /home/***/.local/lib/python3.9/site-packages/urllib3/connectionpool.py:1095 InsecureRequestWarning: Unverified HTTPS request is being made to host 'randomuser.me'. Adding certificate verification is strongly advised. See: https://urllib3.readthedocs.io/en/latest/advanced-usage.html#tls-warnings
[2025-04-29T00:27:22.374+0000] {kafka_stream.py:57} ERROR - An error occured: Expecting value: line 1 column 1 (char 0)
[2025-04-29T00:27:22.524+0000] {logging_mixin.py:151} WARNING - /home/***/.local/lib/python3.9/site-packages/urllib3/connectionpool.py:1095 InsecureRequestWarning: Unverified HTTPS request is being made to host 'randomuser.me'. Adding certificate verification is strongly advised. See: https://urllib3.readthedocs.io/en/latest/advanced-usage.html#tls-warnings
[2025-04-29T00:27:22.578+0000] {kafka_stream.py:57} ERROR - An error occured: Expecting value: line 1 column 1 (char 0)
[2025-04-29T00:27:22.691+0000] {logging_mixin.py:151} WARNING - /home/***/.local/lib/python3.9/site-packages/urllib3/connectionpool.py:1095 InsecureRequestWarning: Unverified HTTPS request is being made to host 'randomuser.me'. Adding certificate verification is strongly advised. See: https://urllib3.readthedocs.io/en/latest/advanced-usage.html#tls-warnings
[2025-04-29T00:27:22.762+0000] {kafka_stream.py:57} ERROR - An error occured: Expecting value: line 1 column 1 (char 0)
[2025-04-29T00:27:22.889+0000] {logging_mixin.py:151} WARNING - /home/***/.local/lib/python3.9/site-packages/urllib3/connectionpool.py:1095 InsecureRequestWarning: Unverified HTTPS request is being made to host 'randomuser.me'. Adding certificate verification is strongly advised. See: https://urllib3.readthedocs.io/en/latest/advanced-usage.html#tls-warnings
[2025-04-29T00:27:22.940+0000] {kafka_stream.py:57} ERROR - An error occured: Expecting value: line 1 column 1 (char 0)
[2025-04-29T00:27:23.061+0000] {logging_mixin.py:151} WARNING - /home/***/.local/lib/python3.9/site-packages/urllib3/connectionpool.py:1095 InsecureRequestWarning: Unverified HTTPS request is being made to host 'randomuser.me'. Adding certificate verification is strongly advised. See: https://urllib3.readthedocs.io/en/latest/advanced-usage.html#tls-warnings
[2025-04-29T00:27:23.116+0000] {kafka_stream.py:57} ERROR - An error occured: Expecting value: line 1 column 1 (char 0)
[2025-04-29T00:27:23.216+0000] {logging_mixin.py:151} WARNING - /home/***/.local/lib/python3.9/site-packages/urllib3/connectionpool.py:1095 InsecureRequestWarning: Unverified HTTPS request is being made to host 'randomuser.me'. Adding certificate verification is strongly advised. See: https://urllib3.readthedocs.io/en/latest/advanced-usage.html#tls-warnings
[2025-04-29T00:27:23.269+0000] {kafka_stream.py:57} ERROR - An error occured: Expecting value: line 1 column 1 (char 0)
[2025-04-29T00:27:23.397+0000] {logging_mixin.py:151} WARNING - /home/***/.local/lib/python3.9/site-packages/urllib3/connectionpool.py:1095 InsecureRequestWarning: Unverified HTTPS request is being made to host 'randomuser.me'. Adding certificate verification is strongly advised. See: https://urllib3.readthedocs.io/en/latest/advanced-usage.html#tls-warnings
[2025-04-29T00:27:23.453+0000] {kafka_stream.py:57} ERROR - An error occured: Expecting value: line 1 column 1 (char 0)
[2025-04-29T00:27:23.565+0000] {logging_mixin.py:151} WARNING - /home/***/.local/lib/python3.9/site-packages/urllib3/connectionpool.py:1095 InsecureRequestWarning: Unverified HTTPS request is being made to host 'randomuser.me'. Adding certificate verification is strongly advised. See: https://urllib3.readthedocs.io/en/latest/advanced-usage.html#tls-warnings
[2025-04-29T00:27:23.618+0000] {kafka_stream.py:57} ERROR - An error occured: Expecting value: line 1 column 1 (char 0)
[2025-04-29T00:27:23.733+0000] {logging_mixin.py:151} WARNING - /home/***/.local/lib/python3.9/site-packages/urllib3/connectionpool.py:1095 InsecureRequestWarning: Unverified HTTPS request is being made to host 'randomuser.me'. Adding certificate verification is strongly advised. See: https://urllib3.readthedocs.io/en/latest/advanced-usage.html#tls-warnings
[2025-04-29T00:27:23.784+0000] {kafka_stream.py:57} ERROR - An error occured: Expecting value: line 1 column 1 (char 0)
[2025-04-29T00:27:23.894+0000] {logging_mixin.py:151} WARNING - /home/***/.local/lib/python3.9/site-packages/urllib3/connectionpool.py:1095 InsecureRequestWarning: Unverified HTTPS request is being made to host 'randomuser.me'. Adding certificate verification is strongly advised. See: https://urllib3.readthedocs.io/en/latest/advanced-usage.html#tls-warnings
[2025-04-29T00:27:23.948+0000] {kafka_stream.py:57} ERROR - An error occured: Expecting value: line 1 column 1 (char 0)
[2025-04-29T00:27:24.079+0000] {logging_mixin.py:151} WARNING - /home/***/.local/lib/python3.9/site-packages/urllib3/connectionpool.py:1095 InsecureRequestWarning: Unverified HTTPS request is being made to host 'randomuser.me'. Adding certificate verification is strongly advised. See: https://urllib3.readthedocs.io/en/latest/advanced-usage.html#tls-warnings
[2025-04-29T00:27:24.136+0000] {kafka_stream.py:57} ERROR - An error occured: Expecting value: line 1 column 1 (char 0)
[2025-04-29T00:27:24.246+0000] {logging_mixin.py:151} WARNING - /home/***/.local/lib/python3.9/site-packages/urllib3/connectionpool.py:1095 InsecureRequestWarning: Unverified HTTPS request is being made to host 'randomuser.me'. Adding certificate verification is strongly advised. See: https://urllib3.readthedocs.io/en/latest/advanced-usage.html#tls-warnings
[2025-04-29T00:27:24.298+0000] {kafka_stream.py:57} ERROR - An error occured: Expecting value: line 1 column 1 (char 0)
[2025-04-29T00:27:24.405+0000] {logging_mixin.py:151} WARNING - /home/***/.local/lib/python3.9/site-packages/urllib3/connectionpool.py:1095 InsecureRequestWarning: Unverified HTTPS request is being made to host 'randomuser.me'. Adding certificate verification is strongly advised. See: https://urllib3.readthedocs.io/en/latest/advanced-usage.html#tls-warnings
[2025-04-29T00:27:24.459+0000] {kafka_stream.py:57} ERROR - An error occured: Expecting value: line 1 column 1 (char 0)
[2025-04-29T00:27:24.571+0000] {logging_mixin.py:151} WARNING - /home/***/.local/lib/python3.9/site-packages/urllib3/connectionpool.py:1095 InsecureRequestWarning: Unverified HTTPS request is being made to host 'randomuser.me'. Adding certificate verification is strongly advised. See: https://urllib3.readthedocs.io/en/latest/advanced-usage.html#tls-warnings
[2025-04-29T00:27:24.624+0000] {kafka_stream.py:57} ERROR - An error occured: Expecting value: line 1 column 1 (char 0)
[2025-04-29T00:27:24.735+0000] {logging_mixin.py:151} WARNING - /home/***/.local/lib/python3.9/site-packages/urllib3/connectionpool.py:1095 InsecureRequestWarning: Unverified HTTPS request is being made to host 'randomuser.me'. Adding certificate verification is strongly advised. See: https://urllib3.readthedocs.io/en/latest/advanced-usage.html#tls-warnings
[2025-04-29T00:27:24.800+0000] {kafka_stream.py:57} ERROR - An error occured: Expecting value: line 1 column 1 (char 0)
[2025-04-29T00:27:24.932+0000] {logging_mixin.py:151} WARNING - /home/***/.local/lib/python3.9/site-packages/urllib3/connectionpool.py:1095 InsecureRequestWarning: Unverified HTTPS request is being made to host 'randomuser.me'. Adding certificate verification is strongly advised. See: https://urllib3.readthedocs.io/en/latest/advanced-usage.html#tls-warnings
[2025-04-29T00:27:25.006+0000] {kafka_stream.py:57} ERROR - An error occured: Expecting value: line 1 column 1 (char 0)
[2025-04-29T00:27:25.123+0000] {logging_mixin.py:151} WARNING - /home/***/.local/lib/python3.9/site-packages/urllib3/connectionpool.py:1095 InsecureRequestWarning: Unverified HTTPS request is being made to host 'randomuser.me'. Adding certificate verification is strongly advised. See: https://urllib3.readthedocs.io/en/latest/advanced-usage.html#tls-warnings
[2025-04-29T00:27:25.180+0000] {kafka_stream.py:57} ERROR - An error occured: Expecting value: line 1 column 1 (char 0)
[2025-04-29T00:27:25.299+0000] {logging_mixin.py:151} WARNING - /home/***/.local/lib/python3.9/site-packages/urllib3/connectionpool.py:1095 InsecureRequestWarning: Unverified HTTPS request is being made to host 'randomuser.me'. Adding certificate verification is strongly advised. See: https://urllib3.readthedocs.io/en/latest/advanced-usage.html#tls-warnings
[2025-04-29T00:27:25.352+0000] {kafka_stream.py:57} ERROR - An error occured: Expecting value: line 1 column 1 (char 0)
[2025-04-29T00:27:25.467+0000] {logging_mixin.py:151} WARNING - /home/***/.local/lib/python3.9/site-packages/urllib3/connectionpool.py:1095 InsecureRequestWarning: Unverified HTTPS request is being made to host 'randomuser.me'. Adding certificate verification is strongly advised. See: https://urllib3.readthedocs.io/en/latest/advanced-usage.html#tls-warnings
[2025-04-29T00:27:25.519+0000] {kafka_stream.py:57} ERROR - An error occured: Expecting value: line 1 column 1 (char 0)
[2025-04-29T00:27:25.620+0000] {logging_mixin.py:151} WARNING - /home/***/.local/lib/python3.9/site-packages/urllib3/connectionpool.py:1095 InsecureRequestWarning: Unverified HTTPS request is being made to host 'randomuser.me'. Adding certificate verification is strongly advised. See: https://urllib3.readthedocs.io/en/latest/advanced-usage.html#tls-warnings
[2025-04-29T00:27:25.675+0000] {kafka_stream.py:57} ERROR - An error occured: Expecting value: line 1 column 1 (char 0)
[2025-04-29T00:27:25.775+0000] {logging_mixin.py:151} WARNING - /home/***/.local/lib/python3.9/site-packages/urllib3/connectionpool.py:1095 InsecureRequestWarning: Unverified HTTPS request is being made to host 'randomuser.me'. Adding certificate verification is strongly advised. See: https://urllib3.readthedocs.io/en/latest/advanced-usage.html#tls-warnings
[2025-04-29T00:27:25.826+0000] {kafka_stream.py:57} ERROR - An error occured: Expecting value: line 1 column 1 (char 0)
[2025-04-29T00:27:25.953+0000] {logging_mixin.py:151} WARNING - /home/***/.local/lib/python3.9/site-packages/urllib3/connectionpool.py:1095 InsecureRequestWarning: Unverified HTTPS request is being made to host 'randomuser.me'. Adding certificate verification is strongly advised. See: https://urllib3.readthedocs.io/en/latest/advanced-usage.html#tls-warnings
[2025-04-29T00:27:26.005+0000] {kafka_stream.py:57} ERROR - An error occured: Expecting value: line 1 column 1 (char 0)
[2025-04-29T00:27:26.109+0000] {logging_mixin.py:151} WARNING - /home/***/.local/lib/python3.9/site-packages/urllib3/connectionpool.py:1095 InsecureRequestWarning: Unverified HTTPS request is being made to host 'randomuser.me'. Adding certificate verification is strongly advised. See: https://urllib3.readthedocs.io/en/latest/advanced-usage.html#tls-warnings
[2025-04-29T00:27:26.160+0000] {kafka_stream.py:57} ERROR - An error occured: Expecting value: line 1 column 1 (char 0)
[2025-04-29T00:27:26.264+0000] {logging_mixin.py:151} WARNING - /home/***/.local/lib/python3.9/site-packages/urllib3/connectionpool.py:1095 InsecureRequestWarning: Unverified HTTPS request is being made to host 'randomuser.me'. Adding certificate verification is strongly advised. See: https://urllib3.readthedocs.io/en/latest/advanced-usage.html#tls-warnings
[2025-04-29T00:27:26.336+0000] {kafka_stream.py:57} ERROR - An error occured: Expecting value: line 1 column 1 (char 0)
[2025-04-29T00:27:26.441+0000] {logging_mixin.py:151} WARNING - /home/***/.local/lib/python3.9/site-packages/urllib3/connectionpool.py:1095 InsecureRequestWarning: Unverified HTTPS request is being made to host 'randomuser.me'. Adding certificate verification is strongly advised. See: https://urllib3.readthedocs.io/en/latest/advanced-usage.html#tls-warnings
[2025-04-29T00:27:26.495+0000] {kafka_stream.py:57} ERROR - An error occured: Expecting value: line 1 column 1 (char 0)
[2025-04-29T00:27:26.623+0000] {logging_mixin.py:151} WARNING - /home/***/.local/lib/python3.9/site-packages/urllib3/connectionpool.py:1095 InsecureRequestWarning: Unverified HTTPS request is being made to host 'randomuser.me'. Adding certificate verification is strongly advised. See: https://urllib3.readthedocs.io/en/latest/advanced-usage.html#tls-warnings
[2025-04-29T00:27:26.674+0000] {kafka_stream.py:57} ERROR - An error occured: Expecting value: line 1 column 1 (char 0)
[2025-04-29T00:27:26.789+0000] {logging_mixin.py:151} WARNING - /home/***/.local/lib/python3.9/site-packages/urllib3/connectionpool.py:1095 InsecureRequestWarning: Unverified HTTPS request is being made to host 'randomuser.me'. Adding certificate verification is strongly advised. See: https://urllib3.readthedocs.io/en/latest/advanced-usage.html#tls-warnings
[2025-04-29T00:27:26.852+0000] {kafka_stream.py:57} ERROR - An error occured: Expecting value: line 1 column 1 (char 0)
[2025-04-29T00:27:26.957+0000] {logging_mixin.py:151} WARNING - /home/***/.local/lib/python3.9/site-packages/urllib3/connectionpool.py:1095 InsecureRequestWarning: Unverified HTTPS request is being made to host 'randomuser.me'. Adding certificate verification is strongly advised. See: https://urllib3.readthedocs.io/en/latest/advanced-usage.html#tls-warnings
[2025-04-29T00:27:27.014+0000] {kafka_stream.py:57} ERROR - An error occured: Expecting value: line 1 column 1 (char 0)
[2025-04-29T00:27:27.110+0000] {logging_mixin.py:151} WARNING - /home/***/.local/lib/python3.9/site-packages/urllib3/connectionpool.py:1095 InsecureRequestWarning: Unverified HTTPS request is being made to host 'randomuser.me'. Adding certificate verification is strongly advised. See: https://urllib3.readthedocs.io/en/latest/advanced-usage.html#tls-warnings
[2025-04-29T00:27:27.161+0000] {kafka_stream.py:57} ERROR - An error occured: Expecting value: line 1 column 1 (char 0)
[2025-04-29T00:27:27.267+0000] {logging_mixin.py:151} WARNING - /home/***/.local/lib/python3.9/site-packages/urllib3/connectionpool.py:1095 InsecureRequestWarning: Unverified HTTPS request is being made to host 'randomuser.me'. Adding certificate verification is strongly advised. See: https://urllib3.readthedocs.io/en/latest/advanced-usage.html#tls-warnings
[2025-04-29T00:27:27.321+0000] {kafka_stream.py:57} ERROR - An error occured: Expecting value: line 1 column 1 (char 0)
[2025-04-29T00:27:27.406+0000] {logging_mixin.py:151} WARNING - /home/***/.local/lib/python3.9/site-packages/urllib3/connectionpool.py:1095 InsecureRequestWarning: Unverified HTTPS request is being made to host 'randomuser.me'. Adding certificate verification is strongly advised. See: https://urllib3.readthedocs.io/en/latest/advanced-usage.html#tls-warnings
[2025-04-29T00:27:27.458+0000] {kafka_stream.py:57} ERROR - An error occured: Expecting value: line 1 column 1 (char 0)
[2025-04-29T00:27:27.585+0000] {logging_mixin.py:151} WARNING - /home/***/.local/lib/python3.9/site-packages/urllib3/connectionpool.py:1095 InsecureRequestWarning: Unverified HTTPS request is being made to host 'randomuser.me'. Adding certificate verification is strongly advised. See: https://urllib3.readthedocs.io/en/latest/advanced-usage.html#tls-warnings
[2025-04-29T00:27:27.636+0000] {kafka_stream.py:57} ERROR - An error occured: Expecting value: line 1 column 1 (char 0)
[2025-04-29T00:27:27.766+0000] {logging_mixin.py:151} WARNING - /home/***/.local/lib/python3.9/site-packages/urllib3/connectionpool.py:1095 InsecureRequestWarning: Unverified HTTPS request is being made to host 'randomuser.me'. Adding certificate verification is strongly advised. See: https://urllib3.readthedocs.io/en/latest/advanced-usage.html#tls-warnings
[2025-04-29T00:27:27.820+0000] {kafka_stream.py:57} ERROR - An error occured: Expecting value: line 1 column 1 (char 0)
[2025-04-29T00:27:27.919+0000] {logging_mixin.py:151} WARNING - /home/***/.local/lib/python3.9/site-packages/urllib3/connectionpool.py:1095 InsecureRequestWarning: Unverified HTTPS request is being made to host 'randomuser.me'. Adding certificate verification is strongly advised. See: https://urllib3.readthedocs.io/en/latest/advanced-usage.html#tls-warnings
[2025-04-29T00:27:27.977+0000] {kafka_stream.py:57} ERROR - An error occured: Expecting value: line 1 column 1 (char 0)
[2025-04-29T00:27:28.064+0000] {logging_mixin.py:151} WARNING - /home/***/.local/lib/python3.9/site-packages/urllib3/connectionpool.py:1095 InsecureRequestWarning: Unverified HTTPS request is being made to host 'randomuser.me'. Adding certificate verification is strongly advised. See: https://urllib3.readthedocs.io/en/latest/advanced-usage.html#tls-warnings
[2025-04-29T00:27:28.123+0000] {kafka_stream.py:57} ERROR - An error occured: Expecting value: line 1 column 1 (char 0)
[2025-04-29T00:27:28.265+0000] {logging_mixin.py:151} WARNING - /home/***/.local/lib/python3.9/site-packages/urllib3/connectionpool.py:1095 InsecureRequestWarning: Unverified HTTPS request is being made to host 'randomuser.me'. Adding certificate verification is strongly advised. See: https://urllib3.readthedocs.io/en/latest/advanced-usage.html#tls-warnings
[2025-04-29T00:27:28.319+0000] {kafka_stream.py:57} ERROR - An error occured: Expecting value: line 1 column 1 (char 0)
[2025-04-29T00:27:28.409+0000] {logging_mixin.py:151} WARNING - /home/***/.local/lib/python3.9/site-packages/urllib3/connectionpool.py:1095 InsecureRequestWarning: Unverified HTTPS request is being made to host 'randomuser.me'. Adding certificate verification is strongly advised. See: https://urllib3.readthedocs.io/en/latest/advanced-usage.html#tls-warnings
[2025-04-29T00:27:28.461+0000] {kafka_stream.py:57} ERROR - An error occured: Expecting value: line 1 column 1 (char 0)
[2025-04-29T00:27:28.578+0000] {logging_mixin.py:151} WARNING - /home/***/.local/lib/python3.9/site-packages/urllib3/connectionpool.py:1095 InsecureRequestWarning: Unverified HTTPS request is being made to host 'randomuser.me'. Adding certificate verification is strongly advised. See: https://urllib3.readthedocs.io/en/latest/advanced-usage.html#tls-warnings
[2025-04-29T00:27:28.634+0000] {kafka_stream.py:57} ERROR - An error occured: Expecting value: line 1 column 1 (char 0)
[2025-04-29T00:27:28.746+0000] {logging_mixin.py:151} WARNING - /home/***/.local/lib/python3.9/site-packages/urllib3/connectionpool.py:1095 InsecureRequestWarning: Unverified HTTPS request is being made to host 'randomuser.me'. Adding certificate verification is strongly advised. See: https://urllib3.readthedocs.io/en/latest/advanced-usage.html#tls-warnings
[2025-04-29T00:27:28.800+0000] {kafka_stream.py:57} ERROR - An error occured: Expecting value: line 1 column 1 (char 0)
[2025-04-29T00:27:28.922+0000] {logging_mixin.py:151} WARNING - /home/***/.local/lib/python3.9/site-packages/urllib3/connectionpool.py:1095 InsecureRequestWarning: Unverified HTTPS request is being made to host 'randomuser.me'. Adding certificate verification is strongly advised. See: https://urllib3.readthedocs.io/en/latest/advanced-usage.html#tls-warnings
[2025-04-29T00:27:28.985+0000] {kafka_stream.py:57} ERROR - An error occured: Expecting value: line 1 column 1 (char 0)
[2025-04-29T00:27:29.097+0000] {logging_mixin.py:151} WARNING - /home/***/.local/lib/python3.9/site-packages/urllib3/connectionpool.py:1095 InsecureRequestWarning: Unverified HTTPS request is being made to host 'randomuser.me'. Adding certificate verification is strongly advised. See: https://urllib3.readthedocs.io/en/latest/advanced-usage.html#tls-warnings
[2025-04-29T00:27:29.154+0000] {kafka_stream.py:57} ERROR - An error occured: Expecting value: line 1 column 1 (char 0)
[2025-04-29T00:27:29.302+0000] {logging_mixin.py:151} WARNING - /home/***/.local/lib/python3.9/site-packages/urllib3/connectionpool.py:1095 InsecureRequestWarning: Unverified HTTPS request is being made to host 'randomuser.me'. Adding certificate verification is strongly advised. See: https://urllib3.readthedocs.io/en/latest/advanced-usage.html#tls-warnings
[2025-04-29T00:27:29.356+0000] {kafka_stream.py:57} ERROR - An error occured: Expecting value: line 1 column 1 (char 0)
[2025-04-29T00:27:29.469+0000] {logging_mixin.py:151} WARNING - /home/***/.local/lib/python3.9/site-packages/urllib3/connectionpool.py:1095 InsecureRequestWarning: Unverified HTTPS request is being made to host 'randomuser.me'. Adding certificate verification is strongly advised. See: https://urllib3.readthedocs.io/en/latest/advanced-usage.html#tls-warnings
[2025-04-29T00:27:29.518+0000] {kafka_stream.py:57} ERROR - An error occured: Expecting value: line 1 column 1 (char 0)
[2025-04-29T00:27:29.617+0000] {logging_mixin.py:151} WARNING - /home/***/.local/lib/python3.9/site-packages/urllib3/connectionpool.py:1095 InsecureRequestWarning: Unverified HTTPS request is being made to host 'randomuser.me'. Adding certificate verification is strongly advised. See: https://urllib3.readthedocs.io/en/latest/advanced-usage.html#tls-warnings
[2025-04-29T00:27:29.669+0000] {kafka_stream.py:57} ERROR - An error occured: Expecting value: line 1 column 1 (char 0)
[2025-04-29T00:27:29.768+0000] {logging_mixin.py:151} WARNING - /home/***/.local/lib/python3.9/site-packages/urllib3/connectionpool.py:1095 InsecureRequestWarning: Unverified HTTPS request is being made to host 'randomuser.me'. Adding certificate verification is strongly advised. See: https://urllib3.readthedocs.io/en/latest/advanced-usage.html#tls-warnings
[2025-04-29T00:27:29.822+0000] {kafka_stream.py:57} ERROR - An error occured: Expecting value: line 1 column 1 (char 0)
[2025-04-29T00:27:29.923+0000] {logging_mixin.py:151} WARNING - /home/***/.local/lib/python3.9/site-packages/urllib3/connectionpool.py:1095 InsecureRequestWarning: Unverified HTTPS request is being made to host 'randomuser.me'. Adding certificate verification is strongly advised. See: https://urllib3.readthedocs.io/en/latest/advanced-usage.html#tls-warnings
[2025-04-29T00:27:29.975+0000] {kafka_stream.py:57} ERROR - An error occured: Expecting value: line 1 column 1 (char 0)
[2025-04-29T00:27:30.084+0000] {logging_mixin.py:151} WARNING - /home/***/.local/lib/python3.9/site-packages/urllib3/connectionpool.py:1095 InsecureRequestWarning: Unverified HTTPS request is being made to host 'randomuser.me'. Adding certificate verification is strongly advised. See: https://urllib3.readthedocs.io/en/latest/advanced-usage.html#tls-warnings
[2025-04-29T00:27:30.138+0000] {kafka_stream.py:57} ERROR - An error occured: Expecting value: line 1 column 1 (char 0)
[2025-04-29T00:27:30.254+0000] {logging_mixin.py:151} WARNING - /home/***/.local/lib/python3.9/site-packages/urllib3/connectionpool.py:1095 InsecureRequestWarning: Unverified HTTPS request is being made to host 'randomuser.me'. Adding certificate verification is strongly advised. See: https://urllib3.readthedocs.io/en/latest/advanced-usage.html#tls-warnings
[2025-04-29T00:27:30.305+0000] {kafka_stream.py:57} ERROR - An error occured: Expecting value: line 1 column 1 (char 0)
[2025-04-29T00:27:30.511+0000] {logging_mixin.py:151} WARNING - /home/***/.local/lib/python3.9/site-packages/urllib3/connectionpool.py:1095 InsecureRequestWarning: Unverified HTTPS request is being made to host 'randomuser.me'. Adding certificate verification is strongly advised. See: https://urllib3.readthedocs.io/en/latest/advanced-usage.html#tls-warnings
[2025-04-29T00:27:30.563+0000] {kafka_stream.py:57} ERROR - An error occured: Expecting value: line 1 column 1 (char 0)
[2025-04-29T00:27:30.663+0000] {logging_mixin.py:151} WARNING - /home/***/.local/lib/python3.9/site-packages/urllib3/connectionpool.py:1095 InsecureRequestWarning: Unverified HTTPS request is being made to host 'randomuser.me'. Adding certificate verification is strongly advised. See: https://urllib3.readthedocs.io/en/latest/advanced-usage.html#tls-warnings
[2025-04-29T00:27:30.717+0000] {kafka_stream.py:57} ERROR - An error occured: Expecting value: line 1 column 1 (char 0)
[2025-04-29T00:27:30.843+0000] {logging_mixin.py:151} WARNING - /home/***/.local/lib/python3.9/site-packages/urllib3/connectionpool.py:1095 InsecureRequestWarning: Unverified HTTPS request is being made to host 'randomuser.me'. Adding certificate verification is strongly advised. See: https://urllib3.readthedocs.io/en/latest/advanced-usage.html#tls-warnings
[2025-04-29T00:27:30.899+0000] {kafka_stream.py:57} ERROR - An error occured: Expecting value: line 1 column 1 (char 0)
[2025-04-29T00:27:31.024+0000] {logging_mixin.py:151} WARNING - /home/***/.local/lib/python3.9/site-packages/urllib3/connectionpool.py:1095 InsecureRequestWarning: Unverified HTTPS request is being made to host 'randomuser.me'. Adding certificate verification is strongly advised. See: https://urllib3.readthedocs.io/en/latest/advanced-usage.html#tls-warnings
[2025-04-29T00:27:31.087+0000] {kafka_stream.py:57} ERROR - An error occured: Expecting value: line 1 column 1 (char 0)
[2025-04-29T00:27:31.190+0000] {logging_mixin.py:151} WARNING - /home/***/.local/lib/python3.9/site-packages/urllib3/connectionpool.py:1095 InsecureRequestWarning: Unverified HTTPS request is being made to host 'randomuser.me'. Adding certificate verification is strongly advised. See: https://urllib3.readthedocs.io/en/latest/advanced-usage.html#tls-warnings
[2025-04-29T00:27:31.248+0000] {kafka_stream.py:57} ERROR - An error occured: Expecting value: line 1 column 1 (char 0)
[2025-04-29T00:27:31.381+0000] {logging_mixin.py:151} WARNING - /home/***/.local/lib/python3.9/site-packages/urllib3/connectionpool.py:1095 InsecureRequestWarning: Unverified HTTPS request is being made to host 'randomuser.me'. Adding certificate verification is strongly advised. See: https://urllib3.readthedocs.io/en/latest/advanced-usage.html#tls-warnings
[2025-04-29T00:27:31.432+0000] {kafka_stream.py:57} ERROR - An error occured: Expecting value: line 1 column 1 (char 0)
[2025-04-29T00:27:31.536+0000] {logging_mixin.py:151} WARNING - /home/***/.local/lib/python3.9/site-packages/urllib3/connectionpool.py:1095 InsecureRequestWarning: Unverified HTTPS request is being made to host 'randomuser.me'. Adding certificate verification is strongly advised. See: https://urllib3.readthedocs.io/en/latest/advanced-usage.html#tls-warnings
[2025-04-29T00:27:31.587+0000] {kafka_stream.py:57} ERROR - An error occured: Expecting value: line 1 column 1 (char 0)
[2025-04-29T00:27:31.697+0000] {logging_mixin.py:151} WARNING - /home/***/.local/lib/python3.9/site-packages/urllib3/connectionpool.py:1095 InsecureRequestWarning: Unverified HTTPS request is being made to host 'randomuser.me'. Adding certificate verification is strongly advised. See: https://urllib3.readthedocs.io/en/latest/advanced-usage.html#tls-warnings
[2025-04-29T00:27:31.766+0000] {kafka_stream.py:57} ERROR - An error occured: Expecting value: line 1 column 1 (char 0)
[2025-04-29T00:27:31.866+0000] {logging_mixin.py:151} WARNING - /home/***/.local/lib/python3.9/site-packages/urllib3/connectionpool.py:1095 InsecureRequestWarning: Unverified HTTPS request is being made to host 'randomuser.me'. Adding certificate verification is strongly advised. See: https://urllib3.readthedocs.io/en/latest/advanced-usage.html#tls-warnings
[2025-04-29T00:27:31.920+0000] {kafka_stream.py:57} ERROR - An error occured: Expecting value: line 1 column 1 (char 0)
[2025-04-29T00:27:32.049+0000] {logging_mixin.py:151} WARNING - /home/***/.local/lib/python3.9/site-packages/urllib3/connectionpool.py:1095 InsecureRequestWarning: Unverified HTTPS request is being made to host 'randomuser.me'. Adding certificate verification is strongly advised. See: https://urllib3.readthedocs.io/en/latest/advanced-usage.html#tls-warnings
[2025-04-29T00:27:32.100+0000] {kafka_stream.py:57} ERROR - An error occured: Expecting value: line 1 column 1 (char 0)
[2025-04-29T00:27:32.192+0000] {logging_mixin.py:151} WARNING - /home/***/.local/lib/python3.9/site-packages/urllib3/connectionpool.py:1095 InsecureRequestWarning: Unverified HTTPS request is being made to host 'randomuser.me'. Adding certificate verification is strongly advised. See: https://urllib3.readthedocs.io/en/latest/advanced-usage.html#tls-warnings
[2025-04-29T00:27:32.242+0000] {kafka_stream.py:57} ERROR - An error occured: Expecting value: line 1 column 1 (char 0)
[2025-04-29T00:27:32.379+0000] {logging_mixin.py:151} WARNING - /home/***/.local/lib/python3.9/site-packages/urllib3/connectionpool.py:1095 InsecureRequestWarning: Unverified HTTPS request is being made to host 'randomuser.me'. Adding certificate verification is strongly advised. See: https://urllib3.readthedocs.io/en/latest/advanced-usage.html#tls-warnings
[2025-04-29T00:27:32.431+0000] {kafka_stream.py:57} ERROR - An error occured: Expecting value: line 1 column 1 (char 0)
[2025-04-29T00:27:32.536+0000] {logging_mixin.py:151} WARNING - /home/***/.local/lib/python3.9/site-packages/urllib3/connectionpool.py:1095 InsecureRequestWarning: Unverified HTTPS request is being made to host 'randomuser.me'. Adding certificate verification is strongly advised. See: https://urllib3.readthedocs.io/en/latest/advanced-usage.html#tls-warnings
[2025-04-29T00:27:32.586+0000] {kafka_stream.py:57} ERROR - An error occured: Expecting value: line 1 column 1 (char 0)
[2025-04-29T00:27:32.691+0000] {logging_mixin.py:151} WARNING - /home/***/.local/lib/python3.9/site-packages/urllib3/connectionpool.py:1095 InsecureRequestWarning: Unverified HTTPS request is being made to host 'randomuser.me'. Adding certificate verification is strongly advised. See: https://urllib3.readthedocs.io/en/latest/advanced-usage.html#tls-warnings
[2025-04-29T00:27:32.742+0000] {kafka_stream.py:57} ERROR - An error occured: Expecting value: line 1 column 1 (char 0)
[2025-04-29T00:27:32.834+0000] {logging_mixin.py:151} WARNING - /home/***/.local/lib/python3.9/site-packages/urllib3/connectionpool.py:1095 InsecureRequestWarning: Unverified HTTPS request is being made to host 'randomuser.me'. Adding certificate verification is strongly advised. See: https://urllib3.readthedocs.io/en/latest/advanced-usage.html#tls-warnings
[2025-04-29T00:27:32.891+0000] {kafka_stream.py:57} ERROR - An error occured: Expecting value: line 1 column 1 (char 0)
[2025-04-29T00:27:33.044+0000] {logging_mixin.py:151} WARNING - /home/***/.local/lib/python3.9/site-packages/urllib3/connectionpool.py:1095 InsecureRequestWarning: Unverified HTTPS request is being made to host 'randomuser.me'. Adding certificate verification is strongly advised. See: https://urllib3.readthedocs.io/en/latest/advanced-usage.html#tls-warnings
[2025-04-29T00:27:33.099+0000] {kafka_stream.py:57} ERROR - An error occured: Expecting value: line 1 column 1 (char 0)
[2025-04-29T00:27:33.220+0000] {logging_mixin.py:151} WARNING - /home/***/.local/lib/python3.9/site-packages/urllib3/connectionpool.py:1095 InsecureRequestWarning: Unverified HTTPS request is being made to host 'randomuser.me'. Adding certificate verification is strongly advised. See: https://urllib3.readthedocs.io/en/latest/advanced-usage.html#tls-warnings
[2025-04-29T00:27:33.272+0000] {kafka_stream.py:57} ERROR - An error occured: Expecting value: line 1 column 1 (char 0)
[2025-04-29T00:27:33.357+0000] {logging_mixin.py:151} WARNING - /home/***/.local/lib/python3.9/site-packages/urllib3/connectionpool.py:1095 InsecureRequestWarning: Unverified HTTPS request is being made to host 'randomuser.me'. Adding certificate verification is strongly advised. See: https://urllib3.readthedocs.io/en/latest/advanced-usage.html#tls-warnings
[2025-04-29T00:27:33.407+0000] {kafka_stream.py:57} ERROR - An error occured: Expecting value: line 1 column 1 (char 0)
[2025-04-29T00:27:33.549+0000] {logging_mixin.py:151} WARNING - /home/***/.local/lib/python3.9/site-packages/urllib3/connectionpool.py:1095 InsecureRequestWarning: Unverified HTTPS request is being made to host 'randomuser.me'. Adding certificate verification is strongly advised. See: https://urllib3.readthedocs.io/en/latest/advanced-usage.html#tls-warnings
[2025-04-29T00:27:33.608+0000] {kafka_stream.py:57} ERROR - An error occured: Expecting value: line 1 column 1 (char 0)
[2025-04-29T00:27:33.712+0000] {logging_mixin.py:151} WARNING - /home/***/.local/lib/python3.9/site-packages/urllib3/connectionpool.py:1095 InsecureRequestWarning: Unverified HTTPS request is being made to host 'randomuser.me'. Adding certificate verification is strongly advised. See: https://urllib3.readthedocs.io/en/latest/advanced-usage.html#tls-warnings
[2025-04-29T00:27:33.766+0000] {kafka_stream.py:57} ERROR - An error occured: Expecting value: line 1 column 1 (char 0)
[2025-04-29T00:27:33.910+0000] {logging_mixin.py:151} WARNING - /home/***/.local/lib/python3.9/site-packages/urllib3/connectionpool.py:1095 InsecureRequestWarning: Unverified HTTPS request is being made to host 'randomuser.me'. Adding certificate verification is strongly advised. See: https://urllib3.readthedocs.io/en/latest/advanced-usage.html#tls-warnings
[2025-04-29T00:27:33.966+0000] {kafka_stream.py:57} ERROR - An error occured: Expecting value: line 1 column 1 (char 0)
[2025-04-29T00:27:34.097+0000] {logging_mixin.py:151} WARNING - /home/***/.local/lib/python3.9/site-packages/urllib3/connectionpool.py:1095 InsecureRequestWarning: Unverified HTTPS request is being made to host 'randomuser.me'. Adding certificate verification is strongly advised. See: https://urllib3.readthedocs.io/en/latest/advanced-usage.html#tls-warnings
[2025-04-29T00:27:34.150+0000] {kafka_stream.py:57} ERROR - An error occured: Expecting value: line 1 column 1 (char 0)
[2025-04-29T00:27:34.267+0000] {logging_mixin.py:151} WARNING - /home/***/.local/lib/python3.9/site-packages/urllib3/connectionpool.py:1095 InsecureRequestWarning: Unverified HTTPS request is being made to host 'randomuser.me'. Adding certificate verification is strongly advised. See: https://urllib3.readthedocs.io/en/latest/advanced-usage.html#tls-warnings
[2025-04-29T00:27:34.323+0000] {kafka_stream.py:57} ERROR - An error occured: Expecting value: line 1 column 1 (char 0)
[2025-04-29T00:27:34.443+0000] {logging_mixin.py:151} WARNING - /home/***/.local/lib/python3.9/site-packages/urllib3/connectionpool.py:1095 InsecureRequestWarning: Unverified HTTPS request is being made to host 'randomuser.me'. Adding certificate verification is strongly advised. See: https://urllib3.readthedocs.io/en/latest/advanced-usage.html#tls-warnings
[2025-04-29T00:27:34.495+0000] {kafka_stream.py:57} ERROR - An error occured: Expecting value: line 1 column 1 (char 0)
[2025-04-29T00:27:34.617+0000] {logging_mixin.py:151} WARNING - /home/***/.local/lib/python3.9/site-packages/urllib3/connectionpool.py:1095 InsecureRequestWarning: Unverified HTTPS request is being made to host 'randomuser.me'. Adding certificate verification is strongly advised. See: https://urllib3.readthedocs.io/en/latest/advanced-usage.html#tls-warnings
[2025-04-29T00:27:34.670+0000] {kafka_stream.py:57} ERROR - An error occured: Expecting value: line 1 column 1 (char 0)
[2025-04-29T00:27:34.991+0000] {logging_mixin.py:151} WARNING - /home/***/.local/lib/python3.9/site-packages/urllib3/connectionpool.py:1095 InsecureRequestWarning: Unverified HTTPS request is being made to host 'randomuser.me'. Adding certificate verification is strongly advised. See: https://urllib3.readthedocs.io/en/latest/advanced-usage.html#tls-warnings
[2025-04-29T00:27:35.044+0000] {kafka_stream.py:57} ERROR - An error occured: Expecting value: line 1 column 1 (char 0)
[2025-04-29T00:27:35.144+0000] {logging_mixin.py:151} WARNING - /home/***/.local/lib/python3.9/site-packages/urllib3/connectionpool.py:1095 InsecureRequestWarning: Unverified HTTPS request is being made to host 'randomuser.me'. Adding certificate verification is strongly advised. See: https://urllib3.readthedocs.io/en/latest/advanced-usage.html#tls-warnings
[2025-04-29T00:27:35.202+0000] {kafka_stream.py:57} ERROR - An error occured: Expecting value: line 1 column 1 (char 0)
[2025-04-29T00:27:35.324+0000] {logging_mixin.py:151} WARNING - /home/***/.local/lib/python3.9/site-packages/urllib3/connectionpool.py:1095 InsecureRequestWarning: Unverified HTTPS request is being made to host 'randomuser.me'. Adding certificate verification is strongly advised. See: https://urllib3.readthedocs.io/en/latest/advanced-usage.html#tls-warnings
[2025-04-29T00:27:35.374+0000] {kafka_stream.py:57} ERROR - An error occured: Expecting value: line 1 column 1 (char 0)
[2025-04-29T00:27:35.612+0000] {logging_mixin.py:151} WARNING - /home/***/.local/lib/python3.9/site-packages/urllib3/connectionpool.py:1095 InsecureRequestWarning: Unverified HTTPS request is being made to host 'randomuser.me'. Adding certificate verification is strongly advised. See: https://urllib3.readthedocs.io/en/latest/advanced-usage.html#tls-warnings
[2025-04-29T00:27:35.665+0000] {kafka_stream.py:57} ERROR - An error occured: Expecting value: line 1 column 1 (char 0)
[2025-04-29T00:27:35.761+0000] {logging_mixin.py:151} WARNING - /home/***/.local/lib/python3.9/site-packages/urllib3/connectionpool.py:1095 InsecureRequestWarning: Unverified HTTPS request is being made to host 'randomuser.me'. Adding certificate verification is strongly advised. See: https://urllib3.readthedocs.io/en/latest/advanced-usage.html#tls-warnings
[2025-04-29T00:27:35.813+0000] {kafka_stream.py:57} ERROR - An error occured: Expecting value: line 1 column 1 (char 0)
[2025-04-29T00:27:35.934+0000] {logging_mixin.py:151} WARNING - /home/***/.local/lib/python3.9/site-packages/urllib3/connectionpool.py:1095 InsecureRequestWarning: Unverified HTTPS request is being made to host 'randomuser.me'. Adding certificate verification is strongly advised. See: https://urllib3.readthedocs.io/en/latest/advanced-usage.html#tls-warnings
[2025-04-29T00:27:35.990+0000] {kafka_stream.py:57} ERROR - An error occured: Expecting value: line 1 column 1 (char 0)
[2025-04-29T00:27:36.113+0000] {logging_mixin.py:151} WARNING - /home/***/.local/lib/python3.9/site-packages/urllib3/connectionpool.py:1095 InsecureRequestWarning: Unverified HTTPS request is being made to host 'randomuser.me'. Adding certificate verification is strongly advised. See: https://urllib3.readthedocs.io/en/latest/advanced-usage.html#tls-warnings
[2025-04-29T00:27:36.169+0000] {kafka_stream.py:57} ERROR - An error occured: Expecting value: line 1 column 1 (char 0)
[2025-04-29T00:27:36.303+0000] {logging_mixin.py:151} WARNING - /home/***/.local/lib/python3.9/site-packages/urllib3/connectionpool.py:1095 InsecureRequestWarning: Unverified HTTPS request is being made to host 'randomuser.me'. Adding certificate verification is strongly advised. See: https://urllib3.readthedocs.io/en/latest/advanced-usage.html#tls-warnings
[2025-04-29T00:27:36.356+0000] {kafka_stream.py:57} ERROR - An error occured: Expecting value: line 1 column 1 (char 0)
[2025-04-29T00:27:36.479+0000] {logging_mixin.py:151} WARNING - /home/***/.local/lib/python3.9/site-packages/urllib3/connectionpool.py:1095 InsecureRequestWarning: Unverified HTTPS request is being made to host 'randomuser.me'. Adding certificate verification is strongly advised. See: https://urllib3.readthedocs.io/en/latest/advanced-usage.html#tls-warnings
[2025-04-29T00:27:36.528+0000] {kafka_stream.py:57} ERROR - An error occured: Expecting value: line 1 column 1 (char 0)
[2025-04-29T00:27:36.727+0000] {logging_mixin.py:151} WARNING - /home/***/.local/lib/python3.9/site-packages/urllib3/connectionpool.py:1095 InsecureRequestWarning: Unverified HTTPS request is being made to host 'randomuser.me'. Adding certificate verification is strongly advised. See: https://urllib3.readthedocs.io/en/latest/advanced-usage.html#tls-warnings
[2025-04-29T00:27:36.792+0000] {kafka_stream.py:57} ERROR - An error occured: Expecting value: line 1 column 1 (char 0)
[2025-04-29T00:27:36.917+0000] {logging_mixin.py:151} WARNING - /home/***/.local/lib/python3.9/site-packages/urllib3/connectionpool.py:1095 InsecureRequestWarning: Unverified HTTPS request is being made to host 'randomuser.me'. Adding certificate verification is strongly advised. See: https://urllib3.readthedocs.io/en/latest/advanced-usage.html#tls-warnings
[2025-04-29T00:27:36.983+0000] {kafka_stream.py:57} ERROR - An error occured: Expecting value: line 1 column 1 (char 0)
[2025-04-29T00:27:37.090+0000] {logging_mixin.py:151} WARNING - /home/***/.local/lib/python3.9/site-packages/urllib3/connectionpool.py:1095 InsecureRequestWarning: Unverified HTTPS request is being made to host 'randomuser.me'. Adding certificate verification is strongly advised. See: https://urllib3.readthedocs.io/en/latest/advanced-usage.html#tls-warnings
[2025-04-29T00:27:37.145+0000] {kafka_stream.py:57} ERROR - An error occured: Expecting value: line 1 column 1 (char 0)
[2025-04-29T00:27:37.270+0000] {logging_mixin.py:151} WARNING - /home/***/.local/lib/python3.9/site-packages/urllib3/connectionpool.py:1095 InsecureRequestWarning: Unverified HTTPS request is being made to host 'randomuser.me'. Adding certificate verification is strongly advised. See: https://urllib3.readthedocs.io/en/latest/advanced-usage.html#tls-warnings
[2025-04-29T00:27:37.324+0000] {kafka_stream.py:57} ERROR - An error occured: Expecting value: line 1 column 1 (char 0)
[2025-04-29T00:27:37.425+0000] {logging_mixin.py:151} WARNING - /home/***/.local/lib/python3.9/site-packages/urllib3/connectionpool.py:1095 InsecureRequestWarning: Unverified HTTPS request is being made to host 'randomuser.me'. Adding certificate verification is strongly advised. See: https://urllib3.readthedocs.io/en/latest/advanced-usage.html#tls-warnings
[2025-04-29T00:27:37.493+0000] {kafka_stream.py:57} ERROR - An error occured: Expecting value: line 1 column 1 (char 0)
[2025-04-29T00:27:37.585+0000] {logging_mixin.py:151} WARNING - /home/***/.local/lib/python3.9/site-packages/urllib3/connectionpool.py:1095 InsecureRequestWarning: Unverified HTTPS request is being made to host 'randomuser.me'. Adding certificate verification is strongly advised. See: https://urllib3.readthedocs.io/en/latest/advanced-usage.html#tls-warnings
[2025-04-29T00:27:37.638+0000] {kafka_stream.py:57} ERROR - An error occured: Expecting value: line 1 column 1 (char 0)
[2025-04-29T00:27:37.762+0000] {logging_mixin.py:151} WARNING - /home/***/.local/lib/python3.9/site-packages/urllib3/connectionpool.py:1095 InsecureRequestWarning: Unverified HTTPS request is being made to host 'randomuser.me'. Adding certificate verification is strongly advised. See: https://urllib3.readthedocs.io/en/latest/advanced-usage.html#tls-warnings
[2025-04-29T00:27:37.816+0000] {kafka_stream.py:57} ERROR - An error occured: Expecting value: line 1 column 1 (char 0)
[2025-04-29T00:27:37.998+0000] {logging_mixin.py:151} WARNING - /home/***/.local/lib/python3.9/site-packages/urllib3/connectionpool.py:1095 InsecureRequestWarning: Unverified HTTPS request is being made to host 'randomuser.me'. Adding certificate verification is strongly advised. See: https://urllib3.readthedocs.io/en/latest/advanced-usage.html#tls-warnings
[2025-04-29T00:27:38.054+0000] {kafka_stream.py:57} ERROR - An error occured: Expecting value: line 1 column 1 (char 0)
[2025-04-29T00:27:38.142+0000] {logging_mixin.py:151} WARNING - /home/***/.local/lib/python3.9/site-packages/urllib3/connectionpool.py:1095 InsecureRequestWarning: Unverified HTTPS request is being made to host 'randomuser.me'. Adding certificate verification is strongly advised. See: https://urllib3.readthedocs.io/en/latest/advanced-usage.html#tls-warnings
[2025-04-29T00:27:38.204+0000] {kafka_stream.py:57} ERROR - An error occured: Expecting value: line 1 column 1 (char 0)
[2025-04-29T00:27:38.319+0000] {logging_mixin.py:151} WARNING - /home/***/.local/lib/python3.9/site-packages/urllib3/connectionpool.py:1095 InsecureRequestWarning: Unverified HTTPS request is being made to host 'randomuser.me'. Adding certificate verification is strongly advised. See: https://urllib3.readthedocs.io/en/latest/advanced-usage.html#tls-warnings
[2025-04-29T00:27:38.370+0000] {kafka_stream.py:57} ERROR - An error occured: Expecting value: line 1 column 1 (char 0)
[2025-04-29T00:27:38.488+0000] {logging_mixin.py:151} WARNING - /home/***/.local/lib/python3.9/site-packages/urllib3/connectionpool.py:1095 InsecureRequestWarning: Unverified HTTPS request is being made to host 'randomuser.me'. Adding certificate verification is strongly advised. See: https://urllib3.readthedocs.io/en/latest/advanced-usage.html#tls-warnings
[2025-04-29T00:27:38.542+0000] {kafka_stream.py:57} ERROR - An error occured: Expecting value: line 1 column 1 (char 0)
[2025-04-29T00:27:38.664+0000] {logging_mixin.py:151} WARNING - /home/***/.local/lib/python3.9/site-packages/urllib3/connectionpool.py:1095 InsecureRequestWarning: Unverified HTTPS request is being made to host 'randomuser.me'. Adding certificate verification is strongly advised. See: https://urllib3.readthedocs.io/en/latest/advanced-usage.html#tls-warnings
[2025-04-29T00:27:38.728+0000] {kafka_stream.py:57} ERROR - An error occured: Expecting value: line 1 column 1 (char 0)
[2025-04-29T00:27:38.842+0000] {logging_mixin.py:151} WARNING - /home/***/.local/lib/python3.9/site-packages/urllib3/connectionpool.py:1095 InsecureRequestWarning: Unverified HTTPS request is being made to host 'randomuser.me'. Adding certificate verification is strongly advised. See: https://urllib3.readthedocs.io/en/latest/advanced-usage.html#tls-warnings
[2025-04-29T00:27:38.894+0000] {kafka_stream.py:57} ERROR - An error occured: Expecting value: line 1 column 1 (char 0)
[2025-04-29T00:27:39.031+0000] {logging_mixin.py:151} WARNING - /home/***/.local/lib/python3.9/site-packages/urllib3/connectionpool.py:1095 InsecureRequestWarning: Unverified HTTPS request is being made to host 'randomuser.me'. Adding certificate verification is strongly advised. See: https://urllib3.readthedocs.io/en/latest/advanced-usage.html#tls-warnings
[2025-04-29T00:27:39.085+0000] {kafka_stream.py:57} ERROR - An error occured: Expecting value: line 1 column 1 (char 0)
[2025-04-29T00:27:39.190+0000] {logging_mixin.py:151} WARNING - /home/***/.local/lib/python3.9/site-packages/urllib3/connectionpool.py:1095 InsecureRequestWarning: Unverified HTTPS request is being made to host 'randomuser.me'. Adding certificate verification is strongly advised. See: https://urllib3.readthedocs.io/en/latest/advanced-usage.html#tls-warnings
[2025-04-29T00:27:39.246+0000] {kafka_stream.py:57} ERROR - An error occured: Expecting value: line 1 column 1 (char 0)
[2025-04-29T00:27:39.362+0000] {logging_mixin.py:151} WARNING - /home/***/.local/lib/python3.9/site-packages/urllib3/connectionpool.py:1095 InsecureRequestWarning: Unverified HTTPS request is being made to host 'randomuser.me'. Adding certificate verification is strongly advised. See: https://urllib3.readthedocs.io/en/latest/advanced-usage.html#tls-warnings
[2025-04-29T00:27:39.417+0000] {kafka_stream.py:57} ERROR - An error occured: Expecting value: line 1 column 1 (char 0)
[2025-04-29T00:27:39.534+0000] {logging_mixin.py:151} WARNING - /home/***/.local/lib/python3.9/site-packages/urllib3/connectionpool.py:1095 InsecureRequestWarning: Unverified HTTPS request is being made to host 'randomuser.me'. Adding certificate verification is strongly advised. See: https://urllib3.readthedocs.io/en/latest/advanced-usage.html#tls-warnings
[2025-04-29T00:27:39.586+0000] {kafka_stream.py:57} ERROR - An error occured: Expecting value: line 1 column 1 (char 0)
[2025-04-29T00:27:39.703+0000] {logging_mixin.py:151} WARNING - /home/***/.local/lib/python3.9/site-packages/urllib3/connectionpool.py:1095 InsecureRequestWarning: Unverified HTTPS request is being made to host 'randomuser.me'. Adding certificate verification is strongly advised. See: https://urllib3.readthedocs.io/en/latest/advanced-usage.html#tls-warnings
[2025-04-29T00:27:39.760+0000] {kafka_stream.py:57} ERROR - An error occured: Expecting value: line 1 column 1 (char 0)
[2025-04-29T00:27:39.883+0000] {logging_mixin.py:151} WARNING - /home/***/.local/lib/python3.9/site-packages/urllib3/connectionpool.py:1095 InsecureRequestWarning: Unverified HTTPS request is being made to host 'randomuser.me'. Adding certificate verification is strongly advised. See: https://urllib3.readthedocs.io/en/latest/advanced-usage.html#tls-warnings
[2025-04-29T00:27:39.956+0000] {kafka_stream.py:57} ERROR - An error occured: Expecting value: line 1 column 1 (char 0)
[2025-04-29T00:27:40.063+0000] {logging_mixin.py:151} WARNING - /home/***/.local/lib/python3.9/site-packages/urllib3/connectionpool.py:1095 InsecureRequestWarning: Unverified HTTPS request is being made to host 'randomuser.me'. Adding certificate verification is strongly advised. See: https://urllib3.readthedocs.io/en/latest/advanced-usage.html#tls-warnings
[2025-04-29T00:27:40.114+0000] {kafka_stream.py:57} ERROR - An error occured: Expecting value: line 1 column 1 (char 0)
[2025-04-29T00:27:40.260+0000] {logging_mixin.py:151} WARNING - /home/***/.local/lib/python3.9/site-packages/urllib3/connectionpool.py:1095 InsecureRequestWarning: Unverified HTTPS request is being made to host 'randomuser.me'. Adding certificate verification is strongly advised. See: https://urllib3.readthedocs.io/en/latest/advanced-usage.html#tls-warnings
[2025-04-29T00:27:40.316+0000] {kafka_stream.py:57} ERROR - An error occured: Expecting value: line 1 column 1 (char 0)
[2025-04-29T00:27:40.442+0000] {logging_mixin.py:151} WARNING - /home/***/.local/lib/python3.9/site-packages/urllib3/connectionpool.py:1095 InsecureRequestWarning: Unverified HTTPS request is being made to host 'randomuser.me'. Adding certificate verification is strongly advised. See: https://urllib3.readthedocs.io/en/latest/advanced-usage.html#tls-warnings
[2025-04-29T00:27:40.494+0000] {kafka_stream.py:57} ERROR - An error occured: Expecting value: line 1 column 1 (char 0)
[2025-04-29T00:27:40.595+0000] {logging_mixin.py:151} WARNING - /home/***/.local/lib/python3.9/site-packages/urllib3/connectionpool.py:1095 InsecureRequestWarning: Unverified HTTPS request is being made to host 'randomuser.me'. Adding certificate verification is strongly advised. See: https://urllib3.readthedocs.io/en/latest/advanced-usage.html#tls-warnings
[2025-04-29T00:27:40.646+0000] {kafka_stream.py:57} ERROR - An error occured: Expecting value: line 1 column 1 (char 0)
[2025-04-29T00:27:40.779+0000] {logging_mixin.py:151} WARNING - /home/***/.local/lib/python3.9/site-packages/urllib3/connectionpool.py:1095 InsecureRequestWarning: Unverified HTTPS request is being made to host 'randomuser.me'. Adding certificate verification is strongly advised. See: https://urllib3.readthedocs.io/en/latest/advanced-usage.html#tls-warnings
[2025-04-29T00:27:40.831+0000] {kafka_stream.py:57} ERROR - An error occured: Expecting value: line 1 column 1 (char 0)
[2025-04-29T00:27:40.937+0000] {logging_mixin.py:151} WARNING - /home/***/.local/lib/python3.9/site-packages/urllib3/connectionpool.py:1095 InsecureRequestWarning: Unverified HTTPS request is being made to host 'randomuser.me'. Adding certificate verification is strongly advised. See: https://urllib3.readthedocs.io/en/latest/advanced-usage.html#tls-warnings
[2025-04-29T00:27:40.990+0000] {kafka_stream.py:57} ERROR - An error occured: Expecting value: line 1 column 1 (char 0)
[2025-04-29T00:27:41.076+0000] {logging_mixin.py:151} WARNING - /home/***/.local/lib/python3.9/site-packages/urllib3/connectionpool.py:1095 InsecureRequestWarning: Unverified HTTPS request is being made to host 'randomuser.me'. Adding certificate verification is strongly advised. See: https://urllib3.readthedocs.io/en/latest/advanced-usage.html#tls-warnings
[2025-04-29T00:27:41.128+0000] {kafka_stream.py:57} ERROR - An error occured: Expecting value: line 1 column 1 (char 0)
[2025-04-29T00:27:41.269+0000] {logging_mixin.py:151} WARNING - /home/***/.local/lib/python3.9/site-packages/urllib3/connectionpool.py:1095 InsecureRequestWarning: Unverified HTTPS request is being made to host 'randomuser.me'. Adding certificate verification is strongly advised. See: https://urllib3.readthedocs.io/en/latest/advanced-usage.html#tls-warnings
[2025-04-29T00:27:41.324+0000] {kafka_stream.py:57} ERROR - An error occured: Expecting value: line 1 column 1 (char 0)
[2025-04-29T00:27:41.447+0000] {logging_mixin.py:151} WARNING - /home/***/.local/lib/python3.9/site-packages/urllib3/connectionpool.py:1095 InsecureRequestWarning: Unverified HTTPS request is being made to host 'randomuser.me'. Adding certificate verification is strongly advised. See: https://urllib3.readthedocs.io/en/latest/advanced-usage.html#tls-warnings
[2025-04-29T00:27:41.497+0000] {kafka_stream.py:57} ERROR - An error occured: Expecting value: line 1 column 1 (char 0)
[2025-04-29T00:27:41.620+0000] {logging_mixin.py:151} WARNING - /home/***/.local/lib/python3.9/site-packages/urllib3/connectionpool.py:1095 InsecureRequestWarning: Unverified HTTPS request is being made to host 'randomuser.me'. Adding certificate verification is strongly advised. See: https://urllib3.readthedocs.io/en/latest/advanced-usage.html#tls-warnings
[2025-04-29T00:27:41.676+0000] {kafka_stream.py:57} ERROR - An error occured: Expecting value: line 1 column 1 (char 0)
[2025-04-29T00:27:41.796+0000] {logging_mixin.py:151} WARNING - /home/***/.local/lib/python3.9/site-packages/urllib3/connectionpool.py:1095 InsecureRequestWarning: Unverified HTTPS request is being made to host 'randomuser.me'. Adding certificate verification is strongly advised. See: https://urllib3.readthedocs.io/en/latest/advanced-usage.html#tls-warnings
[2025-04-29T00:27:41.854+0000] {kafka_stream.py:57} ERROR - An error occured: Expecting value: line 1 column 1 (char 0)
[2025-04-29T00:27:41.976+0000] {logging_mixin.py:151} WARNING - /home/***/.local/lib/python3.9/site-packages/urllib3/connectionpool.py:1095 InsecureRequestWarning: Unverified HTTPS request is being made to host 'randomuser.me'. Adding certificate verification is strongly advised. See: https://urllib3.readthedocs.io/en/latest/advanced-usage.html#tls-warnings
[2025-04-29T00:27:42.026+0000] {kafka_stream.py:57} ERROR - An error occured: Expecting value: line 1 column 1 (char 0)
[2025-04-29T00:27:42.151+0000] {logging_mixin.py:151} WARNING - /home/***/.local/lib/python3.9/site-packages/urllib3/connectionpool.py:1095 InsecureRequestWarning: Unverified HTTPS request is being made to host 'randomuser.me'. Adding certificate verification is strongly advised. See: https://urllib3.readthedocs.io/en/latest/advanced-usage.html#tls-warnings
[2025-04-29T00:27:42.210+0000] {kafka_stream.py:57} ERROR - An error occured: Expecting value: line 1 column 1 (char 0)
[2025-04-29T00:27:42.311+0000] {logging_mixin.py:151} WARNING - /home/***/.local/lib/python3.9/site-packages/urllib3/connectionpool.py:1095 InsecureRequestWarning: Unverified HTTPS request is being made to host 'randomuser.me'. Adding certificate verification is strongly advised. See: https://urllib3.readthedocs.io/en/latest/advanced-usage.html#tls-warnings
[2025-04-29T00:27:42.367+0000] {kafka_stream.py:57} ERROR - An error occured: Expecting value: line 1 column 1 (char 0)
[2025-04-29T00:27:42.466+0000] {logging_mixin.py:151} WARNING - /home/***/.local/lib/python3.9/site-packages/urllib3/connectionpool.py:1095 InsecureRequestWarning: Unverified HTTPS request is being made to host 'randomuser.me'. Adding certificate verification is strongly advised. See: https://urllib3.readthedocs.io/en/latest/advanced-usage.html#tls-warnings
[2025-04-29T00:27:42.517+0000] {kafka_stream.py:57} ERROR - An error occured: Expecting value: line 1 column 1 (char 0)
[2025-04-29T00:27:42.632+0000] {logging_mixin.py:151} WARNING - /home/***/.local/lib/python3.9/site-packages/urllib3/connectionpool.py:1095 InsecureRequestWarning: Unverified HTTPS request is being made to host 'randomuser.me'. Adding certificate verification is strongly advised. See: https://urllib3.readthedocs.io/en/latest/advanced-usage.html#tls-warnings
[2025-04-29T00:27:42.686+0000] {kafka_stream.py:57} ERROR - An error occured: Expecting value: line 1 column 1 (char 0)
[2025-04-29T00:27:42.812+0000] {logging_mixin.py:151} WARNING - /home/***/.local/lib/python3.9/site-packages/urllib3/connectionpool.py:1095 InsecureRequestWarning: Unverified HTTPS request is being made to host 'randomuser.me'. Adding certificate verification is strongly advised. See: https://urllib3.readthedocs.io/en/latest/advanced-usage.html#tls-warnings
[2025-04-29T00:27:42.880+0000] {kafka_stream.py:57} ERROR - An error occured: Expecting value: line 1 column 1 (char 0)
[2025-04-29T00:27:43.019+0000] {logging_mixin.py:151} WARNING - /home/***/.local/lib/python3.9/site-packages/urllib3/connectionpool.py:1095 InsecureRequestWarning: Unverified HTTPS request is being made to host 'randomuser.me'. Adding certificate verification is strongly advised. See: https://urllib3.readthedocs.io/en/latest/advanced-usage.html#tls-warnings
[2025-04-29T00:27:43.078+0000] {kafka_stream.py:57} ERROR - An error occured: Expecting value: line 1 column 1 (char 0)
[2025-04-29T00:27:43.201+0000] {logging_mixin.py:151} WARNING - /home/***/.local/lib/python3.9/site-packages/urllib3/connectionpool.py:1095 InsecureRequestWarning: Unverified HTTPS request is being made to host 'randomuser.me'. Adding certificate verification is strongly advised. See: https://urllib3.readthedocs.io/en/latest/advanced-usage.html#tls-warnings
[2025-04-29T00:27:43.251+0000] {kafka_stream.py:57} ERROR - An error occured: Expecting value: line 1 column 1 (char 0)
[2025-04-29T00:27:43.374+0000] {logging_mixin.py:151} WARNING - /home/***/.local/lib/python3.9/site-packages/urllib3/connectionpool.py:1095 InsecureRequestWarning: Unverified HTTPS request is being made to host 'randomuser.me'. Adding certificate verification is strongly advised. See: https://urllib3.readthedocs.io/en/latest/advanced-usage.html#tls-warnings
[2025-04-29T00:27:43.431+0000] {kafka_stream.py:57} ERROR - An error occured: Expecting value: line 1 column 1 (char 0)
[2025-04-29T00:27:43.539+0000] {logging_mixin.py:151} WARNING - /home/***/.local/lib/python3.9/site-packages/urllib3/connectionpool.py:1095 InsecureRequestWarning: Unverified HTTPS request is being made to host 'randomuser.me'. Adding certificate verification is strongly advised. See: https://urllib3.readthedocs.io/en/latest/advanced-usage.html#tls-warnings
[2025-04-29T00:27:43.591+0000] {kafka_stream.py:57} ERROR - An error occured: Expecting value: line 1 column 1 (char 0)
[2025-04-29T00:27:43.695+0000] {logging_mixin.py:151} WARNING - /home/***/.local/lib/python3.9/site-packages/urllib3/connectionpool.py:1095 InsecureRequestWarning: Unverified HTTPS request is being made to host 'randomuser.me'. Adding certificate verification is strongly advised. See: https://urllib3.readthedocs.io/en/latest/advanced-usage.html#tls-warnings
[2025-04-29T00:27:43.748+0000] {kafka_stream.py:57} ERROR - An error occured: Expecting value: line 1 column 1 (char 0)
[2025-04-29T00:27:43.885+0000] {logging_mixin.py:151} WARNING - /home/***/.local/lib/python3.9/site-packages/urllib3/connectionpool.py:1095 InsecureRequestWarning: Unverified HTTPS request is being made to host 'randomuser.me'. Adding certificate verification is strongly advised. See: https://urllib3.readthedocs.io/en/latest/advanced-usage.html#tls-warnings
[2025-04-29T00:27:43.951+0000] {kafka_stream.py:57} ERROR - An error occured: Expecting value: line 1 column 1 (char 0)
[2025-04-29T00:27:44.072+0000] {logging_mixin.py:151} WARNING - /home/***/.local/lib/python3.9/site-packages/urllib3/connectionpool.py:1095 InsecureRequestWarning: Unverified HTTPS request is being made to host 'randomuser.me'. Adding certificate verification is strongly advised. See: https://urllib3.readthedocs.io/en/latest/advanced-usage.html#tls-warnings
[2025-04-29T00:27:44.124+0000] {kafka_stream.py:57} ERROR - An error occured: Expecting value: line 1 column 1 (char 0)
[2025-04-29T00:27:44.248+0000] {logging_mixin.py:151} WARNING - /home/***/.local/lib/python3.9/site-packages/urllib3/connectionpool.py:1095 InsecureRequestWarning: Unverified HTTPS request is being made to host 'randomuser.me'. Adding certificate verification is strongly advised. See: https://urllib3.readthedocs.io/en/latest/advanced-usage.html#tls-warnings
[2025-04-29T00:27:44.305+0000] {kafka_stream.py:57} ERROR - An error occured: Expecting value: line 1 column 1 (char 0)
[2025-04-29T00:27:44.388+0000] {logging_mixin.py:151} WARNING - /home/***/.local/lib/python3.9/site-packages/urllib3/connectionpool.py:1095 InsecureRequestWarning: Unverified HTTPS request is being made to host 'randomuser.me'. Adding certificate verification is strongly advised. See: https://urllib3.readthedocs.io/en/latest/advanced-usage.html#tls-warnings
[2025-04-29T00:27:44.442+0000] {kafka_stream.py:57} ERROR - An error occured: Expecting value: line 1 column 1 (char 0)
[2025-04-29T00:27:44.566+0000] {logging_mixin.py:151} WARNING - /home/***/.local/lib/python3.9/site-packages/urllib3/connectionpool.py:1095 InsecureRequestWarning: Unverified HTTPS request is being made to host 'randomuser.me'. Adding certificate verification is strongly advised. See: https://urllib3.readthedocs.io/en/latest/advanced-usage.html#tls-warnings
[2025-04-29T00:27:44.622+0000] {kafka_stream.py:57} ERROR - An error occured: Expecting value: line 1 column 1 (char 0)
[2025-04-29T00:27:44.748+0000] {logging_mixin.py:151} WARNING - /home/***/.local/lib/python3.9/site-packages/urllib3/connectionpool.py:1095 InsecureRequestWarning: Unverified HTTPS request is being made to host 'randomuser.me'. Adding certificate verification is strongly advised. See: https://urllib3.readthedocs.io/en/latest/advanced-usage.html#tls-warnings
[2025-04-29T00:27:44.808+0000] {kafka_stream.py:57} ERROR - An error occured: Expecting value: line 1 column 1 (char 0)
[2025-04-29T00:27:44.947+0000] {logging_mixin.py:151} WARNING - /home/***/.local/lib/python3.9/site-packages/urllib3/connectionpool.py:1095 InsecureRequestWarning: Unverified HTTPS request is being made to host 'randomuser.me'. Adding certificate verification is strongly advised. See: https://urllib3.readthedocs.io/en/latest/advanced-usage.html#tls-warnings
[2025-04-29T00:27:45.001+0000] {kafka_stream.py:57} ERROR - An error occured: Expecting value: line 1 column 1 (char 0)
[2025-04-29T00:27:45.105+0000] {logging_mixin.py:151} WARNING - /home/***/.local/lib/python3.9/site-packages/urllib3/connectionpool.py:1095 InsecureRequestWarning: Unverified HTTPS request is being made to host 'randomuser.me'. Adding certificate verification is strongly advised. See: https://urllib3.readthedocs.io/en/latest/advanced-usage.html#tls-warnings
[2025-04-29T00:27:45.162+0000] {kafka_stream.py:57} ERROR - An error occured: Expecting value: line 1 column 1 (char 0)
[2025-04-29T00:27:45.280+0000] {logging_mixin.py:151} WARNING - /home/***/.local/lib/python3.9/site-packages/urllib3/connectionpool.py:1095 InsecureRequestWarning: Unverified HTTPS request is being made to host 'randomuser.me'. Adding certificate verification is strongly advised. See: https://urllib3.readthedocs.io/en/latest/advanced-usage.html#tls-warnings
[2025-04-29T00:27:45.333+0000] {kafka_stream.py:57} ERROR - An error occured: Expecting value: line 1 column 1 (char 0)
[2025-04-29T00:27:45.465+0000] {logging_mixin.py:151} WARNING - /home/***/.local/lib/python3.9/site-packages/urllib3/connectionpool.py:1095 InsecureRequestWarning: Unverified HTTPS request is being made to host 'randomuser.me'. Adding certificate verification is strongly advised. See: https://urllib3.readthedocs.io/en/latest/advanced-usage.html#tls-warnings
[2025-04-29T00:27:45.515+0000] {kafka_stream.py:57} ERROR - An error occured: Expecting value: line 1 column 1 (char 0)
[2025-04-29T00:27:45.753+0000] {logging_mixin.py:151} WARNING - /home/***/.local/lib/python3.9/site-packages/urllib3/connectionpool.py:1095 InsecureRequestWarning: Unverified HTTPS request is being made to host 'randomuser.me'. Adding certificate verification is strongly advised. See: https://urllib3.readthedocs.io/en/latest/advanced-usage.html#tls-warnings
[2025-04-29T00:27:45.805+0000] {kafka_stream.py:57} ERROR - An error occured: Expecting value: line 1 column 1 (char 0)
[2025-04-29T00:27:45.926+0000] {logging_mixin.py:151} WARNING - /home/***/.local/lib/python3.9/site-packages/urllib3/connectionpool.py:1095 InsecureRequestWarning: Unverified HTTPS request is being made to host 'randomuser.me'. Adding certificate verification is strongly advised. See: https://urllib3.readthedocs.io/en/latest/advanced-usage.html#tls-warnings
[2025-04-29T00:27:45.980+0000] {kafka_stream.py:57} ERROR - An error occured: Expecting value: line 1 column 1 (char 0)
[2025-04-29T00:27:46.103+0000] {logging_mixin.py:151} WARNING - /home/***/.local/lib/python3.9/site-packages/urllib3/connectionpool.py:1095 InsecureRequestWarning: Unverified HTTPS request is being made to host 'randomuser.me'. Adding certificate verification is strongly advised. See: https://urllib3.readthedocs.io/en/latest/advanced-usage.html#tls-warnings
[2025-04-29T00:27:46.155+0000] {kafka_stream.py:57} ERROR - An error occured: Expecting value: line 1 column 1 (char 0)
[2025-04-29T00:27:46.491+0000] {logging_mixin.py:151} WARNING - /home/***/.local/lib/python3.9/site-packages/urllib3/connectionpool.py:1095 InsecureRequestWarning: Unverified HTTPS request is being made to host 'randomuser.me'. Adding certificate verification is strongly advised. See: https://urllib3.readthedocs.io/en/latest/advanced-usage.html#tls-warnings
[2025-04-29T00:27:46.542+0000] {kafka_stream.py:57} ERROR - An error occured: Expecting value: line 1 column 1 (char 0)
[2025-04-29T00:27:46.659+0000] {logging_mixin.py:151} WARNING - /home/***/.local/lib/python3.9/site-packages/urllib3/connectionpool.py:1095 InsecureRequestWarning: Unverified HTTPS request is being made to host 'randomuser.me'. Adding certificate verification is strongly advised. See: https://urllib3.readthedocs.io/en/latest/advanced-usage.html#tls-warnings
[2025-04-29T00:27:46.713+0000] {kafka_stream.py:57} ERROR - An error occured: Expecting value: line 1 column 1 (char 0)
[2025-04-29T00:27:46.827+0000] {logging_mixin.py:151} WARNING - /home/***/.local/lib/python3.9/site-packages/urllib3/connectionpool.py:1095 InsecureRequestWarning: Unverified HTTPS request is being made to host 'randomuser.me'. Adding certificate verification is strongly advised. See: https://urllib3.readthedocs.io/en/latest/advanced-usage.html#tls-warnings
[2025-04-29T00:27:46.880+0000] {kafka_stream.py:57} ERROR - An error occured: Expecting value: line 1 column 1 (char 0)
[2025-04-29T00:27:46.963+0000] {logging_mixin.py:151} WARNING - /home/***/.local/lib/python3.9/site-packages/urllib3/connectionpool.py:1095 InsecureRequestWarning: Unverified HTTPS request is being made to host 'randomuser.me'. Adding certificate verification is strongly advised. See: https://urllib3.readthedocs.io/en/latest/advanced-usage.html#tls-warnings
[2025-04-29T00:27:47.025+0000] {kafka_stream.py:57} ERROR - An error occured: Expecting value: line 1 column 1 (char 0)
[2025-04-29T00:27:47.133+0000] {logging_mixin.py:151} WARNING - /home/***/.local/lib/python3.9/site-packages/urllib3/connectionpool.py:1095 InsecureRequestWarning: Unverified HTTPS request is being made to host 'randomuser.me'. Adding certificate verification is strongly advised. See: https://urllib3.readthedocs.io/en/latest/advanced-usage.html#tls-warnings
[2025-04-29T00:27:47.184+0000] {kafka_stream.py:57} ERROR - An error occured: Expecting value: line 1 column 1 (char 0)
[2025-04-29T00:27:47.270+0000] {logging_mixin.py:151} WARNING - /home/***/.local/lib/python3.9/site-packages/urllib3/connectionpool.py:1095 InsecureRequestWarning: Unverified HTTPS request is being made to host 'randomuser.me'. Adding certificate verification is strongly advised. See: https://urllib3.readthedocs.io/en/latest/advanced-usage.html#tls-warnings
[2025-04-29T00:27:47.325+0000] {kafka_stream.py:57} ERROR - An error occured: Expecting value: line 1 column 1 (char 0)
[2025-04-29T00:27:47.416+0000] {logging_mixin.py:151} WARNING - /home/***/.local/lib/python3.9/site-packages/urllib3/connectionpool.py:1095 InsecureRequestWarning: Unverified HTTPS request is being made to host 'randomuser.me'. Adding certificate verification is strongly advised. See: https://urllib3.readthedocs.io/en/latest/advanced-usage.html#tls-warnings
[2025-04-29T00:27:47.467+0000] {kafka_stream.py:57} ERROR - An error occured: Expecting value: line 1 column 1 (char 0)
[2025-04-29T00:27:47.739+0000] {logging_mixin.py:151} WARNING - /home/***/.local/lib/python3.9/site-packages/urllib3/connectionpool.py:1095 InsecureRequestWarning: Unverified HTTPS request is being made to host 'randomuser.me'. Adding certificate verification is strongly advised. See: https://urllib3.readthedocs.io/en/latest/advanced-usage.html#tls-warnings
[2025-04-29T00:27:47.792+0000] {kafka_stream.py:57} ERROR - An error occured: Expecting value: line 1 column 1 (char 0)
[2025-04-29T00:27:47.921+0000] {logging_mixin.py:151} WARNING - /home/***/.local/lib/python3.9/site-packages/urllib3/connectionpool.py:1095 InsecureRequestWarning: Unverified HTTPS request is being made to host 'randomuser.me'. Adding certificate verification is strongly advised. See: https://urllib3.readthedocs.io/en/latest/advanced-usage.html#tls-warnings
[2025-04-29T00:27:47.970+0000] {kafka_stream.py:57} ERROR - An error occured: Expecting value: line 1 column 1 (char 0)
[2025-04-29T00:27:48.089+0000] {logging_mixin.py:151} WARNING - /home/***/.local/lib/python3.9/site-packages/urllib3/connectionpool.py:1095 InsecureRequestWarning: Unverified HTTPS request is being made to host 'randomuser.me'. Adding certificate verification is strongly advised. See: https://urllib3.readthedocs.io/en/latest/advanced-usage.html#tls-warnings
[2025-04-29T00:27:48.147+0000] {kafka_stream.py:57} ERROR - An error occured: Expecting value: line 1 column 1 (char 0)
[2025-04-29T00:27:48.479+0000] {logging_mixin.py:151} WARNING - /home/***/.local/lib/python3.9/site-packages/urllib3/connectionpool.py:1095 InsecureRequestWarning: Unverified HTTPS request is being made to host 'randomuser.me'. Adding certificate verification is strongly advised. See: https://urllib3.readthedocs.io/en/latest/advanced-usage.html#tls-warnings
[2025-04-29T00:27:48.528+0000] {kafka_stream.py:57} ERROR - An error occured: Expecting value: line 1 column 1 (char 0)
[2025-04-29T00:27:48.651+0000] {logging_mixin.py:151} WARNING - /home/***/.local/lib/python3.9/site-packages/urllib3/connectionpool.py:1095 InsecureRequestWarning: Unverified HTTPS request is being made to host 'randomuser.me'. Adding certificate verification is strongly advised. See: https://urllib3.readthedocs.io/en/latest/advanced-usage.html#tls-warnings
[2025-04-29T00:27:48.711+0000] {kafka_stream.py:57} ERROR - An error occured: Expecting value: line 1 column 1 (char 0)
[2025-04-29T00:27:48.996+0000] {logging_mixin.py:151} WARNING - /home/***/.local/lib/python3.9/site-packages/urllib3/connectionpool.py:1095 InsecureRequestWarning: Unverified HTTPS request is being made to host 'randomuser.me'. Adding certificate verification is strongly advised. See: https://urllib3.readthedocs.io/en/latest/advanced-usage.html#tls-warnings
[2025-04-29T00:27:49.096+0000] {kafka_stream.py:57} ERROR - An error occured: Expecting value: line 1 column 1 (char 0)
[2025-04-29T00:27:49.216+0000] {logging_mixin.py:151} WARNING - /home/***/.local/lib/python3.9/site-packages/urllib3/connectionpool.py:1095 InsecureRequestWarning: Unverified HTTPS request is being made to host 'randomuser.me'. Adding certificate verification is strongly advised. See: https://urllib3.readthedocs.io/en/latest/advanced-usage.html#tls-warnings
[2025-04-29T00:27:49.272+0000] {kafka_stream.py:57} ERROR - An error occured: Expecting value: line 1 column 1 (char 0)
[2025-04-29T00:27:49.381+0000] {logging_mixin.py:151} WARNING - /home/***/.local/lib/python3.9/site-packages/urllib3/connectionpool.py:1095 InsecureRequestWarning: Unverified HTTPS request is being made to host 'randomuser.me'. Adding certificate verification is strongly advised. See: https://urllib3.readthedocs.io/en/latest/advanced-usage.html#tls-warnings
[2025-04-29T00:27:49.432+0000] {kafka_stream.py:57} ERROR - An error occured: Expecting value: line 1 column 1 (char 0)
[2025-04-29T00:27:49.557+0000] {logging_mixin.py:151} WARNING - /home/***/.local/lib/python3.9/site-packages/urllib3/connectionpool.py:1095 InsecureRequestWarning: Unverified HTTPS request is being made to host 'randomuser.me'. Adding certificate verification is strongly advised. See: https://urllib3.readthedocs.io/en/latest/advanced-usage.html#tls-warnings
[2025-04-29T00:27:49.608+0000] {kafka_stream.py:57} ERROR - An error occured: Expecting value: line 1 column 1 (char 0)
[2025-04-29T00:27:49.726+0000] {logging_mixin.py:151} WARNING - /home/***/.local/lib/python3.9/site-packages/urllib3/connectionpool.py:1095 InsecureRequestWarning: Unverified HTTPS request is being made to host 'randomuser.me'. Adding certificate verification is strongly advised. See: https://urllib3.readthedocs.io/en/latest/advanced-usage.html#tls-warnings
[2025-04-29T00:27:49.787+0000] {kafka_stream.py:57} ERROR - An error occured: Expecting value: line 1 column 1 (char 0)
[2025-04-29T00:27:49.894+0000] {logging_mixin.py:151} WARNING - /home/***/.local/lib/python3.9/site-packages/urllib3/connectionpool.py:1095 InsecureRequestWarning: Unverified HTTPS request is being made to host 'randomuser.me'. Adding certificate verification is strongly advised. See: https://urllib3.readthedocs.io/en/latest/advanced-usage.html#tls-warnings
[2025-04-29T00:27:49.947+0000] {kafka_stream.py:57} ERROR - An error occured: Expecting value: line 1 column 1 (char 0)
[2025-04-29T00:27:50.081+0000] {logging_mixin.py:151} WARNING - /home/***/.local/lib/python3.9/site-packages/urllib3/connectionpool.py:1095 InsecureRequestWarning: Unverified HTTPS request is being made to host 'randomuser.me'. Adding certificate verification is strongly advised. See: https://urllib3.readthedocs.io/en/latest/advanced-usage.html#tls-warnings
[2025-04-29T00:27:50.137+0000] {kafka_stream.py:57} ERROR - An error occured: Expecting value: line 1 column 1 (char 0)
[2025-04-29T00:27:50.258+0000] {logging_mixin.py:151} WARNING - /home/***/.local/lib/python3.9/site-packages/urllib3/connectionpool.py:1095 InsecureRequestWarning: Unverified HTTPS request is being made to host 'randomuser.me'. Adding certificate verification is strongly advised. See: https://urllib3.readthedocs.io/en/latest/advanced-usage.html#tls-warnings
[2025-04-29T00:27:50.310+0000] {kafka_stream.py:57} ERROR - An error occured: Expecting value: line 1 column 1 (char 0)
[2025-04-29T00:27:50.437+0000] {logging_mixin.py:151} WARNING - /home/***/.local/lib/python3.9/site-packages/urllib3/connectionpool.py:1095 InsecureRequestWarning: Unverified HTTPS request is being made to host 'randomuser.me'. Adding certificate verification is strongly advised. See: https://urllib3.readthedocs.io/en/latest/advanced-usage.html#tls-warnings
[2025-04-29T00:27:50.504+0000] {kafka_stream.py:57} ERROR - An error occured: Expecting value: line 1 column 1 (char 0)
[2025-04-29T00:27:50.610+0000] {logging_mixin.py:151} WARNING - /home/***/.local/lib/python3.9/site-packages/urllib3/connectionpool.py:1095 InsecureRequestWarning: Unverified HTTPS request is being made to host 'randomuser.me'. Adding certificate verification is strongly advised. See: https://urllib3.readthedocs.io/en/latest/advanced-usage.html#tls-warnings
[2025-04-29T00:27:50.665+0000] {kafka_stream.py:57} ERROR - An error occured: Expecting value: line 1 column 1 (char 0)
[2025-04-29T00:27:50.800+0000] {logging_mixin.py:151} WARNING - /home/***/.local/lib/python3.9/site-packages/urllib3/connectionpool.py:1095 InsecureRequestWarning: Unverified HTTPS request is being made to host 'randomuser.me'. Adding certificate verification is strongly advised. See: https://urllib3.readthedocs.io/en/latest/advanced-usage.html#tls-warnings
[2025-04-29T00:27:50.853+0000] {kafka_stream.py:57} ERROR - An error occured: Expecting value: line 1 column 1 (char 0)
[2025-04-29T00:27:50.966+0000] {logging_mixin.py:151} WARNING - /home/***/.local/lib/python3.9/site-packages/urllib3/connectionpool.py:1095 InsecureRequestWarning: Unverified HTTPS request is being made to host 'randomuser.me'. Adding certificate verification is strongly advised. See: https://urllib3.readthedocs.io/en/latest/advanced-usage.html#tls-warnings
[2025-04-29T00:27:51.019+0000] {kafka_stream.py:57} ERROR - An error occured: Expecting value: line 1 column 1 (char 0)
[2025-04-29T00:27:51.138+0000] {logging_mixin.py:151} WARNING - /home/***/.local/lib/python3.9/site-packages/urllib3/connectionpool.py:1095 InsecureRequestWarning: Unverified HTTPS request is being made to host 'randomuser.me'. Adding certificate verification is strongly advised. See: https://urllib3.readthedocs.io/en/latest/advanced-usage.html#tls-warnings
[2025-04-29T00:27:51.193+0000] {kafka_stream.py:57} ERROR - An error occured: Expecting value: line 1 column 1 (char 0)
[2025-04-29T00:27:51.320+0000] {logging_mixin.py:151} WARNING - /home/***/.local/lib/python3.9/site-packages/urllib3/connectionpool.py:1095 InsecureRequestWarning: Unverified HTTPS request is being made to host 'randomuser.me'. Adding certificate verification is strongly advised. See: https://urllib3.readthedocs.io/en/latest/advanced-usage.html#tls-warnings
[2025-04-29T00:27:51.382+0000] {kafka_stream.py:57} ERROR - An error occured: Expecting value: line 1 column 1 (char 0)
[2025-04-29T00:27:51.711+0000] {logging_mixin.py:151} WARNING - /home/***/.local/lib/python3.9/site-packages/urllib3/connectionpool.py:1095 InsecureRequestWarning: Unverified HTTPS request is being made to host 'randomuser.me'. Adding certificate verification is strongly advised. See: https://urllib3.readthedocs.io/en/latest/advanced-usage.html#tls-warnings
[2025-04-29T00:27:51.764+0000] {kafka_stream.py:57} ERROR - An error occured: Expecting value: line 1 column 1 (char 0)
[2025-04-29T00:27:51.873+0000] {logging_mixin.py:151} WARNING - /home/***/.local/lib/python3.9/site-packages/urllib3/connectionpool.py:1095 InsecureRequestWarning: Unverified HTTPS request is being made to host 'randomuser.me'. Adding certificate verification is strongly advised. See: https://urllib3.readthedocs.io/en/latest/advanced-usage.html#tls-warnings
[2025-04-29T00:27:51.936+0000] {kafka_stream.py:57} ERROR - An error occured: Expecting value: line 1 column 1 (char 0)
[2025-04-29T00:27:52.023+0000] {logging_mixin.py:151} WARNING - /home/***/.local/lib/python3.9/site-packages/urllib3/connectionpool.py:1095 InsecureRequestWarning: Unverified HTTPS request is being made to host 'randomuser.me'. Adding certificate verification is strongly advised. See: https://urllib3.readthedocs.io/en/latest/advanced-usage.html#tls-warnings
[2025-04-29T00:27:52.077+0000] {kafka_stream.py:57} ERROR - An error occured: Expecting value: line 1 column 1 (char 0)
[2025-04-29T00:27:52.182+0000] {logging_mixin.py:151} WARNING - /home/***/.local/lib/python3.9/site-packages/urllib3/connectionpool.py:1095 InsecureRequestWarning: Unverified HTTPS request is being made to host 'randomuser.me'. Adding certificate verification is strongly advised. See: https://urllib3.readthedocs.io/en/latest/advanced-usage.html#tls-warnings
[2025-04-29T00:27:52.238+0000] {kafka_stream.py:57} ERROR - An error occured: Expecting value: line 1 column 1 (char 0)
[2025-04-29T00:27:52.346+0000] {logging_mixin.py:151} WARNING - /home/***/.local/lib/python3.9/site-packages/urllib3/connectionpool.py:1095 InsecureRequestWarning: Unverified HTTPS request is being made to host 'randomuser.me'. Adding certificate verification is strongly advised. See: https://urllib3.readthedocs.io/en/latest/advanced-usage.html#tls-warnings
[2025-04-29T00:27:52.407+0000] {kafka_stream.py:57} ERROR - An error occured: Expecting value: line 1 column 1 (char 0)
[2025-04-29T00:27:52.535+0000] {logging_mixin.py:151} WARNING - /home/***/.local/lib/python3.9/site-packages/urllib3/connectionpool.py:1095 InsecureRequestWarning: Unverified HTTPS request is being made to host 'randomuser.me'. Adding certificate verification is strongly advised. See: https://urllib3.readthedocs.io/en/latest/advanced-usage.html#tls-warnings
[2025-04-29T00:27:52.584+0000] {kafka_stream.py:57} ERROR - An error occured: Expecting value: line 1 column 1 (char 0)
[2025-04-29T00:27:52.681+0000] {logging_mixin.py:151} WARNING - /home/***/.local/lib/python3.9/site-packages/urllib3/connectionpool.py:1095 InsecureRequestWarning: Unverified HTTPS request is being made to host 'randomuser.me'. Adding certificate verification is strongly advised. See: https://urllib3.readthedocs.io/en/latest/advanced-usage.html#tls-warnings
[2025-04-29T00:27:52.736+0000] {kafka_stream.py:57} ERROR - An error occured: Expecting value: line 1 column 1 (char 0)
[2025-04-29T00:27:52.922+0000] {logging_mixin.py:151} WARNING - /home/***/.local/lib/python3.9/site-packages/urllib3/connectionpool.py:1095 InsecureRequestWarning: Unverified HTTPS request is being made to host 'randomuser.me'. Adding certificate verification is strongly advised. See: https://urllib3.readthedocs.io/en/latest/advanced-usage.html#tls-warnings
[2025-04-29T00:27:52.972+0000] {kafka_stream.py:57} ERROR - An error occured: Expecting value: line 1 column 1 (char 0)
[2025-04-29T00:27:53.072+0000] {logging_mixin.py:151} WARNING - /home/***/.local/lib/python3.9/site-packages/urllib3/connectionpool.py:1095 InsecureRequestWarning: Unverified HTTPS request is being made to host 'randomuser.me'. Adding certificate verification is strongly advised. See: https://urllib3.readthedocs.io/en/latest/advanced-usage.html#tls-warnings
[2025-04-29T00:27:53.134+0000] {kafka_stream.py:57} ERROR - An error occured: Expecting value: line 1 column 1 (char 0)
[2025-04-29T00:27:53.223+0000] {logging_mixin.py:151} WARNING - /home/***/.local/lib/python3.9/site-packages/urllib3/connectionpool.py:1095 InsecureRequestWarning: Unverified HTTPS request is being made to host 'randomuser.me'. Adding certificate verification is strongly advised. See: https://urllib3.readthedocs.io/en/latest/advanced-usage.html#tls-warnings
[2025-04-29T00:27:53.275+0000] {kafka_stream.py:57} ERROR - An error occured: Expecting value: line 1 column 1 (char 0)
[2025-04-29T00:27:53.384+0000] {logging_mixin.py:151} WARNING - /home/***/.local/lib/python3.9/site-packages/urllib3/connectionpool.py:1095 InsecureRequestWarning: Unverified HTTPS request is being made to host 'randomuser.me'. Adding certificate verification is strongly advised. See: https://urllib3.readthedocs.io/en/latest/advanced-usage.html#tls-warnings
[2025-04-29T00:27:53.447+0000] {kafka_stream.py:57} ERROR - An error occured: Expecting value: line 1 column 1 (char 0)
[2025-04-29T00:27:53.557+0000] {logging_mixin.py:151} WARNING - /home/***/.local/lib/python3.9/site-packages/urllib3/connectionpool.py:1095 InsecureRequestWarning: Unverified HTTPS request is being made to host 'randomuser.me'. Adding certificate verification is strongly advised. See: https://urllib3.readthedocs.io/en/latest/advanced-usage.html#tls-warnings
[2025-04-29T00:27:53.609+0000] {kafka_stream.py:57} ERROR - An error occured: Expecting value: line 1 column 1 (char 0)
[2025-04-29T00:27:53.756+0000] {logging_mixin.py:151} WARNING - /home/***/.local/lib/python3.9/site-packages/urllib3/connectionpool.py:1095 InsecureRequestWarning: Unverified HTTPS request is being made to host 'randomuser.me'. Adding certificate verification is strongly advised. See: https://urllib3.readthedocs.io/en/latest/advanced-usage.html#tls-warnings
[2025-04-29T00:27:53.814+0000] {kafka_stream.py:57} ERROR - An error occured: Expecting value: line 1 column 1 (char 0)
[2025-04-29T00:27:53.918+0000] {logging_mixin.py:151} WARNING - /home/***/.local/lib/python3.9/site-packages/urllib3/connectionpool.py:1095 InsecureRequestWarning: Unverified HTTPS request is being made to host 'randomuser.me'. Adding certificate verification is strongly advised. See: https://urllib3.readthedocs.io/en/latest/advanced-usage.html#tls-warnings
[2025-04-29T00:27:53.984+0000] {kafka_stream.py:57} ERROR - An error occured: Expecting value: line 1 column 1 (char 0)
[2025-04-29T00:27:54.082+0000] {logging_mixin.py:151} WARNING - /home/***/.local/lib/python3.9/site-packages/urllib3/connectionpool.py:1095 InsecureRequestWarning: Unverified HTTPS request is being made to host 'randomuser.me'. Adding certificate verification is strongly advised. See: https://urllib3.readthedocs.io/en/latest/advanced-usage.html#tls-warnings
[2025-04-29T00:27:54.137+0000] {kafka_stream.py:57} ERROR - An error occured: Expecting value: line 1 column 1 (char 0)
[2025-04-29T00:27:54.227+0000] {logging_mixin.py:151} WARNING - /home/***/.local/lib/python3.9/site-packages/urllib3/connectionpool.py:1095 InsecureRequestWarning: Unverified HTTPS request is being made to host 'randomuser.me'. Adding certificate verification is strongly advised. See: https://urllib3.readthedocs.io/en/latest/advanced-usage.html#tls-warnings
[2025-04-29T00:27:54.286+0000] {kafka_stream.py:57} ERROR - An error occured: Expecting value: line 1 column 1 (char 0)
[2025-04-29T00:27:54.393+0000] {logging_mixin.py:151} WARNING - /home/***/.local/lib/python3.9/site-packages/urllib3/connectionpool.py:1095 InsecureRequestWarning: Unverified HTTPS request is being made to host 'randomuser.me'. Adding certificate verification is strongly advised. See: https://urllib3.readthedocs.io/en/latest/advanced-usage.html#tls-warnings
[2025-04-29T00:27:54.445+0000] {kafka_stream.py:57} ERROR - An error occured: Expecting value: line 1 column 1 (char 0)
[2025-04-29T00:27:54.547+0000] {logging_mixin.py:151} WARNING - /home/***/.local/lib/python3.9/site-packages/urllib3/connectionpool.py:1095 InsecureRequestWarning: Unverified HTTPS request is being made to host 'randomuser.me'. Adding certificate verification is strongly advised. See: https://urllib3.readthedocs.io/en/latest/advanced-usage.html#tls-warnings
[2025-04-29T00:27:54.600+0000] {kafka_stream.py:57} ERROR - An error occured: Expecting value: line 1 column 1 (char 0)
[2025-04-29T00:27:54.710+0000] {logging_mixin.py:151} WARNING - /home/***/.local/lib/python3.9/site-packages/urllib3/connectionpool.py:1095 InsecureRequestWarning: Unverified HTTPS request is being made to host 'randomuser.me'. Adding certificate verification is strongly advised. See: https://urllib3.readthedocs.io/en/latest/advanced-usage.html#tls-warnings
[2025-04-29T00:27:54.769+0000] {kafka_stream.py:57} ERROR - An error occured: Expecting value: line 1 column 1 (char 0)
[2025-04-29T00:27:54.874+0000] {logging_mixin.py:151} WARNING - /home/***/.local/lib/python3.9/site-packages/urllib3/connectionpool.py:1095 InsecureRequestWarning: Unverified HTTPS request is being made to host 'randomuser.me'. Adding certificate verification is strongly advised. See: https://urllib3.readthedocs.io/en/latest/advanced-usage.html#tls-warnings
[2025-04-29T00:27:54.925+0000] {kafka_stream.py:57} ERROR - An error occured: Expecting value: line 1 column 1 (char 0)
[2025-04-29T00:27:55.068+0000] {logging_mixin.py:151} WARNING - /home/***/.local/lib/python3.9/site-packages/urllib3/connectionpool.py:1095 InsecureRequestWarning: Unverified HTTPS request is being made to host 'randomuser.me'. Adding certificate verification is strongly advised. See: https://urllib3.readthedocs.io/en/latest/advanced-usage.html#tls-warnings
[2025-04-29T00:27:55.121+0000] {kafka_stream.py:57} ERROR - An error occured: Expecting value: line 1 column 1 (char 0)
[2025-04-29T00:27:55.507+0000] {logging_mixin.py:151} WARNING - /home/***/.local/lib/python3.9/site-packages/urllib3/connectionpool.py:1095 InsecureRequestWarning: Unverified HTTPS request is being made to host 'randomuser.me'. Adding certificate verification is strongly advised. See: https://urllib3.readthedocs.io/en/latest/advanced-usage.html#tls-warnings
[2025-04-29T00:27:55.561+0000] {kafka_stream.py:57} ERROR - An error occured: Expecting value: line 1 column 1 (char 0)
[2025-04-29T00:27:55.667+0000] {logging_mixin.py:151} WARNING - /home/***/.local/lib/python3.9/site-packages/urllib3/connectionpool.py:1095 InsecureRequestWarning: Unverified HTTPS request is being made to host 'randomuser.me'. Adding certificate verification is strongly advised. See: https://urllib3.readthedocs.io/en/latest/advanced-usage.html#tls-warnings
[2025-04-29T00:27:55.734+0000] {kafka_stream.py:57} ERROR - An error occured: Expecting value: line 1 column 1 (char 0)
[2025-04-29T00:27:55.840+0000] {logging_mixin.py:151} WARNING - /home/***/.local/lib/python3.9/site-packages/urllib3/connectionpool.py:1095 InsecureRequestWarning: Unverified HTTPS request is being made to host 'randomuser.me'. Adding certificate verification is strongly advised. See: https://urllib3.readthedocs.io/en/latest/advanced-usage.html#tls-warnings
[2025-04-29T00:27:55.892+0000] {kafka_stream.py:57} ERROR - An error occured: Expecting value: line 1 column 1 (char 0)
[2025-04-29T00:27:55.997+0000] {logging_mixin.py:151} WARNING - /home/***/.local/lib/python3.9/site-packages/urllib3/connectionpool.py:1095 InsecureRequestWarning: Unverified HTTPS request is being made to host 'randomuser.me'. Adding certificate verification is strongly advised. See: https://urllib3.readthedocs.io/en/latest/advanced-usage.html#tls-warnings
[2025-04-29T00:27:56.052+0000] {kafka_stream.py:57} ERROR - An error occured: Expecting value: line 1 column 1 (char 0)
[2025-04-29T00:27:56.181+0000] {logging_mixin.py:151} WARNING - /home/***/.local/lib/python3.9/site-packages/urllib3/connectionpool.py:1095 InsecureRequestWarning: Unverified HTTPS request is being made to host 'randomuser.me'. Adding certificate verification is strongly advised. See: https://urllib3.readthedocs.io/en/latest/advanced-usage.html#tls-warnings
[2025-04-29T00:27:56.238+0000] {kafka_stream.py:57} ERROR - An error occured: Expecting value: line 1 column 1 (char 0)
[2025-04-29T00:27:56.367+0000] {logging_mixin.py:151} WARNING - /home/***/.local/lib/python3.9/site-packages/urllib3/connectionpool.py:1095 InsecureRequestWarning: Unverified HTTPS request is being made to host 'randomuser.me'. Adding certificate verification is strongly advised. See: https://urllib3.readthedocs.io/en/latest/advanced-usage.html#tls-warnings
[2025-04-29T00:27:56.434+0000] {kafka_stream.py:57} ERROR - An error occured: Expecting value: line 1 column 1 (char 0)
[2025-04-29T00:27:56.538+0000] {logging_mixin.py:151} WARNING - /home/***/.local/lib/python3.9/site-packages/urllib3/connectionpool.py:1095 InsecureRequestWarning: Unverified HTTPS request is being made to host 'randomuser.me'. Adding certificate verification is strongly advised. See: https://urllib3.readthedocs.io/en/latest/advanced-usage.html#tls-warnings
[2025-04-29T00:27:56.595+0000] {kafka_stream.py:57} ERROR - An error occured: Expecting value: line 1 column 1 (char 0)
[2025-04-29T00:27:56.693+0000] {logging_mixin.py:151} WARNING - /home/***/.local/lib/python3.9/site-packages/urllib3/connectionpool.py:1095 InsecureRequestWarning: Unverified HTTPS request is being made to host 'randomuser.me'. Adding certificate verification is strongly advised. See: https://urllib3.readthedocs.io/en/latest/advanced-usage.html#tls-warnings
[2025-04-29T00:27:56.753+0000] {kafka_stream.py:57} ERROR - An error occured: Expecting value: line 1 column 1 (char 0)
[2025-04-29T00:27:56.855+0000] {logging_mixin.py:151} WARNING - /home/***/.local/lib/python3.9/site-packages/urllib3/connectionpool.py:1095 InsecureRequestWarning: Unverified HTTPS request is being made to host 'randomuser.me'. Adding certificate verification is strongly advised. See: https://urllib3.readthedocs.io/en/latest/advanced-usage.html#tls-warnings
[2025-04-29T00:27:56.905+0000] {kafka_stream.py:57} ERROR - An error occured: Expecting value: line 1 column 1 (char 0)
[2025-04-29T00:27:57.000+0000] {logging_mixin.py:151} WARNING - /home/***/.local/lib/python3.9/site-packages/urllib3/connectionpool.py:1095 InsecureRequestWarning: Unverified HTTPS request is being made to host 'randomuser.me'. Adding certificate verification is strongly advised. See: https://urllib3.readthedocs.io/en/latest/advanced-usage.html#tls-warnings
[2025-04-29T00:27:57.055+0000] {kafka_stream.py:57} ERROR - An error occured: Expecting value: line 1 column 1 (char 0)
[2025-04-29T00:27:57.159+0000] {logging_mixin.py:151} WARNING - /home/***/.local/lib/python3.9/site-packages/urllib3/connectionpool.py:1095 InsecureRequestWarning: Unverified HTTPS request is being made to host 'randomuser.me'. Adding certificate verification is strongly advised. See: https://urllib3.readthedocs.io/en/latest/advanced-usage.html#tls-warnings
[2025-04-29T00:27:57.213+0000] {kafka_stream.py:57} ERROR - An error occured: Expecting value: line 1 column 1 (char 0)
[2025-04-29T00:27:57.307+0000] {logging_mixin.py:151} WARNING - /home/***/.local/lib/python3.9/site-packages/urllib3/connectionpool.py:1095 InsecureRequestWarning: Unverified HTTPS request is being made to host 'randomuser.me'. Adding certificate verification is strongly advised. See: https://urllib3.readthedocs.io/en/latest/advanced-usage.html#tls-warnings
[2025-04-29T00:27:57.365+0000] {kafka_stream.py:57} ERROR - An error occured: Expecting value: line 1 column 1 (char 0)
[2025-04-29T00:27:57.473+0000] {logging_mixin.py:151} WARNING - /home/***/.local/lib/python3.9/site-packages/urllib3/connectionpool.py:1095 InsecureRequestWarning: Unverified HTTPS request is being made to host 'randomuser.me'. Adding certificate verification is strongly advised. See: https://urllib3.readthedocs.io/en/latest/advanced-usage.html#tls-warnings
[2025-04-29T00:27:57.523+0000] {kafka_stream.py:57} ERROR - An error occured: Expecting value: line 1 column 1 (char 0)
[2025-04-29T00:27:57.627+0000] {logging_mixin.py:151} WARNING - /home/***/.local/lib/python3.9/site-packages/urllib3/connectionpool.py:1095 InsecureRequestWarning: Unverified HTTPS request is being made to host 'randomuser.me'. Adding certificate verification is strongly advised. See: https://urllib3.readthedocs.io/en/latest/advanced-usage.html#tls-warnings
[2025-04-29T00:27:57.682+0000] {kafka_stream.py:57} ERROR - An error occured: Expecting value: line 1 column 1 (char 0)
[2025-04-29T00:27:57.810+0000] {logging_mixin.py:151} WARNING - /home/***/.local/lib/python3.9/site-packages/urllib3/connectionpool.py:1095 InsecureRequestWarning: Unverified HTTPS request is being made to host 'randomuser.me'. Adding certificate verification is strongly advised. See: https://urllib3.readthedocs.io/en/latest/advanced-usage.html#tls-warnings
[2025-04-29T00:27:57.870+0000] {kafka_stream.py:57} ERROR - An error occured: Expecting value: line 1 column 1 (char 0)
[2025-04-29T00:27:57.982+0000] {logging_mixin.py:151} WARNING - /home/***/.local/lib/python3.9/site-packages/urllib3/connectionpool.py:1095 InsecureRequestWarning: Unverified HTTPS request is being made to host 'randomuser.me'. Adding certificate verification is strongly advised. See: https://urllib3.readthedocs.io/en/latest/advanced-usage.html#tls-warnings
[2025-04-29T00:27:58.032+0000] {kafka_stream.py:57} ERROR - An error occured: Expecting value: line 1 column 1 (char 0)
[2025-04-29T00:27:58.126+0000] {logging_mixin.py:151} WARNING - /home/***/.local/lib/python3.9/site-packages/urllib3/connectionpool.py:1095 InsecureRequestWarning: Unverified HTTPS request is being made to host 'randomuser.me'. Adding certificate verification is strongly advised. See: https://urllib3.readthedocs.io/en/latest/advanced-usage.html#tls-warnings
[2025-04-29T00:27:58.183+0000] {kafka_stream.py:57} ERROR - An error occured: Expecting value: line 1 column 1 (char 0)
[2025-04-29T00:27:58.304+0000] {logging_mixin.py:151} WARNING - /home/***/.local/lib/python3.9/site-packages/urllib3/connectionpool.py:1095 InsecureRequestWarning: Unverified HTTPS request is being made to host 'randomuser.me'. Adding certificate verification is strongly advised. See: https://urllib3.readthedocs.io/en/latest/advanced-usage.html#tls-warnings
[2025-04-29T00:27:58.355+0000] {kafka_stream.py:57} ERROR - An error occured: Expecting value: line 1 column 1 (char 0)
[2025-04-29T00:27:58.462+0000] {logging_mixin.py:151} WARNING - /home/***/.local/lib/python3.9/site-packages/urllib3/connectionpool.py:1095 InsecureRequestWarning: Unverified HTTPS request is being made to host 'randomuser.me'. Adding certificate verification is strongly advised. See: https://urllib3.readthedocs.io/en/latest/advanced-usage.html#tls-warnings
[2025-04-29T00:27:58.514+0000] {kafka_stream.py:57} ERROR - An error occured: Expecting value: line 1 column 1 (char 0)
[2025-04-29T00:27:58.601+0000] {logging_mixin.py:151} WARNING - /home/***/.local/lib/python3.9/site-packages/urllib3/connectionpool.py:1095 InsecureRequestWarning: Unverified HTTPS request is being made to host 'randomuser.me'. Adding certificate verification is strongly advised. See: https://urllib3.readthedocs.io/en/latest/advanced-usage.html#tls-warnings
[2025-04-29T00:27:58.651+0000] {kafka_stream.py:57} ERROR - An error occured: Expecting value: line 1 column 1 (char 0)
[2025-04-29T00:27:58.805+0000] {logging_mixin.py:151} WARNING - /home/***/.local/lib/python3.9/site-packages/urllib3/connectionpool.py:1095 InsecureRequestWarning: Unverified HTTPS request is being made to host 'randomuser.me'. Adding certificate verification is strongly advised. See: https://urllib3.readthedocs.io/en/latest/advanced-usage.html#tls-warnings
[2025-04-29T00:27:58.856+0000] {kafka_stream.py:57} ERROR - An error occured: Expecting value: line 1 column 1 (char 0)
[2025-04-29T00:27:58.953+0000] {logging_mixin.py:151} WARNING - /home/***/.local/lib/python3.9/site-packages/urllib3/connectionpool.py:1095 InsecureRequestWarning: Unverified HTTPS request is being made to host 'randomuser.me'. Adding certificate verification is strongly advised. See: https://urllib3.readthedocs.io/en/latest/advanced-usage.html#tls-warnings
[2025-04-29T00:27:59.005+0000] {kafka_stream.py:57} ERROR - An error occured: Expecting value: line 1 column 1 (char 0)
[2025-04-29T00:27:59.099+0000] {logging_mixin.py:151} WARNING - /home/***/.local/lib/python3.9/site-packages/urllib3/connectionpool.py:1095 InsecureRequestWarning: Unverified HTTPS request is being made to host 'randomuser.me'. Adding certificate verification is strongly advised. See: https://urllib3.readthedocs.io/en/latest/advanced-usage.html#tls-warnings
[2025-04-29T00:27:59.157+0000] {kafka_stream.py:57} ERROR - An error occured: Expecting value: line 1 column 1 (char 0)
[2025-04-29T00:27:59.292+0000] {logging_mixin.py:151} WARNING - /home/***/.local/lib/python3.9/site-packages/urllib3/connectionpool.py:1095 InsecureRequestWarning: Unverified HTTPS request is being made to host 'randomuser.me'. Adding certificate verification is strongly advised. See: https://urllib3.readthedocs.io/en/latest/advanced-usage.html#tls-warnings
[2025-04-29T00:27:59.347+0000] {kafka_stream.py:57} ERROR - An error occured: Expecting value: line 1 column 1 (char 0)
[2025-04-29T00:27:59.431+0000] {logging_mixin.py:151} WARNING - /home/***/.local/lib/python3.9/site-packages/urllib3/connectionpool.py:1095 InsecureRequestWarning: Unverified HTTPS request is being made to host 'randomuser.me'. Adding certificate verification is strongly advised. See: https://urllib3.readthedocs.io/en/latest/advanced-usage.html#tls-warnings
[2025-04-29T00:27:59.482+0000] {kafka_stream.py:57} ERROR - An error occured: Expecting value: line 1 column 1 (char 0)
[2025-04-29T00:27:59.575+0000] {logging_mixin.py:151} WARNING - /home/***/.local/lib/python3.9/site-packages/urllib3/connectionpool.py:1095 InsecureRequestWarning: Unverified HTTPS request is being made to host 'randomuser.me'. Adding certificate verification is strongly advised. See: https://urllib3.readthedocs.io/en/latest/advanced-usage.html#tls-warnings
[2025-04-29T00:27:59.626+0000] {kafka_stream.py:57} ERROR - An error occured: Expecting value: line 1 column 1 (char 0)
[2025-04-29T00:27:59.720+0000] {logging_mixin.py:151} WARNING - /home/***/.local/lib/python3.9/site-packages/urllib3/connectionpool.py:1095 InsecureRequestWarning: Unverified HTTPS request is being made to host 'randomuser.me'. Adding certificate verification is strongly advised. See: https://urllib3.readthedocs.io/en/latest/advanced-usage.html#tls-warnings
[2025-04-29T00:27:59.776+0000] {kafka_stream.py:57} ERROR - An error occured: Expecting value: line 1 column 1 (char 0)
[2025-04-29T00:27:59.876+0000] {logging_mixin.py:151} WARNING - /home/***/.local/lib/python3.9/site-packages/urllib3/connectionpool.py:1095 InsecureRequestWarning: Unverified HTTPS request is being made to host 'randomuser.me'. Adding certificate verification is strongly advised. See: https://urllib3.readthedocs.io/en/latest/advanced-usage.html#tls-warnings
[2025-04-29T00:27:59.928+0000] {kafka_stream.py:57} ERROR - An error occured: Expecting value: line 1 column 1 (char 0)
[2025-04-29T00:28:00.030+0000] {logging_mixin.py:151} WARNING - /home/***/.local/lib/python3.9/site-packages/urllib3/connectionpool.py:1095 InsecureRequestWarning: Unverified HTTPS request is being made to host 'randomuser.me'. Adding certificate verification is strongly advised. See: https://urllib3.readthedocs.io/en/latest/advanced-usage.html#tls-warnings
[2025-04-29T00:28:00.082+0000] {kafka_stream.py:57} ERROR - An error occured: Expecting value: line 1 column 1 (char 0)
[2025-04-29T00:28:00.188+0000] {logging_mixin.py:151} WARNING - /home/***/.local/lib/python3.9/site-packages/urllib3/connectionpool.py:1095 InsecureRequestWarning: Unverified HTTPS request is being made to host 'randomuser.me'. Adding certificate verification is strongly advised. See: https://urllib3.readthedocs.io/en/latest/advanced-usage.html#tls-warnings
[2025-04-29T00:28:00.238+0000] {kafka_stream.py:57} ERROR - An error occured: Expecting value: line 1 column 1 (char 0)
[2025-04-29T00:28:00.386+0000] {logging_mixin.py:151} WARNING - /home/***/.local/lib/python3.9/site-packages/urllib3/connectionpool.py:1095 InsecureRequestWarning: Unverified HTTPS request is being made to host 'randomuser.me'. Adding certificate verification is strongly advised. See: https://urllib3.readthedocs.io/en/latest/advanced-usage.html#tls-warnings
[2025-04-29T00:28:00.441+0000] {kafka_stream.py:57} ERROR - An error occured: Expecting value: line 1 column 1 (char 0)
[2025-04-29T00:28:00.597+0000] {logging_mixin.py:151} WARNING - /home/***/.local/lib/python3.9/site-packages/urllib3/connectionpool.py:1095 InsecureRequestWarning: Unverified HTTPS request is being made to host 'randomuser.me'. Adding certificate verification is strongly advised. See: https://urllib3.readthedocs.io/en/latest/advanced-usage.html#tls-warnings
[2025-04-29T00:28:00.646+0000] {kafka_stream.py:57} ERROR - An error occured: Expecting value: line 1 column 1 (char 0)
[2025-04-29T00:28:00.977+0000] {logging_mixin.py:151} WARNING - /home/***/.local/lib/python3.9/site-packages/urllib3/connectionpool.py:1095 InsecureRequestWarning: Unverified HTTPS request is being made to host 'randomuser.me'. Adding certificate verification is strongly advised. See: https://urllib3.readthedocs.io/en/latest/advanced-usage.html#tls-warnings
[2025-04-29T00:28:01.068+0000] {kafka_stream.py:57} ERROR - An error occured: Expecting value: line 1 column 1 (char 0)
[2025-04-29T00:28:01.186+0000] {logging_mixin.py:151} WARNING - /home/***/.local/lib/python3.9/site-packages/urllib3/connectionpool.py:1095 InsecureRequestWarning: Unverified HTTPS request is being made to host 'randomuser.me'. Adding certificate verification is strongly advised. See: https://urllib3.readthedocs.io/en/latest/advanced-usage.html#tls-warnings
[2025-04-29T00:28:01.265+0000] {kafka_stream.py:57} ERROR - An error occured: Expecting value: line 1 column 1 (char 0)
[2025-04-29T00:28:01.384+0000] {logging_mixin.py:151} WARNING - /home/***/.local/lib/python3.9/site-packages/urllib3/connectionpool.py:1095 InsecureRequestWarning: Unverified HTTPS request is being made to host 'randomuser.me'. Adding certificate verification is strongly advised. See: https://urllib3.readthedocs.io/en/latest/advanced-usage.html#tls-warnings
[2025-04-29T00:28:01.435+0000] {kafka_stream.py:57} ERROR - An error occured: Expecting value: line 1 column 1 (char 0)
[2025-04-29T00:28:01.549+0000] {logging_mixin.py:151} WARNING - /home/***/.local/lib/python3.9/site-packages/urllib3/connectionpool.py:1095 InsecureRequestWarning: Unverified HTTPS request is being made to host 'randomuser.me'. Adding certificate verification is strongly advised. See: https://urllib3.readthedocs.io/en/latest/advanced-usage.html#tls-warnings
[2025-04-29T00:28:01.601+0000] {kafka_stream.py:57} ERROR - An error occured: Expecting value: line 1 column 1 (char 0)
[2025-04-29T00:28:01.688+0000] {logging_mixin.py:151} WARNING - /home/***/.local/lib/python3.9/site-packages/urllib3/connectionpool.py:1095 InsecureRequestWarning: Unverified HTTPS request is being made to host 'randomuser.me'. Adding certificate verification is strongly advised. See: https://urllib3.readthedocs.io/en/latest/advanced-usage.html#tls-warnings
[2025-04-29T00:28:01.739+0000] {kafka_stream.py:57} ERROR - An error occured: Expecting value: line 1 column 1 (char 0)
[2025-04-29T00:28:01.857+0000] {logging_mixin.py:151} WARNING - /home/***/.local/lib/python3.9/site-packages/urllib3/connectionpool.py:1095 InsecureRequestWarning: Unverified HTTPS request is being made to host 'randomuser.me'. Adding certificate verification is strongly advised. See: https://urllib3.readthedocs.io/en/latest/advanced-usage.html#tls-warnings
[2025-04-29T00:28:01.910+0000] {kafka_stream.py:57} ERROR - An error occured: Expecting value: line 1 column 1 (char 0)
[2025-04-29T00:28:01.995+0000] {logging_mixin.py:151} WARNING - /home/***/.local/lib/python3.9/site-packages/urllib3/connectionpool.py:1095 InsecureRequestWarning: Unverified HTTPS request is being made to host 'randomuser.me'. Adding certificate verification is strongly advised. See: https://urllib3.readthedocs.io/en/latest/advanced-usage.html#tls-warnings
[2025-04-29T00:28:02.044+0000] {kafka_stream.py:57} ERROR - An error occured: Expecting value: line 1 column 1 (char 0)
[2025-04-29T00:28:02.164+0000] {logging_mixin.py:151} WARNING - /home/***/.local/lib/python3.9/site-packages/urllib3/connectionpool.py:1095 InsecureRequestWarning: Unverified HTTPS request is being made to host 'randomuser.me'. Adding certificate verification is strongly advised. See: https://urllib3.readthedocs.io/en/latest/advanced-usage.html#tls-warnings
[2025-04-29T00:28:02.216+0000] {kafka_stream.py:57} ERROR - An error occured: Expecting value: line 1 column 1 (char 0)
[2025-04-29T00:28:02.330+0000] {logging_mixin.py:151} WARNING - /home/***/.local/lib/python3.9/site-packages/urllib3/connectionpool.py:1095 InsecureRequestWarning: Unverified HTTPS request is being made to host 'randomuser.me'. Adding certificate verification is strongly advised. See: https://urllib3.readthedocs.io/en/latest/advanced-usage.html#tls-warnings
[2025-04-29T00:28:02.383+0000] {kafka_stream.py:57} ERROR - An error occured: Expecting value: line 1 column 1 (char 0)
[2025-04-29T00:28:02.482+0000] {logging_mixin.py:151} WARNING - /home/***/.local/lib/python3.9/site-packages/urllib3/connectionpool.py:1095 InsecureRequestWarning: Unverified HTTPS request is being made to host 'randomuser.me'. Adding certificate verification is strongly advised. See: https://urllib3.readthedocs.io/en/latest/advanced-usage.html#tls-warnings
[2025-04-29T00:28:02.534+0000] {kafka_stream.py:57} ERROR - An error occured: Expecting value: line 1 column 1 (char 0)
[2025-04-29T00:28:02.626+0000] {logging_mixin.py:151} WARNING - /home/***/.local/lib/python3.9/site-packages/urllib3/connectionpool.py:1095 InsecureRequestWarning: Unverified HTTPS request is being made to host 'randomuser.me'. Adding certificate verification is strongly advised. See: https://urllib3.readthedocs.io/en/latest/advanced-usage.html#tls-warnings
[2025-04-29T00:28:02.684+0000] {kafka_stream.py:57} ERROR - An error occured: Expecting value: line 1 column 1 (char 0)
[2025-04-29T00:28:02.787+0000] {logging_mixin.py:151} WARNING - /home/***/.local/lib/python3.9/site-packages/urllib3/connectionpool.py:1095 InsecureRequestWarning: Unverified HTTPS request is being made to host 'randomuser.me'. Adding certificate verification is strongly advised. See: https://urllib3.readthedocs.io/en/latest/advanced-usage.html#tls-warnings
[2025-04-29T00:28:02.838+0000] {kafka_stream.py:57} ERROR - An error occured: Expecting value: line 1 column 1 (char 0)
[2025-04-29T00:28:02.955+0000] {logging_mixin.py:151} WARNING - /home/***/.local/lib/python3.9/site-packages/urllib3/connectionpool.py:1095 InsecureRequestWarning: Unverified HTTPS request is being made to host 'randomuser.me'. Adding certificate verification is strongly advised. See: https://urllib3.readthedocs.io/en/latest/advanced-usage.html#tls-warnings
[2025-04-29T00:28:03.005+0000] {kafka_stream.py:57} ERROR - An error occured: Expecting value: line 1 column 1 (char 0)
[2025-04-29T00:28:03.212+0000] {logging_mixin.py:151} WARNING - /home/***/.local/lib/python3.9/site-packages/urllib3/connectionpool.py:1095 InsecureRequestWarning: Unverified HTTPS request is being made to host 'randomuser.me'. Adding certificate verification is strongly advised. See: https://urllib3.readthedocs.io/en/latest/advanced-usage.html#tls-warnings
[2025-04-29T00:28:03.262+0000] {kafka_stream.py:57} ERROR - An error occured: Expecting value: line 1 column 1 (char 0)
[2025-04-29T00:28:03.383+0000] {logging_mixin.py:151} WARNING - /home/***/.local/lib/python3.9/site-packages/urllib3/connectionpool.py:1095 InsecureRequestWarning: Unverified HTTPS request is being made to host 'randomuser.me'. Adding certificate verification is strongly advised. See: https://urllib3.readthedocs.io/en/latest/advanced-usage.html#tls-warnings
[2025-04-29T00:28:03.435+0000] {kafka_stream.py:57} ERROR - An error occured: Expecting value: line 1 column 1 (char 0)
[2025-04-29T00:28:03.537+0000] {logging_mixin.py:151} WARNING - /home/***/.local/lib/python3.9/site-packages/urllib3/connectionpool.py:1095 InsecureRequestWarning: Unverified HTTPS request is being made to host 'randomuser.me'. Adding certificate verification is strongly advised. See: https://urllib3.readthedocs.io/en/latest/advanced-usage.html#tls-warnings
[2025-04-29T00:28:03.592+0000] {kafka_stream.py:57} ERROR - An error occured: Expecting value: line 1 column 1 (char 0)
[2025-04-29T00:28:03.695+0000] {logging_mixin.py:151} WARNING - /home/***/.local/lib/python3.9/site-packages/urllib3/connectionpool.py:1095 InsecureRequestWarning: Unverified HTTPS request is being made to host 'randomuser.me'. Adding certificate verification is strongly advised. See: https://urllib3.readthedocs.io/en/latest/advanced-usage.html#tls-warnings
[2025-04-29T00:28:03.746+0000] {kafka_stream.py:57} ERROR - An error occured: Expecting value: line 1 column 1 (char 0)
[2025-04-29T00:28:03.846+0000] {logging_mixin.py:151} WARNING - /home/***/.local/lib/python3.9/site-packages/urllib3/connectionpool.py:1095 InsecureRequestWarning: Unverified HTTPS request is being made to host 'randomuser.me'. Adding certificate verification is strongly advised. See: https://urllib3.readthedocs.io/en/latest/advanced-usage.html#tls-warnings
[2025-04-29T00:28:03.920+0000] {kafka_stream.py:57} ERROR - An error occured: Expecting value: line 1 column 1 (char 0)
[2025-04-29T00:28:04.031+0000] {logging_mixin.py:151} WARNING - /home/***/.local/lib/python3.9/site-packages/urllib3/connectionpool.py:1095 InsecureRequestWarning: Unverified HTTPS request is being made to host 'randomuser.me'. Adding certificate verification is strongly advised. See: https://urllib3.readthedocs.io/en/latest/advanced-usage.html#tls-warnings
[2025-04-29T00:28:04.086+0000] {kafka_stream.py:57} ERROR - An error occured: Expecting value: line 1 column 1 (char 0)
[2025-04-29T00:28:04.181+0000] {logging_mixin.py:151} WARNING - /home/***/.local/lib/python3.9/site-packages/urllib3/connectionpool.py:1095 InsecureRequestWarning: Unverified HTTPS request is being made to host 'randomuser.me'. Adding certificate verification is strongly advised. See: https://urllib3.readthedocs.io/en/latest/advanced-usage.html#tls-warnings
[2025-04-29T00:28:04.231+0000] {kafka_stream.py:57} ERROR - An error occured: Expecting value: line 1 column 1 (char 0)
[2025-04-29T00:28:04.345+0000] {logging_mixin.py:151} WARNING - /home/***/.local/lib/python3.9/site-packages/urllib3/connectionpool.py:1095 InsecureRequestWarning: Unverified HTTPS request is being made to host 'randomuser.me'. Adding certificate verification is strongly advised. See: https://urllib3.readthedocs.io/en/latest/advanced-usage.html#tls-warnings
[2025-04-29T00:28:04.396+0000] {kafka_stream.py:57} ERROR - An error occured: Expecting value: line 1 column 1 (char 0)
[2025-04-29T00:28:04.527+0000] {logging_mixin.py:151} WARNING - /home/***/.local/lib/python3.9/site-packages/urllib3/connectionpool.py:1095 InsecureRequestWarning: Unverified HTTPS request is being made to host 'randomuser.me'. Adding certificate verification is strongly advised. See: https://urllib3.readthedocs.io/en/latest/advanced-usage.html#tls-warnings
[2025-04-29T00:28:04.583+0000] {kafka_stream.py:57} ERROR - An error occured: Expecting value: line 1 column 1 (char 0)
[2025-04-29T00:28:04.676+0000] {logging_mixin.py:151} WARNING - /home/***/.local/lib/python3.9/site-packages/urllib3/connectionpool.py:1095 InsecureRequestWarning: Unverified HTTPS request is being made to host 'randomuser.me'. Adding certificate verification is strongly advised. See: https://urllib3.readthedocs.io/en/latest/advanced-usage.html#tls-warnings
[2025-04-29T00:28:04.731+0000] {kafka_stream.py:57} ERROR - An error occured: Expecting value: line 1 column 1 (char 0)
[2025-04-29T00:28:04.839+0000] {logging_mixin.py:151} WARNING - /home/***/.local/lib/python3.9/site-packages/urllib3/connectionpool.py:1095 InsecureRequestWarning: Unverified HTTPS request is being made to host 'randomuser.me'. Adding certificate verification is strongly advised. See: https://urllib3.readthedocs.io/en/latest/advanced-usage.html#tls-warnings
[2025-04-29T00:28:04.890+0000] {kafka_stream.py:57} ERROR - An error occured: Expecting value: line 1 column 1 (char 0)
[2025-04-29T00:28:05.039+0000] {logging_mixin.py:151} WARNING - /home/***/.local/lib/python3.9/site-packages/urllib3/connectionpool.py:1095 InsecureRequestWarning: Unverified HTTPS request is being made to host 'randomuser.me'. Adding certificate verification is strongly advised. See: https://urllib3.readthedocs.io/en/latest/advanced-usage.html#tls-warnings
[2025-04-29T00:28:05.095+0000] {kafka_stream.py:57} ERROR - An error occured: Expecting value: line 1 column 1 (char 0)
[2025-04-29T00:28:05.230+0000] {logging_mixin.py:151} WARNING - /home/***/.local/lib/python3.9/site-packages/urllib3/connectionpool.py:1095 InsecureRequestWarning: Unverified HTTPS request is being made to host 'randomuser.me'. Adding certificate verification is strongly advised. See: https://urllib3.readthedocs.io/en/latest/advanced-usage.html#tls-warnings
[2025-04-29T00:28:05.287+0000] {kafka_stream.py:57} ERROR - An error occured: Expecting value: line 1 column 1 (char 0)
[2025-04-29T00:28:05.405+0000] {logging_mixin.py:151} WARNING - /home/***/.local/lib/python3.9/site-packages/urllib3/connectionpool.py:1095 InsecureRequestWarning: Unverified HTTPS request is being made to host 'randomuser.me'. Adding certificate verification is strongly advised. See: https://urllib3.readthedocs.io/en/latest/advanced-usage.html#tls-warnings
[2025-04-29T00:28:05.463+0000] {kafka_stream.py:57} ERROR - An error occured: Expecting value: line 1 column 1 (char 0)
[2025-04-29T00:28:05.571+0000] {logging_mixin.py:151} WARNING - /home/***/.local/lib/python3.9/site-packages/urllib3/connectionpool.py:1095 InsecureRequestWarning: Unverified HTTPS request is being made to host 'randomuser.me'. Adding certificate verification is strongly advised. See: https://urllib3.readthedocs.io/en/latest/advanced-usage.html#tls-warnings
[2025-04-29T00:28:05.625+0000] {kafka_stream.py:57} ERROR - An error occured: Expecting value: line 1 column 1 (char 0)
[2025-04-29T00:28:05.761+0000] {logging_mixin.py:151} WARNING - /home/***/.local/lib/python3.9/site-packages/urllib3/connectionpool.py:1095 InsecureRequestWarning: Unverified HTTPS request is being made to host 'randomuser.me'. Adding certificate verification is strongly advised. See: https://urllib3.readthedocs.io/en/latest/advanced-usage.html#tls-warnings
[2025-04-29T00:28:05.815+0000] {kafka_stream.py:57} ERROR - An error occured: Expecting value: line 1 column 1 (char 0)
[2025-04-29T00:28:05.941+0000] {logging_mixin.py:151} WARNING - /home/***/.local/lib/python3.9/site-packages/urllib3/connectionpool.py:1095 InsecureRequestWarning: Unverified HTTPS request is being made to host 'randomuser.me'. Adding certificate verification is strongly advised. See: https://urllib3.readthedocs.io/en/latest/advanced-usage.html#tls-warnings
[2025-04-29T00:28:05.994+0000] {kafka_stream.py:57} ERROR - An error occured: Expecting value: line 1 column 1 (char 0)
[2025-04-29T00:28:06.134+0000] {logging_mixin.py:151} WARNING - /home/***/.local/lib/python3.9/site-packages/urllib3/connectionpool.py:1095 InsecureRequestWarning: Unverified HTTPS request is being made to host 'randomuser.me'. Adding certificate verification is strongly advised. See: https://urllib3.readthedocs.io/en/latest/advanced-usage.html#tls-warnings
[2025-04-29T00:28:06.192+0000] {kafka_stream.py:57} ERROR - An error occured: Expecting value: line 1 column 1 (char 0)
[2025-04-29T00:28:06.287+0000] {logging_mixin.py:151} WARNING - /home/***/.local/lib/python3.9/site-packages/urllib3/connectionpool.py:1095 InsecureRequestWarning: Unverified HTTPS request is being made to host 'randomuser.me'. Adding certificate verification is strongly advised. See: https://urllib3.readthedocs.io/en/latest/advanced-usage.html#tls-warnings
[2025-04-29T00:28:06.342+0000] {kafka_stream.py:57} ERROR - An error occured: Expecting value: line 1 column 1 (char 0)
[2025-04-29T00:28:06.465+0000] {logging_mixin.py:151} WARNING - /home/***/.local/lib/python3.9/site-packages/urllib3/connectionpool.py:1095 InsecureRequestWarning: Unverified HTTPS request is being made to host 'randomuser.me'. Adding certificate verification is strongly advised. See: https://urllib3.readthedocs.io/en/latest/advanced-usage.html#tls-warnings
[2025-04-29T00:28:06.517+0000] {kafka_stream.py:57} ERROR - An error occured: Expecting value: line 1 column 1 (char 0)
[2025-04-29T00:28:06.608+0000] {logging_mixin.py:151} WARNING - /home/***/.local/lib/python3.9/site-packages/urllib3/connectionpool.py:1095 InsecureRequestWarning: Unverified HTTPS request is being made to host 'randomuser.me'. Adding certificate verification is strongly advised. See: https://urllib3.readthedocs.io/en/latest/advanced-usage.html#tls-warnings
[2025-04-29T00:28:06.665+0000] {kafka_stream.py:57} ERROR - An error occured: Expecting value: line 1 column 1 (char 0)
[2025-04-29T00:28:06.787+0000] {logging_mixin.py:151} WARNING - /home/***/.local/lib/python3.9/site-packages/urllib3/connectionpool.py:1095 InsecureRequestWarning: Unverified HTTPS request is being made to host 'randomuser.me'. Adding certificate verification is strongly advised. See: https://urllib3.readthedocs.io/en/latest/advanced-usage.html#tls-warnings
[2025-04-29T00:28:06.859+0000] {kafka_stream.py:57} ERROR - An error occured: Expecting value: line 1 column 1 (char 0)
[2025-04-29T00:28:07.017+0000] {logging_mixin.py:151} WARNING - /home/***/.local/lib/python3.9/site-packages/urllib3/connectionpool.py:1095 InsecureRequestWarning: Unverified HTTPS request is being made to host 'randomuser.me'. Adding certificate verification is strongly advised. See: https://urllib3.readthedocs.io/en/latest/advanced-usage.html#tls-warnings
[2025-04-29T00:28:07.075+0000] {kafka_stream.py:57} ERROR - An error occured: Expecting value: line 1 column 1 (char 0)
[2025-04-29T00:28:07.223+0000] {logging_mixin.py:151} WARNING - /home/***/.local/lib/python3.9/site-packages/urllib3/connectionpool.py:1095 InsecureRequestWarning: Unverified HTTPS request is being made to host 'randomuser.me'. Adding certificate verification is strongly advised. See: https://urllib3.readthedocs.io/en/latest/advanced-usage.html#tls-warnings
[2025-04-29T00:28:07.280+0000] {kafka_stream.py:57} ERROR - An error occured: Expecting value: line 1 column 1 (char 0)
[2025-04-29T00:28:07.383+0000] {logging_mixin.py:151} WARNING - /home/***/.local/lib/python3.9/site-packages/urllib3/connectionpool.py:1095 InsecureRequestWarning: Unverified HTTPS request is being made to host 'randomuser.me'. Adding certificate verification is strongly advised. See: https://urllib3.readthedocs.io/en/latest/advanced-usage.html#tls-warnings
[2025-04-29T00:28:07.436+0000] {kafka_stream.py:57} ERROR - An error occured: Expecting value: line 1 column 1 (char 0)
[2025-04-29T00:28:07.543+0000] {logging_mixin.py:151} WARNING - /home/***/.local/lib/python3.9/site-packages/urllib3/connectionpool.py:1095 InsecureRequestWarning: Unverified HTTPS request is being made to host 'randomuser.me'. Adding certificate verification is strongly advised. See: https://urllib3.readthedocs.io/en/latest/advanced-usage.html#tls-warnings
[2025-04-29T00:28:07.606+0000] {kafka_stream.py:57} ERROR - An error occured: Expecting value: line 1 column 1 (char 0)
[2025-04-29T00:28:07.738+0000] {logging_mixin.py:151} WARNING - /home/***/.local/lib/python3.9/site-packages/urllib3/connectionpool.py:1095 InsecureRequestWarning: Unverified HTTPS request is being made to host 'randomuser.me'. Adding certificate verification is strongly advised. See: https://urllib3.readthedocs.io/en/latest/advanced-usage.html#tls-warnings
[2025-04-29T00:28:07.791+0000] {kafka_stream.py:57} ERROR - An error occured: Expecting value: line 1 column 1 (char 0)
[2025-04-29T00:28:07.914+0000] {logging_mixin.py:151} WARNING - /home/***/.local/lib/python3.9/site-packages/urllib3/connectionpool.py:1095 InsecureRequestWarning: Unverified HTTPS request is being made to host 'randomuser.me'. Adding certificate verification is strongly advised. See: https://urllib3.readthedocs.io/en/latest/advanced-usage.html#tls-warnings
[2025-04-29T00:28:07.967+0000] {kafka_stream.py:57} ERROR - An error occured: Expecting value: line 1 column 1 (char 0)
[2025-04-29T00:28:08.067+0000] {logging_mixin.py:151} WARNING - /home/***/.local/lib/python3.9/site-packages/urllib3/connectionpool.py:1095 InsecureRequestWarning: Unverified HTTPS request is being made to host 'randomuser.me'. Adding certificate verification is strongly advised. See: https://urllib3.readthedocs.io/en/latest/advanced-usage.html#tls-warnings
[2025-04-29T00:28:08.135+0000] {kafka_stream.py:57} ERROR - An error occured: Expecting value: line 1 column 1 (char 0)
[2025-04-29T00:28:08.251+0000] {logging_mixin.py:151} WARNING - /home/***/.local/lib/python3.9/site-packages/urllib3/connectionpool.py:1095 InsecureRequestWarning: Unverified HTTPS request is being made to host 'randomuser.me'. Adding certificate verification is strongly advised. See: https://urllib3.readthedocs.io/en/latest/advanced-usage.html#tls-warnings
[2025-04-29T00:28:08.306+0000] {kafka_stream.py:57} ERROR - An error occured: Expecting value: line 1 column 1 (char 0)
[2025-04-29T00:28:08.423+0000] {logging_mixin.py:151} WARNING - /home/***/.local/lib/python3.9/site-packages/urllib3/connectionpool.py:1095 InsecureRequestWarning: Unverified HTTPS request is being made to host 'randomuser.me'. Adding certificate verification is strongly advised. See: https://urllib3.readthedocs.io/en/latest/advanced-usage.html#tls-warnings
[2025-04-29T00:28:08.474+0000] {kafka_stream.py:57} ERROR - An error occured: Expecting value: line 1 column 1 (char 0)
[2025-04-29T00:28:08.565+0000] {logging_mixin.py:151} WARNING - /home/***/.local/lib/python3.9/site-packages/urllib3/connectionpool.py:1095 InsecureRequestWarning: Unverified HTTPS request is being made to host 'randomuser.me'. Adding certificate verification is strongly advised. See: https://urllib3.readthedocs.io/en/latest/advanced-usage.html#tls-warnings
[2025-04-29T00:28:08.631+0000] {kafka_stream.py:57} ERROR - An error occured: Expecting value: line 1 column 1 (char 0)
[2025-04-29T00:28:08.753+0000] {logging_mixin.py:151} WARNING - /home/***/.local/lib/python3.9/site-packages/urllib3/connectionpool.py:1095 InsecureRequestWarning: Unverified HTTPS request is being made to host 'randomuser.me'. Adding certificate verification is strongly advised. See: https://urllib3.readthedocs.io/en/latest/advanced-usage.html#tls-warnings
[2025-04-29T00:28:08.812+0000] {kafka_stream.py:57} ERROR - An error occured: Expecting value: line 1 column 1 (char 0)
[2025-04-29T00:28:08.942+0000] {logging_mixin.py:151} WARNING - /home/***/.local/lib/python3.9/site-packages/urllib3/connectionpool.py:1095 InsecureRequestWarning: Unverified HTTPS request is being made to host 'randomuser.me'. Adding certificate verification is strongly advised. See: https://urllib3.readthedocs.io/en/latest/advanced-usage.html#tls-warnings
[2025-04-29T00:28:08.994+0000] {kafka_stream.py:57} ERROR - An error occured: Expecting value: line 1 column 1 (char 0)
[2025-04-29T00:28:09.097+0000] {logging_mixin.py:151} WARNING - /home/***/.local/lib/python3.9/site-packages/urllib3/connectionpool.py:1095 InsecureRequestWarning: Unverified HTTPS request is being made to host 'randomuser.me'. Adding certificate verification is strongly advised. See: https://urllib3.readthedocs.io/en/latest/advanced-usage.html#tls-warnings
[2025-04-29T00:28:09.154+0000] {kafka_stream.py:57} ERROR - An error occured: Expecting value: line 1 column 1 (char 0)
[2025-04-29T00:28:09.270+0000] {logging_mixin.py:151} WARNING - /home/***/.local/lib/python3.9/site-packages/urllib3/connectionpool.py:1095 InsecureRequestWarning: Unverified HTTPS request is being made to host 'randomuser.me'. Adding certificate verification is strongly advised. See: https://urllib3.readthedocs.io/en/latest/advanced-usage.html#tls-warnings
[2025-04-29T00:28:09.322+0000] {kafka_stream.py:57} ERROR - An error occured: Expecting value: line 1 column 1 (char 0)
[2025-04-29T00:28:09.425+0000] {logging_mixin.py:151} WARNING - /home/***/.local/lib/python3.9/site-packages/urllib3/connectionpool.py:1095 InsecureRequestWarning: Unverified HTTPS request is being made to host 'randomuser.me'. Adding certificate verification is strongly advised. See: https://urllib3.readthedocs.io/en/latest/advanced-usage.html#tls-warnings
[2025-04-29T00:28:09.481+0000] {kafka_stream.py:57} ERROR - An error occured: Expecting value: line 1 column 1 (char 0)
[2025-04-29T00:28:09.589+0000] {logging_mixin.py:151} WARNING - /home/***/.local/lib/python3.9/site-packages/urllib3/connectionpool.py:1095 InsecureRequestWarning: Unverified HTTPS request is being made to host 'randomuser.me'. Adding certificate verification is strongly advised. See: https://urllib3.readthedocs.io/en/latest/advanced-usage.html#tls-warnings
[2025-04-29T00:28:09.650+0000] {kafka_stream.py:57} ERROR - An error occured: Expecting value: line 1 column 1 (char 0)
[2025-04-29T00:28:09.745+0000] {logging_mixin.py:151} WARNING - /home/***/.local/lib/python3.9/site-packages/urllib3/connectionpool.py:1095 InsecureRequestWarning: Unverified HTTPS request is being made to host 'randomuser.me'. Adding certificate verification is strongly advised. See: https://urllib3.readthedocs.io/en/latest/advanced-usage.html#tls-warnings
[2025-04-29T00:28:09.797+0000] {kafka_stream.py:57} ERROR - An error occured: Expecting value: line 1 column 1 (char 0)
[2025-04-29T00:28:09.885+0000] {logging_mixin.py:151} WARNING - /home/***/.local/lib/python3.9/site-packages/urllib3/connectionpool.py:1095 InsecureRequestWarning: Unverified HTTPS request is being made to host 'randomuser.me'. Adding certificate verification is strongly advised. See: https://urllib3.readthedocs.io/en/latest/advanced-usage.html#tls-warnings
[2025-04-29T00:28:09.963+0000] {kafka_stream.py:57} ERROR - An error occured: Expecting value: line 1 column 1 (char 0)
[2025-04-29T00:28:10.087+0000] {logging_mixin.py:151} WARNING - /home/***/.local/lib/python3.9/site-packages/urllib3/connectionpool.py:1095 InsecureRequestWarning: Unverified HTTPS request is being made to host 'randomuser.me'. Adding certificate verification is strongly advised. See: https://urllib3.readthedocs.io/en/latest/advanced-usage.html#tls-warnings
[2025-04-29T00:28:10.138+0000] {kafka_stream.py:57} ERROR - An error occured: Expecting value: line 1 column 1 (char 0)
[2025-04-29T00:28:10.458+0000] {logging_mixin.py:151} WARNING - /home/***/.local/lib/python3.9/site-packages/urllib3/connectionpool.py:1095 InsecureRequestWarning: Unverified HTTPS request is being made to host 'randomuser.me'. Adding certificate verification is strongly advised. See: https://urllib3.readthedocs.io/en/latest/advanced-usage.html#tls-warnings
[2025-04-29T00:28:10.511+0000] {kafka_stream.py:57} ERROR - An error occured: Expecting value: line 1 column 1 (char 0)
[2025-04-29T00:28:10.612+0000] {logging_mixin.py:151} WARNING - /home/***/.local/lib/python3.9/site-packages/urllib3/connectionpool.py:1095 InsecureRequestWarning: Unverified HTTPS request is being made to host 'randomuser.me'. Adding certificate verification is strongly advised. See: https://urllib3.readthedocs.io/en/latest/advanced-usage.html#tls-warnings
[2025-04-29T00:28:10.676+0000] {kafka_stream.py:57} ERROR - An error occured: Expecting value: line 1 column 1 (char 0)
[2025-04-29T00:28:10.825+0000] {logging_mixin.py:151} WARNING - /home/***/.local/lib/python3.9/site-packages/urllib3/connectionpool.py:1095 InsecureRequestWarning: Unverified HTTPS request is being made to host 'randomuser.me'. Adding certificate verification is strongly advised. See: https://urllib3.readthedocs.io/en/latest/advanced-usage.html#tls-warnings
[2025-04-29T00:28:10.880+0000] {kafka_stream.py:57} ERROR - An error occured: Expecting value: line 1 column 1 (char 0)
[2025-04-29T00:28:10.966+0000] {logging_mixin.py:151} WARNING - /home/***/.local/lib/python3.9/site-packages/urllib3/connectionpool.py:1095 InsecureRequestWarning: Unverified HTTPS request is being made to host 'randomuser.me'. Adding certificate verification is strongly advised. See: https://urllib3.readthedocs.io/en/latest/advanced-usage.html#tls-warnings
[2025-04-29T00:28:11.020+0000] {kafka_stream.py:57} ERROR - An error occured: Expecting value: line 1 column 1 (char 0)
[2025-04-29T00:28:11.235+0000] {logging_mixin.py:151} WARNING - /home/***/.local/lib/python3.9/site-packages/urllib3/connectionpool.py:1095 InsecureRequestWarning: Unverified HTTPS request is being made to host 'randomuser.me'. Adding certificate verification is strongly advised. See: https://urllib3.readthedocs.io/en/latest/advanced-usage.html#tls-warnings
[2025-04-29T00:28:11.290+0000] {kafka_stream.py:57} ERROR - An error occured: Expecting value: line 1 column 1 (char 0)
[2025-04-29T00:28:11.473+0000] {logging_mixin.py:151} WARNING - /home/***/.local/lib/python3.9/site-packages/urllib3/connectionpool.py:1095 InsecureRequestWarning: Unverified HTTPS request is being made to host 'randomuser.me'. Adding certificate verification is strongly advised. See: https://urllib3.readthedocs.io/en/latest/advanced-usage.html#tls-warnings
[2025-04-29T00:28:11.524+0000] {kafka_stream.py:57} ERROR - An error occured: Expecting value: line 1 column 1 (char 0)
[2025-04-29T00:28:11.643+0000] {logging_mixin.py:151} WARNING - /home/***/.local/lib/python3.9/site-packages/urllib3/connectionpool.py:1095 InsecureRequestWarning: Unverified HTTPS request is being made to host 'randomuser.me'. Adding certificate verification is strongly advised. See: https://urllib3.readthedocs.io/en/latest/advanced-usage.html#tls-warnings
[2025-04-29T00:28:11.700+0000] {kafka_stream.py:57} ERROR - An error occured: Expecting value: line 1 column 1 (char 0)
[2025-04-29T00:28:11.807+0000] {logging_mixin.py:151} WARNING - /home/***/.local/lib/python3.9/site-packages/urllib3/connectionpool.py:1095 InsecureRequestWarning: Unverified HTTPS request is being made to host 'randomuser.me'. Adding certificate verification is strongly advised. See: https://urllib3.readthedocs.io/en/latest/advanced-usage.html#tls-warnings
[2025-04-29T00:28:11.854+0000] {kafka_stream.py:57} ERROR - An error occured: Expecting value: line 1 column 1 (char 0)
[2025-04-29T00:28:11.983+0000] {logging_mixin.py:151} WARNING - /home/***/.local/lib/python3.9/site-packages/urllib3/connectionpool.py:1095 InsecureRequestWarning: Unverified HTTPS request is being made to host 'randomuser.me'. Adding certificate verification is strongly advised. See: https://urllib3.readthedocs.io/en/latest/advanced-usage.html#tls-warnings
[2025-04-29T00:28:12.034+0000] {kafka_stream.py:57} ERROR - An error occured: Expecting value: line 1 column 1 (char 0)
[2025-04-29T00:28:12.156+0000] {logging_mixin.py:151} WARNING - /home/***/.local/lib/python3.9/site-packages/urllib3/connectionpool.py:1095 InsecureRequestWarning: Unverified HTTPS request is being made to host 'randomuser.me'. Adding certificate verification is strongly advised. See: https://urllib3.readthedocs.io/en/latest/advanced-usage.html#tls-warnings
[2025-04-29T00:28:12.211+0000] {kafka_stream.py:57} ERROR - An error occured: Expecting value: line 1 column 1 (char 0)
[2025-04-29T00:28:12.314+0000] {logging_mixin.py:151} WARNING - /home/***/.local/lib/python3.9/site-packages/urllib3/connectionpool.py:1095 InsecureRequestWarning: Unverified HTTPS request is being made to host 'randomuser.me'. Adding certificate verification is strongly advised. See: https://urllib3.readthedocs.io/en/latest/advanced-usage.html#tls-warnings
[2025-04-29T00:28:12.365+0000] {kafka_stream.py:57} ERROR - An error occured: Expecting value: line 1 column 1 (char 0)
[2025-04-29T00:28:12.508+0000] {logging_mixin.py:151} WARNING - /home/***/.local/lib/python3.9/site-packages/urllib3/connectionpool.py:1095 InsecureRequestWarning: Unverified HTTPS request is being made to host 'randomuser.me'. Adding certificate verification is strongly advised. See: https://urllib3.readthedocs.io/en/latest/advanced-usage.html#tls-warnings
[2025-04-29T00:28:12.562+0000] {kafka_stream.py:57} ERROR - An error occured: Expecting value: line 1 column 1 (char 0)
[2025-04-29T00:28:12.662+0000] {logging_mixin.py:151} WARNING - /home/***/.local/lib/python3.9/site-packages/urllib3/connectionpool.py:1095 InsecureRequestWarning: Unverified HTTPS request is being made to host 'randomuser.me'. Adding certificate verification is strongly advised. See: https://urllib3.readthedocs.io/en/latest/advanced-usage.html#tls-warnings
[2025-04-29T00:28:12.724+0000] {kafka_stream.py:57} ERROR - An error occured: Expecting value: line 1 column 1 (char 0)
[2025-04-29T00:28:12.839+0000] {logging_mixin.py:151} WARNING - /home/***/.local/lib/python3.9/site-packages/urllib3/connectionpool.py:1095 InsecureRequestWarning: Unverified HTTPS request is being made to host 'randomuser.me'. Adding certificate verification is strongly advised. See: https://urllib3.readthedocs.io/en/latest/advanced-usage.html#tls-warnings
[2025-04-29T00:28:12.889+0000] {kafka_stream.py:57} ERROR - An error occured: Expecting value: line 1 column 1 (char 0)
[2025-04-29T00:28:13.005+0000] {logging_mixin.py:151} WARNING - /home/***/.local/lib/python3.9/site-packages/urllib3/connectionpool.py:1095 InsecureRequestWarning: Unverified HTTPS request is being made to host 'randomuser.me'. Adding certificate verification is strongly advised. See: https://urllib3.readthedocs.io/en/latest/advanced-usage.html#tls-warnings
[2025-04-29T00:28:13.058+0000] {kafka_stream.py:57} ERROR - An error occured: Expecting value: line 1 column 1 (char 0)
[2025-04-29T00:28:13.171+0000] {logging_mixin.py:151} WARNING - /home/***/.local/lib/python3.9/site-packages/urllib3/connectionpool.py:1095 InsecureRequestWarning: Unverified HTTPS request is being made to host 'randomuser.me'. Adding certificate verification is strongly advised. See: https://urllib3.readthedocs.io/en/latest/advanced-usage.html#tls-warnings
[2025-04-29T00:28:13.230+0000] {kafka_stream.py:57} ERROR - An error occured: Expecting value: line 1 column 1 (char 0)
[2025-04-29T00:28:13.328+0000] {logging_mixin.py:151} WARNING - /home/***/.local/lib/python3.9/site-packages/urllib3/connectionpool.py:1095 InsecureRequestWarning: Unverified HTTPS request is being made to host 'randomuser.me'. Adding certificate verification is strongly advised. See: https://urllib3.readthedocs.io/en/latest/advanced-usage.html#tls-warnings
[2025-04-29T00:28:13.394+0000] {kafka_stream.py:57} ERROR - An error occured: Expecting value: line 1 column 1 (char 0)
[2025-04-29T00:28:13.517+0000] {logging_mixin.py:151} WARNING - /home/***/.local/lib/python3.9/site-packages/urllib3/connectionpool.py:1095 InsecureRequestWarning: Unverified HTTPS request is being made to host 'randomuser.me'. Adding certificate verification is strongly advised. See: https://urllib3.readthedocs.io/en/latest/advanced-usage.html#tls-warnings
[2025-04-29T00:28:13.570+0000] {kafka_stream.py:57} ERROR - An error occured: Expecting value: line 1 column 1 (char 0)
[2025-04-29T00:28:13.739+0000] {logging_mixin.py:151} WARNING - /home/***/.local/lib/python3.9/site-packages/urllib3/connectionpool.py:1095 InsecureRequestWarning: Unverified HTTPS request is being made to host 'randomuser.me'. Adding certificate verification is strongly advised. See: https://urllib3.readthedocs.io/en/latest/advanced-usage.html#tls-warnings
[2025-04-29T00:28:13.792+0000] {kafka_stream.py:57} ERROR - An error occured: Expecting value: line 1 column 1 (char 0)
[2025-04-29T00:28:13.894+0000] {logging_mixin.py:151} WARNING - /home/***/.local/lib/python3.9/site-packages/urllib3/connectionpool.py:1095 InsecureRequestWarning: Unverified HTTPS request is being made to host 'randomuser.me'. Adding certificate verification is strongly advised. See: https://urllib3.readthedocs.io/en/latest/advanced-usage.html#tls-warnings
[2025-04-29T00:28:13.948+0000] {kafka_stream.py:57} ERROR - An error occured: Expecting value: line 1 column 1 (char 0)
[2025-04-29T00:28:14.044+0000] {logging_mixin.py:151} WARNING - /home/***/.local/lib/python3.9/site-packages/urllib3/connectionpool.py:1095 InsecureRequestWarning: Unverified HTTPS request is being made to host 'randomuser.me'. Adding certificate verification is strongly advised. See: https://urllib3.readthedocs.io/en/latest/advanced-usage.html#tls-warnings
[2025-04-29T00:28:14.097+0000] {kafka_stream.py:57} ERROR - An error occured: Expecting value: line 1 column 1 (char 0)
[2025-04-29T00:28:14.188+0000] {logging_mixin.py:151} WARNING - /home/***/.local/lib/python3.9/site-packages/urllib3/connectionpool.py:1095 InsecureRequestWarning: Unverified HTTPS request is being made to host 'randomuser.me'. Adding certificate verification is strongly advised. See: https://urllib3.readthedocs.io/en/latest/advanced-usage.html#tls-warnings
[2025-04-29T00:28:14.241+0000] {kafka_stream.py:57} ERROR - An error occured: Expecting value: line 1 column 1 (char 0)
[2025-04-29T00:28:14.390+0000] {logging_mixin.py:151} WARNING - /home/***/.local/lib/python3.9/site-packages/urllib3/connectionpool.py:1095 InsecureRequestWarning: Unverified HTTPS request is being made to host 'randomuser.me'. Adding certificate verification is strongly advised. See: https://urllib3.readthedocs.io/en/latest/advanced-usage.html#tls-warnings
[2025-04-29T00:28:14.445+0000] {kafka_stream.py:57} ERROR - An error occured: Expecting value: line 1 column 1 (char 0)
[2025-04-29T00:28:14.561+0000] {logging_mixin.py:151} WARNING - /home/***/.local/lib/python3.9/site-packages/urllib3/connectionpool.py:1095 InsecureRequestWarning: Unverified HTTPS request is being made to host 'randomuser.me'. Adding certificate verification is strongly advised. See: https://urllib3.readthedocs.io/en/latest/advanced-usage.html#tls-warnings
[2025-04-29T00:28:14.619+0000] {kafka_stream.py:57} ERROR - An error occured: Expecting value: line 1 column 1 (char 0)
[2025-04-29T00:28:14.716+0000] {logging_mixin.py:151} WARNING - /home/***/.local/lib/python3.9/site-packages/urllib3/connectionpool.py:1095 InsecureRequestWarning: Unverified HTTPS request is being made to host 'randomuser.me'. Adding certificate verification is strongly advised. See: https://urllib3.readthedocs.io/en/latest/advanced-usage.html#tls-warnings
[2025-04-29T00:28:14.772+0000] {kafka_stream.py:57} ERROR - An error occured: Expecting value: line 1 column 1 (char 0)
[2025-04-29T00:28:14.863+0000] {logging_mixin.py:151} WARNING - /home/***/.local/lib/python3.9/site-packages/urllib3/connectionpool.py:1095 InsecureRequestWarning: Unverified HTTPS request is being made to host 'randomuser.me'. Adding certificate verification is strongly advised. See: https://urllib3.readthedocs.io/en/latest/advanced-usage.html#tls-warnings
[2025-04-29T00:28:14.917+0000] {kafka_stream.py:57} ERROR - An error occured: Expecting value: line 1 column 1 (char 0)
[2025-04-29T00:28:15.031+0000] {logging_mixin.py:151} WARNING - /home/***/.local/lib/python3.9/site-packages/urllib3/connectionpool.py:1095 InsecureRequestWarning: Unverified HTTPS request is being made to host 'randomuser.me'. Adding certificate verification is strongly advised. See: https://urllib3.readthedocs.io/en/latest/advanced-usage.html#tls-warnings
[2025-04-29T00:28:15.084+0000] {kafka_stream.py:57} ERROR - An error occured: Expecting value: line 1 column 1 (char 0)
[2025-04-29T00:28:15.202+0000] {logging_mixin.py:151} WARNING - /home/***/.local/lib/python3.9/site-packages/urllib3/connectionpool.py:1095 InsecureRequestWarning: Unverified HTTPS request is being made to host 'randomuser.me'. Adding certificate verification is strongly advised. See: https://urllib3.readthedocs.io/en/latest/advanced-usage.html#tls-warnings
[2025-04-29T00:28:15.255+0000] {kafka_stream.py:57} ERROR - An error occured: Expecting value: line 1 column 1 (char 0)
[2025-04-29T00:28:15.478+0000] {logging_mixin.py:151} WARNING - /home/***/.local/lib/python3.9/site-packages/urllib3/connectionpool.py:1095 InsecureRequestWarning: Unverified HTTPS request is being made to host 'randomuser.me'. Adding certificate verification is strongly advised. See: https://urllib3.readthedocs.io/en/latest/advanced-usage.html#tls-warnings
[2025-04-29T00:28:15.531+0000] {kafka_stream.py:57} ERROR - An error occured: Expecting value: line 1 column 1 (char 0)
[2025-04-29T00:28:15.674+0000] {logging_mixin.py:151} WARNING - /home/***/.local/lib/python3.9/site-packages/urllib3/connectionpool.py:1095 InsecureRequestWarning: Unverified HTTPS request is being made to host 'randomuser.me'. Adding certificate verification is strongly advised. See: https://urllib3.readthedocs.io/en/latest/advanced-usage.html#tls-warnings
[2025-04-29T00:28:15.722+0000] {kafka_stream.py:57} ERROR - An error occured: Expecting value: line 1 column 1 (char 0)
[2025-04-29T00:28:15.844+0000] {logging_mixin.py:151} WARNING - /home/***/.local/lib/python3.9/site-packages/urllib3/connectionpool.py:1095 InsecureRequestWarning: Unverified HTTPS request is being made to host 'randomuser.me'. Adding certificate verification is strongly advised. See: https://urllib3.readthedocs.io/en/latest/advanced-usage.html#tls-warnings
[2025-04-29T00:28:15.899+0000] {kafka_stream.py:57} ERROR - An error occured: Expecting value: line 1 column 1 (char 0)
[2025-04-29T00:28:16.019+0000] {logging_mixin.py:151} WARNING - /home/***/.local/lib/python3.9/site-packages/urllib3/connectionpool.py:1095 InsecureRequestWarning: Unverified HTTPS request is being made to host 'randomuser.me'. Adding certificate verification is strongly advised. See: https://urllib3.readthedocs.io/en/latest/advanced-usage.html#tls-warnings
[2025-04-29T00:28:16.074+0000] {kafka_stream.py:57} ERROR - An error occured: Expecting value: line 1 column 1 (char 0)
[2025-04-29T00:28:16.201+0000] {logging_mixin.py:151} WARNING - /home/***/.local/lib/python3.9/site-packages/urllib3/connectionpool.py:1095 InsecureRequestWarning: Unverified HTTPS request is being made to host 'randomuser.me'. Adding certificate verification is strongly advised. See: https://urllib3.readthedocs.io/en/latest/advanced-usage.html#tls-warnings
[2025-04-29T00:28:16.254+0000] {kafka_stream.py:57} ERROR - An error occured: Expecting value: line 1 column 1 (char 0)
[2025-04-29T00:28:16.347+0000] {logging_mixin.py:151} WARNING - /home/***/.local/lib/python3.9/site-packages/urllib3/connectionpool.py:1095 InsecureRequestWarning: Unverified HTTPS request is being made to host 'randomuser.me'. Adding certificate verification is strongly advised. See: https://urllib3.readthedocs.io/en/latest/advanced-usage.html#tls-warnings
[2025-04-29T00:28:16.399+0000] {kafka_stream.py:57} ERROR - An error occured: Expecting value: line 1 column 1 (char 0)
[2025-04-29T00:28:16.515+0000] {logging_mixin.py:151} WARNING - /home/***/.local/lib/python3.9/site-packages/urllib3/connectionpool.py:1095 InsecureRequestWarning: Unverified HTTPS request is being made to host 'randomuser.me'. Adding certificate verification is strongly advised. See: https://urllib3.readthedocs.io/en/latest/advanced-usage.html#tls-warnings
[2025-04-29T00:28:16.566+0000] {kafka_stream.py:57} ERROR - An error occured: Expecting value: line 1 column 1 (char 0)
[2025-04-29T00:28:16.687+0000] {logging_mixin.py:151} WARNING - /home/***/.local/lib/python3.9/site-packages/urllib3/connectionpool.py:1095 InsecureRequestWarning: Unverified HTTPS request is being made to host 'randomuser.me'. Adding certificate verification is strongly advised. See: https://urllib3.readthedocs.io/en/latest/advanced-usage.html#tls-warnings
[2025-04-29T00:28:16.750+0000] {kafka_stream.py:57} ERROR - An error occured: Expecting value: line 1 column 1 (char 0)
[2025-04-29T00:28:16.898+0000] {logging_mixin.py:151} WARNING - /home/***/.local/lib/python3.9/site-packages/urllib3/connectionpool.py:1095 InsecureRequestWarning: Unverified HTTPS request is being made to host 'randomuser.me'. Adding certificate verification is strongly advised. See: https://urllib3.readthedocs.io/en/latest/advanced-usage.html#tls-warnings
[2025-04-29T00:28:16.953+0000] {kafka_stream.py:57} ERROR - An error occured: Expecting value: line 1 column 1 (char 0)
[2025-04-29T00:28:17.050+0000] {logging_mixin.py:151} WARNING - /home/***/.local/lib/python3.9/site-packages/urllib3/connectionpool.py:1095 InsecureRequestWarning: Unverified HTTPS request is being made to host 'randomuser.me'. Adding certificate verification is strongly advised. See: https://urllib3.readthedocs.io/en/latest/advanced-usage.html#tls-warnings
[2025-04-29T00:28:17.100+0000] {kafka_stream.py:57} ERROR - An error occured: Expecting value: line 1 column 1 (char 0)
[2025-04-29T00:28:17.204+0000] {logging_mixin.py:151} WARNING - /home/***/.local/lib/python3.9/site-packages/urllib3/connectionpool.py:1095 InsecureRequestWarning: Unverified HTTPS request is being made to host 'randomuser.me'. Adding certificate verification is strongly advised. See: https://urllib3.readthedocs.io/en/latest/advanced-usage.html#tls-warnings
[2025-04-29T00:28:17.260+0000] {kafka_stream.py:57} ERROR - An error occured: Expecting value: line 1 column 1 (char 0)
[2025-04-29T00:28:17.369+0000] {logging_mixin.py:151} WARNING - /home/***/.local/lib/python3.9/site-packages/urllib3/connectionpool.py:1095 InsecureRequestWarning: Unverified HTTPS request is being made to host 'randomuser.me'. Adding certificate verification is strongly advised. See: https://urllib3.readthedocs.io/en/latest/advanced-usage.html#tls-warnings
[2025-04-29T00:28:17.436+0000] {kafka_stream.py:57} ERROR - An error occured: Expecting value: line 1 column 1 (char 0)
[2025-04-29T00:28:17.530+0000] {logging_mixin.py:151} WARNING - /home/***/.local/lib/python3.9/site-packages/urllib3/connectionpool.py:1095 InsecureRequestWarning: Unverified HTTPS request is being made to host 'randomuser.me'. Adding certificate verification is strongly advised. See: https://urllib3.readthedocs.io/en/latest/advanced-usage.html#tls-warnings
[2025-04-29T00:28:17.587+0000] {kafka_stream.py:57} ERROR - An error occured: Expecting value: line 1 column 1 (char 0)
[2025-04-29T00:28:17.718+0000] {logging_mixin.py:151} WARNING - /home/***/.local/lib/python3.9/site-packages/urllib3/connectionpool.py:1095 InsecureRequestWarning: Unverified HTTPS request is being made to host 'randomuser.me'. Adding certificate verification is strongly advised. See: https://urllib3.readthedocs.io/en/latest/advanced-usage.html#tls-warnings
[2025-04-29T00:28:17.772+0000] {kafka_stream.py:57} ERROR - An error occured: Expecting value: line 1 column 1 (char 0)
[2025-04-29T00:28:17.856+0000] {logging_mixin.py:151} WARNING - /home/***/.local/lib/python3.9/site-packages/urllib3/connectionpool.py:1095 InsecureRequestWarning: Unverified HTTPS request is being made to host 'randomuser.me'. Adding certificate verification is strongly advised. See: https://urllib3.readthedocs.io/en/latest/advanced-usage.html#tls-warnings
[2025-04-29T00:28:17.909+0000] {kafka_stream.py:57} ERROR - An error occured: Expecting value: line 1 column 1 (char 0)
[2025-04-29T00:28:18.021+0000] {logging_mixin.py:151} WARNING - /home/***/.local/lib/python3.9/site-packages/urllib3/connectionpool.py:1095 InsecureRequestWarning: Unverified HTTPS request is being made to host 'randomuser.me'. Adding certificate verification is strongly advised. See: https://urllib3.readthedocs.io/en/latest/advanced-usage.html#tls-warnings
[2025-04-29T00:28:18.074+0000] {kafka_stream.py:57} ERROR - An error occured: Expecting value: line 1 column 1 (char 0)
[2025-04-29T00:28:18.196+0000] {logging_mixin.py:151} WARNING - /home/***/.local/lib/python3.9/site-packages/urllib3/connectionpool.py:1095 InsecureRequestWarning: Unverified HTTPS request is being made to host 'randomuser.me'. Adding certificate verification is strongly advised. See: https://urllib3.readthedocs.io/en/latest/advanced-usage.html#tls-warnings
[2025-04-29T00:28:18.253+0000] {kafka_stream.py:57} ERROR - An error occured: Expecting value: line 1 column 1 (char 0)
[2025-04-29T00:28:18.356+0000] {logging_mixin.py:151} WARNING - /home/***/.local/lib/python3.9/site-packages/urllib3/connectionpool.py:1095 InsecureRequestWarning: Unverified HTTPS request is being made to host 'randomuser.me'. Adding certificate verification is strongly advised. See: https://urllib3.readthedocs.io/en/latest/advanced-usage.html#tls-warnings
[2025-04-29T00:28:18.410+0000] {kafka_stream.py:57} ERROR - An error occured: Expecting value: line 1 column 1 (char 0)
[2025-04-29T00:28:18.517+0000] {logging_mixin.py:151} WARNING - /home/***/.local/lib/python3.9/site-packages/urllib3/connectionpool.py:1095 InsecureRequestWarning: Unverified HTTPS request is being made to host 'randomuser.me'. Adding certificate verification is strongly advised. See: https://urllib3.readthedocs.io/en/latest/advanced-usage.html#tls-warnings
[2025-04-29T00:28:18.568+0000] {kafka_stream.py:57} ERROR - An error occured: Expecting value: line 1 column 1 (char 0)
[2025-04-29T00:28:18.665+0000] {logging_mixin.py:151} WARNING - /home/***/.local/lib/python3.9/site-packages/urllib3/connectionpool.py:1095 InsecureRequestWarning: Unverified HTTPS request is being made to host 'randomuser.me'. Adding certificate verification is strongly advised. See: https://urllib3.readthedocs.io/en/latest/advanced-usage.html#tls-warnings
[2025-04-29T00:28:18.720+0000] {kafka_stream.py:57} ERROR - An error occured: Expecting value: line 1 column 1 (char 0)
[2025-04-29T00:28:18.831+0000] {logging_mixin.py:151} WARNING - /home/***/.local/lib/python3.9/site-packages/urllib3/connectionpool.py:1095 InsecureRequestWarning: Unverified HTTPS request is being made to host 'randomuser.me'. Adding certificate verification is strongly advised. See: https://urllib3.readthedocs.io/en/latest/advanced-usage.html#tls-warnings
[2025-04-29T00:28:18.889+0000] {kafka_stream.py:57} ERROR - An error occured: Expecting value: line 1 column 1 (char 0)
[2025-04-29T00:28:18.999+0000] {logging_mixin.py:151} WARNING - /home/***/.local/lib/python3.9/site-packages/urllib3/connectionpool.py:1095 InsecureRequestWarning: Unverified HTTPS request is being made to host 'randomuser.me'. Adding certificate verification is strongly advised. See: https://urllib3.readthedocs.io/en/latest/advanced-usage.html#tls-warnings
[2025-04-29T00:28:19.055+0000] {kafka_stream.py:57} ERROR - An error occured: Expecting value: line 1 column 1 (char 0)
[2025-04-29T00:28:19.185+0000] {logging_mixin.py:151} WARNING - /home/***/.local/lib/python3.9/site-packages/urllib3/connectionpool.py:1095 InsecureRequestWarning: Unverified HTTPS request is being made to host 'randomuser.me'. Adding certificate verification is strongly advised. See: https://urllib3.readthedocs.io/en/latest/advanced-usage.html#tls-warnings
[2025-04-29T00:28:19.239+0000] {kafka_stream.py:57} ERROR - An error occured: Expecting value: line 1 column 1 (char 0)
[2025-04-29T00:28:19.402+0000] {logging_mixin.py:151} WARNING - /home/***/.local/lib/python3.9/site-packages/urllib3/connectionpool.py:1095 InsecureRequestWarning: Unverified HTTPS request is being made to host 'randomuser.me'. Adding certificate verification is strongly advised. See: https://urllib3.readthedocs.io/en/latest/advanced-usage.html#tls-warnings
[2025-04-29T00:28:19.455+0000] {kafka_stream.py:57} ERROR - An error occured: Expecting value: line 1 column 1 (char 0)
[2025-04-29T00:28:19.580+0000] {logging_mixin.py:151} WARNING - /home/***/.local/lib/python3.9/site-packages/urllib3/connectionpool.py:1095 InsecureRequestWarning: Unverified HTTPS request is being made to host 'randomuser.me'. Adding certificate verification is strongly advised. See: https://urllib3.readthedocs.io/en/latest/advanced-usage.html#tls-warnings
[2025-04-29T00:28:19.633+0000] {kafka_stream.py:57} ERROR - An error occured: Expecting value: line 1 column 1 (char 0)
[2025-04-29T00:28:19.731+0000] {logging_mixin.py:151} WARNING - /home/***/.local/lib/python3.9/site-packages/urllib3/connectionpool.py:1095 InsecureRequestWarning: Unverified HTTPS request is being made to host 'randomuser.me'. Adding certificate verification is strongly advised. See: https://urllib3.readthedocs.io/en/latest/advanced-usage.html#tls-warnings
[2025-04-29T00:28:19.793+0000] {kafka_stream.py:57} ERROR - An error occured: Expecting value: line 1 column 1 (char 0)
[2025-04-29T00:28:19.985+0000] {logging_mixin.py:151} WARNING - /home/***/.local/lib/python3.9/site-packages/urllib3/connectionpool.py:1095 InsecureRequestWarning: Unverified HTTPS request is being made to host 'randomuser.me'. Adding certificate verification is strongly advised. See: https://urllib3.readthedocs.io/en/latest/advanced-usage.html#tls-warnings
[2025-04-29T00:28:20.045+0000] {kafka_stream.py:57} ERROR - An error occured: Expecting value: line 1 column 1 (char 0)
[2025-04-29T00:28:20.150+0000] {logging_mixin.py:151} WARNING - /home/***/.local/lib/python3.9/site-packages/urllib3/connectionpool.py:1095 InsecureRequestWarning: Unverified HTTPS request is being made to host 'randomuser.me'. Adding certificate verification is strongly advised. See: https://urllib3.readthedocs.io/en/latest/advanced-usage.html#tls-warnings
[2025-04-29T00:28:20.206+0000] {kafka_stream.py:57} ERROR - An error occured: Expecting value: line 1 column 1 (char 0)
[2025-04-29T00:28:20.337+0000] {logging_mixin.py:151} WARNING - /home/***/.local/lib/python3.9/site-packages/urllib3/connectionpool.py:1095 InsecureRequestWarning: Unverified HTTPS request is being made to host 'randomuser.me'. Adding certificate verification is strongly advised. See: https://urllib3.readthedocs.io/en/latest/advanced-usage.html#tls-warnings
[2025-04-29T00:28:20.410+0000] {kafka_stream.py:57} ERROR - An error occured: Expecting value: line 1 column 1 (char 0)
[2025-04-29T00:28:20.536+0000] {logging_mixin.py:151} WARNING - /home/***/.local/lib/python3.9/site-packages/urllib3/connectionpool.py:1095 InsecureRequestWarning: Unverified HTTPS request is being made to host 'randomuser.me'. Adding certificate verification is strongly advised. See: https://urllib3.readthedocs.io/en/latest/advanced-usage.html#tls-warnings
[2025-04-29T00:28:20.591+0000] {kafka_stream.py:57} ERROR - An error occured: Expecting value: line 1 column 1 (char 0)
[2025-04-29T00:28:20.728+0000] {logging_mixin.py:151} WARNING - /home/***/.local/lib/python3.9/site-packages/urllib3/connectionpool.py:1095 InsecureRequestWarning: Unverified HTTPS request is being made to host 'randomuser.me'. Adding certificate verification is strongly advised. See: https://urllib3.readthedocs.io/en/latest/advanced-usage.html#tls-warnings
[2025-04-29T00:28:20.780+0000] {kafka_stream.py:57} ERROR - An error occured: Expecting value: line 1 column 1 (char 0)
[2025-04-29T00:28:20.895+0000] {logging_mixin.py:151} WARNING - /home/***/.local/lib/python3.9/site-packages/urllib3/connectionpool.py:1095 InsecureRequestWarning: Unverified HTTPS request is being made to host 'randomuser.me'. Adding certificate verification is strongly advised. See: https://urllib3.readthedocs.io/en/latest/advanced-usage.html#tls-warnings
[2025-04-29T00:28:20.949+0000] {kafka_stream.py:57} ERROR - An error occured: Expecting value: line 1 column 1 (char 0)
[2025-04-29T00:28:21.070+0000] {logging_mixin.py:151} WARNING - /home/***/.local/lib/python3.9/site-packages/urllib3/connectionpool.py:1095 InsecureRequestWarning: Unverified HTTPS request is being made to host 'randomuser.me'. Adding certificate verification is strongly advised. See: https://urllib3.readthedocs.io/en/latest/advanced-usage.html#tls-warnings
[2025-04-29T00:28:21.124+0000] {kafka_stream.py:57} ERROR - An error occured: Expecting value: line 1 column 1 (char 0)
[2025-04-29T00:28:21.224+0000] {logging_mixin.py:151} WARNING - /home/***/.local/lib/python3.9/site-packages/urllib3/connectionpool.py:1095 InsecureRequestWarning: Unverified HTTPS request is being made to host 'randomuser.me'. Adding certificate verification is strongly advised. See: https://urllib3.readthedocs.io/en/latest/advanced-usage.html#tls-warnings
[2025-04-29T00:28:21.276+0000] {kafka_stream.py:57} ERROR - An error occured: Expecting value: line 1 column 1 (char 0)
[2025-04-29T00:28:21.409+0000] {logging_mixin.py:151} WARNING - /home/***/.local/lib/python3.9/site-packages/urllib3/connectionpool.py:1095 InsecureRequestWarning: Unverified HTTPS request is being made to host 'randomuser.me'. Adding certificate verification is strongly advised. See: https://urllib3.readthedocs.io/en/latest/advanced-usage.html#tls-warnings
[2025-04-29T00:28:21.467+0000] {kafka_stream.py:57} ERROR - An error occured: Expecting value: line 1 column 1 (char 0)
[2025-04-29T00:28:21.559+0000] {logging_mixin.py:151} WARNING - /home/***/.local/lib/python3.9/site-packages/urllib3/connectionpool.py:1095 InsecureRequestWarning: Unverified HTTPS request is being made to host 'randomuser.me'. Adding certificate verification is strongly advised. See: https://urllib3.readthedocs.io/en/latest/advanced-usage.html#tls-warnings
[2025-04-29T00:28:21.615+0000] {kafka_stream.py:57} ERROR - An error occured: Expecting value: line 1 column 1 (char 0)
[2025-04-29T00:28:21.701+0000] {logging_mixin.py:151} WARNING - /home/***/.local/lib/python3.9/site-packages/urllib3/connectionpool.py:1095 InsecureRequestWarning: Unverified HTTPS request is being made to host 'randomuser.me'. Adding certificate verification is strongly advised. See: https://urllib3.readthedocs.io/en/latest/advanced-usage.html#tls-warnings
[2025-04-29T00:28:21.752+0000] {kafka_stream.py:57} ERROR - An error occured: Expecting value: line 1 column 1 (char 0)
[2025-04-29T00:28:21.853+0000] {logging_mixin.py:151} WARNING - /home/***/.local/lib/python3.9/site-packages/urllib3/connectionpool.py:1095 InsecureRequestWarning: Unverified HTTPS request is being made to host 'randomuser.me'. Adding certificate verification is strongly advised. See: https://urllib3.readthedocs.io/en/latest/advanced-usage.html#tls-warnings
[2025-04-29T00:28:21.905+0000] {kafka_stream.py:57} ERROR - An error occured: Expecting value: line 1 column 1 (char 0)
[2025-04-29T00:28:22.015+0000] {logging_mixin.py:151} WARNING - /home/***/.local/lib/python3.9/site-packages/urllib3/connectionpool.py:1095 InsecureRequestWarning: Unverified HTTPS request is being made to host 'randomuser.me'. Adding certificate verification is strongly advised. See: https://urllib3.readthedocs.io/en/latest/advanced-usage.html#tls-warnings
[2025-04-29T00:28:22.065+0000] {kafka_stream.py:57} ERROR - An error occured: Expecting value: line 1 column 1 (char 0)
[2025-04-29T00:28:22.198+0000] {logging_mixin.py:151} WARNING - /home/***/.local/lib/python3.9/site-packages/urllib3/connectionpool.py:1095 InsecureRequestWarning: Unverified HTTPS request is being made to host 'randomuser.me'. Adding certificate verification is strongly advised. See: https://urllib3.readthedocs.io/en/latest/advanced-usage.html#tls-warnings
[2025-04-29T00:28:22.249+0000] {kafka_stream.py:57} ERROR - An error occured: Expecting value: line 1 column 1 (char 0)
[2025-04-29T00:28:22.375+0000] {logging_mixin.py:151} WARNING - /home/***/.local/lib/python3.9/site-packages/urllib3/connectionpool.py:1095 InsecureRequestWarning: Unverified HTTPS request is being made to host 'randomuser.me'. Adding certificate verification is strongly advised. See: https://urllib3.readthedocs.io/en/latest/advanced-usage.html#tls-warnings
[2025-04-29T00:28:22.438+0000] {kafka_stream.py:57} ERROR - An error occured: Expecting value: line 1 column 1 (char 0)
[2025-04-29T00:28:22.542+0000] {logging_mixin.py:151} WARNING - /home/***/.local/lib/python3.9/site-packages/urllib3/connectionpool.py:1095 InsecureRequestWarning: Unverified HTTPS request is being made to host 'randomuser.me'. Adding certificate verification is strongly advised. See: https://urllib3.readthedocs.io/en/latest/advanced-usage.html#tls-warnings
[2025-04-29T00:28:22.597+0000] {kafka_stream.py:57} ERROR - An error occured: Expecting value: line 1 column 1 (char 0)
[2025-04-29T00:28:22.685+0000] {logging_mixin.py:151} WARNING - /home/***/.local/lib/python3.9/site-packages/urllib3/connectionpool.py:1095 InsecureRequestWarning: Unverified HTTPS request is being made to host 'randomuser.me'. Adding certificate verification is strongly advised. See: https://urllib3.readthedocs.io/en/latest/advanced-usage.html#tls-warnings
[2025-04-29T00:28:22.741+0000] {kafka_stream.py:57} ERROR - An error occured: Expecting value: line 1 column 1 (char 0)
[2025-04-29T00:28:22.846+0000] {logging_mixin.py:151} WARNING - /home/***/.local/lib/python3.9/site-packages/urllib3/connectionpool.py:1095 InsecureRequestWarning: Unverified HTTPS request is being made to host 'randomuser.me'. Adding certificate verification is strongly advised. See: https://urllib3.readthedocs.io/en/latest/advanced-usage.html#tls-warnings
[2025-04-29T00:28:22.898+0000] {kafka_stream.py:57} ERROR - An error occured: Expecting value: line 1 column 1 (char 0)
[2025-04-29T00:28:22.979+0000] {logging_mixin.py:151} WARNING - /home/***/.local/lib/python3.9/site-packages/urllib3/connectionpool.py:1095 InsecureRequestWarning: Unverified HTTPS request is being made to host 'randomuser.me'. Adding certificate verification is strongly advised. See: https://urllib3.readthedocs.io/en/latest/advanced-usage.html#tls-warnings
[2025-04-29T00:28:23.034+0000] {kafka_stream.py:57} ERROR - An error occured: Expecting value: line 1 column 1 (char 0)
[2025-04-29T00:28:23.153+0000] {logging_mixin.py:151} WARNING - /home/***/.local/lib/python3.9/site-packages/urllib3/connectionpool.py:1095 InsecureRequestWarning: Unverified HTTPS request is being made to host 'randomuser.me'. Adding certificate verification is strongly advised. See: https://urllib3.readthedocs.io/en/latest/advanced-usage.html#tls-warnings
[2025-04-29T00:28:23.209+0000] {kafka_stream.py:57} ERROR - An error occured: Expecting value: line 1 column 1 (char 0)
[2025-04-29T00:28:23.297+0000] {logging_mixin.py:151} WARNING - /home/***/.local/lib/python3.9/site-packages/urllib3/connectionpool.py:1095 InsecureRequestWarning: Unverified HTTPS request is being made to host 'randomuser.me'. Adding certificate verification is strongly advised. See: https://urllib3.readthedocs.io/en/latest/advanced-usage.html#tls-warnings
[2025-04-29T00:28:23.347+0000] {kafka_stream.py:57} ERROR - An error occured: Expecting value: line 1 column 1 (char 0)
[2025-04-29T00:28:23.479+0000] {logging_mixin.py:151} WARNING - /home/***/.local/lib/python3.9/site-packages/urllib3/connectionpool.py:1095 InsecureRequestWarning: Unverified HTTPS request is being made to host 'randomuser.me'. Adding certificate verification is strongly advised. See: https://urllib3.readthedocs.io/en/latest/advanced-usage.html#tls-warnings
[2025-04-29T00:28:23.532+0000] {kafka_stream.py:57} ERROR - An error occured: Expecting value: line 1 column 1 (char 0)
[2025-04-29T00:28:23.654+0000] {logging_mixin.py:151} WARNING - /home/***/.local/lib/python3.9/site-packages/urllib3/connectionpool.py:1095 InsecureRequestWarning: Unverified HTTPS request is being made to host 'randomuser.me'. Adding certificate verification is strongly advised. See: https://urllib3.readthedocs.io/en/latest/advanced-usage.html#tls-warnings
[2025-04-29T00:28:23.707+0000] {kafka_stream.py:57} ERROR - An error occured: Expecting value: line 1 column 1 (char 0)
[2025-04-29T00:28:23.793+0000] {logging_mixin.py:151} WARNING - /home/***/.local/lib/python3.9/site-packages/urllib3/connectionpool.py:1095 InsecureRequestWarning: Unverified HTTPS request is being made to host 'randomuser.me'. Adding certificate verification is strongly advised. See: https://urllib3.readthedocs.io/en/latest/advanced-usage.html#tls-warnings
[2025-04-29T00:28:23.844+0000] {kafka_stream.py:57} ERROR - An error occured: Expecting value: line 1 column 1 (char 0)
[2025-04-29T00:28:23.937+0000] {logging_mixin.py:151} WARNING - /home/***/.local/lib/python3.9/site-packages/urllib3/connectionpool.py:1095 InsecureRequestWarning: Unverified HTTPS request is being made to host 'randomuser.me'. Adding certificate verification is strongly advised. See: https://urllib3.readthedocs.io/en/latest/advanced-usage.html#tls-warnings
[2025-04-29T00:28:23.989+0000] {kafka_stream.py:57} ERROR - An error occured: Expecting value: line 1 column 1 (char 0)
[2025-04-29T00:28:24.098+0000] {logging_mixin.py:151} WARNING - /home/***/.local/lib/python3.9/site-packages/urllib3/connectionpool.py:1095 InsecureRequestWarning: Unverified HTTPS request is being made to host 'randomuser.me'. Adding certificate verification is strongly advised. See: https://urllib3.readthedocs.io/en/latest/advanced-usage.html#tls-warnings
[2025-04-29T00:28:24.158+0000] {kafka_stream.py:57} ERROR - An error occured: Expecting value: line 1 column 1 (char 0)
[2025-04-29T00:28:24.267+0000] {logging_mixin.py:151} WARNING - /home/***/.local/lib/python3.9/site-packages/urllib3/connectionpool.py:1095 InsecureRequestWarning: Unverified HTTPS request is being made to host 'randomuser.me'. Adding certificate verification is strongly advised. See: https://urllib3.readthedocs.io/en/latest/advanced-usage.html#tls-warnings
[2025-04-29T00:28:24.320+0000] {kafka_stream.py:57} ERROR - An error occured: Expecting value: line 1 column 1 (char 0)
[2025-04-29T00:28:24.438+0000] {logging_mixin.py:151} WARNING - /home/***/.local/lib/python3.9/site-packages/urllib3/connectionpool.py:1095 InsecureRequestWarning: Unverified HTTPS request is being made to host 'randomuser.me'. Adding certificate verification is strongly advised. See: https://urllib3.readthedocs.io/en/latest/advanced-usage.html#tls-warnings
[2025-04-29T00:28:24.491+0000] {kafka_stream.py:57} ERROR - An error occured: Expecting value: line 1 column 1 (char 0)
[2025-04-29T00:28:24.602+0000] {logging_mixin.py:151} WARNING - /home/***/.local/lib/python3.9/site-packages/urllib3/connectionpool.py:1095 InsecureRequestWarning: Unverified HTTPS request is being made to host 'randomuser.me'. Adding certificate verification is strongly advised. See: https://urllib3.readthedocs.io/en/latest/advanced-usage.html#tls-warnings
[2025-04-29T00:28:24.656+0000] {kafka_stream.py:57} ERROR - An error occured: Expecting value: line 1 column 1 (char 0)
[2025-04-29T00:28:24.789+0000] {logging_mixin.py:151} WARNING - /home/***/.local/lib/python3.9/site-packages/urllib3/connectionpool.py:1095 InsecureRequestWarning: Unverified HTTPS request is being made to host 'randomuser.me'. Adding certificate verification is strongly advised. See: https://urllib3.readthedocs.io/en/latest/advanced-usage.html#tls-warnings
[2025-04-29T00:28:24.841+0000] {kafka_stream.py:57} ERROR - An error occured: Expecting value: line 1 column 1 (char 0)
[2025-04-29T00:28:24.935+0000] {logging_mixin.py:151} WARNING - /home/***/.local/lib/python3.9/site-packages/urllib3/connectionpool.py:1095 InsecureRequestWarning: Unverified HTTPS request is being made to host 'randomuser.me'. Adding certificate verification is strongly advised. See: https://urllib3.readthedocs.io/en/latest/advanced-usage.html#tls-warnings
[2025-04-29T00:28:24.989+0000] {kafka_stream.py:57} ERROR - An error occured: Expecting value: line 1 column 1 (char 0)
[2025-04-29T00:28:25.142+0000] {logging_mixin.py:151} WARNING - /home/***/.local/lib/python3.9/site-packages/urllib3/connectionpool.py:1095 InsecureRequestWarning: Unverified HTTPS request is being made to host 'randomuser.me'. Adding certificate verification is strongly advised. See: https://urllib3.readthedocs.io/en/latest/advanced-usage.html#tls-warnings
[2025-04-29T00:28:25.216+0000] {kafka_stream.py:57} ERROR - An error occured: Expecting value: line 1 column 1 (char 0)
[2025-04-29T00:28:25.360+0000] {logging_mixin.py:151} WARNING - /home/***/.local/lib/python3.9/site-packages/urllib3/connectionpool.py:1095 InsecureRequestWarning: Unverified HTTPS request is being made to host 'randomuser.me'. Adding certificate verification is strongly advised. See: https://urllib3.readthedocs.io/en/latest/advanced-usage.html#tls-warnings
[2025-04-29T00:28:25.419+0000] {kafka_stream.py:57} ERROR - An error occured: Expecting value: line 1 column 1 (char 0)
[2025-04-29T00:28:25.543+0000] {logging_mixin.py:151} WARNING - /home/***/.local/lib/python3.9/site-packages/urllib3/connectionpool.py:1095 InsecureRequestWarning: Unverified HTTPS request is being made to host 'randomuser.me'. Adding certificate verification is strongly advised. See: https://urllib3.readthedocs.io/en/latest/advanced-usage.html#tls-warnings
[2025-04-29T00:28:25.594+0000] {kafka_stream.py:57} ERROR - An error occured: Expecting value: line 1 column 1 (char 0)
[2025-04-29T00:28:25.680+0000] {logging_mixin.py:151} WARNING - /home/***/.local/lib/python3.9/site-packages/urllib3/connectionpool.py:1095 InsecureRequestWarning: Unverified HTTPS request is being made to host 'randomuser.me'. Adding certificate verification is strongly advised. See: https://urllib3.readthedocs.io/en/latest/advanced-usage.html#tls-warnings
[2025-04-29T00:28:25.731+0000] {kafka_stream.py:57} ERROR - An error occured: Expecting value: line 1 column 1 (char 0)
[2025-04-29T00:28:25.816+0000] {logging_mixin.py:151} WARNING - /home/***/.local/lib/python3.9/site-packages/urllib3/connectionpool.py:1095 InsecureRequestWarning: Unverified HTTPS request is being made to host 'randomuser.me'. Adding certificate verification is strongly advised. See: https://urllib3.readthedocs.io/en/latest/advanced-usage.html#tls-warnings
[2025-04-29T00:28:25.870+0000] {kafka_stream.py:57} ERROR - An error occured: Expecting value: line 1 column 1 (char 0)
[2025-04-29T00:28:25.957+0000] {logging_mixin.py:151} WARNING - /home/***/.local/lib/python3.9/site-packages/urllib3/connectionpool.py:1095 InsecureRequestWarning: Unverified HTTPS request is being made to host 'randomuser.me'. Adding certificate verification is strongly advised. See: https://urllib3.readthedocs.io/en/latest/advanced-usage.html#tls-warnings
[2025-04-29T00:28:26.010+0000] {kafka_stream.py:57} ERROR - An error occured: Expecting value: line 1 column 1 (char 0)
[2025-04-29T00:28:26.126+0000] {logging_mixin.py:151} WARNING - /home/***/.local/lib/python3.9/site-packages/urllib3/connectionpool.py:1095 InsecureRequestWarning: Unverified HTTPS request is being made to host 'randomuser.me'. Adding certificate verification is strongly advised. See: https://urllib3.readthedocs.io/en/latest/advanced-usage.html#tls-warnings
[2025-04-29T00:28:26.180+0000] {kafka_stream.py:57} ERROR - An error occured: Expecting value: line 1 column 1 (char 0)
[2025-04-29T00:28:26.286+0000] {logging_mixin.py:151} WARNING - /home/***/.local/lib/python3.9/site-packages/urllib3/connectionpool.py:1095 InsecureRequestWarning: Unverified HTTPS request is being made to host 'randomuser.me'. Adding certificate verification is strongly advised. See: https://urllib3.readthedocs.io/en/latest/advanced-usage.html#tls-warnings
[2025-04-29T00:28:26.347+0000] {kafka_stream.py:57} ERROR - An error occured: Expecting value: line 1 column 1 (char 0)
[2025-04-29T00:28:26.650+0000] {logging_mixin.py:151} WARNING - /home/***/.local/lib/python3.9/site-packages/urllib3/connectionpool.py:1095 InsecureRequestWarning: Unverified HTTPS request is being made to host 'randomuser.me'. Adding certificate verification is strongly advised. See: https://urllib3.readthedocs.io/en/latest/advanced-usage.html#tls-warnings
[2025-04-29T00:28:26.702+0000] {kafka_stream.py:57} ERROR - An error occured: Expecting value: line 1 column 1 (char 0)
[2025-04-29T00:28:26.830+0000] {logging_mixin.py:151} WARNING - /home/***/.local/lib/python3.9/site-packages/urllib3/connectionpool.py:1095 InsecureRequestWarning: Unverified HTTPS request is being made to host 'randomuser.me'. Adding certificate verification is strongly advised. See: https://urllib3.readthedocs.io/en/latest/advanced-usage.html#tls-warnings
[2025-04-29T00:28:26.885+0000] {kafka_stream.py:57} ERROR - An error occured: Expecting value: line 1 column 1 (char 0)
[2025-04-29T00:28:26.998+0000] {logging_mixin.py:151} WARNING - /home/***/.local/lib/python3.9/site-packages/urllib3/connectionpool.py:1095 InsecureRequestWarning: Unverified HTTPS request is being made to host 'randomuser.me'. Adding certificate verification is strongly advised. See: https://urllib3.readthedocs.io/en/latest/advanced-usage.html#tls-warnings
[2025-04-29T00:28:27.056+0000] {kafka_stream.py:57} ERROR - An error occured: Expecting value: line 1 column 1 (char 0)
[2025-04-29T00:28:27.165+0000] {logging_mixin.py:151} WARNING - /home/***/.local/lib/python3.9/site-packages/urllib3/connectionpool.py:1095 InsecureRequestWarning: Unverified HTTPS request is being made to host 'randomuser.me'. Adding certificate verification is strongly advised. See: https://urllib3.readthedocs.io/en/latest/advanced-usage.html#tls-warnings
[2025-04-29T00:28:27.218+0000] {kafka_stream.py:57} ERROR - An error occured: Expecting value: line 1 column 1 (char 0)
[2025-04-29T00:28:27.309+0000] {logging_mixin.py:151} WARNING - /home/***/.local/lib/python3.9/site-packages/urllib3/connectionpool.py:1095 InsecureRequestWarning: Unverified HTTPS request is being made to host 'randomuser.me'. Adding certificate verification is strongly advised. See: https://urllib3.readthedocs.io/en/latest/advanced-usage.html#tls-warnings
[2025-04-29T00:28:27.366+0000] {kafka_stream.py:57} ERROR - An error occured: Expecting value: line 1 column 1 (char 0)
[2025-04-29T00:28:27.464+0000] {logging_mixin.py:151} WARNING - /home/***/.local/lib/python3.9/site-packages/urllib3/connectionpool.py:1095 InsecureRequestWarning: Unverified HTTPS request is being made to host 'randomuser.me'. Adding certificate verification is strongly advised. See: https://urllib3.readthedocs.io/en/latest/advanced-usage.html#tls-warnings
[2025-04-29T00:28:27.514+0000] {kafka_stream.py:57} ERROR - An error occured: Expecting value: line 1 column 1 (char 0)
[2025-04-29T00:28:27.720+0000] {logging_mixin.py:151} WARNING - /home/***/.local/lib/python3.9/site-packages/urllib3/connectionpool.py:1095 InsecureRequestWarning: Unverified HTTPS request is being made to host 'randomuser.me'. Adding certificate verification is strongly advised. See: https://urllib3.readthedocs.io/en/latest/advanced-usage.html#tls-warnings
[2025-04-29T00:28:27.780+0000] {kafka_stream.py:57} ERROR - An error occured: Expecting value: line 1 column 1 (char 0)
[2025-04-29T00:28:27.889+0000] {logging_mixin.py:151} WARNING - /home/***/.local/lib/python3.9/site-packages/urllib3/connectionpool.py:1095 InsecureRequestWarning: Unverified HTTPS request is being made to host 'randomuser.me'. Adding certificate verification is strongly advised. See: https://urllib3.readthedocs.io/en/latest/advanced-usage.html#tls-warnings
[2025-04-29T00:28:27.946+0000] {kafka_stream.py:57} ERROR - An error occured: Expecting value: line 1 column 1 (char 0)
[2025-04-29T00:28:28.056+0000] {logging_mixin.py:151} WARNING - /home/***/.local/lib/python3.9/site-packages/urllib3/connectionpool.py:1095 InsecureRequestWarning: Unverified HTTPS request is being made to host 'randomuser.me'. Adding certificate verification is strongly advised. See: https://urllib3.readthedocs.io/en/latest/advanced-usage.html#tls-warnings
[2025-04-29T00:28:28.110+0000] {kafka_stream.py:57} ERROR - An error occured: Expecting value: line 1 column 1 (char 0)
[2025-04-29T00:28:28.247+0000] {logging_mixin.py:151} WARNING - /home/***/.local/lib/python3.9/site-packages/urllib3/connectionpool.py:1095 InsecureRequestWarning: Unverified HTTPS request is being made to host 'randomuser.me'. Adding certificate verification is strongly advised. See: https://urllib3.readthedocs.io/en/latest/advanced-usage.html#tls-warnings
[2025-04-29T00:28:28.297+0000] {kafka_stream.py:57} ERROR - An error occured: Expecting value: line 1 column 1 (char 0)
[2025-04-29T00:28:28.417+0000] {logging_mixin.py:151} WARNING - /home/***/.local/lib/python3.9/site-packages/urllib3/connectionpool.py:1095 InsecureRequestWarning: Unverified HTTPS request is being made to host 'randomuser.me'. Adding certificate verification is strongly advised. See: https://urllib3.readthedocs.io/en/latest/advanced-usage.html#tls-warnings
[2025-04-29T00:28:28.469+0000] {kafka_stream.py:57} ERROR - An error occured: Expecting value: line 1 column 1 (char 0)
[2025-04-29T00:28:28.595+0000] {logging_mixin.py:151} WARNING - /home/***/.local/lib/python3.9/site-packages/urllib3/connectionpool.py:1095 InsecureRequestWarning: Unverified HTTPS request is being made to host 'randomuser.me'. Adding certificate verification is strongly advised. See: https://urllib3.readthedocs.io/en/latest/advanced-usage.html#tls-warnings
[2025-04-29T00:28:28.648+0000] {kafka_stream.py:57} ERROR - An error occured: Expecting value: line 1 column 1 (char 0)
[2025-04-29T00:28:28.739+0000] {logging_mixin.py:151} WARNING - /home/***/.local/lib/python3.9/site-packages/urllib3/connectionpool.py:1095 InsecureRequestWarning: Unverified HTTPS request is being made to host 'randomuser.me'. Adding certificate verification is strongly advised. See: https://urllib3.readthedocs.io/en/latest/advanced-usage.html#tls-warnings
[2025-04-29T00:28:28.803+0000] {kafka_stream.py:57} ERROR - An error occured: Expecting value: line 1 column 1 (char 0)
[2025-04-29T00:28:28.911+0000] {logging_mixin.py:151} WARNING - /home/***/.local/lib/python3.9/site-packages/urllib3/connectionpool.py:1095 InsecureRequestWarning: Unverified HTTPS request is being made to host 'randomuser.me'. Adding certificate verification is strongly advised. See: https://urllib3.readthedocs.io/en/latest/advanced-usage.html#tls-warnings
[2025-04-29T00:28:28.962+0000] {kafka_stream.py:57} ERROR - An error occured: Expecting value: line 1 column 1 (char 0)
[2025-04-29T00:28:29.089+0000] {logging_mixin.py:151} WARNING - /home/***/.local/lib/python3.9/site-packages/urllib3/connectionpool.py:1095 InsecureRequestWarning: Unverified HTTPS request is being made to host 'randomuser.me'. Adding certificate verification is strongly advised. See: https://urllib3.readthedocs.io/en/latest/advanced-usage.html#tls-warnings
[2025-04-29T00:28:29.147+0000] {kafka_stream.py:57} ERROR - An error occured: Expecting value: line 1 column 1 (char 0)
[2025-04-29T00:28:29.269+0000] {logging_mixin.py:151} WARNING - /home/***/.local/lib/python3.9/site-packages/urllib3/connectionpool.py:1095 InsecureRequestWarning: Unverified HTTPS request is being made to host 'randomuser.me'. Adding certificate verification is strongly advised. See: https://urllib3.readthedocs.io/en/latest/advanced-usage.html#tls-warnings
[2025-04-29T00:28:29.322+0000] {kafka_stream.py:57} ERROR - An error occured: Expecting value: line 1 column 1 (char 0)
[2025-04-29T00:28:29.410+0000] {logging_mixin.py:151} WARNING - /home/***/.local/lib/python3.9/site-packages/urllib3/connectionpool.py:1095 InsecureRequestWarning: Unverified HTTPS request is being made to host 'randomuser.me'. Adding certificate verification is strongly advised. See: https://urllib3.readthedocs.io/en/latest/advanced-usage.html#tls-warnings
[2025-04-29T00:28:29.466+0000] {kafka_stream.py:57} ERROR - An error occured: Expecting value: line 1 column 1 (char 0)
[2025-04-29T00:28:29.556+0000] {logging_mixin.py:151} WARNING - /home/***/.local/lib/python3.9/site-packages/urllib3/connectionpool.py:1095 InsecureRequestWarning: Unverified HTTPS request is being made to host 'randomuser.me'. Adding certificate verification is strongly advised. See: https://urllib3.readthedocs.io/en/latest/advanced-usage.html#tls-warnings
[2025-04-29T00:28:29.616+0000] {kafka_stream.py:57} ERROR - An error occured: Expecting value: line 1 column 1 (char 0)
[2025-04-29T00:28:29.748+0000] {logging_mixin.py:151} WARNING - /home/***/.local/lib/python3.9/site-packages/urllib3/connectionpool.py:1095 InsecureRequestWarning: Unverified HTTPS request is being made to host 'randomuser.me'. Adding certificate verification is strongly advised. See: https://urllib3.readthedocs.io/en/latest/advanced-usage.html#tls-warnings
[2025-04-29T00:28:29.845+0000] {kafka_stream.py:57} ERROR - An error occured: Expecting value: line 1 column 1 (char 0)
[2025-04-29T00:28:29.950+0000] {logging_mixin.py:151} WARNING - /home/***/.local/lib/python3.9/site-packages/urllib3/connectionpool.py:1095 InsecureRequestWarning: Unverified HTTPS request is being made to host 'randomuser.me'. Adding certificate verification is strongly advised. See: https://urllib3.readthedocs.io/en/latest/advanced-usage.html#tls-warnings
[2025-04-29T00:28:30.004+0000] {kafka_stream.py:57} ERROR - An error occured: Expecting value: line 1 column 1 (char 0)
[2025-04-29T00:28:30.109+0000] {logging_mixin.py:151} WARNING - /home/***/.local/lib/python3.9/site-packages/urllib3/connectionpool.py:1095 InsecureRequestWarning: Unverified HTTPS request is being made to host 'randomuser.me'. Adding certificate verification is strongly advised. See: https://urllib3.readthedocs.io/en/latest/advanced-usage.html#tls-warnings
[2025-04-29T00:28:30.162+0000] {kafka_stream.py:57} ERROR - An error occured: Expecting value: line 1 column 1 (char 0)
[2025-04-29T00:28:30.250+0000] {logging_mixin.py:151} WARNING - /home/***/.local/lib/python3.9/site-packages/urllib3/connectionpool.py:1095 InsecureRequestWarning: Unverified HTTPS request is being made to host 'randomuser.me'. Adding certificate verification is strongly advised. See: https://urllib3.readthedocs.io/en/latest/advanced-usage.html#tls-warnings
[2025-04-29T00:28:30.305+0000] {kafka_stream.py:57} ERROR - An error occured: Expecting value: line 1 column 1 (char 0)
[2025-04-29T00:28:30.426+0000] {logging_mixin.py:151} WARNING - /home/***/.local/lib/python3.9/site-packages/urllib3/connectionpool.py:1095 InsecureRequestWarning: Unverified HTTPS request is being made to host 'randomuser.me'. Adding certificate verification is strongly advised. See: https://urllib3.readthedocs.io/en/latest/advanced-usage.html#tls-warnings
[2025-04-29T00:28:30.483+0000] {kafka_stream.py:57} ERROR - An error occured: Expecting value: line 1 column 1 (char 0)
[2025-04-29T00:28:30.587+0000] {logging_mixin.py:151} WARNING - /home/***/.local/lib/python3.9/site-packages/urllib3/connectionpool.py:1095 InsecureRequestWarning: Unverified HTTPS request is being made to host 'randomuser.me'. Adding certificate verification is strongly advised. See: https://urllib3.readthedocs.io/en/latest/advanced-usage.html#tls-warnings
[2025-04-29T00:28:30.638+0000] {kafka_stream.py:57} ERROR - An error occured: Expecting value: line 1 column 1 (char 0)
[2025-04-29T00:28:30.751+0000] {logging_mixin.py:151} WARNING - /home/***/.local/lib/python3.9/site-packages/urllib3/connectionpool.py:1095 InsecureRequestWarning: Unverified HTTPS request is being made to host 'randomuser.me'. Adding certificate verification is strongly advised. See: https://urllib3.readthedocs.io/en/latest/advanced-usage.html#tls-warnings
[2025-04-29T00:28:30.808+0000] {kafka_stream.py:57} ERROR - An error occured: Expecting value: line 1 column 1 (char 0)
[2025-04-29T00:28:30.927+0000] {logging_mixin.py:151} WARNING - /home/***/.local/lib/python3.9/site-packages/urllib3/connectionpool.py:1095 InsecureRequestWarning: Unverified HTTPS request is being made to host 'randomuser.me'. Adding certificate verification is strongly advised. See: https://urllib3.readthedocs.io/en/latest/advanced-usage.html#tls-warnings
[2025-04-29T00:28:30.979+0000] {kafka_stream.py:57} ERROR - An error occured: Expecting value: line 1 column 1 (char 0)
[2025-04-29T00:28:31.066+0000] {logging_mixin.py:151} WARNING - /home/***/.local/lib/python3.9/site-packages/urllib3/connectionpool.py:1095 InsecureRequestWarning: Unverified HTTPS request is being made to host 'randomuser.me'. Adding certificate verification is strongly advised. See: https://urllib3.readthedocs.io/en/latest/advanced-usage.html#tls-warnings
[2025-04-29T00:28:31.122+0000] {kafka_stream.py:57} ERROR - An error occured: Expecting value: line 1 column 1 (char 0)
[2025-04-29T00:28:31.239+0000] {logging_mixin.py:151} WARNING - /home/***/.local/lib/python3.9/site-packages/urllib3/connectionpool.py:1095 InsecureRequestWarning: Unverified HTTPS request is being made to host 'randomuser.me'. Adding certificate verification is strongly advised. See: https://urllib3.readthedocs.io/en/latest/advanced-usage.html#tls-warnings
[2025-04-29T00:28:31.292+0000] {kafka_stream.py:57} ERROR - An error occured: Expecting value: line 1 column 1 (char 0)
[2025-04-29T00:28:31.413+0000] {logging_mixin.py:151} WARNING - /home/***/.local/lib/python3.9/site-packages/urllib3/connectionpool.py:1095 InsecureRequestWarning: Unverified HTTPS request is being made to host 'randomuser.me'. Adding certificate verification is strongly advised. See: https://urllib3.readthedocs.io/en/latest/advanced-usage.html#tls-warnings
[2025-04-29T00:28:31.464+0000] {kafka_stream.py:57} ERROR - An error occured: Expecting value: line 1 column 1 (char 0)
[2025-04-29T00:28:31.722+0000] {logging_mixin.py:151} WARNING - /home/***/.local/lib/python3.9/site-packages/urllib3/connectionpool.py:1095 InsecureRequestWarning: Unverified HTTPS request is being made to host 'randomuser.me'. Adding certificate verification is strongly advised. See: https://urllib3.readthedocs.io/en/latest/advanced-usage.html#tls-warnings
[2025-04-29T00:28:31.772+0000] {kafka_stream.py:57} ERROR - An error occured: Expecting value: line 1 column 1 (char 0)
[2025-04-29T00:28:31.885+0000] {logging_mixin.py:151} WARNING - /home/***/.local/lib/python3.9/site-packages/urllib3/connectionpool.py:1095 InsecureRequestWarning: Unverified HTTPS request is being made to host 'randomuser.me'. Adding certificate verification is strongly advised. See: https://urllib3.readthedocs.io/en/latest/advanced-usage.html#tls-warnings
[2025-04-29T00:28:31.937+0000] {kafka_stream.py:57} ERROR - An error occured: Expecting value: line 1 column 1 (char 0)
[2025-04-29T00:28:32.051+0000] {logging_mixin.py:151} WARNING - /home/***/.local/lib/python3.9/site-packages/urllib3/connectionpool.py:1095 InsecureRequestWarning: Unverified HTTPS request is being made to host 'randomuser.me'. Adding certificate verification is strongly advised. See: https://urllib3.readthedocs.io/en/latest/advanced-usage.html#tls-warnings
[2025-04-29T00:28:32.104+0000] {kafka_stream.py:57} ERROR - An error occured: Expecting value: line 1 column 1 (char 0)
[2025-04-29T00:28:32.219+0000] {logging_mixin.py:151} WARNING - /home/***/.local/lib/python3.9/site-packages/urllib3/connectionpool.py:1095 InsecureRequestWarning: Unverified HTTPS request is being made to host 'randomuser.me'. Adding certificate verification is strongly advised. See: https://urllib3.readthedocs.io/en/latest/advanced-usage.html#tls-warnings
[2025-04-29T00:28:32.272+0000] {kafka_stream.py:57} ERROR - An error occured: Expecting value: line 1 column 1 (char 0)
[2025-04-29T00:28:32.381+0000] {logging_mixin.py:151} WARNING - /home/***/.local/lib/python3.9/site-packages/urllib3/connectionpool.py:1095 InsecureRequestWarning: Unverified HTTPS request is being made to host 'randomuser.me'. Adding certificate verification is strongly advised. See: https://urllib3.readthedocs.io/en/latest/advanced-usage.html#tls-warnings
[2025-04-29T00:28:32.436+0000] {kafka_stream.py:57} ERROR - An error occured: Expecting value: line 1 column 1 (char 0)
[2025-04-29T00:28:32.527+0000] {logging_mixin.py:151} WARNING - /home/***/.local/lib/python3.9/site-packages/urllib3/connectionpool.py:1095 InsecureRequestWarning: Unverified HTTPS request is being made to host 'randomuser.me'. Adding certificate verification is strongly advised. See: https://urllib3.readthedocs.io/en/latest/advanced-usage.html#tls-warnings
[2025-04-29T00:28:32.578+0000] {kafka_stream.py:57} ERROR - An error occured: Expecting value: line 1 column 1 (char 0)
[2025-04-29T00:28:32.720+0000] {logging_mixin.py:151} WARNING - /home/***/.local/lib/python3.9/site-packages/urllib3/connectionpool.py:1095 InsecureRequestWarning: Unverified HTTPS request is being made to host 'randomuser.me'. Adding certificate verification is strongly advised. See: https://urllib3.readthedocs.io/en/latest/advanced-usage.html#tls-warnings
[2025-04-29T00:28:32.774+0000] {kafka_stream.py:57} ERROR - An error occured: Expecting value: line 1 column 1 (char 0)
[2025-04-29T00:28:32.899+0000] {logging_mixin.py:151} WARNING - /home/***/.local/lib/python3.9/site-packages/urllib3/connectionpool.py:1095 InsecureRequestWarning: Unverified HTTPS request is being made to host 'randomuser.me'. Adding certificate verification is strongly advised. See: https://urllib3.readthedocs.io/en/latest/advanced-usage.html#tls-warnings
[2025-04-29T00:28:32.951+0000] {kafka_stream.py:57} ERROR - An error occured: Expecting value: line 1 column 1 (char 0)
[2025-04-29T00:28:33.072+0000] {logging_mixin.py:151} WARNING - /home/***/.local/lib/python3.9/site-packages/urllib3/connectionpool.py:1095 InsecureRequestWarning: Unverified HTTPS request is being made to host 'randomuser.me'. Adding certificate verification is strongly advised. See: https://urllib3.readthedocs.io/en/latest/advanced-usage.html#tls-warnings
[2025-04-29T00:28:33.129+0000] {kafka_stream.py:57} ERROR - An error occured: Expecting value: line 1 column 1 (char 0)
[2025-04-29T00:28:33.232+0000] {logging_mixin.py:151} WARNING - /home/***/.local/lib/python3.9/site-packages/urllib3/connectionpool.py:1095 InsecureRequestWarning: Unverified HTTPS request is being made to host 'randomuser.me'. Adding certificate verification is strongly advised. See: https://urllib3.readthedocs.io/en/latest/advanced-usage.html#tls-warnings
[2025-04-29T00:28:33.281+0000] {kafka_stream.py:57} ERROR - An error occured: Expecting value: line 1 column 1 (char 0)
[2025-04-29T00:28:33.484+0000] {logging_mixin.py:151} WARNING - /home/***/.local/lib/python3.9/site-packages/urllib3/connectionpool.py:1095 InsecureRequestWarning: Unverified HTTPS request is being made to host 'randomuser.me'. Adding certificate verification is strongly advised. See: https://urllib3.readthedocs.io/en/latest/advanced-usage.html#tls-warnings
[2025-04-29T00:28:33.535+0000] {kafka_stream.py:57} ERROR - An error occured: Expecting value: line 1 column 1 (char 0)
[2025-04-29T00:28:33.649+0000] {logging_mixin.py:151} WARNING - /home/***/.local/lib/python3.9/site-packages/urllib3/connectionpool.py:1095 InsecureRequestWarning: Unverified HTTPS request is being made to host 'randomuser.me'. Adding certificate verification is strongly advised. See: https://urllib3.readthedocs.io/en/latest/advanced-usage.html#tls-warnings
[2025-04-29T00:28:33.711+0000] {kafka_stream.py:57} ERROR - An error occured: Expecting value: line 1 column 1 (char 0)
[2025-04-29T00:28:33.818+0000] {logging_mixin.py:151} WARNING - /home/***/.local/lib/python3.9/site-packages/urllib3/connectionpool.py:1095 InsecureRequestWarning: Unverified HTTPS request is being made to host 'randomuser.me'. Adding certificate verification is strongly advised. See: https://urllib3.readthedocs.io/en/latest/advanced-usage.html#tls-warnings
[2025-04-29T00:28:33.868+0000] {kafka_stream.py:57} ERROR - An error occured: Expecting value: line 1 column 1 (char 0)
[2025-04-29T00:28:33.955+0000] {logging_mixin.py:151} WARNING - /home/***/.local/lib/python3.9/site-packages/urllib3/connectionpool.py:1095 InsecureRequestWarning: Unverified HTTPS request is being made to host 'randomuser.me'. Adding certificate verification is strongly advised. See: https://urllib3.readthedocs.io/en/latest/advanced-usage.html#tls-warnings
[2025-04-29T00:28:34.016+0000] {kafka_stream.py:57} ERROR - An error occured: Expecting value: line 1 column 1 (char 0)
[2025-04-29T00:28:34.130+0000] {logging_mixin.py:151} WARNING - /home/***/.local/lib/python3.9/site-packages/urllib3/connectionpool.py:1095 InsecureRequestWarning: Unverified HTTPS request is being made to host 'randomuser.me'. Adding certificate verification is strongly advised. See: https://urllib3.readthedocs.io/en/latest/advanced-usage.html#tls-warnings
[2025-04-29T00:28:34.184+0000] {kafka_stream.py:57} ERROR - An error occured: Expecting value: line 1 column 1 (char 0)
[2025-04-29T00:28:34.317+0000] {logging_mixin.py:151} WARNING - /home/***/.local/lib/python3.9/site-packages/urllib3/connectionpool.py:1095 InsecureRequestWarning: Unverified HTTPS request is being made to host 'randomuser.me'. Adding certificate verification is strongly advised. See: https://urllib3.readthedocs.io/en/latest/advanced-usage.html#tls-warnings
[2025-04-29T00:28:34.383+0000] {kafka_stream.py:57} ERROR - An error occured: Expecting value: line 1 column 1 (char 0)
[2025-04-29T00:28:34.511+0000] {logging_mixin.py:151} WARNING - /home/***/.local/lib/python3.9/site-packages/urllib3/connectionpool.py:1095 InsecureRequestWarning: Unverified HTTPS request is being made to host 'randomuser.me'. Adding certificate verification is strongly advised. See: https://urllib3.readthedocs.io/en/latest/advanced-usage.html#tls-warnings
[2025-04-29T00:28:34.564+0000] {kafka_stream.py:57} ERROR - An error occured: Expecting value: line 1 column 1 (char 0)
[2025-04-29T00:28:34.649+0000] {logging_mixin.py:151} WARNING - /home/***/.local/lib/python3.9/site-packages/urllib3/connectionpool.py:1095 InsecureRequestWarning: Unverified HTTPS request is being made to host 'randomuser.me'. Adding certificate verification is strongly advised. See: https://urllib3.readthedocs.io/en/latest/advanced-usage.html#tls-warnings
[2025-04-29T00:28:34.702+0000] {kafka_stream.py:57} ERROR - An error occured: Expecting value: line 1 column 1 (char 0)
[2025-04-29T00:28:34.822+0000] {logging_mixin.py:151} WARNING - /home/***/.local/lib/python3.9/site-packages/urllib3/connectionpool.py:1095 InsecureRequestWarning: Unverified HTTPS request is being made to host 'randomuser.me'. Adding certificate verification is strongly advised. See: https://urllib3.readthedocs.io/en/latest/advanced-usage.html#tls-warnings
[2025-04-29T00:28:34.875+0000] {kafka_stream.py:57} ERROR - An error occured: Expecting value: line 1 column 1 (char 0)
[2025-04-29T00:28:34.999+0000] {logging_mixin.py:151} WARNING - /home/***/.local/lib/python3.9/site-packages/urllib3/connectionpool.py:1095 InsecureRequestWarning: Unverified HTTPS request is being made to host 'randomuser.me'. Adding certificate verification is strongly advised. See: https://urllib3.readthedocs.io/en/latest/advanced-usage.html#tls-warnings
[2025-04-29T00:28:35.050+0000] {kafka_stream.py:57} ERROR - An error occured: Expecting value: line 1 column 1 (char 0)
[2025-04-29T00:28:35.176+0000] {logging_mixin.py:151} WARNING - /home/***/.local/lib/python3.9/site-packages/urllib3/connectionpool.py:1095 InsecureRequestWarning: Unverified HTTPS request is being made to host 'randomuser.me'. Adding certificate verification is strongly advised. See: https://urllib3.readthedocs.io/en/latest/advanced-usage.html#tls-warnings
[2025-04-29T00:28:35.228+0000] {kafka_stream.py:57} ERROR - An error occured: Expecting value: line 1 column 1 (char 0)
[2025-04-29T00:28:35.353+0000] {logging_mixin.py:151} WARNING - /home/***/.local/lib/python3.9/site-packages/urllib3/connectionpool.py:1095 InsecureRequestWarning: Unverified HTTPS request is being made to host 'randomuser.me'. Adding certificate verification is strongly advised. See: https://urllib3.readthedocs.io/en/latest/advanced-usage.html#tls-warnings
[2025-04-29T00:28:35.407+0000] {kafka_stream.py:57} ERROR - An error occured: Expecting value: line 1 column 1 (char 0)
[2025-04-29T00:28:35.510+0000] {logging_mixin.py:151} WARNING - /home/***/.local/lib/python3.9/site-packages/urllib3/connectionpool.py:1095 InsecureRequestWarning: Unverified HTTPS request is being made to host 'randomuser.me'. Adding certificate verification is strongly advised. See: https://urllib3.readthedocs.io/en/latest/advanced-usage.html#tls-warnings
[2025-04-29T00:28:35.561+0000] {kafka_stream.py:57} ERROR - An error occured: Expecting value: line 1 column 1 (char 0)
[2025-04-29T00:28:35.667+0000] {logging_mixin.py:151} WARNING - /home/***/.local/lib/python3.9/site-packages/urllib3/connectionpool.py:1095 InsecureRequestWarning: Unverified HTTPS request is being made to host 'randomuser.me'. Adding certificate verification is strongly advised. See: https://urllib3.readthedocs.io/en/latest/advanced-usage.html#tls-warnings
[2025-04-29T00:28:35.717+0000] {kafka_stream.py:57} ERROR - An error occured: Expecting value: line 1 column 1 (char 0)
[2025-04-29T00:28:35.809+0000] {logging_mixin.py:151} WARNING - /home/***/.local/lib/python3.9/site-packages/urllib3/connectionpool.py:1095 InsecureRequestWarning: Unverified HTTPS request is being made to host 'randomuser.me'. Adding certificate verification is strongly advised. See: https://urllib3.readthedocs.io/en/latest/advanced-usage.html#tls-warnings
[2025-04-29T00:28:35.887+0000] {kafka_stream.py:57} ERROR - An error occured: Expecting value: line 1 column 1 (char 0)
[2025-04-29T00:28:36.015+0000] {logging_mixin.py:151} WARNING - /home/***/.local/lib/python3.9/site-packages/urllib3/connectionpool.py:1095 InsecureRequestWarning: Unverified HTTPS request is being made to host 'randomuser.me'. Adding certificate verification is strongly advised. See: https://urllib3.readthedocs.io/en/latest/advanced-usage.html#tls-warnings
[2025-04-29T00:28:36.066+0000] {kafka_stream.py:57} ERROR - An error occured: Expecting value: line 1 column 1 (char 0)
[2025-04-29T00:28:36.267+0000] {logging_mixin.py:151} WARNING - /home/***/.local/lib/python3.9/site-packages/urllib3/connectionpool.py:1095 InsecureRequestWarning: Unverified HTTPS request is being made to host 'randomuser.me'. Adding certificate verification is strongly advised. See: https://urllib3.readthedocs.io/en/latest/advanced-usage.html#tls-warnings
[2025-04-29T00:28:50.139+0000] {logging_mixin.py:151} INFO - Record Inserted !!
[2025-04-29T00:28:50.282+0000] {logging_mixin.py:151} WARNING - /home/***/.local/lib/python3.9/site-packages/urllib3/connectionpool.py:1095 InsecureRequestWarning: Unverified HTTPS request is being made to host 'randomuser.me'. Adding certificate verification is strongly advised. See: https://urllib3.readthedocs.io/en/latest/advanced-usage.html#tls-warnings
[2025-04-29T00:29:01.423+0000] {logging_mixin.py:151} INFO - Record Inserted !!
[2025-04-29T00:29:01.526+0000] {logging_mixin.py:151} WARNING - /home/***/.local/lib/python3.9/site-packages/urllib3/connectionpool.py:1095 InsecureRequestWarning: Unverified HTTPS request is being made to host 'randomuser.me'. Adding certificate verification is strongly advised. See: https://urllib3.readthedocs.io/en/latest/advanced-usage.html#tls-warnings
[2025-04-29T00:29:13.852+0000] {logging_mixin.py:151} INFO - Record Inserted !!
[2025-04-29T00:29:14.006+0000] {logging_mixin.py:151} WARNING - /home/***/.local/lib/python3.9/site-packages/urllib3/connectionpool.py:1095 InsecureRequestWarning: Unverified HTTPS request is being made to host 'randomuser.me'. Adding certificate verification is strongly advised. See: https://urllib3.readthedocs.io/en/latest/advanced-usage.html#tls-warnings
[2025-04-29T00:29:25.251+0000] {logging_mixin.py:151} INFO - Record Inserted !!
[2025-04-29T00:29:25.354+0000] {logging_mixin.py:151} WARNING - /home/***/.local/lib/python3.9/site-packages/urllib3/connectionpool.py:1095 InsecureRequestWarning: Unverified HTTPS request is being made to host 'randomuser.me'. Adding certificate verification is strongly advised. See: https://urllib3.readthedocs.io/en/latest/advanced-usage.html#tls-warnings
[2025-04-29T00:29:34.612+0000] {logging_mixin.py:151} INFO - Record Inserted !!
[2025-04-29T00:29:34.749+0000] {logging_mixin.py:151} WARNING - /home/***/.local/lib/python3.9/site-packages/urllib3/connectionpool.py:1095 InsecureRequestWarning: Unverified HTTPS request is being made to host 'randomuser.me'. Adding certificate verification is strongly advised. See: https://urllib3.readthedocs.io/en/latest/advanced-usage.html#tls-warnings
[2025-04-29T00:29:44.346+0000] {logging_mixin.py:151} INFO - Record Inserted !!
[2025-04-29T00:29:44.469+0000] {logging_mixin.py:151} WARNING - /home/***/.local/lib/python3.9/site-packages/urllib3/connectionpool.py:1095 InsecureRequestWarning: Unverified HTTPS request is being made to host 'randomuser.me'. Adding certificate verification is strongly advised. See: https://urllib3.readthedocs.io/en/latest/advanced-usage.html#tls-warnings
[2025-04-29T00:29:55.536+0000] {logging_mixin.py:151} INFO - Record Inserted !!
[2025-04-29T00:29:55.654+0000] {logging_mixin.py:151} WARNING - /home/***/.local/lib/python3.9/site-packages/urllib3/connectionpool.py:1095 InsecureRequestWarning: Unverified HTTPS request is being made to host 'randomuser.me'. Adding certificate verification is strongly advised. See: https://urllib3.readthedocs.io/en/latest/advanced-usage.html#tls-warnings
[2025-04-29T00:30:08.031+0000] {logging_mixin.py:151} INFO - Record Inserted !!
[2025-04-29T00:30:08.149+0000] {logging_mixin.py:151} WARNING - /home/***/.local/lib/python3.9/site-packages/urllib3/connectionpool.py:1095 InsecureRequestWarning: Unverified HTTPS request is being made to host 'randomuser.me'. Adding certificate verification is strongly advised. See: https://urllib3.readthedocs.io/en/latest/advanced-usage.html#tls-warnings
[2025-04-29T00:30:18.764+0000] {logging_mixin.py:151} INFO - Record Inserted !!
[2025-04-29T00:30:18.868+0000] {logging_mixin.py:151} WARNING - /home/***/.local/lib/python3.9/site-packages/urllib3/connectionpool.py:1095 InsecureRequestWarning: Unverified HTTPS request is being made to host 'randomuser.me'. Adding certificate verification is strongly advised. See: https://urllib3.readthedocs.io/en/latest/advanced-usage.html#tls-warnings
[2025-04-29T00:30:29.664+0000] {logging_mixin.py:151} INFO - Record Inserted !!
[2025-04-29T00:30:30.055+0000] {logging_mixin.py:151} WARNING - /home/***/.local/lib/python3.9/site-packages/urllib3/connectionpool.py:1095 InsecureRequestWarning: Unverified HTTPS request is being made to host 'randomuser.me'. Adding certificate verification is strongly advised. See: https://urllib3.readthedocs.io/en/latest/advanced-usage.html#tls-warnings
[2025-04-29T00:30:41.352+0000] {logging_mixin.py:151} INFO - Record Inserted !!
[2025-04-29T00:30:41.490+0000] {logging_mixin.py:151} WARNING - /home/***/.local/lib/python3.9/site-packages/urllib3/connectionpool.py:1095 InsecureRequestWarning: Unverified HTTPS request is being made to host 'randomuser.me'. Adding certificate verification is strongly advised. See: https://urllib3.readthedocs.io/en/latest/advanced-usage.html#tls-warnings
[2025-04-29T00:30:53.717+0000] {logging_mixin.py:151} INFO - Record Inserted !!
[2025-04-29T00:30:53.831+0000] {logging_mixin.py:151} WARNING - /home/***/.local/lib/python3.9/site-packages/urllib3/connectionpool.py:1095 InsecureRequestWarning: Unverified HTTPS request is being made to host 'randomuser.me'. Adding certificate verification is strongly advised. See: https://urllib3.readthedocs.io/en/latest/advanced-usage.html#tls-warnings
[2025-04-29T00:31:07.364+0000] {logging_mixin.py:151} INFO - Record Inserted !!
[2025-04-29T00:31:07.503+0000] {logging_mixin.py:151} WARNING - /home/***/.local/lib/python3.9/site-packages/urllib3/connectionpool.py:1095 InsecureRequestWarning: Unverified HTTPS request is being made to host 'randomuser.me'. Adding certificate verification is strongly advised. See: https://urllib3.readthedocs.io/en/latest/advanced-usage.html#tls-warnings
[2025-04-29T00:31:21.321+0000] {logging_mixin.py:151} INFO - Record Inserted !!
[2025-04-29T00:31:21.423+0000] {logging_mixin.py:151} WARNING - /home/***/.local/lib/python3.9/site-packages/urllib3/connectionpool.py:1095 InsecureRequestWarning: Unverified HTTPS request is being made to host 'randomuser.me'. Adding certificate verification is strongly advised. See: https://urllib3.readthedocs.io/en/latest/advanced-usage.html#tls-warnings
[2025-04-29T00:31:32.482+0000] {logging_mixin.py:151} INFO - Record Inserted !!
[2025-04-29T00:31:32.588+0000] {logging_mixin.py:151} WARNING - /home/***/.local/lib/python3.9/site-packages/urllib3/connectionpool.py:1095 InsecureRequestWarning: Unverified HTTPS request is being made to host 'randomuser.me'. Adding certificate verification is strongly advised. See: https://urllib3.readthedocs.io/en/latest/advanced-usage.html#tls-warnings
[2025-04-29T00:31:43.544+0000] {logging_mixin.py:151} INFO - Record Inserted !!
[2025-04-29T00:31:43.652+0000] {logging_mixin.py:151} WARNING - /home/***/.local/lib/python3.9/site-packages/urllib3/connectionpool.py:1095 InsecureRequestWarning: Unverified HTTPS request is being made to host 'randomuser.me'. Adding certificate verification is strongly advised. See: https://urllib3.readthedocs.io/en/latest/advanced-usage.html#tls-warnings
[2025-04-29T00:31:53.563+0000] {logging_mixin.py:151} INFO - Record Inserted !!
[2025-04-29T00:31:53.736+0000] {logging_mixin.py:151} WARNING - /home/***/.local/lib/python3.9/site-packages/urllib3/connectionpool.py:1095 InsecureRequestWarning: Unverified HTTPS request is being made to host 'randomuser.me'. Adding certificate verification is strongly advised. See: https://urllib3.readthedocs.io/en/latest/advanced-usage.html#tls-warnings
[2025-04-29T00:32:03.957+0000] {logging_mixin.py:151} INFO - Record Inserted !!
[2025-04-29T00:32:04.049+0000] {logging_mixin.py:151} WARNING - /home/***/.local/lib/python3.9/site-packages/urllib3/connectionpool.py:1095 InsecureRequestWarning: Unverified HTTPS request is being made to host 'randomuser.me'. Adding certificate verification is strongly advised. See: https://urllib3.readthedocs.io/en/latest/advanced-usage.html#tls-warnings
[2025-04-29T00:32:15.179+0000] {logging_mixin.py:151} INFO - Record Inserted !!
[2025-04-29T00:32:15.348+0000] {logging_mixin.py:151} WARNING - /home/***/.local/lib/python3.9/site-packages/urllib3/connectionpool.py:1095 InsecureRequestWarning: Unverified HTTPS request is being made to host 'randomuser.me'. Adding certificate verification is strongly advised. See: https://urllib3.readthedocs.io/en/latest/advanced-usage.html#tls-warnings
[2025-04-29T00:32:27.035+0000] {logging_mixin.py:151} INFO - Record Inserted !!
[2025-04-29T00:32:27.151+0000] {logging_mixin.py:151} WARNING - /home/***/.local/lib/python3.9/site-packages/urllib3/connectionpool.py:1095 InsecureRequestWarning: Unverified HTTPS request is being made to host 'randomuser.me'. Adding certificate verification is strongly advised. See: https://urllib3.readthedocs.io/en/latest/advanced-usage.html#tls-warnings
[2025-04-29T00:32:37.791+0000] {logging_mixin.py:151} INFO - Record Inserted !!
[2025-04-29T00:32:37.930+0000] {logging_mixin.py:151} WARNING - /home/***/.local/lib/python3.9/site-packages/urllib3/connectionpool.py:1095 InsecureRequestWarning: Unverified HTTPS request is being made to host 'randomuser.me'. Adding certificate verification is strongly advised. See: https://urllib3.readthedocs.io/en/latest/advanced-usage.html#tls-warnings
[2025-04-29T00:32:48.547+0000] {logging_mixin.py:151} INFO - Record Inserted !!
[2025-04-29T00:32:48.677+0000] {logging_mixin.py:151} WARNING - /home/***/.local/lib/python3.9/site-packages/urllib3/connectionpool.py:1095 InsecureRequestWarning: Unverified HTTPS request is being made to host 'randomuser.me'. Adding certificate verification is strongly advised. See: https://urllib3.readthedocs.io/en/latest/advanced-usage.html#tls-warnings
[2025-04-29T00:32:59.731+0000] {logging_mixin.py:151} INFO - Record Inserted !!
[2025-04-29T00:32:59.870+0000] {logging_mixin.py:151} WARNING - /home/***/.local/lib/python3.9/site-packages/urllib3/connectionpool.py:1095 InsecureRequestWarning: Unverified HTTPS request is being made to host 'randomuser.me'. Adding certificate verification is strongly advised. See: https://urllib3.readthedocs.io/en/latest/advanced-usage.html#tls-warnings
[2025-04-29T00:33:11.483+0000] {logging_mixin.py:151} INFO - Record Inserted !!
[2025-04-29T00:33:11.617+0000] {logging_mixin.py:151} WARNING - /home/***/.local/lib/python3.9/site-packages/urllib3/connectionpool.py:1095 InsecureRequestWarning: Unverified HTTPS request is being made to host 'randomuser.me'. Adding certificate verification is strongly advised. See: https://urllib3.readthedocs.io/en/latest/advanced-usage.html#tls-warnings
[2025-04-29T00:33:21.197+0000] {logging_mixin.py:151} INFO - Record Inserted !!
[2025-04-29T00:33:21.349+0000] {logging_mixin.py:151} WARNING - /home/***/.local/lib/python3.9/site-packages/urllib3/connectionpool.py:1095 InsecureRequestWarning: Unverified HTTPS request is being made to host 'randomuser.me'. Adding certificate verification is strongly advised. See: https://urllib3.readthedocs.io/en/latest/advanced-usage.html#tls-warnings
[2025-04-29T00:33:30.628+0000] {logging_mixin.py:151} INFO - Record Inserted !!
[2025-04-29T00:33:30.757+0000] {logging_mixin.py:151} WARNING - /home/***/.local/lib/python3.9/site-packages/urllib3/connectionpool.py:1095 InsecureRequestWarning: Unverified HTTPS request is being made to host 'randomuser.me'. Adding certificate verification is strongly advised. See: https://urllib3.readthedocs.io/en/latest/advanced-usage.html#tls-warnings
[2025-04-29T00:33:41.569+0000] {logging_mixin.py:151} INFO - Record Inserted !!
[2025-04-29T00:33:41.734+0000] {logging_mixin.py:151} WARNING - /home/***/.local/lib/python3.9/site-packages/urllib3/connectionpool.py:1095 InsecureRequestWarning: Unverified HTTPS request is being made to host 'randomuser.me'. Adding certificate verification is strongly advised. See: https://urllib3.readthedocs.io/en/latest/advanced-usage.html#tls-warnings
[2025-04-29T00:33:52.452+0000] {logging_mixin.py:151} INFO - Record Inserted !!
[2025-04-29T00:33:52.579+0000] {logging_mixin.py:151} WARNING - /home/***/.local/lib/python3.9/site-packages/urllib3/connectionpool.py:1095 InsecureRequestWarning: Unverified HTTPS request is being made to host 'randomuser.me'. Adding certificate verification is strongly advised. See: https://urllib3.readthedocs.io/en/latest/advanced-usage.html#tls-warnings
[2025-04-29T00:34:02.781+0000] {logging_mixin.py:151} INFO - Record Inserted !!
[2025-04-29T00:34:02.919+0000] {logging_mixin.py:151} WARNING - /home/***/.local/lib/python3.9/site-packages/urllib3/connectionpool.py:1095 InsecureRequestWarning: Unverified HTTPS request is being made to host 'randomuser.me'. Adding certificate verification is strongly advised. See: https://urllib3.readthedocs.io/en/latest/advanced-usage.html#tls-warnings
[2025-04-29T00:34:13.884+0000] {logging_mixin.py:151} INFO - Record Inserted !!
[2025-04-29T00:34:14.003+0000] {logging_mixin.py:151} WARNING - /home/***/.local/lib/python3.9/site-packages/urllib3/connectionpool.py:1095 InsecureRequestWarning: Unverified HTTPS request is being made to host 'randomuser.me'. Adding certificate verification is strongly advised. See: https://urllib3.readthedocs.io/en/latest/advanced-usage.html#tls-warnings
[2025-04-29T00:34:24.662+0000] {logging_mixin.py:151} INFO - Record Inserted !!
[2025-04-29T00:34:24.772+0000] {logging_mixin.py:151} WARNING - /home/***/.local/lib/python3.9/site-packages/urllib3/connectionpool.py:1095 InsecureRequestWarning: Unverified HTTPS request is being made to host 'randomuser.me'. Adding certificate verification is strongly advised. See: https://urllib3.readthedocs.io/en/latest/advanced-usage.html#tls-warnings
[2025-04-29T00:34:34.168+0000] {logging_mixin.py:151} INFO - Record Inserted !!
[2025-04-29T00:34:34.292+0000] {logging_mixin.py:151} WARNING - /home/***/.local/lib/python3.9/site-packages/urllib3/connectionpool.py:1095 InsecureRequestWarning: Unverified HTTPS request is being made to host 'randomuser.me'. Adding certificate verification is strongly advised. See: https://urllib3.readthedocs.io/en/latest/advanced-usage.html#tls-warnings
[2025-04-29T00:34:44.626+0000] {logging_mixin.py:151} INFO - Record Inserted !!
[2025-04-29T00:34:44.731+0000] {logging_mixin.py:151} WARNING - /home/***/.local/lib/python3.9/site-packages/urllib3/connectionpool.py:1095 InsecureRequestWarning: Unverified HTTPS request is being made to host 'randomuser.me'. Adding certificate verification is strongly advised. See: https://urllib3.readthedocs.io/en/latest/advanced-usage.html#tls-warnings
[2025-04-29T00:34:53.762+0000] {logging_mixin.py:151} INFO - Record Inserted !!
[2025-04-29T00:34:53.878+0000] {logging_mixin.py:151} WARNING - /home/***/.local/lib/python3.9/site-packages/urllib3/connectionpool.py:1095 InsecureRequestWarning: Unverified HTTPS request is being made to host 'randomuser.me'. Adding certificate verification is strongly advised. See: https://urllib3.readthedocs.io/en/latest/advanced-usage.html#tls-warnings
[2025-04-29T00:35:05.090+0000] {logging_mixin.py:151} INFO - Record Inserted !!
[2025-04-29T00:35:05.512+0000] {logging_mixin.py:151} WARNING - /home/***/.local/lib/python3.9/site-packages/urllib3/connectionpool.py:1095 InsecureRequestWarning: Unverified HTTPS request is being made to host 'randomuser.me'. Adding certificate verification is strongly advised. See: https://urllib3.readthedocs.io/en/latest/advanced-usage.html#tls-warnings
[2025-04-29T00:35:18.626+0000] {logging_mixin.py:151} INFO - Record Inserted !!
[2025-04-29T00:35:18.726+0000] {logging_mixin.py:151} WARNING - /home/***/.local/lib/python3.9/site-packages/urllib3/connectionpool.py:1095 InsecureRequestWarning: Unverified HTTPS request is being made to host 'randomuser.me'. Adding certificate verification is strongly advised. See: https://urllib3.readthedocs.io/en/latest/advanced-usage.html#tls-warnings
[2025-04-29T00:35:29.534+0000] {logging_mixin.py:151} INFO - Record Inserted !!
[2025-04-29T00:35:29.719+0000] {logging_mixin.py:151} WARNING - /home/***/.local/lib/python3.9/site-packages/urllib3/connectionpool.py:1095 InsecureRequestWarning: Unverified HTTPS request is being made to host 'randomuser.me'. Adding certificate verification is strongly advised. See: https://urllib3.readthedocs.io/en/latest/advanced-usage.html#tls-warnings
[2025-04-29T00:35:39.967+0000] {logging_mixin.py:151} INFO - Record Inserted !!
[2025-04-29T00:35:40.206+0000] {logging_mixin.py:151} WARNING - /home/***/.local/lib/python3.9/site-packages/urllib3/connectionpool.py:1095 InsecureRequestWarning: Unverified HTTPS request is being made to host 'randomuser.me'. Adding certificate verification is strongly advised. See: https://urllib3.readthedocs.io/en/latest/advanced-usage.html#tls-warnings
[2025-04-29T00:35:50.350+0000] {logging_mixin.py:151} INFO - Record Inserted !!
[2025-04-29T00:35:50.605+0000] {logging_mixin.py:151} WARNING - /home/***/.local/lib/python3.9/site-packages/urllib3/connectionpool.py:1095 InsecureRequestWarning: Unverified HTTPS request is being made to host 'randomuser.me'. Adding certificate verification is strongly advised. See: https://urllib3.readthedocs.io/en/latest/advanced-usage.html#tls-warnings
[2025-04-29T00:35:59.747+0000] {logging_mixin.py:151} INFO - Record Inserted !!
[2025-04-29T00:35:59.895+0000] {logging_mixin.py:151} WARNING - /home/***/.local/lib/python3.9/site-packages/urllib3/connectionpool.py:1095 InsecureRequestWarning: Unverified HTTPS request is being made to host 'randomuser.me'. Adding certificate verification is strongly advised. See: https://urllib3.readthedocs.io/en/latest/advanced-usage.html#tls-warnings
[2025-04-29T00:36:11.822+0000] {logging_mixin.py:151} INFO - Record Inserted !!
[2025-04-29T00:36:11.918+0000] {logging_mixin.py:151} WARNING - /home/***/.local/lib/python3.9/site-packages/urllib3/connectionpool.py:1095 InsecureRequestWarning: Unverified HTTPS request is being made to host 'randomuser.me'. Adding certificate verification is strongly advised. See: https://urllib3.readthedocs.io/en/latest/advanced-usage.html#tls-warnings
[2025-04-29T00:36:25.120+0000] {logging_mixin.py:151} INFO - Record Inserted !!
[2025-04-29T00:36:25.289+0000] {logging_mixin.py:151} WARNING - /home/***/.local/lib/python3.9/site-packages/urllib3/connectionpool.py:1095 InsecureRequestWarning: Unverified HTTPS request is being made to host 'randomuser.me'. Adding certificate verification is strongly advised. See: https://urllib3.readthedocs.io/en/latest/advanced-usage.html#tls-warnings
[2025-04-29T00:36:35.840+0000] {logging_mixin.py:151} INFO - Record Inserted !!
[2025-04-29T00:36:35.947+0000] {logging_mixin.py:151} WARNING - /home/***/.local/lib/python3.9/site-packages/urllib3/connectionpool.py:1095 InsecureRequestWarning: Unverified HTTPS request is being made to host 'randomuser.me'. Adding certificate verification is strongly advised. See: https://urllib3.readthedocs.io/en/latest/advanced-usage.html#tls-warnings
[2025-04-29T00:36:47.138+0000] {logging_mixin.py:151} INFO - Record Inserted !!
[2025-04-29T00:36:47.270+0000] {logging_mixin.py:151} WARNING - /home/***/.local/lib/python3.9/site-packages/urllib3/connectionpool.py:1095 InsecureRequestWarning: Unverified HTTPS request is being made to host 'randomuser.me'. Adding certificate verification is strongly advised. See: https://urllib3.readthedocs.io/en/latest/advanced-usage.html#tls-warnings
[2025-04-29T00:36:59.834+0000] {logging_mixin.py:151} INFO - Record Inserted !!
[2025-04-29T00:37:00.057+0000] {logging_mixin.py:151} WARNING - /home/***/.local/lib/python3.9/site-packages/urllib3/connectionpool.py:1095 InsecureRequestWarning: Unverified HTTPS request is being made to host 'randomuser.me'. Adding certificate verification is strongly advised. See: https://urllib3.readthedocs.io/en/latest/advanced-usage.html#tls-warnings
[2025-04-29T00:37:13.240+0000] {logging_mixin.py:151} INFO - Record Inserted !!
[2025-04-29T00:37:13.345+0000] {logging_mixin.py:151} WARNING - /home/***/.local/lib/python3.9/site-packages/urllib3/connectionpool.py:1095 InsecureRequestWarning: Unverified HTTPS request is being made to host 'randomuser.me'. Adding certificate verification is strongly advised. See: https://urllib3.readthedocs.io/en/latest/advanced-usage.html#tls-warnings
[2025-04-29T00:37:26.559+0000] {logging_mixin.py:151} INFO - Record Inserted !!
[2025-04-29T00:37:26.709+0000] {logging_mixin.py:151} WARNING - /home/***/.local/lib/python3.9/site-packages/urllib3/connectionpool.py:1095 InsecureRequestWarning: Unverified HTTPS request is being made to host 'randomuser.me'. Adding certificate verification is strongly advised. See: https://urllib3.readthedocs.io/en/latest/advanced-usage.html#tls-warnings
[2025-04-29T00:37:36.199+0000] {logging_mixin.py:151} INFO - Record Inserted !!
[2025-04-29T00:37:36.306+0000] {logging_mixin.py:151} WARNING - /home/***/.local/lib/python3.9/site-packages/urllib3/connectionpool.py:1095 InsecureRequestWarning: Unverified HTTPS request is being made to host 'randomuser.me'. Adding certificate verification is strongly advised. See: https://urllib3.readthedocs.io/en/latest/advanced-usage.html#tls-warnings
[2025-04-29T00:37:45.227+0000] {logging_mixin.py:151} INFO - Record Inserted !!
[2025-04-29T00:37:45.342+0000] {logging_mixin.py:151} WARNING - /home/***/.local/lib/python3.9/site-packages/urllib3/connectionpool.py:1095 InsecureRequestWarning: Unverified HTTPS request is being made to host 'randomuser.me'. Adding certificate verification is strongly advised. See: https://urllib3.readthedocs.io/en/latest/advanced-usage.html#tls-warnings
[2025-04-29T00:37:56.704+0000] {logging_mixin.py:151} INFO - Record Inserted !!
[2025-04-29T00:37:56.867+0000] {logging_mixin.py:151} WARNING - /home/***/.local/lib/python3.9/site-packages/urllib3/connectionpool.py:1095 InsecureRequestWarning: Unverified HTTPS request is being made to host 'randomuser.me'. Adding certificate verification is strongly advised. See: https://urllib3.readthedocs.io/en/latest/advanced-usage.html#tls-warnings
[2025-04-29T00:38:08.681+0000] {logging_mixin.py:151} INFO - Record Inserted !!
[2025-04-29T00:38:08.792+0000] {logging_mixin.py:151} WARNING - /home/***/.local/lib/python3.9/site-packages/urllib3/connectionpool.py:1095 InsecureRequestWarning: Unverified HTTPS request is being made to host 'randomuser.me'. Adding certificate verification is strongly advised. See: https://urllib3.readthedocs.io/en/latest/advanced-usage.html#tls-warnings
[2025-04-29T00:38:18.063+0000] {logging_mixin.py:151} INFO - Record Inserted !!
[2025-04-29T00:38:18.191+0000] {logging_mixin.py:151} WARNING - /home/***/.local/lib/python3.9/site-packages/urllib3/connectionpool.py:1095 InsecureRequestWarning: Unverified HTTPS request is being made to host 'randomuser.me'. Adding certificate verification is strongly advised. See: https://urllib3.readthedocs.io/en/latest/advanced-usage.html#tls-warnings
[2025-04-29T00:38:27.621+0000] {logging_mixin.py:151} INFO - Record Inserted !!
[2025-04-29T00:38:27.711+0000] {logging_mixin.py:151} WARNING - /home/***/.local/lib/python3.9/site-packages/urllib3/connectionpool.py:1095 InsecureRequestWarning: Unverified HTTPS request is being made to host 'randomuser.me'. Adding certificate verification is strongly advised. See: https://urllib3.readthedocs.io/en/latest/advanced-usage.html#tls-warnings
[2025-04-29T00:38:38.323+0000] {logging_mixin.py:151} INFO - Record Inserted !!
[2025-04-29T00:38:38.473+0000] {logging_mixin.py:151} WARNING - /home/***/.local/lib/python3.9/site-packages/urllib3/connectionpool.py:1095 InsecureRequestWarning: Unverified HTTPS request is being made to host 'randomuser.me'. Adding certificate verification is strongly advised. See: https://urllib3.readthedocs.io/en/latest/advanced-usage.html#tls-warnings
[2025-04-29T00:38:50.796+0000] {logging_mixin.py:151} INFO - Record Inserted !!
[2025-04-29T00:38:50.936+0000] {logging_mixin.py:151} WARNING - /home/***/.local/lib/python3.9/site-packages/urllib3/connectionpool.py:1095 InsecureRequestWarning: Unverified HTTPS request is being made to host 'randomuser.me'. Adding certificate verification is strongly advised. See: https://urllib3.readthedocs.io/en/latest/advanced-usage.html#tls-warnings
[2025-04-29T00:39:01.821+0000] {logging_mixin.py:151} INFO - Record Inserted !!
[2025-04-29T00:39:01.944+0000] {logging_mixin.py:151} WARNING - /home/***/.local/lib/python3.9/site-packages/urllib3/connectionpool.py:1095 InsecureRequestWarning: Unverified HTTPS request is being made to host 'randomuser.me'. Adding certificate verification is strongly advised. See: https://urllib3.readthedocs.io/en/latest/advanced-usage.html#tls-warnings
[2025-04-29T00:39:12.444+0000] {logging_mixin.py:151} INFO - Record Inserted !!
[2025-04-29T00:39:12.666+0000] {logging_mixin.py:151} WARNING - /home/***/.local/lib/python3.9/site-packages/urllib3/connectionpool.py:1095 InsecureRequestWarning: Unverified HTTPS request is being made to host 'randomuser.me'. Adding certificate verification is strongly advised. See: https://urllib3.readthedocs.io/en/latest/advanced-usage.html#tls-warnings
[2025-04-29T00:39:22.992+0000] {logging_mixin.py:151} INFO - Record Inserted !!
[2025-04-29T00:39:23.106+0000] {logging_mixin.py:151} WARNING - /home/***/.local/lib/python3.9/site-packages/urllib3/connectionpool.py:1095 InsecureRequestWarning: Unverified HTTPS request is being made to host 'randomuser.me'. Adding certificate verification is strongly advised. See: https://urllib3.readthedocs.io/en/latest/advanced-usage.html#tls-warnings
[2025-04-29T00:39:32.109+0000] {logging_mixin.py:151} INFO - Record Inserted !!
[2025-04-29T00:39:32.401+0000] {logging_mixin.py:151} WARNING - /home/***/.local/lib/python3.9/site-packages/urllib3/connectionpool.py:1095 InsecureRequestWarning: Unverified HTTPS request is being made to host 'randomuser.me'. Adding certificate verification is strongly advised. See: https://urllib3.readthedocs.io/en/latest/advanced-usage.html#tls-warnings
[2025-04-29T00:39:41.485+0000] {logging_mixin.py:151} INFO - Record Inserted !!
[2025-04-29T00:39:41.573+0000] {logging_mixin.py:151} WARNING - /home/***/.local/lib/python3.9/site-packages/urllib3/connectionpool.py:1095 InsecureRequestWarning: Unverified HTTPS request is being made to host 'randomuser.me'. Adding certificate verification is strongly advised. See: https://urllib3.readthedocs.io/en/latest/advanced-usage.html#tls-warnings
[2025-04-29T00:39:50.424+0000] {logging_mixin.py:151} INFO - Record Inserted !!
[2025-04-29T00:39:50.575+0000] {logging_mixin.py:151} WARNING - /home/***/.local/lib/python3.9/site-packages/urllib3/connectionpool.py:1095 InsecureRequestWarning: Unverified HTTPS request is being made to host 'randomuser.me'. Adding certificate verification is strongly advised. See: https://urllib3.readthedocs.io/en/latest/advanced-usage.html#tls-warnings
[2025-04-29T00:39:59.590+0000] {logging_mixin.py:151} INFO - Record Inserted !!
[2025-04-29T00:39:59.714+0000] {logging_mixin.py:151} WARNING - /home/***/.local/lib/python3.9/site-packages/urllib3/connectionpool.py:1095 InsecureRequestWarning: Unverified HTTPS request is being made to host 'randomuser.me'. Adding certificate verification is strongly advised. See: https://urllib3.readthedocs.io/en/latest/advanced-usage.html#tls-warnings
[2025-04-29T00:40:10.990+0000] {logging_mixin.py:151} INFO - Record Inserted !!
[2025-04-29T00:40:11.149+0000] {logging_mixin.py:151} WARNING - /home/***/.local/lib/python3.9/site-packages/urllib3/connectionpool.py:1095 InsecureRequestWarning: Unverified HTTPS request is being made to host 'randomuser.me'. Adding certificate verification is strongly advised. See: https://urllib3.readthedocs.io/en/latest/advanced-usage.html#tls-warnings
[2025-04-29T00:40:20.520+0000] {logging_mixin.py:151} INFO - Record Inserted !!
[2025-04-29T00:40:20.669+0000] {logging_mixin.py:151} WARNING - /home/***/.local/lib/python3.9/site-packages/urllib3/connectionpool.py:1095 InsecureRequestWarning: Unverified HTTPS request is being made to host 'randomuser.me'. Adding certificate verification is strongly advised. See: https://urllib3.readthedocs.io/en/latest/advanced-usage.html#tls-warnings
[2025-04-29T00:40:31.365+0000] {logging_mixin.py:151} INFO - Record Inserted !!
[2025-04-29T00:40:31.539+0000] {logging_mixin.py:151} WARNING - /home/***/.local/lib/python3.9/site-packages/urllib3/connectionpool.py:1095 InsecureRequestWarning: Unverified HTTPS request is being made to host 'randomuser.me'. Adding certificate verification is strongly advised. See: https://urllib3.readthedocs.io/en/latest/advanced-usage.html#tls-warnings
[2025-04-29T00:40:41.026+0000] {logging_mixin.py:151} INFO - Record Inserted !!
[2025-04-29T00:40:41.289+0000] {logging_mixin.py:151} WARNING - /home/***/.local/lib/python3.9/site-packages/urllib3/connectionpool.py:1095 InsecureRequestWarning: Unverified HTTPS request is being made to host 'randomuser.me'. Adding certificate verification is strongly advised. See: https://urllib3.readthedocs.io/en/latest/advanced-usage.html#tls-warnings
[2025-04-29T00:40:51.416+0000] {logging_mixin.py:151} INFO - Record Inserted !!
[2025-04-29T00:40:51.514+0000] {logging_mixin.py:151} WARNING - /home/***/.local/lib/python3.9/site-packages/urllib3/connectionpool.py:1095 InsecureRequestWarning: Unverified HTTPS request is being made to host 'randomuser.me'. Adding certificate verification is strongly advised. See: https://urllib3.readthedocs.io/en/latest/advanced-usage.html#tls-warnings
[2025-04-29T00:41:02.213+0000] {logging_mixin.py:151} INFO - Record Inserted !!
[2025-04-29T00:41:02.419+0000] {logging_mixin.py:151} WARNING - /home/***/.local/lib/python3.9/site-packages/urllib3/connectionpool.py:1095 InsecureRequestWarning: Unverified HTTPS request is being made to host 'randomuser.me'. Adding certificate verification is strongly advised. See: https://urllib3.readthedocs.io/en/latest/advanced-usage.html#tls-warnings
[2025-04-29T00:41:14.389+0000] {logging_mixin.py:151} INFO - Record Inserted !!
[2025-04-29T00:41:14.546+0000] {logging_mixin.py:151} WARNING - /home/***/.local/lib/python3.9/site-packages/urllib3/connectionpool.py:1095 InsecureRequestWarning: Unverified HTTPS request is being made to host 'randomuser.me'. Adding certificate verification is strongly advised. See: https://urllib3.readthedocs.io/en/latest/advanced-usage.html#tls-warnings
[2025-04-29T00:41:28.377+0000] {logging_mixin.py:151} INFO - Record Inserted !!
[2025-04-29T00:41:28.468+0000] {logging_mixin.py:151} WARNING - /home/***/.local/lib/python3.9/site-packages/urllib3/connectionpool.py:1095 InsecureRequestWarning: Unverified HTTPS request is being made to host 'randomuser.me'. Adding certificate verification is strongly advised. See: https://urllib3.readthedocs.io/en/latest/advanced-usage.html#tls-warnings
[2025-04-29T00:41:37.394+0000] {logging_mixin.py:151} INFO - Record Inserted !!
[2025-04-29T00:41:37.519+0000] {logging_mixin.py:151} WARNING - /home/***/.local/lib/python3.9/site-packages/urllib3/connectionpool.py:1095 InsecureRequestWarning: Unverified HTTPS request is being made to host 'randomuser.me'. Adding certificate verification is strongly advised. See: https://urllib3.readthedocs.io/en/latest/advanced-usage.html#tls-warnings
[2025-04-29T00:41:47.120+0000] {logging_mixin.py:151} INFO - Record Inserted !!
[2025-04-29T00:41:47.379+0000] {logging_mixin.py:151} WARNING - /home/***/.local/lib/python3.9/site-packages/urllib3/connectionpool.py:1095 InsecureRequestWarning: Unverified HTTPS request is being made to host 'randomuser.me'. Adding certificate verification is strongly advised. See: https://urllib3.readthedocs.io/en/latest/advanced-usage.html#tls-warnings
[2025-04-29T00:41:56.729+0000] {logging_mixin.py:151} INFO - Record Inserted !!
[2025-04-29T00:41:56.839+0000] {logging_mixin.py:151} WARNING - /home/***/.local/lib/python3.9/site-packages/urllib3/connectionpool.py:1095 InsecureRequestWarning: Unverified HTTPS request is being made to host 'randomuser.me'. Adding certificate verification is strongly advised. See: https://urllib3.readthedocs.io/en/latest/advanced-usage.html#tls-warnings
[2025-04-29T00:42:08.769+0000] {logging_mixin.py:151} INFO - Record Inserted !!
[2025-04-29T00:42:09.045+0000] {logging_mixin.py:151} WARNING - /home/***/.local/lib/python3.9/site-packages/urllib3/connectionpool.py:1095 InsecureRequestWarning: Unverified HTTPS request is being made to host 'randomuser.me'. Adding certificate verification is strongly advised. See: https://urllib3.readthedocs.io/en/latest/advanced-usage.html#tls-warnings
[2025-04-29T00:42:18.938+0000] {logging_mixin.py:151} INFO - Record Inserted !!
[2025-04-29T00:42:19.077+0000] {logging_mixin.py:151} WARNING - /home/***/.local/lib/python3.9/site-packages/urllib3/connectionpool.py:1095 InsecureRequestWarning: Unverified HTTPS request is being made to host 'randomuser.me'. Adding certificate verification is strongly advised. See: https://urllib3.readthedocs.io/en/latest/advanced-usage.html#tls-warnings
[2025-04-29T00:42:28.434+0000] {logging_mixin.py:151} INFO - Record Inserted !!
[2025-04-29T00:42:28.537+0000] {logging_mixin.py:151} WARNING - /home/***/.local/lib/python3.9/site-packages/urllib3/connectionpool.py:1095 InsecureRequestWarning: Unverified HTTPS request is being made to host 'randomuser.me'. Adding certificate verification is strongly advised. See: https://urllib3.readthedocs.io/en/latest/advanced-usage.html#tls-warnings
[2025-04-29T00:42:38.030+0000] {logging_mixin.py:151} INFO - Record Inserted !!
[2025-04-29T00:42:38.150+0000] {logging_mixin.py:151} WARNING - /home/***/.local/lib/python3.9/site-packages/urllib3/connectionpool.py:1095 InsecureRequestWarning: Unverified HTTPS request is being made to host 'randomuser.me'. Adding certificate verification is strongly advised. See: https://urllib3.readthedocs.io/en/latest/advanced-usage.html#tls-warnings
[2025-04-29T00:42:48.257+0000] {logging_mixin.py:151} INFO - Record Inserted !!
[2025-04-29T00:42:48.349+0000] {logging_mixin.py:151} WARNING - /home/***/.local/lib/python3.9/site-packages/urllib3/connectionpool.py:1095 InsecureRequestWarning: Unverified HTTPS request is being made to host 'randomuser.me'. Adding certificate verification is strongly advised. See: https://urllib3.readthedocs.io/en/latest/advanced-usage.html#tls-warnings
[2025-04-29T00:42:59.833+0000] {logging_mixin.py:151} INFO - Record Inserted !!
[2025-04-29T00:43:00.080+0000] {logging_mixin.py:151} WARNING - /home/***/.local/lib/python3.9/site-packages/urllib3/connectionpool.py:1095 InsecureRequestWarning: Unverified HTTPS request is being made to host 'randomuser.me'. Adding certificate verification is strongly advised. See: https://urllib3.readthedocs.io/en/latest/advanced-usage.html#tls-warnings
[2025-04-29T00:43:11.161+0000] {logging_mixin.py:151} INFO - Record Inserted !!
[2025-04-29T00:43:11.270+0000] {logging_mixin.py:151} WARNING - /home/***/.local/lib/python3.9/site-packages/urllib3/connectionpool.py:1095 InsecureRequestWarning: Unverified HTTPS request is being made to host 'randomuser.me'. Adding certificate verification is strongly advised. See: https://urllib3.readthedocs.io/en/latest/advanced-usage.html#tls-warnings
[2025-04-29T00:43:22.747+0000] {logging_mixin.py:151} INFO - Record Inserted !!
[2025-04-29T00:43:22.873+0000] {logging_mixin.py:151} WARNING - /home/***/.local/lib/python3.9/site-packages/urllib3/connectionpool.py:1095 InsecureRequestWarning: Unverified HTTPS request is being made to host 'randomuser.me'. Adding certificate verification is strongly advised. See: https://urllib3.readthedocs.io/en/latest/advanced-usage.html#tls-warnings
[2025-04-29T00:43:33.518+0000] {logging_mixin.py:151} INFO - Record Inserted !!
[2025-04-29T00:43:33.648+0000] {logging_mixin.py:151} WARNING - /home/***/.local/lib/python3.9/site-packages/urllib3/connectionpool.py:1095 InsecureRequestWarning: Unverified HTTPS request is being made to host 'randomuser.me'. Adding certificate verification is strongly advised. See: https://urllib3.readthedocs.io/en/latest/advanced-usage.html#tls-warnings
[2025-04-29T00:43:44.004+0000] {logging_mixin.py:151} INFO - Record Inserted !!
[2025-04-29T00:43:44.128+0000] {logging_mixin.py:151} WARNING - /home/***/.local/lib/python3.9/site-packages/urllib3/connectionpool.py:1095 InsecureRequestWarning: Unverified HTTPS request is being made to host 'randomuser.me'. Adding certificate verification is strongly advised. See: https://urllib3.readthedocs.io/en/latest/advanced-usage.html#tls-warnings
[2025-04-29T00:43:56.501+0000] {logging_mixin.py:151} INFO - Record Inserted !!
[2025-04-29T00:43:56.629+0000] {logging_mixin.py:151} WARNING - /home/***/.local/lib/python3.9/site-packages/urllib3/connectionpool.py:1095 InsecureRequestWarning: Unverified HTTPS request is being made to host 'randomuser.me'. Adding certificate verification is strongly advised. See: https://urllib3.readthedocs.io/en/latest/advanced-usage.html#tls-warnings
[2025-04-29T00:44:08.196+0000] {logging_mixin.py:151} INFO - Record Inserted !!
[2025-04-29T00:44:08.397+0000] {logging_mixin.py:151} WARNING - /home/***/.local/lib/python3.9/site-packages/urllib3/connectionpool.py:1095 InsecureRequestWarning: Unverified HTTPS request is being made to host 'randomuser.me'. Adding certificate verification is strongly advised. See: https://urllib3.readthedocs.io/en/latest/advanced-usage.html#tls-warnings
[2025-04-29T00:44:18.103+0000] {logging_mixin.py:151} INFO - Record Inserted !!
[2025-04-29T00:44:18.203+0000] {logging_mixin.py:151} WARNING - /home/***/.local/lib/python3.9/site-packages/urllib3/connectionpool.py:1095 InsecureRequestWarning: Unverified HTTPS request is being made to host 'randomuser.me'. Adding certificate verification is strongly advised. See: https://urllib3.readthedocs.io/en/latest/advanced-usage.html#tls-warnings
[2025-04-29T00:44:26.676+0000] {logging_mixin.py:151} INFO - Record Inserted !!
[2025-04-29T00:44:26.775+0000] {logging_mixin.py:151} WARNING - /home/***/.local/lib/python3.9/site-packages/urllib3/connectionpool.py:1095 InsecureRequestWarning: Unverified HTTPS request is being made to host 'randomuser.me'. Adding certificate verification is strongly advised. See: https://urllib3.readthedocs.io/en/latest/advanced-usage.html#tls-warnings
[2025-04-29T00:44:35.401+0000] {logging_mixin.py:151} INFO - Record Inserted !!
[2025-04-29T00:44:35.531+0000] {logging_mixin.py:151} WARNING - /home/***/.local/lib/python3.9/site-packages/urllib3/connectionpool.py:1095 InsecureRequestWarning: Unverified HTTPS request is being made to host 'randomuser.me'. Adding certificate verification is strongly advised. See: https://urllib3.readthedocs.io/en/latest/advanced-usage.html#tls-warnings
[2025-04-29T00:44:45.557+0000] {logging_mixin.py:151} INFO - Record Inserted !!
[2025-04-29T00:44:45.680+0000] {logging_mixin.py:151} WARNING - /home/***/.local/lib/python3.9/site-packages/urllib3/connectionpool.py:1095 InsecureRequestWarning: Unverified HTTPS request is being made to host 'randomuser.me'. Adding certificate verification is strongly advised. See: https://urllib3.readthedocs.io/en/latest/advanced-usage.html#tls-warnings
[2025-04-29T00:44:54.243+0000] {logging_mixin.py:151} INFO - Record Inserted !!
[2025-04-29T00:44:54.411+0000] {logging_mixin.py:151} WARNING - /home/***/.local/lib/python3.9/site-packages/urllib3/connectionpool.py:1095 InsecureRequestWarning: Unverified HTTPS request is being made to host 'randomuser.me'. Adding certificate verification is strongly advised. See: https://urllib3.readthedocs.io/en/latest/advanced-usage.html#tls-warnings
[2025-04-29T00:45:04.366+0000] {logging_mixin.py:151} INFO - Record Inserted !!
[2025-04-29T00:45:04.478+0000] {logging_mixin.py:151} WARNING - /home/***/.local/lib/python3.9/site-packages/urllib3/connectionpool.py:1095 InsecureRequestWarning: Unverified HTTPS request is being made to host 'randomuser.me'. Adding certificate verification is strongly advised. See: https://urllib3.readthedocs.io/en/latest/advanced-usage.html#tls-warnings
[2025-04-29T00:45:15.783+0000] {logging_mixin.py:151} INFO - Record Inserted !!
[2025-04-29T00:45:15.939+0000] {logging_mixin.py:151} WARNING - /home/***/.local/lib/python3.9/site-packages/urllib3/connectionpool.py:1095 InsecureRequestWarning: Unverified HTTPS request is being made to host 'randomuser.me'. Adding certificate verification is strongly advised. See: https://urllib3.readthedocs.io/en/latest/advanced-usage.html#tls-warnings
[2025-04-29T00:45:25.473+0000] {logging_mixin.py:151} INFO - Record Inserted !!
[2025-04-29T00:45:25.576+0000] {logging_mixin.py:151} WARNING - /home/***/.local/lib/python3.9/site-packages/urllib3/connectionpool.py:1095 InsecureRequestWarning: Unverified HTTPS request is being made to host 'randomuser.me'. Adding certificate verification is strongly advised. See: https://urllib3.readthedocs.io/en/latest/advanced-usage.html#tls-warnings
[2025-04-29T00:45:35.885+0000] {logging_mixin.py:151} INFO - Record Inserted !!
[2025-04-29T00:45:36.060+0000] {logging_mixin.py:151} WARNING - /home/***/.local/lib/python3.9/site-packages/urllib3/connectionpool.py:1095 InsecureRequestWarning: Unverified HTTPS request is being made to host 'randomuser.me'. Adding certificate verification is strongly advised. See: https://urllib3.readthedocs.io/en/latest/advanced-usage.html#tls-warnings
[2025-04-29T00:45:45.508+0000] {logging_mixin.py:151} INFO - Record Inserted !!
[2025-04-29T00:45:45.939+0000] {logging_mixin.py:151} WARNING - /home/***/.local/lib/python3.9/site-packages/urllib3/connectionpool.py:1095 InsecureRequestWarning: Unverified HTTPS request is being made to host 'randomuser.me'. Adding certificate verification is strongly advised. See: https://urllib3.readthedocs.io/en/latest/advanced-usage.html#tls-warnings
[2025-04-29T00:45:55.387+0000] {logging_mixin.py:151} INFO - Record Inserted !!
[2025-04-29T00:45:55.483+0000] {logging_mixin.py:151} WARNING - /home/***/.local/lib/python3.9/site-packages/urllib3/connectionpool.py:1095 InsecureRequestWarning: Unverified HTTPS request is being made to host 'randomuser.me'. Adding certificate verification is strongly advised. See: https://urllib3.readthedocs.io/en/latest/advanced-usage.html#tls-warnings
[2025-04-29T00:46:06.758+0000] {logging_mixin.py:151} INFO - Record Inserted !!
[2025-04-29T00:46:07.104+0000] {logging_mixin.py:151} WARNING - /home/***/.local/lib/python3.9/site-packages/urllib3/connectionpool.py:1095 InsecureRequestWarning: Unverified HTTPS request is being made to host 'randomuser.me'. Adding certificate verification is strongly advised. See: https://urllib3.readthedocs.io/en/latest/advanced-usage.html#tls-warnings
[2025-04-29T00:46:20.857+0000] {logging_mixin.py:151} INFO - Record Inserted !!
[2025-04-29T00:46:20.988+0000] {logging_mixin.py:151} WARNING - /home/***/.local/lib/python3.9/site-packages/urllib3/connectionpool.py:1095 InsecureRequestWarning: Unverified HTTPS request is being made to host 'randomuser.me'. Adding certificate verification is strongly advised. See: https://urllib3.readthedocs.io/en/latest/advanced-usage.html#tls-warnings
[2025-04-29T00:46:31.105+0000] {logging_mixin.py:151} INFO - Record Inserted !!
[2025-04-29T00:46:31.258+0000] {logging_mixin.py:151} WARNING - /home/***/.local/lib/python3.9/site-packages/urllib3/connectionpool.py:1095 InsecureRequestWarning: Unverified HTTPS request is being made to host 'randomuser.me'. Adding certificate verification is strongly advised. See: https://urllib3.readthedocs.io/en/latest/advanced-usage.html#tls-warnings
[2025-04-29T00:46:40.568+0000] {logging_mixin.py:151} INFO - Record Inserted !!
[2025-04-29T00:46:40.689+0000] {logging_mixin.py:151} WARNING - /home/***/.local/lib/python3.9/site-packages/urllib3/connectionpool.py:1095 InsecureRequestWarning: Unverified HTTPS request is being made to host 'randomuser.me'. Adding certificate verification is strongly advised. See: https://urllib3.readthedocs.io/en/latest/advanced-usage.html#tls-warnings
[2025-04-29T00:46:50.908+0000] {logging_mixin.py:151} INFO - Record Inserted !!
[2025-04-29T00:46:51.006+0000] {logging_mixin.py:151} WARNING - /home/***/.local/lib/python3.9/site-packages/urllib3/connectionpool.py:1095 InsecureRequestWarning: Unverified HTTPS request is being made to host 'randomuser.me'. Adding certificate verification is strongly advised. See: https://urllib3.readthedocs.io/en/latest/advanced-usage.html#tls-warnings
[2025-04-29T00:47:00.437+0000] {logging_mixin.py:151} INFO - Record Inserted !!
[2025-04-29T00:47:00.527+0000] {logging_mixin.py:151} WARNING - /home/***/.local/lib/python3.9/site-packages/urllib3/connectionpool.py:1095 InsecureRequestWarning: Unverified HTTPS request is being made to host 'randomuser.me'. Adding certificate verification is strongly advised. See: https://urllib3.readthedocs.io/en/latest/advanced-usage.html#tls-warnings
[2025-04-29T00:47:12.709+0000] {logging_mixin.py:151} INFO - Record Inserted !!
[2025-04-29T00:47:12.842+0000] {logging_mixin.py:151} WARNING - /home/***/.local/lib/python3.9/site-packages/urllib3/connectionpool.py:1095 InsecureRequestWarning: Unverified HTTPS request is being made to host 'randomuser.me'. Adding certificate verification is strongly advised. See: https://urllib3.readthedocs.io/en/latest/advanced-usage.html#tls-warnings
[2025-04-29T00:47:24.945+0000] {logging_mixin.py:151} INFO - Record Inserted !!
[2025-04-29T00:47:25.139+0000] {logging_mixin.py:151} WARNING - /home/***/.local/lib/python3.9/site-packages/urllib3/connectionpool.py:1095 InsecureRequestWarning: Unverified HTTPS request is being made to host 'randomuser.me'. Adding certificate verification is strongly advised. See: https://urllib3.readthedocs.io/en/latest/advanced-usage.html#tls-warnings
[2025-04-29T00:47:36.913+0000] {logging_mixin.py:151} INFO - Record Inserted !!
[2025-04-29T00:47:37.036+0000] {logging_mixin.py:151} WARNING - /home/***/.local/lib/python3.9/site-packages/urllib3/connectionpool.py:1095 InsecureRequestWarning: Unverified HTTPS request is being made to host 'randomuser.me'. Adding certificate verification is strongly advised. See: https://urllib3.readthedocs.io/en/latest/advanced-usage.html#tls-warnings
[2025-04-29T00:47:48.293+0000] {logging_mixin.py:151} INFO - Record Inserted !!
[2025-04-29T00:47:48.433+0000] {logging_mixin.py:151} WARNING - /home/***/.local/lib/python3.9/site-packages/urllib3/connectionpool.py:1095 InsecureRequestWarning: Unverified HTTPS request is being made to host 'randomuser.me'. Adding certificate verification is strongly advised. See: https://urllib3.readthedocs.io/en/latest/advanced-usage.html#tls-warnings
[2025-04-29T00:47:59.030+0000] {logging_mixin.py:151} INFO - Record Inserted !!
[2025-04-29T00:47:59.494+0000] {logging_mixin.py:151} WARNING - /home/***/.local/lib/python3.9/site-packages/urllib3/connectionpool.py:1095 InsecureRequestWarning: Unverified HTTPS request is being made to host 'randomuser.me'. Adding certificate verification is strongly advised. See: https://urllib3.readthedocs.io/en/latest/advanced-usage.html#tls-warnings
[2025-04-29T00:48:11.246+0000] {logging_mixin.py:151} INFO - Record Inserted !!
[2025-04-29T00:48:11.341+0000] {logging_mixin.py:151} WARNING - /home/***/.local/lib/python3.9/site-packages/urllib3/connectionpool.py:1095 InsecureRequestWarning: Unverified HTTPS request is being made to host 'randomuser.me'. Adding certificate verification is strongly advised. See: https://urllib3.readthedocs.io/en/latest/advanced-usage.html#tls-warnings
[2025-04-29T00:48:24.400+0000] {logging_mixin.py:151} INFO - Record Inserted !!
[2025-04-29T00:48:24.520+0000] {logging_mixin.py:151} WARNING - /home/***/.local/lib/python3.9/site-packages/urllib3/connectionpool.py:1095 InsecureRequestWarning: Unverified HTTPS request is being made to host 'randomuser.me'. Adding certificate verification is strongly advised. See: https://urllib3.readthedocs.io/en/latest/advanced-usage.html#tls-warnings
[2025-04-29T00:48:36.374+0000] {logging_mixin.py:151} INFO - Record Inserted !!
[2025-04-29T00:48:36.509+0000] {logging_mixin.py:151} WARNING - /home/***/.local/lib/python3.9/site-packages/urllib3/connectionpool.py:1095 InsecureRequestWarning: Unverified HTTPS request is being made to host 'randomuser.me'. Adding certificate verification is strongly advised. See: https://urllib3.readthedocs.io/en/latest/advanced-usage.html#tls-warnings
[2025-04-29T00:48:51.790+0000] {logging_mixin.py:151} INFO - Record Inserted !!
[2025-04-29T00:48:51.920+0000] {logging_mixin.py:151} WARNING - /home/***/.local/lib/python3.9/site-packages/urllib3/connectionpool.py:1095 InsecureRequestWarning: Unverified HTTPS request is being made to host 'randomuser.me'. Adding certificate verification is strongly advised. See: https://urllib3.readthedocs.io/en/latest/advanced-usage.html#tls-warnings
[2025-04-29T00:49:07.054+0000] {logging_mixin.py:151} INFO - Record Inserted !!
[2025-04-29T00:49:07.310+0000] {logging_mixin.py:151} WARNING - /home/***/.local/lib/python3.9/site-packages/urllib3/connectionpool.py:1095 InsecureRequestWarning: Unverified HTTPS request is being made to host 'randomuser.me'. Adding certificate verification is strongly advised. See: https://urllib3.readthedocs.io/en/latest/advanced-usage.html#tls-warnings
[2025-04-29T00:49:20.301+0000] {logging_mixin.py:151} INFO - Record Inserted !!
[2025-04-29T00:49:20.443+0000] {logging_mixin.py:151} WARNING - /home/***/.local/lib/python3.9/site-packages/urllib3/connectionpool.py:1095 InsecureRequestWarning: Unverified HTTPS request is being made to host 'randomuser.me'. Adding certificate verification is strongly advised. See: https://urllib3.readthedocs.io/en/latest/advanced-usage.html#tls-warnings
[2025-04-29T00:49:32.551+0000] {logging_mixin.py:151} INFO - Record Inserted !!
[2025-04-29T00:49:32.857+0000] {logging_mixin.py:151} WARNING - /home/***/.local/lib/python3.9/site-packages/urllib3/connectionpool.py:1095 InsecureRequestWarning: Unverified HTTPS request is being made to host 'randomuser.me'. Adding certificate verification is strongly advised. See: https://urllib3.readthedocs.io/en/latest/advanced-usage.html#tls-warnings
[2025-04-29T00:49:44.282+0000] {logging_mixin.py:151} INFO - Record Inserted !!
[2025-04-29T00:49:44.537+0000] {logging_mixin.py:151} WARNING - /home/***/.local/lib/python3.9/site-packages/urllib3/connectionpool.py:1095 InsecureRequestWarning: Unverified HTTPS request is being made to host 'randomuser.me'. Adding certificate verification is strongly advised. See: https://urllib3.readthedocs.io/en/latest/advanced-usage.html#tls-warnings
[2025-04-29T00:49:55.811+0000] {logging_mixin.py:151} INFO - Record Inserted !!
[2025-04-29T00:49:56.060+0000] {logging_mixin.py:151} WARNING - /home/***/.local/lib/python3.9/site-packages/urllib3/connectionpool.py:1095 InsecureRequestWarning: Unverified HTTPS request is being made to host 'randomuser.me'. Adding certificate verification is strongly advised. See: https://urllib3.readthedocs.io/en/latest/advanced-usage.html#tls-warnings
[2025-04-29T00:50:07.947+0000] {logging_mixin.py:151} INFO - Record Inserted !!
[2025-04-29T00:50:07.951+0000] {conn.py:919} INFO - <BrokerConnection node_id=1 host=broker:29092 <connected> [IPv4 ('172.19.0.8', 29092)]>: Closing connection. 
[2025-04-29T00:50:07.952+0000] {python.py:194} INFO - Done. Returned value was: None
[2025-04-29T00:50:07.967+0000] {taskinstance.py:1400} INFO - Marking task as SUCCESS. dag_id=user_automation, task_id=stream_data_from_api, execution_date=20250428T000000, start_date=20250429T000002, end_date=20250429T005007
[2025-04-29T00:50:07.992+0000] {local_task_job_runner.py:228} INFO - Task exited with return code 0
[2025-04-29T00:50:08.007+0000] {taskinstance.py:2784} INFO - 0 downstream tasks scheduled from follow-on schedule check
