[2025-04-26T05:52:12.858+0000] {processor.py:157} INFO - Started process (PID=118) to work on /opt/airflow/dags/kafka_stream.py
[2025-04-26T05:52:12.945+0000] {processor.py:829} INFO - Processing file /opt/airflow/dags/kafka_stream.py for tasks to queue
[2025-04-26T05:52:13.197+0000] {logging_mixin.py:151} INFO - [2025-04-26T05:52:13.196+0000] {dagbag.py:539} INFO - Filling up the DagBag from /opt/airflow/dags/kafka_stream.py
[2025-04-26T05:52:18.340+0000] {processor.py:839} INFO - DAG(s) dict_keys(['user_automation']) retrieved from /opt/airflow/dags/kafka_stream.py
[2025-04-26T05:52:18.892+0000] {logging_mixin.py:151} INFO - [2025-04-26T05:52:18.891+0000] {dag.py:2907} INFO - Sync 1 DAGs
[2025-04-26T05:52:19.315+0000] {logging_mixin.py:151} INFO - [2025-04-26T05:52:19.315+0000] {dag.py:3677} INFO - Setting next_dagrun for user_automation to 2025-04-26T00:00:00+00:00, run_after=2025-04-27T00:00:00+00:00
[2025-04-26T05:52:19.859+0000] {processor.py:179} INFO - Processing /opt/airflow/dags/kafka_stream.py took 7.063 seconds
[2025-04-26T05:52:50.768+0000] {processor.py:157} INFO - Started process (PID=121) to work on /opt/airflow/dags/kafka_stream.py
[2025-04-26T05:52:50.780+0000] {processor.py:829} INFO - Processing file /opt/airflow/dags/kafka_stream.py for tasks to queue
[2025-04-26T05:52:50.784+0000] {logging_mixin.py:151} INFO - [2025-04-26T05:52:50.782+0000] {dagbag.py:539} INFO - Filling up the DagBag from /opt/airflow/dags/kafka_stream.py
[2025-04-26T05:52:50.922+0000] {processor.py:839} INFO - DAG(s) dict_keys(['user_automation']) retrieved from /opt/airflow/dags/kafka_stream.py
[2025-04-26T05:52:50.997+0000] {logging_mixin.py:151} INFO - [2025-04-26T05:52:50.996+0000] {dag.py:2907} INFO - Sync 1 DAGs
[2025-04-26T05:52:51.207+0000] {logging_mixin.py:151} INFO - [2025-04-26T05:52:51.207+0000] {dag.py:3677} INFO - Setting next_dagrun for user_automation to 2025-04-26T00:00:00+00:00, run_after=2025-04-27T00:00:00+00:00
[2025-04-26T05:52:51.354+0000] {processor.py:179} INFO - Processing /opt/airflow/dags/kafka_stream.py took 0.637 seconds
[2025-04-26T05:53:22.214+0000] {processor.py:157} INFO - Started process (PID=122) to work on /opt/airflow/dags/kafka_stream.py
[2025-04-26T05:53:22.217+0000] {processor.py:829} INFO - Processing file /opt/airflow/dags/kafka_stream.py for tasks to queue
[2025-04-26T05:53:22.221+0000] {logging_mixin.py:151} INFO - [2025-04-26T05:53:22.220+0000] {dagbag.py:539} INFO - Filling up the DagBag from /opt/airflow/dags/kafka_stream.py
[2025-04-26T05:53:22.299+0000] {processor.py:839} INFO - DAG(s) dict_keys(['user_automation']) retrieved from /opt/airflow/dags/kafka_stream.py
[2025-04-26T05:53:22.362+0000] {logging_mixin.py:151} INFO - [2025-04-26T05:53:22.361+0000] {dag.py:2907} INFO - Sync 1 DAGs
[2025-04-26T05:53:22.414+0000] {logging_mixin.py:151} INFO - [2025-04-26T05:53:22.413+0000] {dag.py:3677} INFO - Setting next_dagrun for user_automation to 2025-04-26T00:00:00+00:00, run_after=2025-04-27T00:00:00+00:00
[2025-04-26T05:53:22.477+0000] {processor.py:179} INFO - Processing /opt/airflow/dags/kafka_stream.py took 0.270 seconds
[2025-04-26T05:53:52.911+0000] {processor.py:157} INFO - Started process (PID=123) to work on /opt/airflow/dags/kafka_stream.py
[2025-04-26T05:53:52.929+0000] {processor.py:829} INFO - Processing file /opt/airflow/dags/kafka_stream.py for tasks to queue
[2025-04-26T05:53:52.943+0000] {logging_mixin.py:151} INFO - [2025-04-26T05:53:52.942+0000] {dagbag.py:539} INFO - Filling up the DagBag from /opt/airflow/dags/kafka_stream.py
[2025-04-26T05:53:53.198+0000] {processor.py:839} INFO - DAG(s) dict_keys(['user_automation']) retrieved from /opt/airflow/dags/kafka_stream.py
[2025-04-26T05:53:53.248+0000] {logging_mixin.py:151} INFO - [2025-04-26T05:53:53.247+0000] {dag.py:2907} INFO - Sync 1 DAGs
[2025-04-26T05:53:53.295+0000] {logging_mixin.py:151} INFO - [2025-04-26T05:53:53.295+0000] {dag.py:3677} INFO - Setting next_dagrun for user_automation to 2025-04-26T00:00:00+00:00, run_after=2025-04-27T00:00:00+00:00
[2025-04-26T05:53:53.340+0000] {processor.py:179} INFO - Processing /opt/airflow/dags/kafka_stream.py took 0.434 seconds
[2025-04-26T05:54:23.751+0000] {processor.py:157} INFO - Started process (PID=124) to work on /opt/airflow/dags/kafka_stream.py
[2025-04-26T05:54:23.752+0000] {processor.py:829} INFO - Processing file /opt/airflow/dags/kafka_stream.py for tasks to queue
[2025-04-26T05:54:23.754+0000] {logging_mixin.py:151} INFO - [2025-04-26T05:54:23.753+0000] {dagbag.py:539} INFO - Filling up the DagBag from /opt/airflow/dags/kafka_stream.py
[2025-04-26T05:54:23.808+0000] {processor.py:839} INFO - DAG(s) dict_keys(['user_automation']) retrieved from /opt/airflow/dags/kafka_stream.py
[2025-04-26T05:54:23.858+0000] {logging_mixin.py:151} INFO - [2025-04-26T05:54:23.858+0000] {dag.py:2907} INFO - Sync 1 DAGs
[2025-04-26T05:54:23.915+0000] {logging_mixin.py:151} INFO - [2025-04-26T05:54:23.915+0000] {dag.py:3677} INFO - Setting next_dagrun for user_automation to 2025-04-26T00:00:00+00:00, run_after=2025-04-27T00:00:00+00:00
[2025-04-26T05:54:24.136+0000] {processor.py:179} INFO - Processing /opt/airflow/dags/kafka_stream.py took 0.389 seconds
[2025-04-26T05:54:54.642+0000] {processor.py:157} INFO - Started process (PID=125) to work on /opt/airflow/dags/kafka_stream.py
[2025-04-26T05:54:54.644+0000] {processor.py:829} INFO - Processing file /opt/airflow/dags/kafka_stream.py for tasks to queue
[2025-04-26T05:54:54.647+0000] {logging_mixin.py:151} INFO - [2025-04-26T05:54:54.646+0000] {dagbag.py:539} INFO - Filling up the DagBag from /opt/airflow/dags/kafka_stream.py
[2025-04-26T05:54:54.728+0000] {processor.py:839} INFO - DAG(s) dict_keys(['user_automation']) retrieved from /opt/airflow/dags/kafka_stream.py
[2025-04-26T05:54:54.790+0000] {logging_mixin.py:151} INFO - [2025-04-26T05:54:54.790+0000] {dag.py:2907} INFO - Sync 1 DAGs
[2025-04-26T05:54:54.842+0000] {logging_mixin.py:151} INFO - [2025-04-26T05:54:54.842+0000] {dag.py:3677} INFO - Setting next_dagrun for user_automation to 2025-04-26T00:00:00+00:00, run_after=2025-04-27T00:00:00+00:00
[2025-04-26T05:54:54.886+0000] {processor.py:179} INFO - Processing /opt/airflow/dags/kafka_stream.py took 0.254 seconds
[2025-04-26T05:55:25.022+0000] {processor.py:157} INFO - Started process (PID=126) to work on /opt/airflow/dags/kafka_stream.py
[2025-04-26T05:55:25.024+0000] {processor.py:829} INFO - Processing file /opt/airflow/dags/kafka_stream.py for tasks to queue
[2025-04-26T05:55:25.026+0000] {logging_mixin.py:151} INFO - [2025-04-26T05:55:25.025+0000] {dagbag.py:539} INFO - Filling up the DagBag from /opt/airflow/dags/kafka_stream.py
[2025-04-26T05:55:25.099+0000] {processor.py:839} INFO - DAG(s) dict_keys(['user_automation']) retrieved from /opt/airflow/dags/kafka_stream.py
[2025-04-26T05:55:25.145+0000] {logging_mixin.py:151} INFO - [2025-04-26T05:55:25.144+0000] {dag.py:2907} INFO - Sync 1 DAGs
[2025-04-26T05:55:25.182+0000] {logging_mixin.py:151} INFO - [2025-04-26T05:55:25.181+0000] {dag.py:3677} INFO - Setting next_dagrun for user_automation to 2025-04-26T00:00:00+00:00, run_after=2025-04-27T00:00:00+00:00
[2025-04-26T05:55:25.216+0000] {processor.py:179} INFO - Processing /opt/airflow/dags/kafka_stream.py took 0.198 seconds
[2025-04-26T05:55:55.376+0000] {processor.py:157} INFO - Started process (PID=127) to work on /opt/airflow/dags/kafka_stream.py
[2025-04-26T05:55:55.379+0000] {processor.py:829} INFO - Processing file /opt/airflow/dags/kafka_stream.py for tasks to queue
[2025-04-26T05:55:55.382+0000] {logging_mixin.py:151} INFO - [2025-04-26T05:55:55.382+0000] {dagbag.py:539} INFO - Filling up the DagBag from /opt/airflow/dags/kafka_stream.py
[2025-04-26T05:55:55.462+0000] {processor.py:839} INFO - DAG(s) dict_keys(['user_automation']) retrieved from /opt/airflow/dags/kafka_stream.py
[2025-04-26T05:55:55.551+0000] {logging_mixin.py:151} INFO - [2025-04-26T05:55:55.550+0000] {dag.py:2907} INFO - Sync 1 DAGs
[2025-04-26T05:55:55.602+0000] {logging_mixin.py:151} INFO - [2025-04-26T05:55:55.602+0000] {dag.py:3677} INFO - Setting next_dagrun for user_automation to 2025-04-26T00:00:00+00:00, run_after=2025-04-27T00:00:00+00:00
[2025-04-26T05:55:55.654+0000] {processor.py:179} INFO - Processing /opt/airflow/dags/kafka_stream.py took 0.285 seconds
[2025-04-26T05:56:25.928+0000] {processor.py:157} INFO - Started process (PID=128) to work on /opt/airflow/dags/kafka_stream.py
[2025-04-26T05:56:25.931+0000] {processor.py:829} INFO - Processing file /opt/airflow/dags/kafka_stream.py for tasks to queue
[2025-04-26T05:56:25.934+0000] {logging_mixin.py:151} INFO - [2025-04-26T05:56:25.933+0000] {dagbag.py:539} INFO - Filling up the DagBag from /opt/airflow/dags/kafka_stream.py
[2025-04-26T05:56:25.995+0000] {processor.py:839} INFO - DAG(s) dict_keys(['user_automation']) retrieved from /opt/airflow/dags/kafka_stream.py
[2025-04-26T05:56:26.051+0000] {logging_mixin.py:151} INFO - [2025-04-26T05:56:26.050+0000] {dag.py:2907} INFO - Sync 1 DAGs
[2025-04-26T05:56:26.096+0000] {logging_mixin.py:151} INFO - [2025-04-26T05:56:26.096+0000] {dag.py:3677} INFO - Setting next_dagrun for user_automation to 2025-04-26T00:00:00+00:00, run_after=2025-04-27T00:00:00+00:00
[2025-04-26T05:56:26.180+0000] {processor.py:179} INFO - Processing /opt/airflow/dags/kafka_stream.py took 0.258 seconds
[2025-04-26T05:56:56.341+0000] {processor.py:157} INFO - Started process (PID=129) to work on /opt/airflow/dags/kafka_stream.py
[2025-04-26T05:56:56.343+0000] {processor.py:829} INFO - Processing file /opt/airflow/dags/kafka_stream.py for tasks to queue
[2025-04-26T05:56:56.346+0000] {logging_mixin.py:151} INFO - [2025-04-26T05:56:56.346+0000] {dagbag.py:539} INFO - Filling up the DagBag from /opt/airflow/dags/kafka_stream.py
[2025-04-26T05:56:56.409+0000] {processor.py:839} INFO - DAG(s) dict_keys(['user_automation']) retrieved from /opt/airflow/dags/kafka_stream.py
[2025-04-26T05:56:56.470+0000] {logging_mixin.py:151} INFO - [2025-04-26T05:56:56.470+0000] {dag.py:2907} INFO - Sync 1 DAGs
[2025-04-26T05:56:56.516+0000] {logging_mixin.py:151} INFO - [2025-04-26T05:56:56.515+0000] {dag.py:3677} INFO - Setting next_dagrun for user_automation to 2025-04-26T00:00:00+00:00, run_after=2025-04-27T00:00:00+00:00
[2025-04-26T05:56:56.554+0000] {processor.py:179} INFO - Processing /opt/airflow/dags/kafka_stream.py took 0.219 seconds
[2025-04-26T05:57:27.062+0000] {processor.py:157} INFO - Started process (PID=130) to work on /opt/airflow/dags/kafka_stream.py
[2025-04-26T05:57:27.065+0000] {processor.py:829} INFO - Processing file /opt/airflow/dags/kafka_stream.py for tasks to queue
[2025-04-26T05:57:27.068+0000] {logging_mixin.py:151} INFO - [2025-04-26T05:57:27.068+0000] {dagbag.py:539} INFO - Filling up the DagBag from /opt/airflow/dags/kafka_stream.py
[2025-04-26T05:57:27.165+0000] {processor.py:839} INFO - DAG(s) dict_keys(['user_automation']) retrieved from /opt/airflow/dags/kafka_stream.py
[2025-04-26T05:57:27.221+0000] {logging_mixin.py:151} INFO - [2025-04-26T05:57:27.221+0000] {dag.py:2907} INFO - Sync 1 DAGs
[2025-04-26T05:57:27.453+0000] {logging_mixin.py:151} INFO - [2025-04-26T05:57:27.453+0000] {dag.py:3677} INFO - Setting next_dagrun for user_automation to 2025-04-26T00:00:00+00:00, run_after=2025-04-27T00:00:00+00:00
[2025-04-26T05:57:27.482+0000] {processor.py:179} INFO - Processing /opt/airflow/dags/kafka_stream.py took 0.425 seconds
[2025-04-26T05:57:57.847+0000] {processor.py:157} INFO - Started process (PID=131) to work on /opt/airflow/dags/kafka_stream.py
[2025-04-26T05:57:57.849+0000] {processor.py:829} INFO - Processing file /opt/airflow/dags/kafka_stream.py for tasks to queue
[2025-04-26T05:57:57.851+0000] {logging_mixin.py:151} INFO - [2025-04-26T05:57:57.851+0000] {dagbag.py:539} INFO - Filling up the DagBag from /opt/airflow/dags/kafka_stream.py
[2025-04-26T05:57:57.908+0000] {processor.py:839} INFO - DAG(s) dict_keys(['user_automation']) retrieved from /opt/airflow/dags/kafka_stream.py
[2025-04-26T05:57:57.956+0000] {logging_mixin.py:151} INFO - [2025-04-26T05:57:57.956+0000] {dag.py:2907} INFO - Sync 1 DAGs
[2025-04-26T05:57:58.001+0000] {logging_mixin.py:151} INFO - [2025-04-26T05:57:58.000+0000] {dag.py:3677} INFO - Setting next_dagrun for user_automation to 2025-04-26T00:00:00+00:00, run_after=2025-04-27T00:00:00+00:00
[2025-04-26T05:57:58.037+0000] {processor.py:179} INFO - Processing /opt/airflow/dags/kafka_stream.py took 0.196 seconds
[2025-04-26T05:58:28.844+0000] {processor.py:157} INFO - Started process (PID=132) to work on /opt/airflow/dags/kafka_stream.py
[2025-04-26T05:58:28.846+0000] {processor.py:829} INFO - Processing file /opt/airflow/dags/kafka_stream.py for tasks to queue
[2025-04-26T05:58:28.850+0000] {logging_mixin.py:151} INFO - [2025-04-26T05:58:28.849+0000] {dagbag.py:539} INFO - Filling up the DagBag from /opt/airflow/dags/kafka_stream.py
[2025-04-26T05:58:28.923+0000] {processor.py:839} INFO - DAG(s) dict_keys(['user_automation']) retrieved from /opt/airflow/dags/kafka_stream.py
[2025-04-26T05:58:28.977+0000] {logging_mixin.py:151} INFO - [2025-04-26T05:58:28.977+0000] {dag.py:2907} INFO - Sync 1 DAGs
[2025-04-26T05:58:29.031+0000] {logging_mixin.py:151} INFO - [2025-04-26T05:58:29.030+0000] {dag.py:3677} INFO - Setting next_dagrun for user_automation to 2025-04-26T00:00:00+00:00, run_after=2025-04-27T00:00:00+00:00
[2025-04-26T05:58:29.086+0000] {processor.py:179} INFO - Processing /opt/airflow/dags/kafka_stream.py took 0.247 seconds
[2025-04-26T05:58:59.276+0000] {processor.py:157} INFO - Started process (PID=133) to work on /opt/airflow/dags/kafka_stream.py
[2025-04-26T05:58:59.278+0000] {processor.py:829} INFO - Processing file /opt/airflow/dags/kafka_stream.py for tasks to queue
[2025-04-26T05:58:59.281+0000] {logging_mixin.py:151} INFO - [2025-04-26T05:58:59.280+0000] {dagbag.py:539} INFO - Filling up the DagBag from /opt/airflow/dags/kafka_stream.py
[2025-04-26T05:58:59.358+0000] {processor.py:839} INFO - DAG(s) dict_keys(['user_automation']) retrieved from /opt/airflow/dags/kafka_stream.py
[2025-04-26T05:58:59.422+0000] {logging_mixin.py:151} INFO - [2025-04-26T05:58:59.421+0000] {dag.py:2907} INFO - Sync 1 DAGs
[2025-04-26T05:58:59.473+0000] {logging_mixin.py:151} INFO - [2025-04-26T05:58:59.473+0000] {dag.py:3677} INFO - Setting next_dagrun for user_automation to 2025-04-26T00:00:00+00:00, run_after=2025-04-27T00:00:00+00:00
[2025-04-26T05:58:59.525+0000] {processor.py:179} INFO - Processing /opt/airflow/dags/kafka_stream.py took 0.255 seconds
[2025-04-26T05:59:29.770+0000] {processor.py:157} INFO - Started process (PID=134) to work on /opt/airflow/dags/kafka_stream.py
[2025-04-26T05:59:29.772+0000] {processor.py:829} INFO - Processing file /opt/airflow/dags/kafka_stream.py for tasks to queue
[2025-04-26T05:59:29.775+0000] {logging_mixin.py:151} INFO - [2025-04-26T05:59:29.774+0000] {dagbag.py:539} INFO - Filling up the DagBag from /opt/airflow/dags/kafka_stream.py
[2025-04-26T05:59:29.840+0000] {processor.py:839} INFO - DAG(s) dict_keys(['user_automation']) retrieved from /opt/airflow/dags/kafka_stream.py
[2025-04-26T05:59:29.879+0000] {logging_mixin.py:151} INFO - [2025-04-26T05:59:29.879+0000] {dag.py:2907} INFO - Sync 1 DAGs
[2025-04-26T05:59:29.917+0000] {logging_mixin.py:151} INFO - [2025-04-26T05:59:29.916+0000] {dag.py:3677} INFO - Setting next_dagrun for user_automation to 2025-04-26T00:00:00+00:00, run_after=2025-04-27T00:00:00+00:00
[2025-04-26T05:59:29.973+0000] {processor.py:179} INFO - Processing /opt/airflow/dags/kafka_stream.py took 0.210 seconds
[2025-04-26T06:00:00.197+0000] {processor.py:157} INFO - Started process (PID=135) to work on /opt/airflow/dags/kafka_stream.py
[2025-04-26T06:00:00.198+0000] {processor.py:829} INFO - Processing file /opt/airflow/dags/kafka_stream.py for tasks to queue
[2025-04-26T06:00:00.201+0000] {logging_mixin.py:151} INFO - [2025-04-26T06:00:00.200+0000] {dagbag.py:539} INFO - Filling up the DagBag from /opt/airflow/dags/kafka_stream.py
[2025-04-26T06:00:00.252+0000] {processor.py:839} INFO - DAG(s) dict_keys(['user_automation']) retrieved from /opt/airflow/dags/kafka_stream.py
[2025-04-26T06:00:00.301+0000] {logging_mixin.py:151} INFO - [2025-04-26T06:00:00.301+0000] {dag.py:2907} INFO - Sync 1 DAGs
[2025-04-26T06:00:00.351+0000] {logging_mixin.py:151} INFO - [2025-04-26T06:00:00.350+0000] {dag.py:3677} INFO - Setting next_dagrun for user_automation to 2025-04-26T00:00:00+00:00, run_after=2025-04-27T00:00:00+00:00
[2025-04-26T06:00:00.693+0000] {processor.py:179} INFO - Processing /opt/airflow/dags/kafka_stream.py took 0.501 seconds
[2025-04-26T06:00:31.116+0000] {processor.py:157} INFO - Started process (PID=136) to work on /opt/airflow/dags/kafka_stream.py
[2025-04-26T06:00:31.118+0000] {processor.py:829} INFO - Processing file /opt/airflow/dags/kafka_stream.py for tasks to queue
[2025-04-26T06:00:31.119+0000] {logging_mixin.py:151} INFO - [2025-04-26T06:00:31.119+0000] {dagbag.py:539} INFO - Filling up the DagBag from /opt/airflow/dags/kafka_stream.py
[2025-04-26T06:00:31.192+0000] {processor.py:839} INFO - DAG(s) dict_keys(['user_automation']) retrieved from /opt/airflow/dags/kafka_stream.py
[2025-04-26T06:00:31.242+0000] {logging_mixin.py:151} INFO - [2025-04-26T06:00:31.242+0000] {dag.py:2907} INFO - Sync 1 DAGs
[2025-04-26T06:00:31.286+0000] {logging_mixin.py:151} INFO - [2025-04-26T06:00:31.285+0000] {dag.py:3677} INFO - Setting next_dagrun for user_automation to 2025-04-26T00:00:00+00:00, run_after=2025-04-27T00:00:00+00:00
[2025-04-26T06:00:31.332+0000] {processor.py:179} INFO - Processing /opt/airflow/dags/kafka_stream.py took 0.222 seconds
[2025-04-26T06:01:01.428+0000] {processor.py:157} INFO - Started process (PID=137) to work on /opt/airflow/dags/kafka_stream.py
[2025-04-26T06:01:01.430+0000] {processor.py:829} INFO - Processing file /opt/airflow/dags/kafka_stream.py for tasks to queue
[2025-04-26T06:01:01.433+0000] {logging_mixin.py:151} INFO - [2025-04-26T06:01:01.432+0000] {dagbag.py:539} INFO - Filling up the DagBag from /opt/airflow/dags/kafka_stream.py
[2025-04-26T06:01:01.513+0000] {processor.py:839} INFO - DAG(s) dict_keys(['user_automation']) retrieved from /opt/airflow/dags/kafka_stream.py
[2025-04-26T06:01:01.558+0000] {logging_mixin.py:151} INFO - [2025-04-26T06:01:01.558+0000] {dag.py:2907} INFO - Sync 1 DAGs
[2025-04-26T06:01:01.589+0000] {logging_mixin.py:151} INFO - [2025-04-26T06:01:01.589+0000] {dag.py:3677} INFO - Setting next_dagrun for user_automation to 2025-04-26T00:00:00+00:00, run_after=2025-04-27T00:00:00+00:00
[2025-04-26T06:01:01.631+0000] {processor.py:179} INFO - Processing /opt/airflow/dags/kafka_stream.py took 0.212 seconds
[2025-04-26T06:01:32.105+0000] {processor.py:157} INFO - Started process (PID=138) to work on /opt/airflow/dags/kafka_stream.py
[2025-04-26T06:01:32.108+0000] {processor.py:829} INFO - Processing file /opt/airflow/dags/kafka_stream.py for tasks to queue
[2025-04-26T06:01:32.109+0000] {logging_mixin.py:151} INFO - [2025-04-26T06:01:32.109+0000] {dagbag.py:539} INFO - Filling up the DagBag from /opt/airflow/dags/kafka_stream.py
[2025-04-26T06:01:32.181+0000] {processor.py:839} INFO - DAG(s) dict_keys(['user_automation']) retrieved from /opt/airflow/dags/kafka_stream.py
[2025-04-26T06:01:32.241+0000] {logging_mixin.py:151} INFO - [2025-04-26T06:01:32.241+0000] {dag.py:2907} INFO - Sync 1 DAGs
[2025-04-26T06:01:32.283+0000] {logging_mixin.py:151} INFO - [2025-04-26T06:01:32.283+0000] {dag.py:3677} INFO - Setting next_dagrun for user_automation to 2025-04-26T00:00:00+00:00, run_after=2025-04-27T00:00:00+00:00
[2025-04-26T06:01:32.333+0000] {processor.py:179} INFO - Processing /opt/airflow/dags/kafka_stream.py took 0.233 seconds
[2025-04-26T06:02:02.440+0000] {processor.py:157} INFO - Started process (PID=139) to work on /opt/airflow/dags/kafka_stream.py
[2025-04-26T06:02:02.443+0000] {processor.py:829} INFO - Processing file /opt/airflow/dags/kafka_stream.py for tasks to queue
[2025-04-26T06:02:02.446+0000] {logging_mixin.py:151} INFO - [2025-04-26T06:02:02.445+0000] {dagbag.py:539} INFO - Filling up the DagBag from /opt/airflow/dags/kafka_stream.py
[2025-04-26T06:02:02.521+0000] {processor.py:839} INFO - DAG(s) dict_keys(['user_automation']) retrieved from /opt/airflow/dags/kafka_stream.py
[2025-04-26T06:02:02.576+0000] {logging_mixin.py:151} INFO - [2025-04-26T06:02:02.575+0000] {dag.py:2907} INFO - Sync 1 DAGs
[2025-04-26T06:02:02.623+0000] {logging_mixin.py:151} INFO - [2025-04-26T06:02:02.623+0000] {dag.py:3677} INFO - Setting next_dagrun for user_automation to 2025-04-26T00:00:00+00:00, run_after=2025-04-27T00:00:00+00:00
[2025-04-26T06:02:02.681+0000] {processor.py:179} INFO - Processing /opt/airflow/dags/kafka_stream.py took 0.248 seconds
[2025-04-26T06:02:32.799+0000] {processor.py:157} INFO - Started process (PID=140) to work on /opt/airflow/dags/kafka_stream.py
[2025-04-26T06:02:32.802+0000] {processor.py:829} INFO - Processing file /opt/airflow/dags/kafka_stream.py for tasks to queue
[2025-04-26T06:02:32.804+0000] {logging_mixin.py:151} INFO - [2025-04-26T06:02:32.803+0000] {dagbag.py:539} INFO - Filling up the DagBag from /opt/airflow/dags/kafka_stream.py
[2025-04-26T06:02:32.874+0000] {processor.py:839} INFO - DAG(s) dict_keys(['user_automation']) retrieved from /opt/airflow/dags/kafka_stream.py
[2025-04-26T06:02:32.921+0000] {logging_mixin.py:151} INFO - [2025-04-26T06:02:32.920+0000] {dag.py:2907} INFO - Sync 1 DAGs
[2025-04-26T06:02:32.969+0000] {logging_mixin.py:151} INFO - [2025-04-26T06:02:32.969+0000] {dag.py:3677} INFO - Setting next_dagrun for user_automation to 2025-04-26T00:00:00+00:00, run_after=2025-04-27T00:00:00+00:00
[2025-04-26T06:02:33.170+0000] {processor.py:179} INFO - Processing /opt/airflow/dags/kafka_stream.py took 0.378 seconds
[2025-04-26T06:03:03.462+0000] {processor.py:157} INFO - Started process (PID=141) to work on /opt/airflow/dags/kafka_stream.py
[2025-04-26T06:03:03.465+0000] {processor.py:829} INFO - Processing file /opt/airflow/dags/kafka_stream.py for tasks to queue
[2025-04-26T06:03:03.481+0000] {logging_mixin.py:151} INFO - [2025-04-26T06:03:03.481+0000] {dagbag.py:539} INFO - Filling up the DagBag from /opt/airflow/dags/kafka_stream.py
[2025-04-26T06:03:03.638+0000] {processor.py:839} INFO - DAG(s) dict_keys(['user_automation']) retrieved from /opt/airflow/dags/kafka_stream.py
[2025-04-26T06:03:03.703+0000] {logging_mixin.py:151} INFO - [2025-04-26T06:03:03.702+0000] {dag.py:2907} INFO - Sync 1 DAGs
[2025-04-26T06:03:03.733+0000] {logging_mixin.py:151} INFO - [2025-04-26T06:03:03.732+0000] {dag.py:3677} INFO - Setting next_dagrun for user_automation to 2025-04-26T00:00:00+00:00, run_after=2025-04-27T00:00:00+00:00
[2025-04-26T06:03:03.773+0000] {processor.py:179} INFO - Processing /opt/airflow/dags/kafka_stream.py took 0.317 seconds
[2025-04-26T06:03:33.927+0000] {processor.py:157} INFO - Started process (PID=142) to work on /opt/airflow/dags/kafka_stream.py
[2025-04-26T06:03:33.930+0000] {processor.py:829} INFO - Processing file /opt/airflow/dags/kafka_stream.py for tasks to queue
[2025-04-26T06:03:33.933+0000] {logging_mixin.py:151} INFO - [2025-04-26T06:03:33.932+0000] {dagbag.py:539} INFO - Filling up the DagBag from /opt/airflow/dags/kafka_stream.py
[2025-04-26T06:03:34.009+0000] {processor.py:839} INFO - DAG(s) dict_keys(['user_automation']) retrieved from /opt/airflow/dags/kafka_stream.py
[2025-04-26T06:03:34.070+0000] {logging_mixin.py:151} INFO - [2025-04-26T06:03:34.069+0000] {dag.py:2907} INFO - Sync 1 DAGs
[2025-04-26T06:03:34.119+0000] {logging_mixin.py:151} INFO - [2025-04-26T06:03:34.119+0000] {dag.py:3677} INFO - Setting next_dagrun for user_automation to 2025-04-26T00:00:00+00:00, run_after=2025-04-27T00:00:00+00:00
[2025-04-26T06:03:34.174+0000] {processor.py:179} INFO - Processing /opt/airflow/dags/kafka_stream.py took 0.255 seconds
[2025-04-26T06:04:04.550+0000] {processor.py:157} INFO - Started process (PID=143) to work on /opt/airflow/dags/kafka_stream.py
[2025-04-26T06:04:04.553+0000] {processor.py:829} INFO - Processing file /opt/airflow/dags/kafka_stream.py for tasks to queue
[2025-04-26T06:04:04.555+0000] {logging_mixin.py:151} INFO - [2025-04-26T06:04:04.554+0000] {dagbag.py:539} INFO - Filling up the DagBag from /opt/airflow/dags/kafka_stream.py
[2025-04-26T06:04:04.632+0000] {processor.py:839} INFO - DAG(s) dict_keys(['user_automation']) retrieved from /opt/airflow/dags/kafka_stream.py
[2025-04-26T06:04:04.679+0000] {logging_mixin.py:151} INFO - [2025-04-26T06:04:04.679+0000] {dag.py:2907} INFO - Sync 1 DAGs
[2025-04-26T06:04:04.709+0000] {logging_mixin.py:151} INFO - [2025-04-26T06:04:04.709+0000] {dag.py:3677} INFO - Setting next_dagrun for user_automation to 2025-04-26T00:00:00+00:00, run_after=2025-04-27T00:00:00+00:00
[2025-04-26T06:04:04.760+0000] {processor.py:179} INFO - Processing /opt/airflow/dags/kafka_stream.py took 0.214 seconds
[2025-04-26T06:04:34.915+0000] {processor.py:157} INFO - Started process (PID=144) to work on /opt/airflow/dags/kafka_stream.py
[2025-04-26T06:04:34.918+0000] {processor.py:829} INFO - Processing file /opt/airflow/dags/kafka_stream.py for tasks to queue
[2025-04-26T06:04:34.921+0000] {logging_mixin.py:151} INFO - [2025-04-26T06:04:34.921+0000] {dagbag.py:539} INFO - Filling up the DagBag from /opt/airflow/dags/kafka_stream.py
[2025-04-26T06:04:34.995+0000] {processor.py:839} INFO - DAG(s) dict_keys(['user_automation']) retrieved from /opt/airflow/dags/kafka_stream.py
[2025-04-26T06:04:35.044+0000] {logging_mixin.py:151} INFO - [2025-04-26T06:04:35.044+0000] {dag.py:2907} INFO - Sync 1 DAGs
[2025-04-26T06:04:35.088+0000] {logging_mixin.py:151} INFO - [2025-04-26T06:04:35.088+0000] {dag.py:3677} INFO - Setting next_dagrun for user_automation to 2025-04-26T00:00:00+00:00, run_after=2025-04-27T00:00:00+00:00
[2025-04-26T06:04:35.145+0000] {processor.py:179} INFO - Processing /opt/airflow/dags/kafka_stream.py took 0.237 seconds
[2025-04-26T06:05:05.384+0000] {processor.py:157} INFO - Started process (PID=145) to work on /opt/airflow/dags/kafka_stream.py
[2025-04-26T06:05:05.386+0000] {processor.py:829} INFO - Processing file /opt/airflow/dags/kafka_stream.py for tasks to queue
[2025-04-26T06:05:05.388+0000] {logging_mixin.py:151} INFO - [2025-04-26T06:05:05.388+0000] {dagbag.py:539} INFO - Filling up the DagBag from /opt/airflow/dags/kafka_stream.py
[2025-04-26T06:05:05.448+0000] {processor.py:839} INFO - DAG(s) dict_keys(['user_automation']) retrieved from /opt/airflow/dags/kafka_stream.py
[2025-04-26T06:05:05.503+0000] {logging_mixin.py:151} INFO - [2025-04-26T06:05:05.502+0000] {dag.py:2907} INFO - Sync 1 DAGs
[2025-04-26T06:05:05.549+0000] {logging_mixin.py:151} INFO - [2025-04-26T06:05:05.548+0000] {dag.py:3677} INFO - Setting next_dagrun for user_automation to 2025-04-26T00:00:00+00:00, run_after=2025-04-27T00:00:00+00:00
[2025-04-26T06:05:05.757+0000] {processor.py:179} INFO - Processing /opt/airflow/dags/kafka_stream.py took 0.378 seconds
[2025-04-26T06:05:36.270+0000] {processor.py:157} INFO - Started process (PID=146) to work on /opt/airflow/dags/kafka_stream.py
[2025-04-26T06:05:36.275+0000] {processor.py:829} INFO - Processing file /opt/airflow/dags/kafka_stream.py for tasks to queue
[2025-04-26T06:05:36.280+0000] {logging_mixin.py:151} INFO - [2025-04-26T06:05:36.278+0000] {dagbag.py:539} INFO - Filling up the DagBag from /opt/airflow/dags/kafka_stream.py
[2025-04-26T06:05:36.388+0000] {processor.py:839} INFO - DAG(s) dict_keys(['user_automation']) retrieved from /opt/airflow/dags/kafka_stream.py
[2025-04-26T06:05:36.487+0000] {logging_mixin.py:151} INFO - [2025-04-26T06:05:36.487+0000] {dag.py:2907} INFO - Sync 1 DAGs
[2025-04-26T06:05:36.756+0000] {logging_mixin.py:151} INFO - [2025-04-26T06:05:36.755+0000] {dag.py:3677} INFO - Setting next_dagrun for user_automation to 2025-04-26T00:00:00+00:00, run_after=2025-04-27T00:00:00+00:00
[2025-04-26T06:05:36.806+0000] {processor.py:179} INFO - Processing /opt/airflow/dags/kafka_stream.py took 0.557 seconds
[2025-04-26T06:06:07.246+0000] {processor.py:157} INFO - Started process (PID=147) to work on /opt/airflow/dags/kafka_stream.py
[2025-04-26T06:06:07.248+0000] {processor.py:829} INFO - Processing file /opt/airflow/dags/kafka_stream.py for tasks to queue
[2025-04-26T06:06:07.251+0000] {logging_mixin.py:151} INFO - [2025-04-26T06:06:07.250+0000] {dagbag.py:539} INFO - Filling up the DagBag from /opt/airflow/dags/kafka_stream.py
[2025-04-26T06:06:07.332+0000] {processor.py:839} INFO - DAG(s) dict_keys(['user_automation']) retrieved from /opt/airflow/dags/kafka_stream.py
[2025-04-26T06:06:07.394+0000] {logging_mixin.py:151} INFO - [2025-04-26T06:06:07.393+0000] {dag.py:2907} INFO - Sync 1 DAGs
[2025-04-26T06:06:07.444+0000] {logging_mixin.py:151} INFO - [2025-04-26T06:06:07.444+0000] {dag.py:3677} INFO - Setting next_dagrun for user_automation to 2025-04-26T00:00:00+00:00, run_after=2025-04-27T00:00:00+00:00
[2025-04-26T06:06:07.507+0000] {processor.py:179} INFO - Processing /opt/airflow/dags/kafka_stream.py took 0.266 seconds
[2025-04-26T06:06:37.901+0000] {processor.py:157} INFO - Started process (PID=148) to work on /opt/airflow/dags/kafka_stream.py
[2025-04-26T06:06:37.904+0000] {processor.py:829} INFO - Processing file /opt/airflow/dags/kafka_stream.py for tasks to queue
[2025-04-26T06:06:37.906+0000] {logging_mixin.py:151} INFO - [2025-04-26T06:06:37.905+0000] {dagbag.py:539} INFO - Filling up the DagBag from /opt/airflow/dags/kafka_stream.py
[2025-04-26T06:06:37.969+0000] {processor.py:839} INFO - DAG(s) dict_keys(['user_automation']) retrieved from /opt/airflow/dags/kafka_stream.py
[2025-04-26T06:06:38.011+0000] {logging_mixin.py:151} INFO - [2025-04-26T06:06:38.010+0000] {dag.py:2907} INFO - Sync 1 DAGs
[2025-04-26T06:06:38.055+0000] {logging_mixin.py:151} INFO - [2025-04-26T06:06:38.054+0000] {dag.py:3677} INFO - Setting next_dagrun for user_automation to 2025-04-26T00:00:00+00:00, run_after=2025-04-27T00:00:00+00:00
[2025-04-26T06:06:38.099+0000] {processor.py:179} INFO - Processing /opt/airflow/dags/kafka_stream.py took 0.205 seconds
[2025-04-26T06:07:08.365+0000] {processor.py:157} INFO - Started process (PID=149) to work on /opt/airflow/dags/kafka_stream.py
[2025-04-26T06:07:08.367+0000] {processor.py:829} INFO - Processing file /opt/airflow/dags/kafka_stream.py for tasks to queue
[2025-04-26T06:07:08.369+0000] {logging_mixin.py:151} INFO - [2025-04-26T06:07:08.369+0000] {dagbag.py:539} INFO - Filling up the DagBag from /opt/airflow/dags/kafka_stream.py
[2025-04-26T06:07:08.439+0000] {processor.py:839} INFO - DAG(s) dict_keys(['user_automation']) retrieved from /opt/airflow/dags/kafka_stream.py
[2025-04-26T06:07:08.513+0000] {logging_mixin.py:151} INFO - [2025-04-26T06:07:08.513+0000] {dag.py:2907} INFO - Sync 1 DAGs
[2025-04-26T06:07:08.551+0000] {logging_mixin.py:151} INFO - [2025-04-26T06:07:08.550+0000] {dag.py:3677} INFO - Setting next_dagrun for user_automation to 2025-04-26T00:00:00+00:00, run_after=2025-04-27T00:00:00+00:00
[2025-04-26T06:07:08.608+0000] {processor.py:179} INFO - Processing /opt/airflow/dags/kafka_stream.py took 0.250 seconds
[2025-04-26T06:07:38.808+0000] {processor.py:157} INFO - Started process (PID=150) to work on /opt/airflow/dags/kafka_stream.py
[2025-04-26T06:07:38.810+0000] {processor.py:829} INFO - Processing file /opt/airflow/dags/kafka_stream.py for tasks to queue
[2025-04-26T06:07:38.812+0000] {logging_mixin.py:151} INFO - [2025-04-26T06:07:38.811+0000] {dagbag.py:539} INFO - Filling up the DagBag from /opt/airflow/dags/kafka_stream.py
[2025-04-26T06:07:38.868+0000] {processor.py:839} INFO - DAG(s) dict_keys(['user_automation']) retrieved from /opt/airflow/dags/kafka_stream.py
[2025-04-26T06:07:38.922+0000] {logging_mixin.py:151} INFO - [2025-04-26T06:07:38.921+0000] {dag.py:2907} INFO - Sync 1 DAGs
[2025-04-26T06:07:38.963+0000] {logging_mixin.py:151} INFO - [2025-04-26T06:07:38.963+0000] {dag.py:3677} INFO - Setting next_dagrun for user_automation to 2025-04-26T00:00:00+00:00, run_after=2025-04-27T00:00:00+00:00
[2025-04-26T06:07:39.168+0000] {processor.py:179} INFO - Processing /opt/airflow/dags/kafka_stream.py took 0.366 seconds
[2025-04-26T06:08:09.305+0000] {processor.py:157} INFO - Started process (PID=151) to work on /opt/airflow/dags/kafka_stream.py
[2025-04-26T06:08:09.307+0000] {processor.py:829} INFO - Processing file /opt/airflow/dags/kafka_stream.py for tasks to queue
[2025-04-26T06:08:09.309+0000] {logging_mixin.py:151} INFO - [2025-04-26T06:08:09.309+0000] {dagbag.py:539} INFO - Filling up the DagBag from /opt/airflow/dags/kafka_stream.py
[2025-04-26T06:08:09.368+0000] {processor.py:839} INFO - DAG(s) dict_keys(['user_automation']) retrieved from /opt/airflow/dags/kafka_stream.py
[2025-04-26T06:08:09.411+0000] {logging_mixin.py:151} INFO - [2025-04-26T06:08:09.411+0000] {dag.py:2907} INFO - Sync 1 DAGs
[2025-04-26T06:08:09.619+0000] {logging_mixin.py:151} INFO - [2025-04-26T06:08:09.619+0000] {dag.py:3677} INFO - Setting next_dagrun for user_automation to 2025-04-26T00:00:00+00:00, run_after=2025-04-27T00:00:00+00:00
[2025-04-26T06:08:09.659+0000] {processor.py:179} INFO - Processing /opt/airflow/dags/kafka_stream.py took 0.360 seconds
[2025-04-26T06:08:39.815+0000] {processor.py:157} INFO - Started process (PID=152) to work on /opt/airflow/dags/kafka_stream.py
[2025-04-26T06:08:39.817+0000] {processor.py:829} INFO - Processing file /opt/airflow/dags/kafka_stream.py for tasks to queue
[2025-04-26T06:08:39.819+0000] {logging_mixin.py:151} INFO - [2025-04-26T06:08:39.818+0000] {dagbag.py:539} INFO - Filling up the DagBag from /opt/airflow/dags/kafka_stream.py
[2025-04-26T06:08:39.871+0000] {processor.py:839} INFO - DAG(s) dict_keys(['user_automation']) retrieved from /opt/airflow/dags/kafka_stream.py
[2025-04-26T06:08:39.917+0000] {logging_mixin.py:151} INFO - [2025-04-26T06:08:39.917+0000] {dag.py:2907} INFO - Sync 1 DAGs
[2025-04-26T06:08:39.956+0000] {logging_mixin.py:151} INFO - [2025-04-26T06:08:39.956+0000] {dag.py:3677} INFO - Setting next_dagrun for user_automation to 2025-04-26T00:00:00+00:00, run_after=2025-04-27T00:00:00+00:00
[2025-04-26T06:08:40.005+0000] {processor.py:179} INFO - Processing /opt/airflow/dags/kafka_stream.py took 0.196 seconds
[2025-04-26T06:09:10.328+0000] {processor.py:157} INFO - Started process (PID=153) to work on /opt/airflow/dags/kafka_stream.py
[2025-04-26T06:09:10.331+0000] {processor.py:829} INFO - Processing file /opt/airflow/dags/kafka_stream.py for tasks to queue
[2025-04-26T06:09:10.333+0000] {logging_mixin.py:151} INFO - [2025-04-26T06:09:10.332+0000] {dagbag.py:539} INFO - Filling up the DagBag from /opt/airflow/dags/kafka_stream.py
[2025-04-26T06:09:10.403+0000] {processor.py:839} INFO - DAG(s) dict_keys(['user_automation']) retrieved from /opt/airflow/dags/kafka_stream.py
[2025-04-26T06:09:10.454+0000] {logging_mixin.py:151} INFO - [2025-04-26T06:09:10.454+0000] {dag.py:2907} INFO - Sync 1 DAGs
[2025-04-26T06:09:10.502+0000] {logging_mixin.py:151} INFO - [2025-04-26T06:09:10.501+0000] {dag.py:3677} INFO - Setting next_dagrun for user_automation to 2025-04-26T00:00:00+00:00, run_after=2025-04-27T00:00:00+00:00
[2025-04-26T06:09:10.556+0000] {processor.py:179} INFO - Processing /opt/airflow/dags/kafka_stream.py took 0.234 seconds
[2025-04-26T06:09:40.858+0000] {processor.py:157} INFO - Started process (PID=154) to work on /opt/airflow/dags/kafka_stream.py
[2025-04-26T06:09:40.860+0000] {processor.py:829} INFO - Processing file /opt/airflow/dags/kafka_stream.py for tasks to queue
[2025-04-26T06:09:40.862+0000] {logging_mixin.py:151} INFO - [2025-04-26T06:09:40.861+0000] {dagbag.py:539} INFO - Filling up the DagBag from /opt/airflow/dags/kafka_stream.py
[2025-04-26T06:09:40.902+0000] {processor.py:839} INFO - DAG(s) dict_keys(['user_automation']) retrieved from /opt/airflow/dags/kafka_stream.py
[2025-04-26T06:09:40.936+0000] {logging_mixin.py:151} INFO - [2025-04-26T06:09:40.936+0000] {dag.py:2907} INFO - Sync 1 DAGs
[2025-04-26T06:09:40.968+0000] {logging_mixin.py:151} INFO - [2025-04-26T06:09:40.968+0000] {dag.py:3677} INFO - Setting next_dagrun for user_automation to 2025-04-26T00:00:00+00:00, run_after=2025-04-27T00:00:00+00:00
[2025-04-26T06:09:41.010+0000] {processor.py:179} INFO - Processing /opt/airflow/dags/kafka_stream.py took 0.157 seconds
[2025-04-26T06:10:11.252+0000] {processor.py:157} INFO - Started process (PID=155) to work on /opt/airflow/dags/kafka_stream.py
[2025-04-26T06:10:11.254+0000] {processor.py:829} INFO - Processing file /opt/airflow/dags/kafka_stream.py for tasks to queue
[2025-04-26T06:10:11.257+0000] {logging_mixin.py:151} INFO - [2025-04-26T06:10:11.256+0000] {dagbag.py:539} INFO - Filling up the DagBag from /opt/airflow/dags/kafka_stream.py
[2025-04-26T06:10:11.319+0000] {processor.py:839} INFO - DAG(s) dict_keys(['user_automation']) retrieved from /opt/airflow/dags/kafka_stream.py
[2025-04-26T06:10:11.365+0000] {logging_mixin.py:151} INFO - [2025-04-26T06:10:11.364+0000] {dag.py:2907} INFO - Sync 1 DAGs
[2025-04-26T06:10:11.404+0000] {logging_mixin.py:151} INFO - [2025-04-26T06:10:11.403+0000] {dag.py:3677} INFO - Setting next_dagrun for user_automation to 2025-04-26T00:00:00+00:00, run_after=2025-04-27T00:00:00+00:00
[2025-04-26T06:10:11.454+0000] {processor.py:179} INFO - Processing /opt/airflow/dags/kafka_stream.py took 0.207 seconds
[2025-04-26T06:10:41.670+0000] {processor.py:157} INFO - Started process (PID=156) to work on /opt/airflow/dags/kafka_stream.py
[2025-04-26T06:10:41.672+0000] {processor.py:829} INFO - Processing file /opt/airflow/dags/kafka_stream.py for tasks to queue
[2025-04-26T06:10:41.674+0000] {logging_mixin.py:151} INFO - [2025-04-26T06:10:41.674+0000] {dagbag.py:539} INFO - Filling up the DagBag from /opt/airflow/dags/kafka_stream.py
[2025-04-26T06:10:41.731+0000] {processor.py:839} INFO - DAG(s) dict_keys(['user_automation']) retrieved from /opt/airflow/dags/kafka_stream.py
[2025-04-26T06:10:41.781+0000] {logging_mixin.py:151} INFO - [2025-04-26T06:10:41.779+0000] {dag.py:2907} INFO - Sync 1 DAGs
[2025-04-26T06:10:41.983+0000] {logging_mixin.py:151} INFO - [2025-04-26T06:10:41.983+0000] {dag.py:3677} INFO - Setting next_dagrun for user_automation to 2025-04-26T00:00:00+00:00, run_after=2025-04-27T00:00:00+00:00
[2025-04-26T06:10:42.030+0000] {processor.py:179} INFO - Processing /opt/airflow/dags/kafka_stream.py took 0.365 seconds
[2025-04-26T06:11:12.110+0000] {processor.py:157} INFO - Started process (PID=157) to work on /opt/airflow/dags/kafka_stream.py
[2025-04-26T06:11:12.112+0000] {processor.py:829} INFO - Processing file /opt/airflow/dags/kafka_stream.py for tasks to queue
[2025-04-26T06:11:12.115+0000] {logging_mixin.py:151} INFO - [2025-04-26T06:11:12.114+0000] {dagbag.py:539} INFO - Filling up the DagBag from /opt/airflow/dags/kafka_stream.py
[2025-04-26T06:11:12.164+0000] {processor.py:839} INFO - DAG(s) dict_keys(['user_automation']) retrieved from /opt/airflow/dags/kafka_stream.py
[2025-04-26T06:11:12.212+0000] {logging_mixin.py:151} INFO - [2025-04-26T06:11:12.212+0000] {dag.py:2907} INFO - Sync 1 DAGs
[2025-04-26T06:11:12.242+0000] {logging_mixin.py:151} INFO - [2025-04-26T06:11:12.242+0000] {dag.py:3677} INFO - Setting next_dagrun for user_automation to 2025-04-26T00:00:00+00:00, run_after=2025-04-27T00:00:00+00:00
[2025-04-26T06:11:12.289+0000] {processor.py:179} INFO - Processing /opt/airflow/dags/kafka_stream.py took 0.184 seconds
[2025-04-26T06:11:42.442+0000] {processor.py:157} INFO - Started process (PID=158) to work on /opt/airflow/dags/kafka_stream.py
[2025-04-26T06:11:42.444+0000] {processor.py:829} INFO - Processing file /opt/airflow/dags/kafka_stream.py for tasks to queue
[2025-04-26T06:11:42.446+0000] {logging_mixin.py:151} INFO - [2025-04-26T06:11:42.445+0000] {dagbag.py:539} INFO - Filling up the DagBag from /opt/airflow/dags/kafka_stream.py
[2025-04-26T06:11:42.505+0000] {processor.py:839} INFO - DAG(s) dict_keys(['user_automation']) retrieved from /opt/airflow/dags/kafka_stream.py
[2025-04-26T06:11:42.550+0000] {logging_mixin.py:151} INFO - [2025-04-26T06:11:42.550+0000] {dag.py:2907} INFO - Sync 1 DAGs
[2025-04-26T06:11:42.590+0000] {logging_mixin.py:151} INFO - [2025-04-26T06:11:42.590+0000] {dag.py:3677} INFO - Setting next_dagrun for user_automation to 2025-04-26T00:00:00+00:00, run_after=2025-04-27T00:00:00+00:00
[2025-04-26T06:11:42.640+0000] {processor.py:179} INFO - Processing /opt/airflow/dags/kafka_stream.py took 0.204 seconds
[2025-04-26T06:12:13.041+0000] {processor.py:157} INFO - Started process (PID=159) to work on /opt/airflow/dags/kafka_stream.py
[2025-04-26T06:12:13.042+0000] {processor.py:829} INFO - Processing file /opt/airflow/dags/kafka_stream.py for tasks to queue
[2025-04-26T06:12:13.044+0000] {logging_mixin.py:151} INFO - [2025-04-26T06:12:13.043+0000] {dagbag.py:539} INFO - Filling up the DagBag from /opt/airflow/dags/kafka_stream.py
[2025-04-26T06:12:13.089+0000] {processor.py:839} INFO - DAG(s) dict_keys(['user_automation']) retrieved from /opt/airflow/dags/kafka_stream.py
[2025-04-26T06:12:13.127+0000] {logging_mixin.py:151} INFO - [2025-04-26T06:12:13.127+0000] {dag.py:2907} INFO - Sync 1 DAGs
[2025-04-26T06:12:13.174+0000] {logging_mixin.py:151} INFO - [2025-04-26T06:12:13.174+0000] {dag.py:3677} INFO - Setting next_dagrun for user_automation to 2025-04-26T00:00:00+00:00, run_after=2025-04-27T00:00:00+00:00
[2025-04-26T06:12:13.205+0000] {processor.py:179} INFO - Processing /opt/airflow/dags/kafka_stream.py took 0.168 seconds
[2025-04-26T06:12:43.386+0000] {processor.py:157} INFO - Started process (PID=160) to work on /opt/airflow/dags/kafka_stream.py
[2025-04-26T06:12:43.388+0000] {processor.py:829} INFO - Processing file /opt/airflow/dags/kafka_stream.py for tasks to queue
[2025-04-26T06:12:43.391+0000] {logging_mixin.py:151} INFO - [2025-04-26T06:12:43.390+0000] {dagbag.py:539} INFO - Filling up the DagBag from /opt/airflow/dags/kafka_stream.py
[2025-04-26T06:12:43.448+0000] {processor.py:839} INFO - DAG(s) dict_keys(['user_automation']) retrieved from /opt/airflow/dags/kafka_stream.py
[2025-04-26T06:12:43.492+0000] {logging_mixin.py:151} INFO - [2025-04-26T06:12:43.492+0000] {dag.py:2907} INFO - Sync 1 DAGs
[2025-04-26T06:12:43.530+0000] {logging_mixin.py:151} INFO - [2025-04-26T06:12:43.530+0000] {dag.py:3677} INFO - Setting next_dagrun for user_automation to 2025-04-26T00:00:00+00:00, run_after=2025-04-27T00:00:00+00:00
[2025-04-26T06:12:43.582+0000] {processor.py:179} INFO - Processing /opt/airflow/dags/kafka_stream.py took 0.201 seconds
[2025-04-26T06:13:13.853+0000] {processor.py:157} INFO - Started process (PID=161) to work on /opt/airflow/dags/kafka_stream.py
[2025-04-26T06:13:13.856+0000] {processor.py:829} INFO - Processing file /opt/airflow/dags/kafka_stream.py for tasks to queue
[2025-04-26T06:13:13.858+0000] {logging_mixin.py:151} INFO - [2025-04-26T06:13:13.858+0000] {dagbag.py:539} INFO - Filling up the DagBag from /opt/airflow/dags/kafka_stream.py
[2025-04-26T06:13:13.924+0000] {processor.py:839} INFO - DAG(s) dict_keys(['user_automation']) retrieved from /opt/airflow/dags/kafka_stream.py
[2025-04-26T06:13:13.969+0000] {logging_mixin.py:151} INFO - [2025-04-26T06:13:13.969+0000] {dag.py:2907} INFO - Sync 1 DAGs
[2025-04-26T06:13:14.005+0000] {logging_mixin.py:151} INFO - [2025-04-26T06:13:14.005+0000] {dag.py:3677} INFO - Setting next_dagrun for user_automation to 2025-04-26T00:00:00+00:00, run_after=2025-04-27T00:00:00+00:00
[2025-04-26T06:13:14.199+0000] {processor.py:179} INFO - Processing /opt/airflow/dags/kafka_stream.py took 0.353 seconds
[2025-04-26T06:13:44.560+0000] {processor.py:157} INFO - Started process (PID=162) to work on /opt/airflow/dags/kafka_stream.py
[2025-04-26T06:13:44.562+0000] {processor.py:829} INFO - Processing file /opt/airflow/dags/kafka_stream.py for tasks to queue
[2025-04-26T06:13:44.565+0000] {logging_mixin.py:151} INFO - [2025-04-26T06:13:44.564+0000] {dagbag.py:539} INFO - Filling up the DagBag from /opt/airflow/dags/kafka_stream.py
[2025-04-26T06:13:44.625+0000] {processor.py:839} INFO - DAG(s) dict_keys(['user_automation']) retrieved from /opt/airflow/dags/kafka_stream.py
[2025-04-26T06:13:44.667+0000] {logging_mixin.py:151} INFO - [2025-04-26T06:13:44.666+0000] {dag.py:2907} INFO - Sync 1 DAGs
[2025-04-26T06:13:44.876+0000] {logging_mixin.py:151} INFO - [2025-04-26T06:13:44.875+0000] {dag.py:3677} INFO - Setting next_dagrun for user_automation to 2025-04-26T00:00:00+00:00, run_after=2025-04-27T00:00:00+00:00
[2025-04-26T06:13:44.912+0000] {processor.py:179} INFO - Processing /opt/airflow/dags/kafka_stream.py took 0.358 seconds
[2025-04-26T06:14:15.286+0000] {processor.py:157} INFO - Started process (PID=163) to work on /opt/airflow/dags/kafka_stream.py
[2025-04-26T06:14:15.288+0000] {processor.py:829} INFO - Processing file /opt/airflow/dags/kafka_stream.py for tasks to queue
[2025-04-26T06:14:15.290+0000] {logging_mixin.py:151} INFO - [2025-04-26T06:14:15.290+0000] {dagbag.py:539} INFO - Filling up the DagBag from /opt/airflow/dags/kafka_stream.py
[2025-04-26T06:14:15.353+0000] {processor.py:839} INFO - DAG(s) dict_keys(['user_automation']) retrieved from /opt/airflow/dags/kafka_stream.py
[2025-04-26T06:14:15.404+0000] {logging_mixin.py:151} INFO - [2025-04-26T06:14:15.404+0000] {dag.py:2907} INFO - Sync 1 DAGs
[2025-04-26T06:14:15.442+0000] {logging_mixin.py:151} INFO - [2025-04-26T06:14:15.442+0000] {dag.py:3677} INFO - Setting next_dagrun for user_automation to 2025-04-26T00:00:00+00:00, run_after=2025-04-27T00:00:00+00:00
[2025-04-26T06:14:15.481+0000] {processor.py:179} INFO - Processing /opt/airflow/dags/kafka_stream.py took 0.201 seconds
[2025-04-26T06:14:45.555+0000] {processor.py:157} INFO - Started process (PID=164) to work on /opt/airflow/dags/kafka_stream.py
[2025-04-26T06:14:45.557+0000] {processor.py:829} INFO - Processing file /opt/airflow/dags/kafka_stream.py for tasks to queue
[2025-04-26T06:14:45.559+0000] {logging_mixin.py:151} INFO - [2025-04-26T06:14:45.559+0000] {dagbag.py:539} INFO - Filling up the DagBag from /opt/airflow/dags/kafka_stream.py
[2025-04-26T06:14:45.617+0000] {processor.py:839} INFO - DAG(s) dict_keys(['user_automation']) retrieved from /opt/airflow/dags/kafka_stream.py
[2025-04-26T06:14:45.658+0000] {logging_mixin.py:151} INFO - [2025-04-26T06:14:45.657+0000] {dag.py:2907} INFO - Sync 1 DAGs
[2025-04-26T06:14:45.720+0000] {logging_mixin.py:151} INFO - [2025-04-26T06:14:45.720+0000] {dag.py:3677} INFO - Setting next_dagrun for user_automation to 2025-04-26T00:00:00+00:00, run_after=2025-04-27T00:00:00+00:00
[2025-04-26T06:14:45.761+0000] {processor.py:179} INFO - Processing /opt/airflow/dags/kafka_stream.py took 0.211 seconds
[2025-04-26T06:15:16.185+0000] {processor.py:157} INFO - Started process (PID=165) to work on /opt/airflow/dags/kafka_stream.py
[2025-04-26T06:15:16.187+0000] {processor.py:829} INFO - Processing file /opt/airflow/dags/kafka_stream.py for tasks to queue
[2025-04-26T06:15:16.189+0000] {logging_mixin.py:151} INFO - [2025-04-26T06:15:16.189+0000] {dagbag.py:539} INFO - Filling up the DagBag from /opt/airflow/dags/kafka_stream.py
[2025-04-26T06:15:16.248+0000] {processor.py:839} INFO - DAG(s) dict_keys(['user_automation']) retrieved from /opt/airflow/dags/kafka_stream.py
[2025-04-26T06:15:16.291+0000] {logging_mixin.py:151} INFO - [2025-04-26T06:15:16.291+0000] {dag.py:2907} INFO - Sync 1 DAGs
[2025-04-26T06:15:16.328+0000] {logging_mixin.py:151} INFO - [2025-04-26T06:15:16.328+0000] {dag.py:3677} INFO - Setting next_dagrun for user_automation to 2025-04-26T00:00:00+00:00, run_after=2025-04-27T00:00:00+00:00
[2025-04-26T06:15:16.376+0000] {processor.py:179} INFO - Processing /opt/airflow/dags/kafka_stream.py took 0.196 seconds
[2025-04-26T06:15:46.734+0000] {processor.py:157} INFO - Started process (PID=166) to work on /opt/airflow/dags/kafka_stream.py
[2025-04-26T06:15:46.736+0000] {processor.py:829} INFO - Processing file /opt/airflow/dags/kafka_stream.py for tasks to queue
[2025-04-26T06:15:46.739+0000] {logging_mixin.py:151} INFO - [2025-04-26T06:15:46.738+0000] {dagbag.py:539} INFO - Filling up the DagBag from /opt/airflow/dags/kafka_stream.py
[2025-04-26T06:15:46.818+0000] {processor.py:839} INFO - DAG(s) dict_keys(['user_automation']) retrieved from /opt/airflow/dags/kafka_stream.py
[2025-04-26T06:15:46.894+0000] {logging_mixin.py:151} INFO - [2025-04-26T06:15:46.894+0000] {dag.py:2907} INFO - Sync 1 DAGs
[2025-04-26T06:15:46.955+0000] {logging_mixin.py:151} INFO - [2025-04-26T06:15:46.955+0000] {dag.py:3677} INFO - Setting next_dagrun for user_automation to 2025-04-26T00:00:00+00:00, run_after=2025-04-27T00:00:00+00:00
[2025-04-26T06:15:47.128+0000] {processor.py:179} INFO - Processing /opt/airflow/dags/kafka_stream.py took 0.398 seconds
[2025-04-26T06:16:17.733+0000] {processor.py:157} INFO - Started process (PID=167) to work on /opt/airflow/dags/kafka_stream.py
[2025-04-26T06:16:17.736+0000] {processor.py:829} INFO - Processing file /opt/airflow/dags/kafka_stream.py for tasks to queue
[2025-04-26T06:16:17.738+0000] {logging_mixin.py:151} INFO - [2025-04-26T06:16:17.737+0000] {dagbag.py:539} INFO - Filling up the DagBag from /opt/airflow/dags/kafka_stream.py
[2025-04-26T06:16:17.801+0000] {processor.py:839} INFO - DAG(s) dict_keys(['user_automation']) retrieved from /opt/airflow/dags/kafka_stream.py
[2025-04-26T06:16:17.847+0000] {logging_mixin.py:151} INFO - [2025-04-26T06:16:17.846+0000] {dag.py:2907} INFO - Sync 1 DAGs
[2025-04-26T06:16:18.036+0000] {logging_mixin.py:151} INFO - [2025-04-26T06:16:18.035+0000] {dag.py:3677} INFO - Setting next_dagrun for user_automation to 2025-04-26T00:00:00+00:00, run_after=2025-04-27T00:00:00+00:00
[2025-04-26T06:16:18.085+0000] {processor.py:179} INFO - Processing /opt/airflow/dags/kafka_stream.py took 0.358 seconds
[2025-04-26T06:16:48.399+0000] {processor.py:157} INFO - Started process (PID=168) to work on /opt/airflow/dags/kafka_stream.py
[2025-04-26T06:16:48.400+0000] {processor.py:829} INFO - Processing file /opt/airflow/dags/kafka_stream.py for tasks to queue
[2025-04-26T06:16:48.403+0000] {logging_mixin.py:151} INFO - [2025-04-26T06:16:48.402+0000] {dagbag.py:539} INFO - Filling up the DagBag from /opt/airflow/dags/kafka_stream.py
[2025-04-26T06:16:48.460+0000] {processor.py:839} INFO - DAG(s) dict_keys(['user_automation']) retrieved from /opt/airflow/dags/kafka_stream.py
[2025-04-26T06:16:48.503+0000] {logging_mixin.py:151} INFO - [2025-04-26T06:16:48.503+0000] {dag.py:2907} INFO - Sync 1 DAGs
[2025-04-26T06:16:48.537+0000] {logging_mixin.py:151} INFO - [2025-04-26T06:16:48.537+0000] {dag.py:3677} INFO - Setting next_dagrun for user_automation to 2025-04-26T00:00:00+00:00, run_after=2025-04-27T00:00:00+00:00
[2025-04-26T06:16:48.587+0000] {processor.py:179} INFO - Processing /opt/airflow/dags/kafka_stream.py took 0.193 seconds
[2025-04-26T06:17:18.761+0000] {processor.py:157} INFO - Started process (PID=169) to work on /opt/airflow/dags/kafka_stream.py
[2025-04-26T06:17:18.762+0000] {processor.py:829} INFO - Processing file /opt/airflow/dags/kafka_stream.py for tasks to queue
[2025-04-26T06:17:18.764+0000] {logging_mixin.py:151} INFO - [2025-04-26T06:17:18.764+0000] {dagbag.py:539} INFO - Filling up the DagBag from /opt/airflow/dags/kafka_stream.py
[2025-04-26T06:17:18.803+0000] {processor.py:839} INFO - DAG(s) dict_keys(['user_automation']) retrieved from /opt/airflow/dags/kafka_stream.py
[2025-04-26T06:17:18.843+0000] {logging_mixin.py:151} INFO - [2025-04-26T06:17:18.842+0000] {dag.py:2907} INFO - Sync 1 DAGs
[2025-04-26T06:17:18.881+0000] {logging_mixin.py:151} INFO - [2025-04-26T06:17:18.880+0000] {dag.py:3677} INFO - Setting next_dagrun for user_automation to 2025-04-26T00:00:00+00:00, run_after=2025-04-27T00:00:00+00:00
[2025-04-26T06:17:18.925+0000] {processor.py:179} INFO - Processing /opt/airflow/dags/kafka_stream.py took 0.169 seconds
[2025-04-26T06:17:49.207+0000] {processor.py:157} INFO - Started process (PID=170) to work on /opt/airflow/dags/kafka_stream.py
[2025-04-26T06:17:49.210+0000] {processor.py:829} INFO - Processing file /opt/airflow/dags/kafka_stream.py for tasks to queue
[2025-04-26T06:17:49.212+0000] {logging_mixin.py:151} INFO - [2025-04-26T06:17:49.212+0000] {dagbag.py:539} INFO - Filling up the DagBag from /opt/airflow/dags/kafka_stream.py
[2025-04-26T06:17:49.280+0000] {processor.py:839} INFO - DAG(s) dict_keys(['user_automation']) retrieved from /opt/airflow/dags/kafka_stream.py
[2025-04-26T06:17:49.323+0000] {logging_mixin.py:151} INFO - [2025-04-26T06:17:49.323+0000] {dag.py:2907} INFO - Sync 1 DAGs
[2025-04-26T06:17:49.367+0000] {logging_mixin.py:151} INFO - [2025-04-26T06:17:49.366+0000] {dag.py:3677} INFO - Setting next_dagrun for user_automation to 2025-04-26T00:00:00+00:00, run_after=2025-04-27T00:00:00+00:00
[2025-04-26T06:17:49.422+0000] {processor.py:179} INFO - Processing /opt/airflow/dags/kafka_stream.py took 0.220 seconds
[2025-04-26T06:18:19.588+0000] {processor.py:157} INFO - Started process (PID=171) to work on /opt/airflow/dags/kafka_stream.py
[2025-04-26T06:18:19.590+0000] {processor.py:829} INFO - Processing file /opt/airflow/dags/kafka_stream.py for tasks to queue
[2025-04-26T06:18:19.592+0000] {logging_mixin.py:151} INFO - [2025-04-26T06:18:19.592+0000] {dagbag.py:539} INFO - Filling up the DagBag from /opt/airflow/dags/kafka_stream.py
[2025-04-26T06:18:19.659+0000] {processor.py:839} INFO - DAG(s) dict_keys(['user_automation']) retrieved from /opt/airflow/dags/kafka_stream.py
[2025-04-26T06:18:19.711+0000] {logging_mixin.py:151} INFO - [2025-04-26T06:18:19.711+0000] {dag.py:2907} INFO - Sync 1 DAGs
[2025-04-26T06:18:19.741+0000] {logging_mixin.py:151} INFO - [2025-04-26T06:18:19.741+0000] {dag.py:3677} INFO - Setting next_dagrun for user_automation to 2025-04-26T00:00:00+00:00, run_after=2025-04-27T00:00:00+00:00
[2025-04-26T06:18:19.947+0000] {processor.py:179} INFO - Processing /opt/airflow/dags/kafka_stream.py took 0.365 seconds
[2025-04-26T06:18:50.227+0000] {processor.py:157} INFO - Started process (PID=172) to work on /opt/airflow/dags/kafka_stream.py
[2025-04-26T06:18:50.229+0000] {processor.py:829} INFO - Processing file /opt/airflow/dags/kafka_stream.py for tasks to queue
[2025-04-26T06:18:50.233+0000] {logging_mixin.py:151} INFO - [2025-04-26T06:18:50.232+0000] {dagbag.py:539} INFO - Filling up the DagBag from /opt/airflow/dags/kafka_stream.py
[2025-04-26T06:18:50.286+0000] {processor.py:839} INFO - DAG(s) dict_keys(['user_automation']) retrieved from /opt/airflow/dags/kafka_stream.py
[2025-04-26T06:18:50.324+0000] {logging_mixin.py:151} INFO - [2025-04-26T06:18:50.324+0000] {dag.py:2907} INFO - Sync 1 DAGs
[2025-04-26T06:18:50.555+0000] {logging_mixin.py:151} INFO - [2025-04-26T06:18:50.547+0000] {dag.py:3677} INFO - Setting next_dagrun for user_automation to 2025-04-26T00:00:00+00:00, run_after=2025-04-27T00:00:00+00:00
[2025-04-26T06:18:50.628+0000] {processor.py:179} INFO - Processing /opt/airflow/dags/kafka_stream.py took 0.410 seconds
[2025-04-26T06:19:21.068+0000] {processor.py:157} INFO - Started process (PID=173) to work on /opt/airflow/dags/kafka_stream.py
[2025-04-26T06:19:21.075+0000] {processor.py:829} INFO - Processing file /opt/airflow/dags/kafka_stream.py for tasks to queue
[2025-04-26T06:19:21.079+0000] {logging_mixin.py:151} INFO - [2025-04-26T06:19:21.078+0000] {dagbag.py:539} INFO - Filling up the DagBag from /opt/airflow/dags/kafka_stream.py
[2025-04-26T06:19:21.141+0000] {processor.py:839} INFO - DAG(s) dict_keys(['user_automation']) retrieved from /opt/airflow/dags/kafka_stream.py
[2025-04-26T06:19:21.190+0000] {logging_mixin.py:151} INFO - [2025-04-26T06:19:21.190+0000] {dag.py:2907} INFO - Sync 1 DAGs
[2025-04-26T06:19:21.441+0000] {logging_mixin.py:151} INFO - [2025-04-26T06:19:21.441+0000] {dag.py:3677} INFO - Setting next_dagrun for user_automation to 2025-04-26T00:00:00+00:00, run_after=2025-04-27T00:00:00+00:00
[2025-04-26T06:19:21.482+0000] {processor.py:179} INFO - Processing /opt/airflow/dags/kafka_stream.py took 0.424 seconds
[2025-04-26T06:19:51.921+0000] {processor.py:157} INFO - Started process (PID=174) to work on /opt/airflow/dags/kafka_stream.py
[2025-04-26T06:19:51.924+0000] {processor.py:829} INFO - Processing file /opt/airflow/dags/kafka_stream.py for tasks to queue
[2025-04-26T06:19:51.926+0000] {logging_mixin.py:151} INFO - [2025-04-26T06:19:51.925+0000] {dagbag.py:539} INFO - Filling up the DagBag from /opt/airflow/dags/kafka_stream.py
[2025-04-26T06:19:51.976+0000] {processor.py:839} INFO - DAG(s) dict_keys(['user_automation']) retrieved from /opt/airflow/dags/kafka_stream.py
[2025-04-26T06:19:52.008+0000] {logging_mixin.py:151} INFO - [2025-04-26T06:19:52.008+0000] {dag.py:2907} INFO - Sync 1 DAGs
[2025-04-26T06:19:52.050+0000] {logging_mixin.py:151} INFO - [2025-04-26T06:19:52.049+0000] {dag.py:3677} INFO - Setting next_dagrun for user_automation to 2025-04-26T00:00:00+00:00, run_after=2025-04-27T00:00:00+00:00
[2025-04-26T06:19:52.081+0000] {processor.py:179} INFO - Processing /opt/airflow/dags/kafka_stream.py took 0.165 seconds
[2025-04-26T06:20:22.257+0000] {processor.py:157} INFO - Started process (PID=175) to work on /opt/airflow/dags/kafka_stream.py
[2025-04-26T06:20:22.259+0000] {processor.py:829} INFO - Processing file /opt/airflow/dags/kafka_stream.py for tasks to queue
[2025-04-26T06:20:22.261+0000] {logging_mixin.py:151} INFO - [2025-04-26T06:20:22.261+0000] {dagbag.py:539} INFO - Filling up the DagBag from /opt/airflow/dags/kafka_stream.py
[2025-04-26T06:20:22.329+0000] {processor.py:839} INFO - DAG(s) dict_keys(['user_automation']) retrieved from /opt/airflow/dags/kafka_stream.py
[2025-04-26T06:20:22.370+0000] {logging_mixin.py:151} INFO - [2025-04-26T06:20:22.370+0000] {dag.py:2907} INFO - Sync 1 DAGs
[2025-04-26T06:20:22.404+0000] {logging_mixin.py:151} INFO - [2025-04-26T06:20:22.404+0000] {dag.py:3677} INFO - Setting next_dagrun for user_automation to 2025-04-26T00:00:00+00:00, run_after=2025-04-27T00:00:00+00:00
[2025-04-26T06:20:22.449+0000] {processor.py:179} INFO - Processing /opt/airflow/dags/kafka_stream.py took 0.198 seconds
[2025-04-26T06:20:52.763+0000] {processor.py:157} INFO - Started process (PID=176) to work on /opt/airflow/dags/kafka_stream.py
[2025-04-26T06:20:52.766+0000] {processor.py:829} INFO - Processing file /opt/airflow/dags/kafka_stream.py for tasks to queue
[2025-04-26T06:20:52.768+0000] {logging_mixin.py:151} INFO - [2025-04-26T06:20:52.768+0000] {dagbag.py:539} INFO - Filling up the DagBag from /opt/airflow/dags/kafka_stream.py
[2025-04-26T06:20:52.831+0000] {processor.py:839} INFO - DAG(s) dict_keys(['user_automation']) retrieved from /opt/airflow/dags/kafka_stream.py
[2025-04-26T06:20:52.884+0000] {logging_mixin.py:151} INFO - [2025-04-26T06:20:52.883+0000] {dag.py:2907} INFO - Sync 1 DAGs
[2025-04-26T06:20:52.928+0000] {logging_mixin.py:151} INFO - [2025-04-26T06:20:52.928+0000] {dag.py:3677} INFO - Setting next_dagrun for user_automation to 2025-04-26T00:00:00+00:00, run_after=2025-04-27T00:00:00+00:00
[2025-04-26T06:20:53.167+0000] {processor.py:179} INFO - Processing /opt/airflow/dags/kafka_stream.py took 0.410 seconds
[2025-04-26T06:21:23.550+0000] {processor.py:157} INFO - Started process (PID=177) to work on /opt/airflow/dags/kafka_stream.py
[2025-04-26T06:21:23.552+0000] {processor.py:829} INFO - Processing file /opt/airflow/dags/kafka_stream.py for tasks to queue
[2025-04-26T06:21:23.555+0000] {logging_mixin.py:151} INFO - [2025-04-26T06:21:23.554+0000] {dagbag.py:539} INFO - Filling up the DagBag from /opt/airflow/dags/kafka_stream.py
[2025-04-26T06:21:23.614+0000] {processor.py:839} INFO - DAG(s) dict_keys(['user_automation']) retrieved from /opt/airflow/dags/kafka_stream.py
[2025-04-26T06:21:23.654+0000] {logging_mixin.py:151} INFO - [2025-04-26T06:21:23.653+0000] {dag.py:2907} INFO - Sync 1 DAGs
[2025-04-26T06:21:23.952+0000] {logging_mixin.py:151} INFO - [2025-04-26T06:21:23.952+0000] {dag.py:3677} INFO - Setting next_dagrun for user_automation to 2025-04-26T00:00:00+00:00, run_after=2025-04-27T00:00:00+00:00
[2025-04-26T06:21:23.998+0000] {processor.py:179} INFO - Processing /opt/airflow/dags/kafka_stream.py took 0.455 seconds
[2025-04-26T06:21:54.438+0000] {processor.py:157} INFO - Started process (PID=178) to work on /opt/airflow/dags/kafka_stream.py
[2025-04-26T06:21:54.441+0000] {processor.py:829} INFO - Processing file /opt/airflow/dags/kafka_stream.py for tasks to queue
[2025-04-26T06:21:54.444+0000] {logging_mixin.py:151} INFO - [2025-04-26T06:21:54.443+0000] {dagbag.py:539} INFO - Filling up the DagBag from /opt/airflow/dags/kafka_stream.py
[2025-04-26T06:21:54.506+0000] {processor.py:839} INFO - DAG(s) dict_keys(['user_automation']) retrieved from /opt/airflow/dags/kafka_stream.py
[2025-04-26T06:21:54.545+0000] {logging_mixin.py:151} INFO - [2025-04-26T06:21:54.544+0000] {dag.py:2907} INFO - Sync 1 DAGs
[2025-04-26T06:21:54.715+0000] {logging_mixin.py:151} INFO - [2025-04-26T06:21:54.715+0000] {dag.py:3677} INFO - Setting next_dagrun for user_automation to 2025-04-26T00:00:00+00:00, run_after=2025-04-27T00:00:00+00:00
[2025-04-26T06:21:54.764+0000] {processor.py:179} INFO - Processing /opt/airflow/dags/kafka_stream.py took 0.330 seconds
[2025-04-26T06:22:25.243+0000] {processor.py:157} INFO - Started process (PID=179) to work on /opt/airflow/dags/kafka_stream.py
[2025-04-26T06:22:25.245+0000] {processor.py:829} INFO - Processing file /opt/airflow/dags/kafka_stream.py for tasks to queue
[2025-04-26T06:22:25.248+0000] {logging_mixin.py:151} INFO - [2025-04-26T06:22:25.247+0000] {dagbag.py:539} INFO - Filling up the DagBag from /opt/airflow/dags/kafka_stream.py
[2025-04-26T06:22:25.303+0000] {processor.py:839} INFO - DAG(s) dict_keys(['user_automation']) retrieved from /opt/airflow/dags/kafka_stream.py
[2025-04-26T06:22:25.358+0000] {logging_mixin.py:151} INFO - [2025-04-26T06:22:25.357+0000] {dag.py:2907} INFO - Sync 1 DAGs
[2025-04-26T06:22:25.401+0000] {logging_mixin.py:151} INFO - [2025-04-26T06:22:25.401+0000] {dag.py:3677} INFO - Setting next_dagrun for user_automation to 2025-04-26T00:00:00+00:00, run_after=2025-04-27T00:00:00+00:00
[2025-04-26T06:22:25.453+0000] {processor.py:179} INFO - Processing /opt/airflow/dags/kafka_stream.py took 0.216 seconds
[2025-04-26T06:22:55.556+0000] {processor.py:157} INFO - Started process (PID=180) to work on /opt/airflow/dags/kafka_stream.py
[2025-04-26T06:22:55.557+0000] {processor.py:829} INFO - Processing file /opt/airflow/dags/kafka_stream.py for tasks to queue
[2025-04-26T06:22:55.559+0000] {logging_mixin.py:151} INFO - [2025-04-26T06:22:55.559+0000] {dagbag.py:539} INFO - Filling up the DagBag from /opt/airflow/dags/kafka_stream.py
[2025-04-26T06:22:55.598+0000] {processor.py:839} INFO - DAG(s) dict_keys(['user_automation']) retrieved from /opt/airflow/dags/kafka_stream.py
[2025-04-26T06:22:55.638+0000] {logging_mixin.py:151} INFO - [2025-04-26T06:22:55.638+0000] {dag.py:2907} INFO - Sync 1 DAGs
[2025-04-26T06:22:55.668+0000] {logging_mixin.py:151} INFO - [2025-04-26T06:22:55.668+0000] {dag.py:3677} INFO - Setting next_dagrun for user_automation to 2025-04-26T00:00:00+00:00, run_after=2025-04-27T00:00:00+00:00
[2025-04-26T06:22:55.707+0000] {processor.py:179} INFO - Processing /opt/airflow/dags/kafka_stream.py took 0.156 seconds
[2025-04-26T06:23:25.892+0000] {processor.py:157} INFO - Started process (PID=181) to work on /opt/airflow/dags/kafka_stream.py
[2025-04-26T06:23:25.895+0000] {processor.py:829} INFO - Processing file /opt/airflow/dags/kafka_stream.py for tasks to queue
[2025-04-26T06:23:25.898+0000] {logging_mixin.py:151} INFO - [2025-04-26T06:23:25.897+0000] {dagbag.py:539} INFO - Filling up the DagBag from /opt/airflow/dags/kafka_stream.py
[2025-04-26T06:23:25.959+0000] {processor.py:839} INFO - DAG(s) dict_keys(['user_automation']) retrieved from /opt/airflow/dags/kafka_stream.py
[2025-04-26T06:23:25.997+0000] {logging_mixin.py:151} INFO - [2025-04-26T06:23:25.996+0000] {dag.py:2907} INFO - Sync 1 DAGs
[2025-04-26T06:23:26.037+0000] {logging_mixin.py:151} INFO - [2025-04-26T06:23:26.037+0000] {dag.py:3677} INFO - Setting next_dagrun for user_automation to 2025-04-26T00:00:00+00:00, run_after=2025-04-27T00:00:00+00:00
[2025-04-26T06:23:26.082+0000] {processor.py:179} INFO - Processing /opt/airflow/dags/kafka_stream.py took 0.196 seconds
[2025-04-26T06:23:56.442+0000] {processor.py:157} INFO - Started process (PID=182) to work on /opt/airflow/dags/kafka_stream.py
[2025-04-26T06:23:56.445+0000] {processor.py:829} INFO - Processing file /opt/airflow/dags/kafka_stream.py for tasks to queue
[2025-04-26T06:23:56.448+0000] {logging_mixin.py:151} INFO - [2025-04-26T06:23:56.447+0000] {dagbag.py:539} INFO - Filling up the DagBag from /opt/airflow/dags/kafka_stream.py
[2025-04-26T06:23:56.494+0000] {processor.py:839} INFO - DAG(s) dict_keys(['user_automation']) retrieved from /opt/airflow/dags/kafka_stream.py
[2025-04-26T06:23:56.533+0000] {logging_mixin.py:151} INFO - [2025-04-26T06:23:56.533+0000] {dag.py:2907} INFO - Sync 1 DAGs
[2025-04-26T06:23:56.570+0000] {logging_mixin.py:151} INFO - [2025-04-26T06:23:56.570+0000] {dag.py:3677} INFO - Setting next_dagrun for user_automation to 2025-04-26T00:00:00+00:00, run_after=2025-04-27T00:00:00+00:00
[2025-04-26T06:23:56.723+0000] {processor.py:179} INFO - Processing /opt/airflow/dags/kafka_stream.py took 0.288 seconds
[2025-04-26T06:24:27.175+0000] {processor.py:157} INFO - Started process (PID=183) to work on /opt/airflow/dags/kafka_stream.py
[2025-04-26T06:24:27.179+0000] {processor.py:829} INFO - Processing file /opt/airflow/dags/kafka_stream.py for tasks to queue
[2025-04-26T06:24:27.181+0000] {logging_mixin.py:151} INFO - [2025-04-26T06:24:27.181+0000] {dagbag.py:539} INFO - Filling up the DagBag from /opt/airflow/dags/kafka_stream.py
[2025-04-26T06:24:27.331+0000] {processor.py:839} INFO - DAG(s) dict_keys(['user_automation']) retrieved from /opt/airflow/dags/kafka_stream.py
[2025-04-26T06:24:27.389+0000] {logging_mixin.py:151} INFO - [2025-04-26T06:24:27.389+0000] {dag.py:2907} INFO - Sync 1 DAGs
[2025-04-26T06:24:27.646+0000] {logging_mixin.py:151} INFO - [2025-04-26T06:24:27.646+0000] {dag.py:3677} INFO - Setting next_dagrun for user_automation to 2025-04-26T00:00:00+00:00, run_after=2025-04-27T00:00:00+00:00
[2025-04-26T06:24:27.865+0000] {processor.py:179} INFO - Processing /opt/airflow/dags/kafka_stream.py took 0.695 seconds
[2025-04-26T06:24:58.376+0000] {processor.py:157} INFO - Started process (PID=184) to work on /opt/airflow/dags/kafka_stream.py
[2025-04-26T06:24:58.377+0000] {processor.py:829} INFO - Processing file /opt/airflow/dags/kafka_stream.py for tasks to queue
[2025-04-26T06:24:58.379+0000] {logging_mixin.py:151} INFO - [2025-04-26T06:24:58.379+0000] {dagbag.py:539} INFO - Filling up the DagBag from /opt/airflow/dags/kafka_stream.py
[2025-04-26T06:24:58.416+0000] {processor.py:839} INFO - DAG(s) dict_keys(['user_automation']) retrieved from /opt/airflow/dags/kafka_stream.py
[2025-04-26T06:24:58.589+0000] {logging_mixin.py:151} INFO - [2025-04-26T06:24:58.589+0000] {dag.py:2907} INFO - Sync 1 DAGs
[2025-04-26T06:24:58.619+0000] {logging_mixin.py:151} INFO - [2025-04-26T06:24:58.619+0000] {dag.py:3677} INFO - Setting next_dagrun for user_automation to 2025-04-26T00:00:00+00:00, run_after=2025-04-27T00:00:00+00:00
[2025-04-26T06:24:58.666+0000] {processor.py:179} INFO - Processing /opt/airflow/dags/kafka_stream.py took 0.294 seconds
[2025-04-26T06:25:28.891+0000] {processor.py:157} INFO - Started process (PID=185) to work on /opt/airflow/dags/kafka_stream.py
[2025-04-26T06:25:28.894+0000] {processor.py:829} INFO - Processing file /opt/airflow/dags/kafka_stream.py for tasks to queue
[2025-04-26T06:25:28.898+0000] {logging_mixin.py:151} INFO - [2025-04-26T06:25:28.897+0000] {dagbag.py:539} INFO - Filling up the DagBag from /opt/airflow/dags/kafka_stream.py
[2025-04-26T06:25:28.982+0000] {processor.py:839} INFO - DAG(s) dict_keys(['user_automation']) retrieved from /opt/airflow/dags/kafka_stream.py
[2025-04-26T06:25:29.050+0000] {logging_mixin.py:151} INFO - [2025-04-26T06:25:29.050+0000] {dag.py:2907} INFO - Sync 1 DAGs
[2025-04-26T06:25:29.099+0000] {logging_mixin.py:151} INFO - [2025-04-26T06:25:29.098+0000] {dag.py:3677} INFO - Setting next_dagrun for user_automation to 2025-04-26T00:00:00+00:00, run_after=2025-04-27T00:00:00+00:00
[2025-04-26T06:25:29.152+0000] {processor.py:179} INFO - Processing /opt/airflow/dags/kafka_stream.py took 0.269 seconds
[2025-04-26T06:25:59.473+0000] {processor.py:157} INFO - Started process (PID=186) to work on /opt/airflow/dags/kafka_stream.py
[2025-04-26T06:25:59.477+0000] {processor.py:829} INFO - Processing file /opt/airflow/dags/kafka_stream.py for tasks to queue
[2025-04-26T06:25:59.480+0000] {logging_mixin.py:151} INFO - [2025-04-26T06:25:59.479+0000] {dagbag.py:539} INFO - Filling up the DagBag from /opt/airflow/dags/kafka_stream.py
[2025-04-26T06:25:59.569+0000] {processor.py:839} INFO - DAG(s) dict_keys(['user_automation']) retrieved from /opt/airflow/dags/kafka_stream.py
[2025-04-26T06:25:59.637+0000] {logging_mixin.py:151} INFO - [2025-04-26T06:25:59.636+0000] {dag.py:2907} INFO - Sync 1 DAGs
[2025-04-26T06:25:59.692+0000] {logging_mixin.py:151} INFO - [2025-04-26T06:25:59.691+0000] {dag.py:3677} INFO - Setting next_dagrun for user_automation to 2025-04-26T00:00:00+00:00, run_after=2025-04-27T00:00:00+00:00
[2025-04-26T06:25:59.745+0000] {processor.py:179} INFO - Processing /opt/airflow/dags/kafka_stream.py took 0.280 seconds
[2025-04-26T06:26:29.891+0000] {processor.py:157} INFO - Started process (PID=187) to work on /opt/airflow/dags/kafka_stream.py
[2025-04-26T06:26:29.894+0000] {processor.py:829} INFO - Processing file /opt/airflow/dags/kafka_stream.py for tasks to queue
[2025-04-26T06:26:29.897+0000] {logging_mixin.py:151} INFO - [2025-04-26T06:26:29.896+0000] {dagbag.py:539} INFO - Filling up the DagBag from /opt/airflow/dags/kafka_stream.py
[2025-04-26T06:26:29.969+0000] {processor.py:839} INFO - DAG(s) dict_keys(['user_automation']) retrieved from /opt/airflow/dags/kafka_stream.py
[2025-04-26T06:26:30.018+0000] {logging_mixin.py:151} INFO - [2025-04-26T06:26:30.018+0000] {dag.py:2907} INFO - Sync 1 DAGs
[2025-04-26T06:26:30.060+0000] {logging_mixin.py:151} INFO - [2025-04-26T06:26:30.060+0000] {dag.py:3677} INFO - Setting next_dagrun for user_automation to 2025-04-26T00:00:00+00:00, run_after=2025-04-27T00:00:00+00:00
[2025-04-26T06:26:30.264+0000] {processor.py:179} INFO - Processing /opt/airflow/dags/kafka_stream.py took 0.380 seconds
[2025-04-26T06:27:00.505+0000] {processor.py:157} INFO - Started process (PID=188) to work on /opt/airflow/dags/kafka_stream.py
[2025-04-26T06:27:00.507+0000] {processor.py:829} INFO - Processing file /opt/airflow/dags/kafka_stream.py for tasks to queue
[2025-04-26T06:27:00.510+0000] {logging_mixin.py:151} INFO - [2025-04-26T06:27:00.509+0000] {dagbag.py:539} INFO - Filling up the DagBag from /opt/airflow/dags/kafka_stream.py
[2025-04-26T06:27:00.571+0000] {processor.py:839} INFO - DAG(s) dict_keys(['user_automation']) retrieved from /opt/airflow/dags/kafka_stream.py
[2025-04-26T06:27:00.627+0000] {logging_mixin.py:151} INFO - [2025-04-26T06:27:00.627+0000] {dag.py:2907} INFO - Sync 1 DAGs
[2025-04-26T06:27:00.837+0000] {logging_mixin.py:151} INFO - [2025-04-26T06:27:00.836+0000] {dag.py:3677} INFO - Setting next_dagrun for user_automation to 2025-04-26T00:00:00+00:00, run_after=2025-04-27T00:00:00+00:00
[2025-04-26T06:27:00.895+0000] {processor.py:179} INFO - Processing /opt/airflow/dags/kafka_stream.py took 0.397 seconds
[2025-04-26T06:27:31.102+0000] {processor.py:157} INFO - Started process (PID=189) to work on /opt/airflow/dags/kafka_stream.py
[2025-04-26T06:27:31.104+0000] {processor.py:829} INFO - Processing file /opt/airflow/dags/kafka_stream.py for tasks to queue
[2025-04-26T06:27:31.107+0000] {logging_mixin.py:151} INFO - [2025-04-26T06:27:31.106+0000] {dagbag.py:539} INFO - Filling up the DagBag from /opt/airflow/dags/kafka_stream.py
[2025-04-26T06:27:31.191+0000] {processor.py:839} INFO - DAG(s) dict_keys(['user_automation']) retrieved from /opt/airflow/dags/kafka_stream.py
[2025-04-26T06:27:31.390+0000] {logging_mixin.py:151} INFO - [2025-04-26T06:27:31.390+0000] {dag.py:2907} INFO - Sync 1 DAGs
[2025-04-26T06:27:31.425+0000] {logging_mixin.py:151} INFO - [2025-04-26T06:27:31.425+0000] {dag.py:3677} INFO - Setting next_dagrun for user_automation to 2025-04-26T00:00:00+00:00, run_after=2025-04-27T00:00:00+00:00
[2025-04-26T06:27:31.466+0000] {processor.py:179} INFO - Processing /opt/airflow/dags/kafka_stream.py took 0.370 seconds
[2025-04-26T06:28:01.857+0000] {processor.py:157} INFO - Started process (PID=190) to work on /opt/airflow/dags/kafka_stream.py
[2025-04-26T06:28:01.861+0000] {processor.py:829} INFO - Processing file /opt/airflow/dags/kafka_stream.py for tasks to queue
[2025-04-26T06:28:01.863+0000] {logging_mixin.py:151} INFO - [2025-04-26T06:28:01.863+0000] {dagbag.py:539} INFO - Filling up the DagBag from /opt/airflow/dags/kafka_stream.py
[2025-04-26T06:28:01.930+0000] {processor.py:839} INFO - DAG(s) dict_keys(['user_automation']) retrieved from /opt/airflow/dags/kafka_stream.py
[2025-04-26T06:28:01.977+0000] {logging_mixin.py:151} INFO - [2025-04-26T06:28:01.977+0000] {dag.py:2907} INFO - Sync 1 DAGs
[2025-04-26T06:28:02.021+0000] {logging_mixin.py:151} INFO - [2025-04-26T06:28:02.021+0000] {dag.py:3677} INFO - Setting next_dagrun for user_automation to 2025-04-26T00:00:00+00:00, run_after=2025-04-27T00:00:00+00:00
[2025-04-26T06:28:02.083+0000] {processor.py:179} INFO - Processing /opt/airflow/dags/kafka_stream.py took 0.234 seconds
[2025-04-26T06:28:32.217+0000] {processor.py:157} INFO - Started process (PID=191) to work on /opt/airflow/dags/kafka_stream.py
[2025-04-26T06:28:32.219+0000] {processor.py:829} INFO - Processing file /opt/airflow/dags/kafka_stream.py for tasks to queue
[2025-04-26T06:28:32.222+0000] {logging_mixin.py:151} INFO - [2025-04-26T06:28:32.221+0000] {dagbag.py:539} INFO - Filling up the DagBag from /opt/airflow/dags/kafka_stream.py
[2025-04-26T06:28:32.268+0000] {processor.py:839} INFO - DAG(s) dict_keys(['user_automation']) retrieved from /opt/airflow/dags/kafka_stream.py
[2025-04-26T06:28:32.315+0000] {logging_mixin.py:151} INFO - [2025-04-26T06:28:32.315+0000] {dag.py:2907} INFO - Sync 1 DAGs
[2025-04-26T06:28:32.360+0000] {logging_mixin.py:151} INFO - [2025-04-26T06:28:32.360+0000] {dag.py:3677} INFO - Setting next_dagrun for user_automation to 2025-04-26T00:00:00+00:00, run_after=2025-04-27T00:00:00+00:00
[2025-04-26T06:28:32.404+0000] {processor.py:179} INFO - Processing /opt/airflow/dags/kafka_stream.py took 0.193 seconds
[2025-04-26T06:29:02.878+0000] {processor.py:157} INFO - Started process (PID=192) to work on /opt/airflow/dags/kafka_stream.py
[2025-04-26T06:29:02.881+0000] {processor.py:829} INFO - Processing file /opt/airflow/dags/kafka_stream.py for tasks to queue
[2025-04-26T06:29:02.884+0000] {logging_mixin.py:151} INFO - [2025-04-26T06:29:02.883+0000] {dagbag.py:539} INFO - Filling up the DagBag from /opt/airflow/dags/kafka_stream.py
[2025-04-26T06:29:02.963+0000] {processor.py:839} INFO - DAG(s) dict_keys(['user_automation']) retrieved from /opt/airflow/dags/kafka_stream.py
[2025-04-26T06:29:03.021+0000] {logging_mixin.py:151} INFO - [2025-04-26T06:29:03.021+0000] {dag.py:2907} INFO - Sync 1 DAGs
[2025-04-26T06:29:03.067+0000] {logging_mixin.py:151} INFO - [2025-04-26T06:29:03.067+0000] {dag.py:3677} INFO - Setting next_dagrun for user_automation to 2025-04-26T00:00:00+00:00, run_after=2025-04-27T00:00:00+00:00
[2025-04-26T06:29:03.312+0000] {processor.py:179} INFO - Processing /opt/airflow/dags/kafka_stream.py took 0.441 seconds
[2025-04-26T06:29:33.723+0000] {processor.py:157} INFO - Started process (PID=193) to work on /opt/airflow/dags/kafka_stream.py
[2025-04-26T06:29:33.725+0000] {processor.py:829} INFO - Processing file /opt/airflow/dags/kafka_stream.py for tasks to queue
[2025-04-26T06:29:33.728+0000] {logging_mixin.py:151} INFO - [2025-04-26T06:29:33.727+0000] {dagbag.py:539} INFO - Filling up the DagBag from /opt/airflow/dags/kafka_stream.py
[2025-04-26T06:29:33.793+0000] {processor.py:839} INFO - DAG(s) dict_keys(['user_automation']) retrieved from /opt/airflow/dags/kafka_stream.py
[2025-04-26T06:29:33.835+0000] {logging_mixin.py:151} INFO - [2025-04-26T06:29:33.835+0000] {dag.py:2907} INFO - Sync 1 DAGs
[2025-04-26T06:29:34.031+0000] {logging_mixin.py:151} INFO - [2025-04-26T06:29:34.031+0000] {dag.py:3677} INFO - Setting next_dagrun for user_automation to 2025-04-26T00:00:00+00:00, run_after=2025-04-27T00:00:00+00:00
[2025-04-26T06:29:34.073+0000] {processor.py:179} INFO - Processing /opt/airflow/dags/kafka_stream.py took 0.358 seconds
[2025-04-26T06:30:04.474+0000] {processor.py:157} INFO - Started process (PID=194) to work on /opt/airflow/dags/kafka_stream.py
[2025-04-26T06:30:04.477+0000] {processor.py:829} INFO - Processing file /opt/airflow/dags/kafka_stream.py for tasks to queue
[2025-04-26T06:30:04.480+0000] {logging_mixin.py:151} INFO - [2025-04-26T06:30:04.479+0000] {dagbag.py:539} INFO - Filling up the DagBag from /opt/airflow/dags/kafka_stream.py
[2025-04-26T06:30:04.546+0000] {processor.py:839} INFO - DAG(s) dict_keys(['user_automation']) retrieved from /opt/airflow/dags/kafka_stream.py
[2025-04-26T06:30:04.606+0000] {logging_mixin.py:151} INFO - [2025-04-26T06:30:04.605+0000] {dag.py:2907} INFO - Sync 1 DAGs
[2025-04-26T06:30:04.796+0000] {logging_mixin.py:151} INFO - [2025-04-26T06:30:04.796+0000] {dag.py:3677} INFO - Setting next_dagrun for user_automation to 2025-04-26T00:00:00+00:00, run_after=2025-04-27T00:00:00+00:00
[2025-04-26T06:30:04.847+0000] {processor.py:179} INFO - Processing /opt/airflow/dags/kafka_stream.py took 0.381 seconds
[2025-04-26T06:30:35.366+0000] {processor.py:157} INFO - Started process (PID=195) to work on /opt/airflow/dags/kafka_stream.py
[2025-04-26T06:30:35.370+0000] {processor.py:829} INFO - Processing file /opt/airflow/dags/kafka_stream.py for tasks to queue
[2025-04-26T06:30:35.375+0000] {logging_mixin.py:151} INFO - [2025-04-26T06:30:35.374+0000] {dagbag.py:539} INFO - Filling up the DagBag from /opt/airflow/dags/kafka_stream.py
[2025-04-26T06:30:35.460+0000] {processor.py:839} INFO - DAG(s) dict_keys(['user_automation']) retrieved from /opt/airflow/dags/kafka_stream.py
[2025-04-26T06:30:35.515+0000] {logging_mixin.py:151} INFO - [2025-04-26T06:30:35.514+0000] {dag.py:2907} INFO - Sync 1 DAGs
[2025-04-26T06:30:35.563+0000] {logging_mixin.py:151} INFO - [2025-04-26T06:30:35.562+0000] {dag.py:3677} INFO - Setting next_dagrun for user_automation to 2025-04-26T00:00:00+00:00, run_after=2025-04-27T00:00:00+00:00
[2025-04-26T06:30:35.611+0000] {processor.py:179} INFO - Processing /opt/airflow/dags/kafka_stream.py took 0.253 seconds
[2025-04-26T06:31:05.720+0000] {processor.py:157} INFO - Started process (PID=196) to work on /opt/airflow/dags/kafka_stream.py
[2025-04-26T06:31:05.722+0000] {processor.py:829} INFO - Processing file /opt/airflow/dags/kafka_stream.py for tasks to queue
[2025-04-26T06:31:05.725+0000] {logging_mixin.py:151} INFO - [2025-04-26T06:31:05.724+0000] {dagbag.py:539} INFO - Filling up the DagBag from /opt/airflow/dags/kafka_stream.py
[2025-04-26T06:31:05.780+0000] {processor.py:839} INFO - DAG(s) dict_keys(['user_automation']) retrieved from /opt/airflow/dags/kafka_stream.py
[2025-04-26T06:31:05.825+0000] {logging_mixin.py:151} INFO - [2025-04-26T06:31:05.825+0000] {dag.py:2907} INFO - Sync 1 DAGs
[2025-04-26T06:31:05.864+0000] {logging_mixin.py:151} INFO - [2025-04-26T06:31:05.863+0000] {dag.py:3677} INFO - Setting next_dagrun for user_automation to 2025-04-26T00:00:00+00:00, run_after=2025-04-27T00:00:00+00:00
[2025-04-26T06:31:05.906+0000] {processor.py:179} INFO - Processing /opt/airflow/dags/kafka_stream.py took 0.191 seconds
[2025-04-26T06:31:36.123+0000] {processor.py:157} INFO - Started process (PID=197) to work on /opt/airflow/dags/kafka_stream.py
[2025-04-26T06:31:36.127+0000] {processor.py:829} INFO - Processing file /opt/airflow/dags/kafka_stream.py for tasks to queue
[2025-04-26T06:31:36.132+0000] {logging_mixin.py:151} INFO - [2025-04-26T06:31:36.131+0000] {dagbag.py:539} INFO - Filling up the DagBag from /opt/airflow/dags/kafka_stream.py
[2025-04-26T06:31:36.216+0000] {processor.py:839} INFO - DAG(s) dict_keys(['user_automation']) retrieved from /opt/airflow/dags/kafka_stream.py
[2025-04-26T06:31:36.274+0000] {logging_mixin.py:151} INFO - [2025-04-26T06:31:36.273+0000] {dag.py:2907} INFO - Sync 1 DAGs
[2025-04-26T06:31:36.327+0000] {logging_mixin.py:151} INFO - [2025-04-26T06:31:36.326+0000] {dag.py:3677} INFO - Setting next_dagrun for user_automation to 2025-04-26T00:00:00+00:00, run_after=2025-04-27T00:00:00+00:00
[2025-04-26T06:31:36.604+0000] {processor.py:179} INFO - Processing /opt/airflow/dags/kafka_stream.py took 0.490 seconds
[2025-04-26T06:32:06.952+0000] {processor.py:157} INFO - Started process (PID=198) to work on /opt/airflow/dags/kafka_stream.py
[2025-04-26T06:32:06.954+0000] {processor.py:829} INFO - Processing file /opt/airflow/dags/kafka_stream.py for tasks to queue
[2025-04-26T06:32:06.956+0000] {logging_mixin.py:151} INFO - [2025-04-26T06:32:06.956+0000] {dagbag.py:539} INFO - Filling up the DagBag from /opt/airflow/dags/kafka_stream.py
[2025-04-26T06:32:06.995+0000] {processor.py:839} INFO - DAG(s) dict_keys(['user_automation']) retrieved from /opt/airflow/dags/kafka_stream.py
[2025-04-26T06:32:07.031+0000] {logging_mixin.py:151} INFO - [2025-04-26T06:32:07.031+0000] {dag.py:2907} INFO - Sync 1 DAGs
[2025-04-26T06:32:07.283+0000] {logging_mixin.py:151} INFO - [2025-04-26T06:32:07.282+0000] {dag.py:3677} INFO - Setting next_dagrun for user_automation to 2025-04-26T00:00:00+00:00, run_after=2025-04-27T00:00:00+00:00
[2025-04-26T06:32:07.333+0000] {processor.py:179} INFO - Processing /opt/airflow/dags/kafka_stream.py took 0.386 seconds
[2025-04-26T06:32:37.720+0000] {processor.py:157} INFO - Started process (PID=199) to work on /opt/airflow/dags/kafka_stream.py
[2025-04-26T06:32:37.722+0000] {processor.py:829} INFO - Processing file /opt/airflow/dags/kafka_stream.py for tasks to queue
[2025-04-26T06:32:37.725+0000] {logging_mixin.py:151} INFO - [2025-04-26T06:32:37.724+0000] {dagbag.py:539} INFO - Filling up the DagBag from /opt/airflow/dags/kafka_stream.py
[2025-04-26T06:32:37.820+0000] {processor.py:839} INFO - DAG(s) dict_keys(['user_automation']) retrieved from /opt/airflow/dags/kafka_stream.py
[2025-04-26T06:32:37.882+0000] {logging_mixin.py:151} INFO - [2025-04-26T06:32:37.882+0000] {dag.py:2907} INFO - Sync 1 DAGs
[2025-04-26T06:32:38.135+0000] {logging_mixin.py:151} INFO - [2025-04-26T06:32:38.135+0000] {dag.py:3677} INFO - Setting next_dagrun for user_automation to 2025-04-26T00:00:00+00:00, run_after=2025-04-27T00:00:00+00:00
[2025-04-26T06:32:38.196+0000] {processor.py:179} INFO - Processing /opt/airflow/dags/kafka_stream.py took 0.481 seconds
[2025-04-26T06:33:08.515+0000] {processor.py:157} INFO - Started process (PID=200) to work on /opt/airflow/dags/kafka_stream.py
[2025-04-26T06:33:08.518+0000] {processor.py:829} INFO - Processing file /opt/airflow/dags/kafka_stream.py for tasks to queue
[2025-04-26T06:33:08.526+0000] {logging_mixin.py:151} INFO - [2025-04-26T06:33:08.525+0000] {dagbag.py:539} INFO - Filling up the DagBag from /opt/airflow/dags/kafka_stream.py
[2025-04-26T06:33:08.582+0000] {processor.py:839} INFO - DAG(s) dict_keys(['user_automation']) retrieved from /opt/airflow/dags/kafka_stream.py
[2025-04-26T06:33:08.773+0000] {logging_mixin.py:151} INFO - [2025-04-26T06:33:08.773+0000] {dag.py:2907} INFO - Sync 1 DAGs
[2025-04-26T06:33:08.809+0000] {logging_mixin.py:151} INFO - [2025-04-26T06:33:08.809+0000] {dag.py:3677} INFO - Setting next_dagrun for user_automation to 2025-04-26T00:00:00+00:00, run_after=2025-04-27T00:00:00+00:00
[2025-04-26T06:33:08.859+0000] {processor.py:179} INFO - Processing /opt/airflow/dags/kafka_stream.py took 0.349 seconds
[2025-04-26T06:33:39.229+0000] {processor.py:157} INFO - Started process (PID=201) to work on /opt/airflow/dags/kafka_stream.py
[2025-04-26T06:33:39.233+0000] {processor.py:829} INFO - Processing file /opt/airflow/dags/kafka_stream.py for tasks to queue
[2025-04-26T06:33:39.236+0000] {logging_mixin.py:151} INFO - [2025-04-26T06:33:39.235+0000] {dagbag.py:539} INFO - Filling up the DagBag from /opt/airflow/dags/kafka_stream.py
[2025-04-26T06:33:39.321+0000] {processor.py:839} INFO - DAG(s) dict_keys(['user_automation']) retrieved from /opt/airflow/dags/kafka_stream.py
[2025-04-26T06:33:39.414+0000] {logging_mixin.py:151} INFO - [2025-04-26T06:33:39.413+0000] {dag.py:2907} INFO - Sync 1 DAGs
[2025-04-26T06:33:39.511+0000] {logging_mixin.py:151} INFO - [2025-04-26T06:33:39.511+0000] {dag.py:3677} INFO - Setting next_dagrun for user_automation to 2025-04-26T00:00:00+00:00, run_after=2025-04-27T00:00:00+00:00
[2025-04-26T06:33:39.613+0000] {processor.py:179} INFO - Processing /opt/airflow/dags/kafka_stream.py took 0.393 seconds
[2025-04-26T06:34:10.150+0000] {processor.py:157} INFO - Started process (PID=202) to work on /opt/airflow/dags/kafka_stream.py
[2025-04-26T06:34:10.153+0000] {processor.py:829} INFO - Processing file /opt/airflow/dags/kafka_stream.py for tasks to queue
[2025-04-26T06:34:10.156+0000] {logging_mixin.py:151} INFO - [2025-04-26T06:34:10.155+0000] {dagbag.py:539} INFO - Filling up the DagBag from /opt/airflow/dags/kafka_stream.py
[2025-04-26T06:34:10.239+0000] {processor.py:839} INFO - DAG(s) dict_keys(['user_automation']) retrieved from /opt/airflow/dags/kafka_stream.py
[2025-04-26T06:34:10.322+0000] {logging_mixin.py:151} INFO - [2025-04-26T06:34:10.322+0000] {dag.py:2907} INFO - Sync 1 DAGs
[2025-04-26T06:34:10.385+0000] {logging_mixin.py:151} INFO - [2025-04-26T06:34:10.385+0000] {dag.py:3677} INFO - Setting next_dagrun for user_automation to 2025-04-26T00:00:00+00:00, run_after=2025-04-27T00:00:00+00:00
[2025-04-26T06:34:10.648+0000] {processor.py:179} INFO - Processing /opt/airflow/dags/kafka_stream.py took 0.506 seconds
[2025-04-26T06:34:41.019+0000] {processor.py:157} INFO - Started process (PID=203) to work on /opt/airflow/dags/kafka_stream.py
[2025-04-26T06:34:41.022+0000] {processor.py:829} INFO - Processing file /opt/airflow/dags/kafka_stream.py for tasks to queue
[2025-04-26T06:34:41.022+0000] {logging_mixin.py:151} INFO - [2025-04-26T06:34:41.021+0000] {dagbag.py:539} INFO - Filling up the DagBag from /opt/airflow/dags/kafka_stream.py
[2025-04-26T06:34:41.279+0000] {processor.py:839} INFO - DAG(s) dict_keys(['user_automation']) retrieved from /opt/airflow/dags/kafka_stream.py
[2025-04-26T06:34:41.351+0000] {logging_mixin.py:151} INFO - [2025-04-26T06:34:41.351+0000] {dag.py:2907} INFO - Sync 1 DAGs
[2025-04-26T06:34:41.564+0000] {logging_mixin.py:151} INFO - [2025-04-26T06:34:41.564+0000] {dag.py:3677} INFO - Setting next_dagrun for user_automation to 2025-04-26T00:00:00+00:00, run_after=2025-04-27T00:00:00+00:00
[2025-04-26T06:34:41.603+0000] {processor.py:179} INFO - Processing /opt/airflow/dags/kafka_stream.py took 0.594 seconds
[2025-04-26T06:35:12.059+0000] {processor.py:157} INFO - Started process (PID=204) to work on /opt/airflow/dags/kafka_stream.py
[2025-04-26T06:35:12.062+0000] {processor.py:829} INFO - Processing file /opt/airflow/dags/kafka_stream.py for tasks to queue
[2025-04-26T06:35:12.066+0000] {logging_mixin.py:151} INFO - [2025-04-26T06:35:12.065+0000] {dagbag.py:539} INFO - Filling up the DagBag from /opt/airflow/dags/kafka_stream.py
[2025-04-26T06:35:12.149+0000] {processor.py:839} INFO - DAG(s) dict_keys(['user_automation']) retrieved from /opt/airflow/dags/kafka_stream.py
[2025-04-26T06:35:12.206+0000] {logging_mixin.py:151} INFO - [2025-04-26T06:35:12.206+0000] {dag.py:2907} INFO - Sync 1 DAGs
[2025-04-26T06:35:12.421+0000] {logging_mixin.py:151} INFO - [2025-04-26T06:35:12.420+0000] {dag.py:3677} INFO - Setting next_dagrun for user_automation to 2025-04-26T00:00:00+00:00, run_after=2025-04-27T00:00:00+00:00
[2025-04-26T06:35:12.480+0000] {processor.py:179} INFO - Processing /opt/airflow/dags/kafka_stream.py took 0.431 seconds
[2025-04-26T06:35:42.708+0000] {processor.py:157} INFO - Started process (PID=205) to work on /opt/airflow/dags/kafka_stream.py
[2025-04-26T06:35:42.710+0000] {processor.py:829} INFO - Processing file /opt/airflow/dags/kafka_stream.py for tasks to queue
[2025-04-26T06:35:42.713+0000] {logging_mixin.py:151} INFO - [2025-04-26T06:35:42.712+0000] {dagbag.py:539} INFO - Filling up the DagBag from /opt/airflow/dags/kafka_stream.py
[2025-04-26T06:35:42.779+0000] {processor.py:839} INFO - DAG(s) dict_keys(['user_automation']) retrieved from /opt/airflow/dags/kafka_stream.py
[2025-04-26T06:35:42.998+0000] {logging_mixin.py:151} INFO - [2025-04-26T06:35:42.997+0000] {dag.py:2907} INFO - Sync 1 DAGs
[2025-04-26T06:35:43.045+0000] {logging_mixin.py:151} INFO - [2025-04-26T06:35:43.045+0000] {dag.py:3677} INFO - Setting next_dagrun for user_automation to 2025-04-26T00:00:00+00:00, run_after=2025-04-27T00:00:00+00:00
[2025-04-26T06:35:43.100+0000] {processor.py:179} INFO - Processing /opt/airflow/dags/kafka_stream.py took 0.401 seconds
[2025-04-26T06:36:13.187+0000] {processor.py:157} INFO - Started process (PID=206) to work on /opt/airflow/dags/kafka_stream.py
[2025-04-26T06:36:13.188+0000] {processor.py:829} INFO - Processing file /opt/airflow/dags/kafka_stream.py for tasks to queue
[2025-04-26T06:36:13.191+0000] {logging_mixin.py:151} INFO - [2025-04-26T06:36:13.190+0000] {dagbag.py:539} INFO - Filling up the DagBag from /opt/airflow/dags/kafka_stream.py
[2025-04-26T06:36:13.250+0000] {processor.py:839} INFO - DAG(s) dict_keys(['user_automation']) retrieved from /opt/airflow/dags/kafka_stream.py
[2025-04-26T06:36:13.292+0000] {logging_mixin.py:151} INFO - [2025-04-26T06:36:13.292+0000] {dag.py:2907} INFO - Sync 1 DAGs
[2025-04-26T06:36:13.332+0000] {logging_mixin.py:151} INFO - [2025-04-26T06:36:13.332+0000] {dag.py:3677} INFO - Setting next_dagrun for user_automation to 2025-04-26T00:00:00+00:00, run_after=2025-04-27T00:00:00+00:00
[2025-04-26T06:36:13.378+0000] {processor.py:179} INFO - Processing /opt/airflow/dags/kafka_stream.py took 0.197 seconds
[2025-04-26T06:36:43.511+0000] {processor.py:157} INFO - Started process (PID=207) to work on /opt/airflow/dags/kafka_stream.py
[2025-04-26T06:36:43.514+0000] {processor.py:829} INFO - Processing file /opt/airflow/dags/kafka_stream.py for tasks to queue
[2025-04-26T06:36:43.516+0000] {logging_mixin.py:151} INFO - [2025-04-26T06:36:43.515+0000] {dagbag.py:539} INFO - Filling up the DagBag from /opt/airflow/dags/kafka_stream.py
[2025-04-26T06:36:43.579+0000] {processor.py:839} INFO - DAG(s) dict_keys(['user_automation']) retrieved from /opt/airflow/dags/kafka_stream.py
[2025-04-26T06:36:43.629+0000] {logging_mixin.py:151} INFO - [2025-04-26T06:36:43.628+0000] {dag.py:2907} INFO - Sync 1 DAGs
[2025-04-26T06:36:43.667+0000] {logging_mixin.py:151} INFO - [2025-04-26T06:36:43.667+0000] {dag.py:3677} INFO - Setting next_dagrun for user_automation to 2025-04-26T00:00:00+00:00, run_after=2025-04-27T00:00:00+00:00
[2025-04-26T06:36:43.724+0000] {processor.py:179} INFO - Processing /opt/airflow/dags/kafka_stream.py took 0.221 seconds
[2025-04-26T06:37:14.102+0000] {processor.py:157} INFO - Started process (PID=208) to work on /opt/airflow/dags/kafka_stream.py
[2025-04-26T06:37:14.104+0000] {processor.py:829} INFO - Processing file /opt/airflow/dags/kafka_stream.py for tasks to queue
[2025-04-26T06:37:14.106+0000] {logging_mixin.py:151} INFO - [2025-04-26T06:37:14.106+0000] {dagbag.py:539} INFO - Filling up the DagBag from /opt/airflow/dags/kafka_stream.py
[2025-04-26T06:37:14.168+0000] {processor.py:839} INFO - DAG(s) dict_keys(['user_automation']) retrieved from /opt/airflow/dags/kafka_stream.py
[2025-04-26T06:37:14.213+0000] {logging_mixin.py:151} INFO - [2025-04-26T06:37:14.213+0000] {dag.py:2907} INFO - Sync 1 DAGs
[2025-04-26T06:37:14.253+0000] {logging_mixin.py:151} INFO - [2025-04-26T06:37:14.253+0000] {dag.py:3677} INFO - Setting next_dagrun for user_automation to 2025-04-26T00:00:00+00:00, run_after=2025-04-27T00:00:00+00:00
[2025-04-26T06:37:14.293+0000] {processor.py:179} INFO - Processing /opt/airflow/dags/kafka_stream.py took 0.195 seconds
[2025-04-26T06:37:44.458+0000] {processor.py:157} INFO - Started process (PID=209) to work on /opt/airflow/dags/kafka_stream.py
[2025-04-26T06:37:44.461+0000] {processor.py:829} INFO - Processing file /opt/airflow/dags/kafka_stream.py for tasks to queue
[2025-04-26T06:37:44.464+0000] {logging_mixin.py:151} INFO - [2025-04-26T06:37:44.463+0000] {dagbag.py:539} INFO - Filling up the DagBag from /opt/airflow/dags/kafka_stream.py
[2025-04-26T06:37:44.547+0000] {processor.py:839} INFO - DAG(s) dict_keys(['user_automation']) retrieved from /opt/airflow/dags/kafka_stream.py
[2025-04-26T06:37:44.613+0000] {logging_mixin.py:151} INFO - [2025-04-26T06:37:44.612+0000] {dag.py:2907} INFO - Sync 1 DAGs
[2025-04-26T06:37:44.662+0000] {logging_mixin.py:151} INFO - [2025-04-26T06:37:44.661+0000] {dag.py:3677} INFO - Setting next_dagrun for user_automation to 2025-04-26T00:00:00+00:00, run_after=2025-04-27T00:00:00+00:00
[2025-04-26T06:37:44.713+0000] {processor.py:179} INFO - Processing /opt/airflow/dags/kafka_stream.py took 0.268 seconds
[2025-04-26T06:38:14.979+0000] {processor.py:157} INFO - Started process (PID=210) to work on /opt/airflow/dags/kafka_stream.py
[2025-04-26T06:38:14.981+0000] {processor.py:829} INFO - Processing file /opt/airflow/dags/kafka_stream.py for tasks to queue
[2025-04-26T06:38:14.984+0000] {logging_mixin.py:151} INFO - [2025-04-26T06:38:14.983+0000] {dagbag.py:539} INFO - Filling up the DagBag from /opt/airflow/dags/kafka_stream.py
[2025-04-26T06:38:15.054+0000] {processor.py:839} INFO - DAG(s) dict_keys(['user_automation']) retrieved from /opt/airflow/dags/kafka_stream.py
[2025-04-26T06:38:15.097+0000] {logging_mixin.py:151} INFO - [2025-04-26T06:38:15.096+0000] {dag.py:2907} INFO - Sync 1 DAGs
[2025-04-26T06:38:15.129+0000] {logging_mixin.py:151} INFO - [2025-04-26T06:38:15.129+0000] {dag.py:3677} INFO - Setting next_dagrun for user_automation to 2025-04-26T00:00:00+00:00, run_after=2025-04-27T00:00:00+00:00
[2025-04-26T06:38:15.161+0000] {processor.py:179} INFO - Processing /opt/airflow/dags/kafka_stream.py took 0.187 seconds
[2025-04-26T06:38:45.389+0000] {processor.py:157} INFO - Started process (PID=211) to work on /opt/airflow/dags/kafka_stream.py
[2025-04-26T06:38:45.391+0000] {processor.py:829} INFO - Processing file /opt/airflow/dags/kafka_stream.py for tasks to queue
[2025-04-26T06:38:45.393+0000] {logging_mixin.py:151} INFO - [2025-04-26T06:38:45.392+0000] {dagbag.py:539} INFO - Filling up the DagBag from /opt/airflow/dags/kafka_stream.py
[2025-04-26T06:38:45.452+0000] {processor.py:839} INFO - DAG(s) dict_keys(['user_automation']) retrieved from /opt/airflow/dags/kafka_stream.py
[2025-04-26T06:38:45.506+0000] {logging_mixin.py:151} INFO - [2025-04-26T06:38:45.506+0000] {dag.py:2907} INFO - Sync 1 DAGs
[2025-04-26T06:38:45.553+0000] {logging_mixin.py:151} INFO - [2025-04-26T06:38:45.553+0000] {dag.py:3677} INFO - Setting next_dagrun for user_automation to 2025-04-26T00:00:00+00:00, run_after=2025-04-27T00:00:00+00:00
[2025-04-26T06:38:45.606+0000] {processor.py:179} INFO - Processing /opt/airflow/dags/kafka_stream.py took 0.223 seconds
[2025-04-26T06:39:15.818+0000] {processor.py:157} INFO - Started process (PID=212) to work on /opt/airflow/dags/kafka_stream.py
[2025-04-26T06:39:15.819+0000] {processor.py:829} INFO - Processing file /opt/airflow/dags/kafka_stream.py for tasks to queue
[2025-04-26T06:39:15.821+0000] {logging_mixin.py:151} INFO - [2025-04-26T06:39:15.821+0000] {dagbag.py:539} INFO - Filling up the DagBag from /opt/airflow/dags/kafka_stream.py
[2025-04-26T06:39:15.862+0000] {processor.py:839} INFO - DAG(s) dict_keys(['user_automation']) retrieved from /opt/airflow/dags/kafka_stream.py
[2025-04-26T06:39:15.906+0000] {logging_mixin.py:151} INFO - [2025-04-26T06:39:15.905+0000] {dag.py:2907} INFO - Sync 1 DAGs
[2025-04-26T06:39:15.939+0000] {logging_mixin.py:151} INFO - [2025-04-26T06:39:15.939+0000] {dag.py:3677} INFO - Setting next_dagrun for user_automation to 2025-04-26T00:00:00+00:00, run_after=2025-04-27T00:00:00+00:00
[2025-04-26T06:39:15.975+0000] {processor.py:179} INFO - Processing /opt/airflow/dags/kafka_stream.py took 0.162 seconds
[2025-04-26T06:39:46.301+0000] {processor.py:157} INFO - Started process (PID=213) to work on /opt/airflow/dags/kafka_stream.py
[2025-04-26T06:39:46.303+0000] {processor.py:829} INFO - Processing file /opt/airflow/dags/kafka_stream.py for tasks to queue
[2025-04-26T06:39:46.306+0000] {logging_mixin.py:151} INFO - [2025-04-26T06:39:46.305+0000] {dagbag.py:539} INFO - Filling up the DagBag from /opt/airflow/dags/kafka_stream.py
[2025-04-26T06:39:46.347+0000] {processor.py:839} INFO - DAG(s) dict_keys(['user_automation']) retrieved from /opt/airflow/dags/kafka_stream.py
[2025-04-26T06:39:46.388+0000] {logging_mixin.py:151} INFO - [2025-04-26T06:39:46.387+0000] {dag.py:2907} INFO - Sync 1 DAGs
[2025-04-26T06:39:46.429+0000] {logging_mixin.py:151} INFO - [2025-04-26T06:39:46.429+0000] {dag.py:3677} INFO - Setting next_dagrun for user_automation to 2025-04-26T00:00:00+00:00, run_after=2025-04-27T00:00:00+00:00
[2025-04-26T06:39:46.488+0000] {processor.py:179} INFO - Processing /opt/airflow/dags/kafka_stream.py took 0.193 seconds
[2025-04-26T06:40:16.737+0000] {processor.py:157} INFO - Started process (PID=214) to work on /opt/airflow/dags/kafka_stream.py
[2025-04-26T06:40:16.739+0000] {processor.py:829} INFO - Processing file /opt/airflow/dags/kafka_stream.py for tasks to queue
[2025-04-26T06:40:16.742+0000] {logging_mixin.py:151} INFO - [2025-04-26T06:40:16.741+0000] {dagbag.py:539} INFO - Filling up the DagBag from /opt/airflow/dags/kafka_stream.py
[2025-04-26T06:40:16.802+0000] {processor.py:839} INFO - DAG(s) dict_keys(['user_automation']) retrieved from /opt/airflow/dags/kafka_stream.py
[2025-04-26T06:40:16.843+0000] {logging_mixin.py:151} INFO - [2025-04-26T06:40:16.843+0000] {dag.py:2907} INFO - Sync 1 DAGs
[2025-04-26T06:40:16.883+0000] {logging_mixin.py:151} INFO - [2025-04-26T06:40:16.883+0000] {dag.py:3677} INFO - Setting next_dagrun for user_automation to 2025-04-26T00:00:00+00:00, run_after=2025-04-27T00:00:00+00:00
[2025-04-26T06:40:16.939+0000] {processor.py:179} INFO - Processing /opt/airflow/dags/kafka_stream.py took 0.210 seconds
[2025-04-26T06:40:47.206+0000] {processor.py:157} INFO - Started process (PID=215) to work on /opt/airflow/dags/kafka_stream.py
[2025-04-26T06:40:47.209+0000] {processor.py:829} INFO - Processing file /opt/airflow/dags/kafka_stream.py for tasks to queue
[2025-04-26T06:40:47.211+0000] {logging_mixin.py:151} INFO - [2025-04-26T06:40:47.210+0000] {dagbag.py:539} INFO - Filling up the DagBag from /opt/airflow/dags/kafka_stream.py
[2025-04-26T06:40:47.278+0000] {processor.py:839} INFO - DAG(s) dict_keys(['user_automation']) retrieved from /opt/airflow/dags/kafka_stream.py
[2025-04-26T06:40:47.323+0000] {logging_mixin.py:151} INFO - [2025-04-26T06:40:47.322+0000] {dag.py:2907} INFO - Sync 1 DAGs
[2025-04-26T06:40:47.355+0000] {logging_mixin.py:151} INFO - [2025-04-26T06:40:47.354+0000] {dag.py:3677} INFO - Setting next_dagrun for user_automation to 2025-04-26T00:00:00+00:00, run_after=2025-04-27T00:00:00+00:00
[2025-04-26T06:40:47.401+0000] {processor.py:179} INFO - Processing /opt/airflow/dags/kafka_stream.py took 0.202 seconds
[2025-04-26T06:41:17.691+0000] {processor.py:157} INFO - Started process (PID=216) to work on /opt/airflow/dags/kafka_stream.py
[2025-04-26T06:41:17.694+0000] {processor.py:829} INFO - Processing file /opt/airflow/dags/kafka_stream.py for tasks to queue
[2025-04-26T06:41:17.696+0000] {logging_mixin.py:151} INFO - [2025-04-26T06:41:17.696+0000] {dagbag.py:539} INFO - Filling up the DagBag from /opt/airflow/dags/kafka_stream.py
[2025-04-26T06:41:17.745+0000] {processor.py:839} INFO - DAG(s) dict_keys(['user_automation']) retrieved from /opt/airflow/dags/kafka_stream.py
[2025-04-26T06:41:17.796+0000] {logging_mixin.py:151} INFO - [2025-04-26T06:41:17.796+0000] {dag.py:2907} INFO - Sync 1 DAGs
[2025-04-26T06:41:17.835+0000] {logging_mixin.py:151} INFO - [2025-04-26T06:41:17.835+0000] {dag.py:3677} INFO - Setting next_dagrun for user_automation to 2025-04-26T00:00:00+00:00, run_after=2025-04-27T00:00:00+00:00
[2025-04-26T06:41:17.873+0000] {processor.py:179} INFO - Processing /opt/airflow/dags/kafka_stream.py took 0.190 seconds
[2025-04-26T06:41:48.098+0000] {processor.py:157} INFO - Started process (PID=217) to work on /opt/airflow/dags/kafka_stream.py
[2025-04-26T06:41:48.100+0000] {processor.py:829} INFO - Processing file /opt/airflow/dags/kafka_stream.py for tasks to queue
[2025-04-26T06:41:48.102+0000] {logging_mixin.py:151} INFO - [2025-04-26T06:41:48.101+0000] {dagbag.py:539} INFO - Filling up the DagBag from /opt/airflow/dags/kafka_stream.py
[2025-04-26T06:41:48.145+0000] {processor.py:839} INFO - DAG(s) dict_keys(['user_automation']) retrieved from /opt/airflow/dags/kafka_stream.py
[2025-04-26T06:41:48.181+0000] {logging_mixin.py:151} INFO - [2025-04-26T06:41:48.181+0000] {dag.py:2907} INFO - Sync 1 DAGs
[2025-04-26T06:41:48.215+0000] {logging_mixin.py:151} INFO - [2025-04-26T06:41:48.215+0000] {dag.py:3677} INFO - Setting next_dagrun for user_automation to 2025-04-26T00:00:00+00:00, run_after=2025-04-27T00:00:00+00:00
[2025-04-26T06:41:48.260+0000] {processor.py:179} INFO - Processing /opt/airflow/dags/kafka_stream.py took 0.167 seconds
[2025-04-26T06:42:18.700+0000] {processor.py:157} INFO - Started process (PID=218) to work on /opt/airflow/dags/kafka_stream.py
[2025-04-26T06:42:18.702+0000] {processor.py:829} INFO - Processing file /opt/airflow/dags/kafka_stream.py for tasks to queue
[2025-04-26T06:42:18.706+0000] {logging_mixin.py:151} INFO - [2025-04-26T06:42:18.705+0000] {dagbag.py:539} INFO - Filling up the DagBag from /opt/airflow/dags/kafka_stream.py
[2025-04-26T06:42:18.779+0000] {processor.py:839} INFO - DAG(s) dict_keys(['user_automation']) retrieved from /opt/airflow/dags/kafka_stream.py
[2025-04-26T06:42:18.824+0000] {logging_mixin.py:151} INFO - [2025-04-26T06:42:18.824+0000] {dag.py:2907} INFO - Sync 1 DAGs
[2025-04-26T06:42:18.867+0000] {logging_mixin.py:151} INFO - [2025-04-26T06:42:18.867+0000] {dag.py:3677} INFO - Setting next_dagrun for user_automation to 2025-04-26T00:00:00+00:00, run_after=2025-04-27T00:00:00+00:00
[2025-04-26T06:42:18.911+0000] {processor.py:179} INFO - Processing /opt/airflow/dags/kafka_stream.py took 0.216 seconds
[2025-04-26T06:42:49.061+0000] {processor.py:157} INFO - Started process (PID=219) to work on /opt/airflow/dags/kafka_stream.py
[2025-04-26T06:42:49.063+0000] {processor.py:829} INFO - Processing file /opt/airflow/dags/kafka_stream.py for tasks to queue
[2025-04-26T06:42:49.064+0000] {logging_mixin.py:151} INFO - [2025-04-26T06:42:49.064+0000] {dagbag.py:539} INFO - Filling up the DagBag from /opt/airflow/dags/kafka_stream.py
[2025-04-26T06:42:49.097+0000] {processor.py:839} INFO - DAG(s) dict_keys(['user_automation']) retrieved from /opt/airflow/dags/kafka_stream.py
[2025-04-26T06:42:49.136+0000] {logging_mixin.py:151} INFO - [2025-04-26T06:42:49.136+0000] {dag.py:2907} INFO - Sync 1 DAGs
[2025-04-26T06:42:49.170+0000] {logging_mixin.py:151} INFO - [2025-04-26T06:42:49.169+0000] {dag.py:3677} INFO - Setting next_dagrun for user_automation to 2025-04-26T00:00:00+00:00, run_after=2025-04-27T00:00:00+00:00
[2025-04-26T06:42:49.216+0000] {processor.py:179} INFO - Processing /opt/airflow/dags/kafka_stream.py took 0.159 seconds
[2025-04-26T06:43:19.587+0000] {processor.py:157} INFO - Started process (PID=220) to work on /opt/airflow/dags/kafka_stream.py
[2025-04-26T06:43:19.590+0000] {processor.py:829} INFO - Processing file /opt/airflow/dags/kafka_stream.py for tasks to queue
[2025-04-26T06:43:19.593+0000] {logging_mixin.py:151} INFO - [2025-04-26T06:43:19.592+0000] {dagbag.py:539} INFO - Filling up the DagBag from /opt/airflow/dags/kafka_stream.py
[2025-04-26T06:43:19.671+0000] {processor.py:839} INFO - DAG(s) dict_keys(['user_automation']) retrieved from /opt/airflow/dags/kafka_stream.py
[2025-04-26T06:43:19.726+0000] {logging_mixin.py:151} INFO - [2025-04-26T06:43:19.725+0000] {dag.py:2907} INFO - Sync 1 DAGs
[2025-04-26T06:43:19.760+0000] {logging_mixin.py:151} INFO - [2025-04-26T06:43:19.760+0000] {dag.py:3677} INFO - Setting next_dagrun for user_automation to 2025-04-26T00:00:00+00:00, run_after=2025-04-27T00:00:00+00:00
[2025-04-26T06:43:19.805+0000] {processor.py:179} INFO - Processing /opt/airflow/dags/kafka_stream.py took 0.225 seconds
[2025-04-26T06:43:49.907+0000] {processor.py:157} INFO - Started process (PID=221) to work on /opt/airflow/dags/kafka_stream.py
[2025-04-26T06:43:49.909+0000] {processor.py:829} INFO - Processing file /opt/airflow/dags/kafka_stream.py for tasks to queue
[2025-04-26T06:43:49.912+0000] {logging_mixin.py:151} INFO - [2025-04-26T06:43:49.911+0000] {dagbag.py:539} INFO - Filling up the DagBag from /opt/airflow/dags/kafka_stream.py
[2025-04-26T06:43:49.974+0000] {processor.py:839} INFO - DAG(s) dict_keys(['user_automation']) retrieved from /opt/airflow/dags/kafka_stream.py
[2025-04-26T06:43:50.031+0000] {logging_mixin.py:151} INFO - [2025-04-26T06:43:50.031+0000] {dag.py:2907} INFO - Sync 1 DAGs
[2025-04-26T06:43:50.075+0000] {logging_mixin.py:151} INFO - [2025-04-26T06:43:50.075+0000] {dag.py:3677} INFO - Setting next_dagrun for user_automation to 2025-04-26T00:00:00+00:00, run_after=2025-04-27T00:00:00+00:00
[2025-04-26T06:43:50.112+0000] {processor.py:179} INFO - Processing /opt/airflow/dags/kafka_stream.py took 0.212 seconds
[2025-04-26T06:44:20.251+0000] {processor.py:157} INFO - Started process (PID=222) to work on /opt/airflow/dags/kafka_stream.py
[2025-04-26T06:44:20.253+0000] {processor.py:829} INFO - Processing file /opt/airflow/dags/kafka_stream.py for tasks to queue
[2025-04-26T06:44:20.254+0000] {logging_mixin.py:151} INFO - [2025-04-26T06:44:20.254+0000] {dagbag.py:539} INFO - Filling up the DagBag from /opt/airflow/dags/kafka_stream.py
[2025-04-26T06:44:20.287+0000] {processor.py:839} INFO - DAG(s) dict_keys(['user_automation']) retrieved from /opt/airflow/dags/kafka_stream.py
[2025-04-26T06:44:20.334+0000] {logging_mixin.py:151} INFO - [2025-04-26T06:44:20.334+0000] {dag.py:2907} INFO - Sync 1 DAGs
[2025-04-26T06:44:20.379+0000] {logging_mixin.py:151} INFO - [2025-04-26T06:44:20.378+0000] {dag.py:3677} INFO - Setting next_dagrun for user_automation to 2025-04-26T00:00:00+00:00, run_after=2025-04-27T00:00:00+00:00
[2025-04-26T06:44:20.429+0000] {processor.py:179} INFO - Processing /opt/airflow/dags/kafka_stream.py took 0.189 seconds
[2025-04-26T06:44:50.847+0000] {processor.py:157} INFO - Started process (PID=223) to work on /opt/airflow/dags/kafka_stream.py
[2025-04-26T06:44:50.850+0000] {processor.py:829} INFO - Processing file /opt/airflow/dags/kafka_stream.py for tasks to queue
[2025-04-26T06:44:50.854+0000] {logging_mixin.py:151} INFO - [2025-04-26T06:44:50.853+0000] {dagbag.py:539} INFO - Filling up the DagBag from /opt/airflow/dags/kafka_stream.py
[2025-04-26T06:44:50.935+0000] {processor.py:839} INFO - DAG(s) dict_keys(['user_automation']) retrieved from /opt/airflow/dags/kafka_stream.py
[2025-04-26T06:44:50.974+0000] {logging_mixin.py:151} INFO - [2025-04-26T06:44:50.974+0000] {dag.py:2907} INFO - Sync 1 DAGs
[2025-04-26T06:44:51.015+0000] {logging_mixin.py:151} INFO - [2025-04-26T06:44:51.014+0000] {dag.py:3677} INFO - Setting next_dagrun for user_automation to 2025-04-26T00:00:00+00:00, run_after=2025-04-27T00:00:00+00:00
[2025-04-26T06:44:51.052+0000] {processor.py:179} INFO - Processing /opt/airflow/dags/kafka_stream.py took 0.212 seconds
[2025-04-26T06:45:21.182+0000] {processor.py:157} INFO - Started process (PID=224) to work on /opt/airflow/dags/kafka_stream.py
[2025-04-26T06:45:21.185+0000] {processor.py:829} INFO - Processing file /opt/airflow/dags/kafka_stream.py for tasks to queue
[2025-04-26T06:45:21.188+0000] {logging_mixin.py:151} INFO - [2025-04-26T06:45:21.187+0000] {dagbag.py:539} INFO - Filling up the DagBag from /opt/airflow/dags/kafka_stream.py
[2025-04-26T06:45:21.264+0000] {processor.py:839} INFO - DAG(s) dict_keys(['user_automation']) retrieved from /opt/airflow/dags/kafka_stream.py
[2025-04-26T06:45:21.328+0000] {logging_mixin.py:151} INFO - [2025-04-26T06:45:21.327+0000] {dag.py:2907} INFO - Sync 1 DAGs
[2025-04-26T06:45:21.374+0000] {logging_mixin.py:151} INFO - [2025-04-26T06:45:21.374+0000] {dag.py:3677} INFO - Setting next_dagrun for user_automation to 2025-04-26T00:00:00+00:00, run_after=2025-04-27T00:00:00+00:00
[2025-04-26T06:45:21.420+0000] {processor.py:179} INFO - Processing /opt/airflow/dags/kafka_stream.py took 0.247 seconds
[2025-04-26T06:45:51.886+0000] {processor.py:157} INFO - Started process (PID=225) to work on /opt/airflow/dags/kafka_stream.py
[2025-04-26T06:45:51.888+0000] {processor.py:829} INFO - Processing file /opt/airflow/dags/kafka_stream.py for tasks to queue
[2025-04-26T06:45:51.890+0000] {logging_mixin.py:151} INFO - [2025-04-26T06:45:51.889+0000] {dagbag.py:539} INFO - Filling up the DagBag from /opt/airflow/dags/kafka_stream.py
[2025-04-26T06:45:52.038+0000] {processor.py:839} INFO - DAG(s) dict_keys(['user_automation']) retrieved from /opt/airflow/dags/kafka_stream.py
[2025-04-26T06:45:52.086+0000] {logging_mixin.py:151} INFO - [2025-04-26T06:45:52.086+0000] {dag.py:2907} INFO - Sync 1 DAGs
[2025-04-26T06:45:52.128+0000] {logging_mixin.py:151} INFO - [2025-04-26T06:45:52.127+0000] {dag.py:3677} INFO - Setting next_dagrun for user_automation to 2025-04-26T00:00:00+00:00, run_after=2025-04-27T00:00:00+00:00
[2025-04-26T06:45:52.234+0000] {processor.py:179} INFO - Processing /opt/airflow/dags/kafka_stream.py took 0.352 seconds
[2025-04-26T06:46:22.587+0000] {processor.py:157} INFO - Started process (PID=226) to work on /opt/airflow/dags/kafka_stream.py
[2025-04-26T06:46:22.589+0000] {processor.py:829} INFO - Processing file /opt/airflow/dags/kafka_stream.py for tasks to queue
[2025-04-26T06:46:22.592+0000] {logging_mixin.py:151} INFO - [2025-04-26T06:46:22.591+0000] {dagbag.py:539} INFO - Filling up the DagBag from /opt/airflow/dags/kafka_stream.py
[2025-04-26T06:46:22.648+0000] {processor.py:839} INFO - DAG(s) dict_keys(['user_automation']) retrieved from /opt/airflow/dags/kafka_stream.py
[2025-04-26T06:46:22.698+0000] {logging_mixin.py:151} INFO - [2025-04-26T06:46:22.697+0000] {dag.py:2907} INFO - Sync 1 DAGs
[2025-04-26T06:46:22.740+0000] {logging_mixin.py:151} INFO - [2025-04-26T06:46:22.740+0000] {dag.py:3677} INFO - Setting next_dagrun for user_automation to 2025-04-26T00:00:00+00:00, run_after=2025-04-27T00:00:00+00:00
[2025-04-26T06:46:22.790+0000] {processor.py:179} INFO - Processing /opt/airflow/dags/kafka_stream.py took 0.210 seconds
[2025-04-26T06:46:52.923+0000] {processor.py:157} INFO - Started process (PID=227) to work on /opt/airflow/dags/kafka_stream.py
[2025-04-26T06:46:52.925+0000] {processor.py:829} INFO - Processing file /opt/airflow/dags/kafka_stream.py for tasks to queue
[2025-04-26T06:46:52.927+0000] {logging_mixin.py:151} INFO - [2025-04-26T06:46:52.927+0000] {dagbag.py:539} INFO - Filling up the DagBag from /opt/airflow/dags/kafka_stream.py
[2025-04-26T06:46:52.992+0000] {processor.py:839} INFO - DAG(s) dict_keys(['user_automation']) retrieved from /opt/airflow/dags/kafka_stream.py
[2025-04-26T06:46:53.048+0000] {logging_mixin.py:151} INFO - [2025-04-26T06:46:53.047+0000] {dag.py:2907} INFO - Sync 1 DAGs
[2025-04-26T06:46:53.088+0000] {logging_mixin.py:151} INFO - [2025-04-26T06:46:53.087+0000] {dag.py:3677} INFO - Setting next_dagrun for user_automation to 2025-04-26T00:00:00+00:00, run_after=2025-04-27T00:00:00+00:00
[2025-04-26T06:46:53.119+0000] {processor.py:179} INFO - Processing /opt/airflow/dags/kafka_stream.py took 0.203 seconds
[2025-04-26T06:47:23.518+0000] {processor.py:157} INFO - Started process (PID=228) to work on /opt/airflow/dags/kafka_stream.py
[2025-04-26T06:47:23.520+0000] {processor.py:829} INFO - Processing file /opt/airflow/dags/kafka_stream.py for tasks to queue
[2025-04-26T06:47:23.523+0000] {logging_mixin.py:151} INFO - [2025-04-26T06:47:23.523+0000] {dagbag.py:539} INFO - Filling up the DagBag from /opt/airflow/dags/kafka_stream.py
[2025-04-26T06:47:23.577+0000] {processor.py:839} INFO - DAG(s) dict_keys(['user_automation']) retrieved from /opt/airflow/dags/kafka_stream.py
[2025-04-26T06:47:23.618+0000] {logging_mixin.py:151} INFO - [2025-04-26T06:47:23.618+0000] {dag.py:2907} INFO - Sync 1 DAGs
[2025-04-26T06:47:23.656+0000] {logging_mixin.py:151} INFO - [2025-04-26T06:47:23.656+0000] {dag.py:3677} INFO - Setting next_dagrun for user_automation to 2025-04-26T00:00:00+00:00, run_after=2025-04-27T00:00:00+00:00
[2025-04-26T06:47:23.690+0000] {processor.py:179} INFO - Processing /opt/airflow/dags/kafka_stream.py took 0.179 seconds
[2025-04-26T06:47:53.869+0000] {processor.py:157} INFO - Started process (PID=229) to work on /opt/airflow/dags/kafka_stream.py
[2025-04-26T06:47:53.871+0000] {processor.py:829} INFO - Processing file /opt/airflow/dags/kafka_stream.py for tasks to queue
[2025-04-26T06:47:53.873+0000] {logging_mixin.py:151} INFO - [2025-04-26T06:47:53.873+0000] {dagbag.py:539} INFO - Filling up the DagBag from /opt/airflow/dags/kafka_stream.py
[2025-04-26T06:47:53.932+0000] {processor.py:839} INFO - DAG(s) dict_keys(['user_automation']) retrieved from /opt/airflow/dags/kafka_stream.py
[2025-04-26T06:47:53.983+0000] {logging_mixin.py:151} INFO - [2025-04-26T06:47:53.983+0000] {dag.py:2907} INFO - Sync 1 DAGs
[2025-04-26T06:47:54.022+0000] {logging_mixin.py:151} INFO - [2025-04-26T06:47:54.022+0000] {dag.py:3677} INFO - Setting next_dagrun for user_automation to 2025-04-26T00:00:00+00:00, run_after=2025-04-27T00:00:00+00:00
[2025-04-26T06:47:54.062+0000] {processor.py:179} INFO - Processing /opt/airflow/dags/kafka_stream.py took 0.199 seconds
[2025-04-26T06:48:24.343+0000] {processor.py:157} INFO - Started process (PID=230) to work on /opt/airflow/dags/kafka_stream.py
[2025-04-26T06:48:24.345+0000] {processor.py:829} INFO - Processing file /opt/airflow/dags/kafka_stream.py for tasks to queue
[2025-04-26T06:48:24.346+0000] {logging_mixin.py:151} INFO - [2025-04-26T06:48:24.346+0000] {dagbag.py:539} INFO - Filling up the DagBag from /opt/airflow/dags/kafka_stream.py
[2025-04-26T06:48:24.400+0000] {processor.py:839} INFO - DAG(s) dict_keys(['user_automation']) retrieved from /opt/airflow/dags/kafka_stream.py
[2025-04-26T06:48:24.449+0000] {logging_mixin.py:151} INFO - [2025-04-26T06:48:24.449+0000] {dag.py:2907} INFO - Sync 1 DAGs
[2025-04-26T06:48:24.500+0000] {logging_mixin.py:151} INFO - [2025-04-26T06:48:24.500+0000] {dag.py:3677} INFO - Setting next_dagrun for user_automation to 2025-04-26T00:00:00+00:00, run_after=2025-04-27T00:00:00+00:00
[2025-04-26T06:48:24.532+0000] {processor.py:179} INFO - Processing /opt/airflow/dags/kafka_stream.py took 0.195 seconds
[2025-04-26T06:48:54.737+0000] {processor.py:157} INFO - Started process (PID=231) to work on /opt/airflow/dags/kafka_stream.py
[2025-04-26T06:48:54.739+0000] {processor.py:829} INFO - Processing file /opt/airflow/dags/kafka_stream.py for tasks to queue
[2025-04-26T06:48:54.740+0000] {logging_mixin.py:151} INFO - [2025-04-26T06:48:54.740+0000] {dagbag.py:539} INFO - Filling up the DagBag from /opt/airflow/dags/kafka_stream.py
[2025-04-26T06:48:54.768+0000] {processor.py:839} INFO - DAG(s) dict_keys(['user_automation']) retrieved from /opt/airflow/dags/kafka_stream.py
[2025-04-26T06:48:54.806+0000] {logging_mixin.py:151} INFO - [2025-04-26T06:48:54.806+0000] {dag.py:2907} INFO - Sync 1 DAGs
[2025-04-26T06:48:54.851+0000] {logging_mixin.py:151} INFO - [2025-04-26T06:48:54.850+0000] {dag.py:3677} INFO - Setting next_dagrun for user_automation to 2025-04-26T00:00:00+00:00, run_after=2025-04-27T00:00:00+00:00
[2025-04-26T06:48:54.905+0000] {processor.py:179} INFO - Processing /opt/airflow/dags/kafka_stream.py took 0.172 seconds
[2025-04-26T06:49:25.181+0000] {processor.py:157} INFO - Started process (PID=232) to work on /opt/airflow/dags/kafka_stream.py
[2025-04-26T06:49:25.184+0000] {processor.py:829} INFO - Processing file /opt/airflow/dags/kafka_stream.py for tasks to queue
[2025-04-26T06:49:25.187+0000] {logging_mixin.py:151} INFO - [2025-04-26T06:49:25.186+0000] {dagbag.py:539} INFO - Filling up the DagBag from /opt/airflow/dags/kafka_stream.py
[2025-04-26T06:49:25.280+0000] {processor.py:839} INFO - DAG(s) dict_keys(['user_automation']) retrieved from /opt/airflow/dags/kafka_stream.py
[2025-04-26T06:49:25.336+0000] {logging_mixin.py:151} INFO - [2025-04-26T06:49:25.335+0000] {dag.py:2907} INFO - Sync 1 DAGs
[2025-04-26T06:49:25.384+0000] {logging_mixin.py:151} INFO - [2025-04-26T06:49:25.384+0000] {dag.py:3677} INFO - Setting next_dagrun for user_automation to 2025-04-26T00:00:00+00:00, run_after=2025-04-27T00:00:00+00:00
[2025-04-26T06:49:25.441+0000] {processor.py:179} INFO - Processing /opt/airflow/dags/kafka_stream.py took 0.268 seconds
[2025-04-26T06:49:55.615+0000] {processor.py:157} INFO - Started process (PID=233) to work on /opt/airflow/dags/kafka_stream.py
[2025-04-26T06:49:55.616+0000] {processor.py:829} INFO - Processing file /opt/airflow/dags/kafka_stream.py for tasks to queue
[2025-04-26T06:49:55.618+0000] {logging_mixin.py:151} INFO - [2025-04-26T06:49:55.617+0000] {dagbag.py:539} INFO - Filling up the DagBag from /opt/airflow/dags/kafka_stream.py
[2025-04-26T06:49:55.652+0000] {processor.py:839} INFO - DAG(s) dict_keys(['user_automation']) retrieved from /opt/airflow/dags/kafka_stream.py
[2025-04-26T06:49:55.684+0000] {logging_mixin.py:151} INFO - [2025-04-26T06:49:55.684+0000] {dag.py:2907} INFO - Sync 1 DAGs
[2025-04-26T06:49:55.723+0000] {logging_mixin.py:151} INFO - [2025-04-26T06:49:55.723+0000] {dag.py:3677} INFO - Setting next_dagrun for user_automation to 2025-04-26T00:00:00+00:00, run_after=2025-04-27T00:00:00+00:00
[2025-04-26T06:49:55.763+0000] {processor.py:179} INFO - Processing /opt/airflow/dags/kafka_stream.py took 0.153 seconds
[2025-04-26T06:50:25.948+0000] {processor.py:157} INFO - Started process (PID=234) to work on /opt/airflow/dags/kafka_stream.py
[2025-04-26T06:50:25.950+0000] {processor.py:829} INFO - Processing file /opt/airflow/dags/kafka_stream.py for tasks to queue
[2025-04-26T06:50:25.952+0000] {logging_mixin.py:151} INFO - [2025-04-26T06:50:25.951+0000] {dagbag.py:539} INFO - Filling up the DagBag from /opt/airflow/dags/kafka_stream.py
[2025-04-26T06:50:25.999+0000] {processor.py:839} INFO - DAG(s) dict_keys(['user_automation']) retrieved from /opt/airflow/dags/kafka_stream.py
[2025-04-26T06:50:26.042+0000] {logging_mixin.py:151} INFO - [2025-04-26T06:50:26.041+0000] {dag.py:2907} INFO - Sync 1 DAGs
[2025-04-26T06:50:26.077+0000] {logging_mixin.py:151} INFO - [2025-04-26T06:50:26.076+0000] {dag.py:3677} INFO - Setting next_dagrun for user_automation to 2025-04-26T00:00:00+00:00, run_after=2025-04-27T00:00:00+00:00
[2025-04-26T06:50:26.117+0000] {processor.py:179} INFO - Processing /opt/airflow/dags/kafka_stream.py took 0.176 seconds
[2025-04-26T06:50:56.405+0000] {processor.py:157} INFO - Started process (PID=235) to work on /opt/airflow/dags/kafka_stream.py
[2025-04-26T06:50:56.406+0000] {processor.py:829} INFO - Processing file /opt/airflow/dags/kafka_stream.py for tasks to queue
[2025-04-26T06:50:56.408+0000] {logging_mixin.py:151} INFO - [2025-04-26T06:50:56.408+0000] {dagbag.py:539} INFO - Filling up the DagBag from /opt/airflow/dags/kafka_stream.py
[2025-04-26T06:50:56.472+0000] {processor.py:839} INFO - DAG(s) dict_keys(['user_automation']) retrieved from /opt/airflow/dags/kafka_stream.py
[2025-04-26T06:50:56.521+0000] {logging_mixin.py:151} INFO - [2025-04-26T06:50:56.521+0000] {dag.py:2907} INFO - Sync 1 DAGs
[2025-04-26T06:50:56.568+0000] {logging_mixin.py:151} INFO - [2025-04-26T06:50:56.567+0000] {dag.py:3677} INFO - Setting next_dagrun for user_automation to 2025-04-26T00:00:00+00:00, run_after=2025-04-27T00:00:00+00:00
[2025-04-26T06:50:56.623+0000] {processor.py:179} INFO - Processing /opt/airflow/dags/kafka_stream.py took 0.223 seconds
[2025-04-26T06:51:26.794+0000] {processor.py:157} INFO - Started process (PID=236) to work on /opt/airflow/dags/kafka_stream.py
[2025-04-26T06:51:26.797+0000] {processor.py:829} INFO - Processing file /opt/airflow/dags/kafka_stream.py for tasks to queue
[2025-04-26T06:51:26.801+0000] {logging_mixin.py:151} INFO - [2025-04-26T06:51:26.800+0000] {dagbag.py:539} INFO - Filling up the DagBag from /opt/airflow/dags/kafka_stream.py
[2025-04-26T06:51:26.875+0000] {processor.py:839} INFO - DAG(s) dict_keys(['user_automation']) retrieved from /opt/airflow/dags/kafka_stream.py
[2025-04-26T06:51:26.966+0000] {logging_mixin.py:151} INFO - [2025-04-26T06:51:26.966+0000] {dag.py:2907} INFO - Sync 1 DAGs
[2025-04-26T06:51:27.023+0000] {logging_mixin.py:151} INFO - [2025-04-26T06:51:27.022+0000] {dag.py:3677} INFO - Setting next_dagrun for user_automation to 2025-04-26T00:00:00+00:00, run_after=2025-04-27T00:00:00+00:00
[2025-04-26T06:51:27.055+0000] {processor.py:179} INFO - Processing /opt/airflow/dags/kafka_stream.py took 0.272 seconds
[2025-04-26T06:51:57.265+0000] {processor.py:157} INFO - Started process (PID=237) to work on /opt/airflow/dags/kafka_stream.py
[2025-04-26T06:51:57.267+0000] {processor.py:829} INFO - Processing file /opt/airflow/dags/kafka_stream.py for tasks to queue
[2025-04-26T06:51:57.269+0000] {logging_mixin.py:151} INFO - [2025-04-26T06:51:57.269+0000] {dagbag.py:539} INFO - Filling up the DagBag from /opt/airflow/dags/kafka_stream.py
[2025-04-26T06:51:57.321+0000] {processor.py:839} INFO - DAG(s) dict_keys(['user_automation']) retrieved from /opt/airflow/dags/kafka_stream.py
[2025-04-26T06:51:57.377+0000] {logging_mixin.py:151} INFO - [2025-04-26T06:51:57.377+0000] {dag.py:2907} INFO - Sync 1 DAGs
[2025-04-26T06:51:57.420+0000] {logging_mixin.py:151} INFO - [2025-04-26T06:51:57.420+0000] {dag.py:3677} INFO - Setting next_dagrun for user_automation to 2025-04-26T00:00:00+00:00, run_after=2025-04-27T00:00:00+00:00
[2025-04-26T06:51:57.460+0000] {processor.py:179} INFO - Processing /opt/airflow/dags/kafka_stream.py took 0.201 seconds
[2025-04-26T06:52:27.835+0000] {processor.py:157} INFO - Started process (PID=238) to work on /opt/airflow/dags/kafka_stream.py
[2025-04-26T06:52:27.837+0000] {processor.py:829} INFO - Processing file /opt/airflow/dags/kafka_stream.py for tasks to queue
[2025-04-26T06:52:27.840+0000] {logging_mixin.py:151} INFO - [2025-04-26T06:52:27.839+0000] {dagbag.py:539} INFO - Filling up the DagBag from /opt/airflow/dags/kafka_stream.py
[2025-04-26T06:52:27.905+0000] {processor.py:839} INFO - DAG(s) dict_keys(['user_automation']) retrieved from /opt/airflow/dags/kafka_stream.py
[2025-04-26T06:52:27.954+0000] {logging_mixin.py:151} INFO - [2025-04-26T06:52:27.953+0000] {dag.py:2907} INFO - Sync 1 DAGs
[2025-04-26T06:52:27.991+0000] {logging_mixin.py:151} INFO - [2025-04-26T06:52:27.991+0000] {dag.py:3677} INFO - Setting next_dagrun for user_automation to 2025-04-26T00:00:00+00:00, run_after=2025-04-27T00:00:00+00:00
[2025-04-26T06:52:28.047+0000] {processor.py:179} INFO - Processing /opt/airflow/dags/kafka_stream.py took 0.217 seconds
[2025-04-26T06:52:58.149+0000] {processor.py:157} INFO - Started process (PID=239) to work on /opt/airflow/dags/kafka_stream.py
[2025-04-26T06:52:58.151+0000] {processor.py:829} INFO - Processing file /opt/airflow/dags/kafka_stream.py for tasks to queue
[2025-04-26T06:52:58.153+0000] {logging_mixin.py:151} INFO - [2025-04-26T06:52:58.152+0000] {dagbag.py:539} INFO - Filling up the DagBag from /opt/airflow/dags/kafka_stream.py
[2025-04-26T06:52:58.194+0000] {processor.py:839} INFO - DAG(s) dict_keys(['user_automation']) retrieved from /opt/airflow/dags/kafka_stream.py
[2025-04-26T06:52:58.231+0000] {logging_mixin.py:151} INFO - [2025-04-26T06:52:58.230+0000] {dag.py:2907} INFO - Sync 1 DAGs
[2025-04-26T06:52:58.267+0000] {logging_mixin.py:151} INFO - [2025-04-26T06:52:58.266+0000] {dag.py:3677} INFO - Setting next_dagrun for user_automation to 2025-04-26T00:00:00+00:00, run_after=2025-04-27T00:00:00+00:00
[2025-04-26T06:52:58.312+0000] {processor.py:179} INFO - Processing /opt/airflow/dags/kafka_stream.py took 0.168 seconds
[2025-04-26T06:53:28.494+0000] {processor.py:157} INFO - Started process (PID=240) to work on /opt/airflow/dags/kafka_stream.py
[2025-04-26T06:53:28.496+0000] {processor.py:829} INFO - Processing file /opt/airflow/dags/kafka_stream.py for tasks to queue
[2025-04-26T06:53:28.498+0000] {logging_mixin.py:151} INFO - [2025-04-26T06:53:28.497+0000] {dagbag.py:539} INFO - Filling up the DagBag from /opt/airflow/dags/kafka_stream.py
[2025-04-26T06:53:28.565+0000] {processor.py:839} INFO - DAG(s) dict_keys(['user_automation']) retrieved from /opt/airflow/dags/kafka_stream.py
[2025-04-26T06:53:28.620+0000] {logging_mixin.py:151} INFO - [2025-04-26T06:53:28.620+0000] {dag.py:2907} INFO - Sync 1 DAGs
[2025-04-26T06:53:28.660+0000] {logging_mixin.py:151} INFO - [2025-04-26T06:53:28.660+0000] {dag.py:3677} INFO - Setting next_dagrun for user_automation to 2025-04-26T00:00:00+00:00, run_after=2025-04-27T00:00:00+00:00
[2025-04-26T06:53:28.708+0000] {processor.py:179} INFO - Processing /opt/airflow/dags/kafka_stream.py took 0.220 seconds
[2025-04-26T06:53:59.004+0000] {processor.py:157} INFO - Started process (PID=241) to work on /opt/airflow/dags/kafka_stream.py
[2025-04-26T06:53:59.006+0000] {processor.py:829} INFO - Processing file /opt/airflow/dags/kafka_stream.py for tasks to queue
[2025-04-26T06:53:59.009+0000] {logging_mixin.py:151} INFO - [2025-04-26T06:53:59.008+0000] {dagbag.py:539} INFO - Filling up the DagBag from /opt/airflow/dags/kafka_stream.py
[2025-04-26T06:53:59.081+0000] {processor.py:839} INFO - DAG(s) dict_keys(['user_automation']) retrieved from /opt/airflow/dags/kafka_stream.py
[2025-04-26T06:53:59.119+0000] {logging_mixin.py:151} INFO - [2025-04-26T06:53:59.119+0000] {dag.py:2907} INFO - Sync 1 DAGs
[2025-04-26T06:53:59.150+0000] {logging_mixin.py:151} INFO - [2025-04-26T06:53:59.150+0000] {dag.py:3677} INFO - Setting next_dagrun for user_automation to 2025-04-26T00:00:00+00:00, run_after=2025-04-27T00:00:00+00:00
[2025-04-26T06:53:59.197+0000] {processor.py:179} INFO - Processing /opt/airflow/dags/kafka_stream.py took 0.198 seconds
[2025-04-26T06:54:29.455+0000] {processor.py:157} INFO - Started process (PID=242) to work on /opt/airflow/dags/kafka_stream.py
[2025-04-26T06:54:29.457+0000] {processor.py:829} INFO - Processing file /opt/airflow/dags/kafka_stream.py for tasks to queue
[2025-04-26T06:54:29.459+0000] {logging_mixin.py:151} INFO - [2025-04-26T06:54:29.459+0000] {dagbag.py:539} INFO - Filling up the DagBag from /opt/airflow/dags/kafka_stream.py
[2025-04-26T06:54:29.588+0000] {processor.py:839} INFO - DAG(s) dict_keys(['user_automation']) retrieved from /opt/airflow/dags/kafka_stream.py
[2025-04-26T06:54:29.645+0000] {logging_mixin.py:151} INFO - [2025-04-26T06:54:29.644+0000] {dag.py:2907} INFO - Sync 1 DAGs
[2025-04-26T06:54:29.695+0000] {logging_mixin.py:151} INFO - [2025-04-26T06:54:29.694+0000] {dag.py:3677} INFO - Setting next_dagrun for user_automation to 2025-04-26T00:00:00+00:00, run_after=2025-04-27T00:00:00+00:00
[2025-04-26T06:54:29.773+0000] {processor.py:179} INFO - Processing /opt/airflow/dags/kafka_stream.py took 0.324 seconds
[2025-04-26T06:54:59.954+0000] {processor.py:157} INFO - Started process (PID=243) to work on /opt/airflow/dags/kafka_stream.py
[2025-04-26T06:54:59.956+0000] {processor.py:829} INFO - Processing file /opt/airflow/dags/kafka_stream.py for tasks to queue
[2025-04-26T06:54:59.958+0000] {logging_mixin.py:151} INFO - [2025-04-26T06:54:59.957+0000] {dagbag.py:539} INFO - Filling up the DagBag from /opt/airflow/dags/kafka_stream.py
[2025-04-26T06:55:00.026+0000] {processor.py:839} INFO - DAG(s) dict_keys(['user_automation']) retrieved from /opt/airflow/dags/kafka_stream.py
[2025-04-26T06:55:00.065+0000] {logging_mixin.py:151} INFO - [2025-04-26T06:55:00.065+0000] {dag.py:2907} INFO - Sync 1 DAGs
[2025-04-26T06:55:00.094+0000] {logging_mixin.py:151} INFO - [2025-04-26T06:55:00.094+0000] {dag.py:3677} INFO - Setting next_dagrun for user_automation to 2025-04-26T00:00:00+00:00, run_after=2025-04-27T00:00:00+00:00
[2025-04-26T06:55:00.123+0000] {processor.py:179} INFO - Processing /opt/airflow/dags/kafka_stream.py took 0.175 seconds
[2025-04-26T06:55:30.410+0000] {processor.py:157} INFO - Started process (PID=244) to work on /opt/airflow/dags/kafka_stream.py
[2025-04-26T06:55:30.412+0000] {processor.py:829} INFO - Processing file /opt/airflow/dags/kafka_stream.py for tasks to queue
[2025-04-26T06:55:30.414+0000] {logging_mixin.py:151} INFO - [2025-04-26T06:55:30.414+0000] {dagbag.py:539} INFO - Filling up the DagBag from /opt/airflow/dags/kafka_stream.py
[2025-04-26T06:55:30.459+0000] {processor.py:839} INFO - DAG(s) dict_keys(['user_automation']) retrieved from /opt/airflow/dags/kafka_stream.py
[2025-04-26T06:55:30.517+0000] {logging_mixin.py:151} INFO - [2025-04-26T06:55:30.516+0000] {dag.py:2907} INFO - Sync 1 DAGs
[2025-04-26T06:55:30.579+0000] {logging_mixin.py:151} INFO - [2025-04-26T06:55:30.579+0000] {dag.py:3677} INFO - Setting next_dagrun for user_automation to 2025-04-26T00:00:00+00:00, run_after=2025-04-27T00:00:00+00:00
[2025-04-26T06:55:30.624+0000] {processor.py:179} INFO - Processing /opt/airflow/dags/kafka_stream.py took 0.218 seconds
[2025-04-26T06:56:01.122+0000] {processor.py:157} INFO - Started process (PID=245) to work on /opt/airflow/dags/kafka_stream.py
[2025-04-26T06:56:01.125+0000] {processor.py:829} INFO - Processing file /opt/airflow/dags/kafka_stream.py for tasks to queue
[2025-04-26T06:56:01.128+0000] {logging_mixin.py:151} INFO - [2025-04-26T06:56:01.127+0000] {dagbag.py:539} INFO - Filling up the DagBag from /opt/airflow/dags/kafka_stream.py
[2025-04-26T06:56:01.196+0000] {processor.py:839} INFO - DAG(s) dict_keys(['user_automation']) retrieved from /opt/airflow/dags/kafka_stream.py
[2025-04-26T06:56:01.249+0000] {logging_mixin.py:151} INFO - [2025-04-26T06:56:01.248+0000] {dag.py:2907} INFO - Sync 1 DAGs
[2025-04-26T06:56:01.294+0000] {logging_mixin.py:151} INFO - [2025-04-26T06:56:01.294+0000] {dag.py:3677} INFO - Setting next_dagrun for user_automation to 2025-04-26T00:00:00+00:00, run_after=2025-04-27T00:00:00+00:00
[2025-04-26T06:56:01.345+0000] {processor.py:179} INFO - Processing /opt/airflow/dags/kafka_stream.py took 0.231 seconds
[2025-04-26T06:56:31.522+0000] {processor.py:157} INFO - Started process (PID=246) to work on /opt/airflow/dags/kafka_stream.py
[2025-04-26T06:56:31.524+0000] {processor.py:829} INFO - Processing file /opt/airflow/dags/kafka_stream.py for tasks to queue
[2025-04-26T06:56:31.526+0000] {logging_mixin.py:151} INFO - [2025-04-26T06:56:31.525+0000] {dagbag.py:539} INFO - Filling up the DagBag from /opt/airflow/dags/kafka_stream.py
[2025-04-26T06:56:31.587+0000] {processor.py:839} INFO - DAG(s) dict_keys(['user_automation']) retrieved from /opt/airflow/dags/kafka_stream.py
[2025-04-26T06:56:31.636+0000] {logging_mixin.py:151} INFO - [2025-04-26T06:56:31.635+0000] {dag.py:2907} INFO - Sync 1 DAGs
[2025-04-26T06:56:31.673+0000] {logging_mixin.py:151} INFO - [2025-04-26T06:56:31.673+0000] {dag.py:3677} INFO - Setting next_dagrun for user_automation to 2025-04-26T00:00:00+00:00, run_after=2025-04-27T00:00:00+00:00
[2025-04-26T06:56:31.712+0000] {processor.py:179} INFO - Processing /opt/airflow/dags/kafka_stream.py took 0.197 seconds
[2025-04-26T06:57:01.988+0000] {processor.py:157} INFO - Started process (PID=247) to work on /opt/airflow/dags/kafka_stream.py
[2025-04-26T06:57:01.990+0000] {processor.py:829} INFO - Processing file /opt/airflow/dags/kafka_stream.py for tasks to queue
[2025-04-26T06:57:01.992+0000] {logging_mixin.py:151} INFO - [2025-04-26T06:57:01.992+0000] {dagbag.py:539} INFO - Filling up the DagBag from /opt/airflow/dags/kafka_stream.py
[2025-04-26T06:57:02.053+0000] {processor.py:839} INFO - DAG(s) dict_keys(['user_automation']) retrieved from /opt/airflow/dags/kafka_stream.py
[2025-04-26T06:57:02.102+0000] {logging_mixin.py:151} INFO - [2025-04-26T06:57:02.101+0000] {dag.py:2907} INFO - Sync 1 DAGs
[2025-04-26T06:57:02.148+0000] {logging_mixin.py:151} INFO - [2025-04-26T06:57:02.147+0000] {dag.py:3677} INFO - Setting next_dagrun for user_automation to 2025-04-26T00:00:00+00:00, run_after=2025-04-27T00:00:00+00:00
[2025-04-26T06:57:02.189+0000] {processor.py:179} INFO - Processing /opt/airflow/dags/kafka_stream.py took 0.205 seconds
[2025-04-26T06:57:32.513+0000] {processor.py:157} INFO - Started process (PID=248) to work on /opt/airflow/dags/kafka_stream.py
[2025-04-26T06:57:32.516+0000] {processor.py:829} INFO - Processing file /opt/airflow/dags/kafka_stream.py for tasks to queue
[2025-04-26T06:57:32.518+0000] {logging_mixin.py:151} INFO - [2025-04-26T06:57:32.518+0000] {dagbag.py:539} INFO - Filling up the DagBag from /opt/airflow/dags/kafka_stream.py
[2025-04-26T06:57:32.601+0000] {processor.py:839} INFO - DAG(s) dict_keys(['user_automation']) retrieved from /opt/airflow/dags/kafka_stream.py
[2025-04-26T06:57:32.654+0000] {logging_mixin.py:151} INFO - [2025-04-26T06:57:32.653+0000] {dag.py:2907} INFO - Sync 1 DAGs
[2025-04-26T06:57:32.690+0000] {logging_mixin.py:151} INFO - [2025-04-26T06:57:32.689+0000] {dag.py:3677} INFO - Setting next_dagrun for user_automation to 2025-04-26T00:00:00+00:00, run_after=2025-04-27T00:00:00+00:00
[2025-04-26T06:57:32.726+0000] {processor.py:179} INFO - Processing /opt/airflow/dags/kafka_stream.py took 0.219 seconds
[2025-04-26T06:58:02.843+0000] {processor.py:157} INFO - Started process (PID=249) to work on /opt/airflow/dags/kafka_stream.py
[2025-04-26T06:58:02.845+0000] {processor.py:829} INFO - Processing file /opt/airflow/dags/kafka_stream.py for tasks to queue
[2025-04-26T06:58:02.847+0000] {logging_mixin.py:151} INFO - [2025-04-26T06:58:02.847+0000] {dagbag.py:539} INFO - Filling up the DagBag from /opt/airflow/dags/kafka_stream.py
[2025-04-26T06:58:02.913+0000] {processor.py:839} INFO - DAG(s) dict_keys(['user_automation']) retrieved from /opt/airflow/dags/kafka_stream.py
[2025-04-26T06:58:02.955+0000] {logging_mixin.py:151} INFO - [2025-04-26T06:58:02.955+0000] {dag.py:2907} INFO - Sync 1 DAGs
[2025-04-26T06:58:02.991+0000] {logging_mixin.py:151} INFO - [2025-04-26T06:58:02.991+0000] {dag.py:3677} INFO - Setting next_dagrun for user_automation to 2025-04-26T00:00:00+00:00, run_after=2025-04-27T00:00:00+00:00
[2025-04-26T06:58:03.023+0000] {processor.py:179} INFO - Processing /opt/airflow/dags/kafka_stream.py took 0.185 seconds
[2025-04-26T06:58:33.397+0000] {processor.py:157} INFO - Started process (PID=250) to work on /opt/airflow/dags/kafka_stream.py
[2025-04-26T06:58:33.399+0000] {processor.py:829} INFO - Processing file /opt/airflow/dags/kafka_stream.py for tasks to queue
[2025-04-26T06:58:33.401+0000] {logging_mixin.py:151} INFO - [2025-04-26T06:58:33.401+0000] {dagbag.py:539} INFO - Filling up the DagBag from /opt/airflow/dags/kafka_stream.py
[2025-04-26T06:58:33.454+0000] {processor.py:839} INFO - DAG(s) dict_keys(['user_automation']) retrieved from /opt/airflow/dags/kafka_stream.py
[2025-04-26T06:58:33.503+0000] {logging_mixin.py:151} INFO - [2025-04-26T06:58:33.503+0000] {dag.py:2907} INFO - Sync 1 DAGs
[2025-04-26T06:58:33.536+0000] {logging_mixin.py:151} INFO - [2025-04-26T06:58:33.536+0000] {dag.py:3677} INFO - Setting next_dagrun for user_automation to 2025-04-26T00:00:00+00:00, run_after=2025-04-27T00:00:00+00:00
[2025-04-26T06:58:33.585+0000] {processor.py:179} INFO - Processing /opt/airflow/dags/kafka_stream.py took 0.193 seconds
[2025-04-26T06:59:03.742+0000] {processor.py:157} INFO - Started process (PID=251) to work on /opt/airflow/dags/kafka_stream.py
[2025-04-26T06:59:03.744+0000] {processor.py:829} INFO - Processing file /opt/airflow/dags/kafka_stream.py for tasks to queue
[2025-04-26T06:59:03.746+0000] {logging_mixin.py:151} INFO - [2025-04-26T06:59:03.746+0000] {dagbag.py:539} INFO - Filling up the DagBag from /opt/airflow/dags/kafka_stream.py
[2025-04-26T06:59:03.805+0000] {processor.py:839} INFO - DAG(s) dict_keys(['user_automation']) retrieved from /opt/airflow/dags/kafka_stream.py
[2025-04-26T06:59:03.858+0000] {logging_mixin.py:151} INFO - [2025-04-26T06:59:03.857+0000] {dag.py:2907} INFO - Sync 1 DAGs
[2025-04-26T06:59:03.899+0000] {logging_mixin.py:151} INFO - [2025-04-26T06:59:03.899+0000] {dag.py:3677} INFO - Setting next_dagrun for user_automation to 2025-04-26T00:00:00+00:00, run_after=2025-04-27T00:00:00+00:00
[2025-04-26T06:59:03.946+0000] {processor.py:179} INFO - Processing /opt/airflow/dags/kafka_stream.py took 0.214 seconds
[2025-04-26T06:59:34.225+0000] {processor.py:157} INFO - Started process (PID=252) to work on /opt/airflow/dags/kafka_stream.py
[2025-04-26T06:59:34.228+0000] {processor.py:829} INFO - Processing file /opt/airflow/dags/kafka_stream.py for tasks to queue
[2025-04-26T06:59:34.230+0000] {logging_mixin.py:151} INFO - [2025-04-26T06:59:34.230+0000] {dagbag.py:539} INFO - Filling up the DagBag from /opt/airflow/dags/kafka_stream.py
[2025-04-26T06:59:34.290+0000] {processor.py:839} INFO - DAG(s) dict_keys(['user_automation']) retrieved from /opt/airflow/dags/kafka_stream.py
[2025-04-26T06:59:34.335+0000] {logging_mixin.py:151} INFO - [2025-04-26T06:59:34.335+0000] {dag.py:2907} INFO - Sync 1 DAGs
[2025-04-26T06:59:34.374+0000] {logging_mixin.py:151} INFO - [2025-04-26T06:59:34.374+0000] {dag.py:3677} INFO - Setting next_dagrun for user_automation to 2025-04-26T00:00:00+00:00, run_after=2025-04-27T00:00:00+00:00
[2025-04-26T06:59:34.418+0000] {processor.py:179} INFO - Processing /opt/airflow/dags/kafka_stream.py took 0.200 seconds
[2025-04-26T07:00:04.582+0000] {processor.py:157} INFO - Started process (PID=253) to work on /opt/airflow/dags/kafka_stream.py
[2025-04-26T07:00:04.584+0000] {processor.py:829} INFO - Processing file /opt/airflow/dags/kafka_stream.py for tasks to queue
[2025-04-26T07:00:04.587+0000] {logging_mixin.py:151} INFO - [2025-04-26T07:00:04.586+0000] {dagbag.py:539} INFO - Filling up the DagBag from /opt/airflow/dags/kafka_stream.py
[2025-04-26T07:00:04.647+0000] {processor.py:839} INFO - DAG(s) dict_keys(['user_automation']) retrieved from /opt/airflow/dags/kafka_stream.py
[2025-04-26T07:00:04.696+0000] {logging_mixin.py:151} INFO - [2025-04-26T07:00:04.695+0000] {dag.py:2907} INFO - Sync 1 DAGs
[2025-04-26T07:00:04.737+0000] {logging_mixin.py:151} INFO - [2025-04-26T07:00:04.737+0000] {dag.py:3677} INFO - Setting next_dagrun for user_automation to 2025-04-26T00:00:00+00:00, run_after=2025-04-27T00:00:00+00:00
[2025-04-26T07:00:04.786+0000] {processor.py:179} INFO - Processing /opt/airflow/dags/kafka_stream.py took 0.211 seconds
[2025-04-26T07:00:35.073+0000] {processor.py:157} INFO - Started process (PID=254) to work on /opt/airflow/dags/kafka_stream.py
[2025-04-26T07:00:35.076+0000] {processor.py:829} INFO - Processing file /opt/airflow/dags/kafka_stream.py for tasks to queue
[2025-04-26T07:00:35.078+0000] {logging_mixin.py:151} INFO - [2025-04-26T07:00:35.077+0000] {dagbag.py:539} INFO - Filling up the DagBag from /opt/airflow/dags/kafka_stream.py
[2025-04-26T07:00:35.137+0000] {processor.py:839} INFO - DAG(s) dict_keys(['user_automation']) retrieved from /opt/airflow/dags/kafka_stream.py
[2025-04-26T07:00:35.181+0000] {logging_mixin.py:151} INFO - [2025-04-26T07:00:35.181+0000] {dag.py:2907} INFO - Sync 1 DAGs
[2025-04-26T07:00:35.222+0000] {logging_mixin.py:151} INFO - [2025-04-26T07:00:35.221+0000] {dag.py:3677} INFO - Setting next_dagrun for user_automation to 2025-04-26T00:00:00+00:00, run_after=2025-04-27T00:00:00+00:00
[2025-04-26T07:00:35.272+0000] {processor.py:179} INFO - Processing /opt/airflow/dags/kafka_stream.py took 0.207 seconds
[2025-04-26T07:01:05.464+0000] {processor.py:157} INFO - Started process (PID=255) to work on /opt/airflow/dags/kafka_stream.py
[2025-04-26T07:01:05.467+0000] {processor.py:829} INFO - Processing file /opt/airflow/dags/kafka_stream.py for tasks to queue
[2025-04-26T07:01:05.471+0000] {logging_mixin.py:151} INFO - [2025-04-26T07:01:05.470+0000] {dagbag.py:539} INFO - Filling up the DagBag from /opt/airflow/dags/kafka_stream.py
[2025-04-26T07:01:05.554+0000] {processor.py:839} INFO - DAG(s) dict_keys(['user_automation']) retrieved from /opt/airflow/dags/kafka_stream.py
[2025-04-26T07:01:05.609+0000] {logging_mixin.py:151} INFO - [2025-04-26T07:01:05.609+0000] {dag.py:2907} INFO - Sync 1 DAGs
[2025-04-26T07:01:05.662+0000] {logging_mixin.py:151} INFO - [2025-04-26T07:01:05.661+0000] {dag.py:3677} INFO - Setting next_dagrun for user_automation to 2025-04-26T00:00:00+00:00, run_after=2025-04-27T00:00:00+00:00
[2025-04-26T07:01:05.711+0000] {processor.py:179} INFO - Processing /opt/airflow/dags/kafka_stream.py took 0.256 seconds
[2025-04-26T07:01:35.994+0000] {processor.py:157} INFO - Started process (PID=256) to work on /opt/airflow/dags/kafka_stream.py
[2025-04-26T07:01:35.997+0000] {processor.py:829} INFO - Processing file /opt/airflow/dags/kafka_stream.py for tasks to queue
[2025-04-26T07:01:36.000+0000] {logging_mixin.py:151} INFO - [2025-04-26T07:01:35.999+0000] {dagbag.py:539} INFO - Filling up the DagBag from /opt/airflow/dags/kafka_stream.py
[2025-04-26T07:01:36.042+0000] {processor.py:839} INFO - DAG(s) dict_keys(['user_automation']) retrieved from /opt/airflow/dags/kafka_stream.py
[2025-04-26T07:01:36.091+0000] {logging_mixin.py:151} INFO - [2025-04-26T07:01:36.090+0000] {dag.py:2907} INFO - Sync 1 DAGs
[2025-04-26T07:01:36.128+0000] {logging_mixin.py:151} INFO - [2025-04-26T07:01:36.128+0000] {dag.py:3677} INFO - Setting next_dagrun for user_automation to 2025-04-26T00:00:00+00:00, run_after=2025-04-27T00:00:00+00:00
[2025-04-26T07:01:36.166+0000] {processor.py:179} INFO - Processing /opt/airflow/dags/kafka_stream.py took 0.188 seconds
[2025-04-26T07:02:06.401+0000] {processor.py:157} INFO - Started process (PID=257) to work on /opt/airflow/dags/kafka_stream.py
[2025-04-26T07:02:06.404+0000] {processor.py:829} INFO - Processing file /opt/airflow/dags/kafka_stream.py for tasks to queue
[2025-04-26T07:02:06.407+0000] {logging_mixin.py:151} INFO - [2025-04-26T07:02:06.406+0000] {dagbag.py:539} INFO - Filling up the DagBag from /opt/airflow/dags/kafka_stream.py
[2025-04-26T07:02:06.477+0000] {processor.py:839} INFO - DAG(s) dict_keys(['user_automation']) retrieved from /opt/airflow/dags/kafka_stream.py
[2025-04-26T07:02:06.530+0000] {logging_mixin.py:151} INFO - [2025-04-26T07:02:06.529+0000] {dag.py:2907} INFO - Sync 1 DAGs
[2025-04-26T07:02:06.569+0000] {logging_mixin.py:151} INFO - [2025-04-26T07:02:06.568+0000] {dag.py:3677} INFO - Setting next_dagrun for user_automation to 2025-04-26T00:00:00+00:00, run_after=2025-04-27T00:00:00+00:00
[2025-04-26T07:02:06.612+0000] {processor.py:179} INFO - Processing /opt/airflow/dags/kafka_stream.py took 0.221 seconds
[2025-04-26T07:02:36.932+0000] {processor.py:157} INFO - Started process (PID=258) to work on /opt/airflow/dags/kafka_stream.py
[2025-04-26T07:02:36.934+0000] {processor.py:829} INFO - Processing file /opt/airflow/dags/kafka_stream.py for tasks to queue
[2025-04-26T07:02:36.937+0000] {logging_mixin.py:151} INFO - [2025-04-26T07:02:36.936+0000] {dagbag.py:539} INFO - Filling up the DagBag from /opt/airflow/dags/kafka_stream.py
[2025-04-26T07:02:36.999+0000] {processor.py:839} INFO - DAG(s) dict_keys(['user_automation']) retrieved from /opt/airflow/dags/kafka_stream.py
[2025-04-26T07:02:37.045+0000] {logging_mixin.py:151} INFO - [2025-04-26T07:02:37.044+0000] {dag.py:2907} INFO - Sync 1 DAGs
[2025-04-26T07:02:37.084+0000] {logging_mixin.py:151} INFO - [2025-04-26T07:02:37.084+0000] {dag.py:3677} INFO - Setting next_dagrun for user_automation to 2025-04-26T00:00:00+00:00, run_after=2025-04-27T00:00:00+00:00
[2025-04-26T07:02:37.132+0000] {processor.py:179} INFO - Processing /opt/airflow/dags/kafka_stream.py took 0.207 seconds
[2025-04-26T07:03:07.291+0000] {processor.py:157} INFO - Started process (PID=259) to work on /opt/airflow/dags/kafka_stream.py
[2025-04-26T07:03:07.293+0000] {processor.py:829} INFO - Processing file /opt/airflow/dags/kafka_stream.py for tasks to queue
[2025-04-26T07:03:07.295+0000] {logging_mixin.py:151} INFO - [2025-04-26T07:03:07.295+0000] {dagbag.py:539} INFO - Filling up the DagBag from /opt/airflow/dags/kafka_stream.py
[2025-04-26T07:03:07.354+0000] {processor.py:839} INFO - DAG(s) dict_keys(['user_automation']) retrieved from /opt/airflow/dags/kafka_stream.py
[2025-04-26T07:03:07.401+0000] {logging_mixin.py:151} INFO - [2025-04-26T07:03:07.401+0000] {dag.py:2907} INFO - Sync 1 DAGs
[2025-04-26T07:03:07.440+0000] {logging_mixin.py:151} INFO - [2025-04-26T07:03:07.439+0000] {dag.py:3677} INFO - Setting next_dagrun for user_automation to 2025-04-26T00:00:00+00:00, run_after=2025-04-27T00:00:00+00:00
[2025-04-26T07:03:07.490+0000] {processor.py:179} INFO - Processing /opt/airflow/dags/kafka_stream.py took 0.206 seconds
[2025-04-26T07:03:37.798+0000] {processor.py:157} INFO - Started process (PID=260) to work on /opt/airflow/dags/kafka_stream.py
[2025-04-26T07:03:37.800+0000] {processor.py:829} INFO - Processing file /opt/airflow/dags/kafka_stream.py for tasks to queue
[2025-04-26T07:03:37.802+0000] {logging_mixin.py:151} INFO - [2025-04-26T07:03:37.801+0000] {dagbag.py:539} INFO - Filling up the DagBag from /opt/airflow/dags/kafka_stream.py
[2025-04-26T07:03:37.859+0000] {processor.py:839} INFO - DAG(s) dict_keys(['user_automation']) retrieved from /opt/airflow/dags/kafka_stream.py
[2025-04-26T07:03:37.904+0000] {logging_mixin.py:151} INFO - [2025-04-26T07:03:37.904+0000] {dag.py:2907} INFO - Sync 1 DAGs
[2025-04-26T07:03:37.942+0000] {logging_mixin.py:151} INFO - [2025-04-26T07:03:37.942+0000] {dag.py:3677} INFO - Setting next_dagrun for user_automation to 2025-04-26T00:00:00+00:00, run_after=2025-04-27T00:00:00+00:00
[2025-04-26T07:03:37.988+0000] {processor.py:179} INFO - Processing /opt/airflow/dags/kafka_stream.py took 0.196 seconds
[2025-04-26T07:04:08.113+0000] {processor.py:157} INFO - Started process (PID=261) to work on /opt/airflow/dags/kafka_stream.py
[2025-04-26T07:04:08.115+0000] {processor.py:829} INFO - Processing file /opt/airflow/dags/kafka_stream.py for tasks to queue
[2025-04-26T07:04:08.120+0000] {logging_mixin.py:151} INFO - [2025-04-26T07:04:08.119+0000] {dagbag.py:539} INFO - Filling up the DagBag from /opt/airflow/dags/kafka_stream.py
[2025-04-26T07:04:08.163+0000] {processor.py:839} INFO - DAG(s) dict_keys(['user_automation']) retrieved from /opt/airflow/dags/kafka_stream.py
[2025-04-26T07:04:08.201+0000] {logging_mixin.py:151} INFO - [2025-04-26T07:04:08.201+0000] {dag.py:2907} INFO - Sync 1 DAGs
[2025-04-26T07:04:08.236+0000] {logging_mixin.py:151} INFO - [2025-04-26T07:04:08.235+0000] {dag.py:3677} INFO - Setting next_dagrun for user_automation to 2025-04-26T00:00:00+00:00, run_after=2025-04-27T00:00:00+00:00
[2025-04-26T07:04:08.259+0000] {processor.py:179} INFO - Processing /opt/airflow/dags/kafka_stream.py took 0.152 seconds
[2025-04-26T07:04:38.419+0000] {processor.py:157} INFO - Started process (PID=262) to work on /opt/airflow/dags/kafka_stream.py
[2025-04-26T07:04:38.422+0000] {processor.py:829} INFO - Processing file /opt/airflow/dags/kafka_stream.py for tasks to queue
[2025-04-26T07:04:38.424+0000] {logging_mixin.py:151} INFO - [2025-04-26T07:04:38.423+0000] {dagbag.py:539} INFO - Filling up the DagBag from /opt/airflow/dags/kafka_stream.py
[2025-04-26T07:04:38.482+0000] {processor.py:839} INFO - DAG(s) dict_keys(['user_automation']) retrieved from /opt/airflow/dags/kafka_stream.py
[2025-04-26T07:04:38.527+0000] {logging_mixin.py:151} INFO - [2025-04-26T07:04:38.527+0000] {dag.py:2907} INFO - Sync 1 DAGs
[2025-04-26T07:04:38.564+0000] {logging_mixin.py:151} INFO - [2025-04-26T07:04:38.564+0000] {dag.py:3677} INFO - Setting next_dagrun for user_automation to 2025-04-26T00:00:00+00:00, run_after=2025-04-27T00:00:00+00:00
[2025-04-26T07:04:38.612+0000] {processor.py:179} INFO - Processing /opt/airflow/dags/kafka_stream.py took 0.199 seconds
[2025-04-26T07:05:08.944+0000] {processor.py:157} INFO - Started process (PID=263) to work on /opt/airflow/dags/kafka_stream.py
[2025-04-26T07:05:08.946+0000] {processor.py:829} INFO - Processing file /opt/airflow/dags/kafka_stream.py for tasks to queue
[2025-04-26T07:05:08.949+0000] {logging_mixin.py:151} INFO - [2025-04-26T07:05:08.948+0000] {dagbag.py:539} INFO - Filling up the DagBag from /opt/airflow/dags/kafka_stream.py
[2025-04-26T07:05:09.011+0000] {processor.py:839} INFO - DAG(s) dict_keys(['user_automation']) retrieved from /opt/airflow/dags/kafka_stream.py
[2025-04-26T07:05:09.059+0000] {logging_mixin.py:151} INFO - [2025-04-26T07:05:09.059+0000] {dag.py:2907} INFO - Sync 1 DAGs
[2025-04-26T07:05:09.098+0000] {logging_mixin.py:151} INFO - [2025-04-26T07:05:09.097+0000] {dag.py:3677} INFO - Setting next_dagrun for user_automation to 2025-04-26T00:00:00+00:00, run_after=2025-04-27T00:00:00+00:00
[2025-04-26T07:05:09.133+0000] {processor.py:179} INFO - Processing /opt/airflow/dags/kafka_stream.py took 0.194 seconds
[2025-04-26T07:05:39.291+0000] {processor.py:157} INFO - Started process (PID=264) to work on /opt/airflow/dags/kafka_stream.py
[2025-04-26T07:05:39.294+0000] {processor.py:829} INFO - Processing file /opt/airflow/dags/kafka_stream.py for tasks to queue
[2025-04-26T07:05:39.296+0000] {logging_mixin.py:151} INFO - [2025-04-26T07:05:39.296+0000] {dagbag.py:539} INFO - Filling up the DagBag from /opt/airflow/dags/kafka_stream.py
[2025-04-26T07:05:39.354+0000] {processor.py:839} INFO - DAG(s) dict_keys(['user_automation']) retrieved from /opt/airflow/dags/kafka_stream.py
[2025-04-26T07:05:39.402+0000] {logging_mixin.py:151} INFO - [2025-04-26T07:05:39.401+0000] {dag.py:2907} INFO - Sync 1 DAGs
[2025-04-26T07:05:39.444+0000] {logging_mixin.py:151} INFO - [2025-04-26T07:05:39.444+0000] {dag.py:3677} INFO - Setting next_dagrun for user_automation to 2025-04-26T00:00:00+00:00, run_after=2025-04-27T00:00:00+00:00
[2025-04-26T07:05:39.483+0000] {processor.py:179} INFO - Processing /opt/airflow/dags/kafka_stream.py took 0.198 seconds
[2025-04-26T07:06:10.160+0000] {processor.py:157} INFO - Started process (PID=265) to work on /opt/airflow/dags/kafka_stream.py
[2025-04-26T07:06:10.162+0000] {processor.py:829} INFO - Processing file /opt/airflow/dags/kafka_stream.py for tasks to queue
[2025-04-26T07:06:10.164+0000] {logging_mixin.py:151} INFO - [2025-04-26T07:06:10.163+0000] {dagbag.py:539} INFO - Filling up the DagBag from /opt/airflow/dags/kafka_stream.py
[2025-04-26T07:06:10.229+0000] {processor.py:839} INFO - DAG(s) dict_keys(['user_automation']) retrieved from /opt/airflow/dags/kafka_stream.py
[2025-04-26T07:06:10.271+0000] {logging_mixin.py:151} INFO - [2025-04-26T07:06:10.271+0000] {dag.py:2907} INFO - Sync 1 DAGs
[2025-04-26T07:06:10.310+0000] {logging_mixin.py:151} INFO - [2025-04-26T07:06:10.309+0000] {dag.py:3677} INFO - Setting next_dagrun for user_automation to 2025-04-26T00:00:00+00:00, run_after=2025-04-27T00:00:00+00:00
[2025-04-26T07:06:10.355+0000] {processor.py:179} INFO - Processing /opt/airflow/dags/kafka_stream.py took 0.199 seconds
[2025-04-26T07:06:40.490+0000] {processor.py:157} INFO - Started process (PID=266) to work on /opt/airflow/dags/kafka_stream.py
[2025-04-26T07:06:40.492+0000] {processor.py:829} INFO - Processing file /opt/airflow/dags/kafka_stream.py for tasks to queue
[2025-04-26T07:06:40.494+0000] {logging_mixin.py:151} INFO - [2025-04-26T07:06:40.493+0000] {dagbag.py:539} INFO - Filling up the DagBag from /opt/airflow/dags/kafka_stream.py
[2025-04-26T07:06:40.550+0000] {processor.py:839} INFO - DAG(s) dict_keys(['user_automation']) retrieved from /opt/airflow/dags/kafka_stream.py
[2025-04-26T07:06:40.603+0000] {logging_mixin.py:151} INFO - [2025-04-26T07:06:40.603+0000] {dag.py:2907} INFO - Sync 1 DAGs
[2025-04-26T07:06:40.639+0000] {logging_mixin.py:151} INFO - [2025-04-26T07:06:40.639+0000] {dag.py:3677} INFO - Setting next_dagrun for user_automation to 2025-04-26T00:00:00+00:00, run_after=2025-04-27T00:00:00+00:00
[2025-04-26T07:06:40.699+0000] {processor.py:179} INFO - Processing /opt/airflow/dags/kafka_stream.py took 0.214 seconds
[2025-04-26T07:07:11.029+0000] {processor.py:157} INFO - Started process (PID=267) to work on /opt/airflow/dags/kafka_stream.py
[2025-04-26T07:07:11.031+0000] {processor.py:829} INFO - Processing file /opt/airflow/dags/kafka_stream.py for tasks to queue
[2025-04-26T07:07:11.033+0000] {logging_mixin.py:151} INFO - [2025-04-26T07:07:11.033+0000] {dagbag.py:539} INFO - Filling up the DagBag from /opt/airflow/dags/kafka_stream.py
[2025-04-26T07:07:11.087+0000] {processor.py:839} INFO - DAG(s) dict_keys(['user_automation']) retrieved from /opt/airflow/dags/kafka_stream.py
[2025-04-26T07:07:11.137+0000] {logging_mixin.py:151} INFO - [2025-04-26T07:07:11.136+0000] {dag.py:2907} INFO - Sync 1 DAGs
[2025-04-26T07:07:11.175+0000] {logging_mixin.py:151} INFO - [2025-04-26T07:07:11.175+0000] {dag.py:3677} INFO - Setting next_dagrun for user_automation to 2025-04-26T00:00:00+00:00, run_after=2025-04-27T00:00:00+00:00
[2025-04-26T07:07:11.231+0000] {processor.py:179} INFO - Processing /opt/airflow/dags/kafka_stream.py took 0.208 seconds
[2025-04-26T07:07:41.422+0000] {processor.py:157} INFO - Started process (PID=268) to work on /opt/airflow/dags/kafka_stream.py
[2025-04-26T07:07:41.423+0000] {processor.py:829} INFO - Processing file /opt/airflow/dags/kafka_stream.py for tasks to queue
[2025-04-26T07:07:41.425+0000] {logging_mixin.py:151} INFO - [2025-04-26T07:07:41.425+0000] {dagbag.py:539} INFO - Filling up the DagBag from /opt/airflow/dags/kafka_stream.py
[2025-04-26T07:07:41.456+0000] {processor.py:839} INFO - DAG(s) dict_keys(['user_automation']) retrieved from /opt/airflow/dags/kafka_stream.py
[2025-04-26T07:07:41.487+0000] {logging_mixin.py:151} INFO - [2025-04-26T07:07:41.487+0000] {dag.py:2907} INFO - Sync 1 DAGs
[2025-04-26T07:07:41.518+0000] {logging_mixin.py:151} INFO - [2025-04-26T07:07:41.518+0000] {dag.py:3677} INFO - Setting next_dagrun for user_automation to 2025-04-26T00:00:00+00:00, run_after=2025-04-27T00:00:00+00:00
[2025-04-26T07:07:41.565+0000] {processor.py:179} INFO - Processing /opt/airflow/dags/kafka_stream.py took 0.148 seconds
[2025-04-26T07:08:11.884+0000] {processor.py:157} INFO - Started process (PID=269) to work on /opt/airflow/dags/kafka_stream.py
[2025-04-26T07:08:11.886+0000] {processor.py:829} INFO - Processing file /opt/airflow/dags/kafka_stream.py for tasks to queue
[2025-04-26T07:08:11.889+0000] {logging_mixin.py:151} INFO - [2025-04-26T07:08:11.888+0000] {dagbag.py:539} INFO - Filling up the DagBag from /opt/airflow/dags/kafka_stream.py
[2025-04-26T07:08:11.978+0000] {processor.py:839} INFO - DAG(s) dict_keys(['user_automation']) retrieved from /opt/airflow/dags/kafka_stream.py
[2025-04-26T07:08:12.030+0000] {logging_mixin.py:151} INFO - [2025-04-26T07:08:12.030+0000] {dag.py:2907} INFO - Sync 1 DAGs
[2025-04-26T07:08:12.065+0000] {logging_mixin.py:151} INFO - [2025-04-26T07:08:12.064+0000] {dag.py:3677} INFO - Setting next_dagrun for user_automation to 2025-04-26T00:00:00+00:00, run_after=2025-04-27T00:00:00+00:00
[2025-04-26T07:08:12.112+0000] {processor.py:179} INFO - Processing /opt/airflow/dags/kafka_stream.py took 0.233 seconds
[2025-04-26T07:08:42.240+0000] {processor.py:157} INFO - Started process (PID=270) to work on /opt/airflow/dags/kafka_stream.py
[2025-04-26T07:08:42.242+0000] {processor.py:829} INFO - Processing file /opt/airflow/dags/kafka_stream.py for tasks to queue
[2025-04-26T07:08:42.244+0000] {logging_mixin.py:151} INFO - [2025-04-26T07:08:42.244+0000] {dagbag.py:539} INFO - Filling up the DagBag from /opt/airflow/dags/kafka_stream.py
[2025-04-26T07:08:42.305+0000] {processor.py:839} INFO - DAG(s) dict_keys(['user_automation']) retrieved from /opt/airflow/dags/kafka_stream.py
[2025-04-26T07:08:42.350+0000] {logging_mixin.py:151} INFO - [2025-04-26T07:08:42.349+0000] {dag.py:2907} INFO - Sync 1 DAGs
[2025-04-26T07:08:42.386+0000] {logging_mixin.py:151} INFO - [2025-04-26T07:08:42.386+0000] {dag.py:3677} INFO - Setting next_dagrun for user_automation to 2025-04-26T00:00:00+00:00, run_after=2025-04-27T00:00:00+00:00
[2025-04-26T07:08:42.431+0000] {processor.py:179} INFO - Processing /opt/airflow/dags/kafka_stream.py took 0.200 seconds
[2025-04-26T07:09:12.776+0000] {processor.py:157} INFO - Started process (PID=271) to work on /opt/airflow/dags/kafka_stream.py
[2025-04-26T07:09:12.778+0000] {processor.py:829} INFO - Processing file /opt/airflow/dags/kafka_stream.py for tasks to queue
[2025-04-26T07:09:12.781+0000] {logging_mixin.py:151} INFO - [2025-04-26T07:09:12.780+0000] {dagbag.py:539} INFO - Filling up the DagBag from /opt/airflow/dags/kafka_stream.py
[2025-04-26T07:09:12.839+0000] {processor.py:839} INFO - DAG(s) dict_keys(['user_automation']) retrieved from /opt/airflow/dags/kafka_stream.py
[2025-04-26T07:09:12.885+0000] {logging_mixin.py:151} INFO - [2025-04-26T07:09:12.885+0000] {dag.py:2907} INFO - Sync 1 DAGs
[2025-04-26T07:09:12.919+0000] {logging_mixin.py:151} INFO - [2025-04-26T07:09:12.919+0000] {dag.py:3677} INFO - Setting next_dagrun for user_automation to 2025-04-26T00:00:00+00:00, run_after=2025-04-27T00:00:00+00:00
[2025-04-26T07:09:12.966+0000] {processor.py:179} INFO - Processing /opt/airflow/dags/kafka_stream.py took 0.195 seconds
[2025-04-26T07:09:43.146+0000] {processor.py:157} INFO - Started process (PID=272) to work on /opt/airflow/dags/kafka_stream.py
[2025-04-26T07:09:43.148+0000] {processor.py:829} INFO - Processing file /opt/airflow/dags/kafka_stream.py for tasks to queue
[2025-04-26T07:09:43.150+0000] {logging_mixin.py:151} INFO - [2025-04-26T07:09:43.150+0000] {dagbag.py:539} INFO - Filling up the DagBag from /opt/airflow/dags/kafka_stream.py
[2025-04-26T07:09:43.214+0000] {processor.py:839} INFO - DAG(s) dict_keys(['user_automation']) retrieved from /opt/airflow/dags/kafka_stream.py
[2025-04-26T07:09:43.266+0000] {logging_mixin.py:151} INFO - [2025-04-26T07:09:43.266+0000] {dag.py:2907} INFO - Sync 1 DAGs
[2025-04-26T07:09:43.307+0000] {logging_mixin.py:151} INFO - [2025-04-26T07:09:43.307+0000] {dag.py:3677} INFO - Setting next_dagrun for user_automation to 2025-04-26T00:00:00+00:00, run_after=2025-04-27T00:00:00+00:00
[2025-04-26T07:09:43.346+0000] {processor.py:179} INFO - Processing /opt/airflow/dags/kafka_stream.py took 0.205 seconds
[2025-04-26T07:10:13.662+0000] {processor.py:157} INFO - Started process (PID=273) to work on /opt/airflow/dags/kafka_stream.py
[2025-04-26T07:10:13.665+0000] {processor.py:829} INFO - Processing file /opt/airflow/dags/kafka_stream.py for tasks to queue
[2025-04-26T07:10:13.667+0000] {logging_mixin.py:151} INFO - [2025-04-26T07:10:13.666+0000] {dagbag.py:539} INFO - Filling up the DagBag from /opt/airflow/dags/kafka_stream.py
[2025-04-26T07:10:13.725+0000] {processor.py:839} INFO - DAG(s) dict_keys(['user_automation']) retrieved from /opt/airflow/dags/kafka_stream.py
[2025-04-26T07:10:13.776+0000] {logging_mixin.py:151} INFO - [2025-04-26T07:10:13.776+0000] {dag.py:2907} INFO - Sync 1 DAGs
[2025-04-26T07:10:13.815+0000] {logging_mixin.py:151} INFO - [2025-04-26T07:10:13.815+0000] {dag.py:3677} INFO - Setting next_dagrun for user_automation to 2025-04-26T00:00:00+00:00, run_after=2025-04-27T00:00:00+00:00
[2025-04-26T07:10:13.864+0000] {processor.py:179} INFO - Processing /opt/airflow/dags/kafka_stream.py took 0.206 seconds
[2025-04-26T07:10:44.007+0000] {processor.py:157} INFO - Started process (PID=274) to work on /opt/airflow/dags/kafka_stream.py
[2025-04-26T07:10:44.010+0000] {processor.py:829} INFO - Processing file /opt/airflow/dags/kafka_stream.py for tasks to queue
[2025-04-26T07:10:44.012+0000] {logging_mixin.py:151} INFO - [2025-04-26T07:10:44.012+0000] {dagbag.py:539} INFO - Filling up the DagBag from /opt/airflow/dags/kafka_stream.py
[2025-04-26T07:10:44.074+0000] {processor.py:839} INFO - DAG(s) dict_keys(['user_automation']) retrieved from /opt/airflow/dags/kafka_stream.py
[2025-04-26T07:10:44.120+0000] {logging_mixin.py:151} INFO - [2025-04-26T07:10:44.120+0000] {dag.py:2907} INFO - Sync 1 DAGs
[2025-04-26T07:10:44.157+0000] {logging_mixin.py:151} INFO - [2025-04-26T07:10:44.156+0000] {dag.py:3677} INFO - Setting next_dagrun for user_automation to 2025-04-26T00:00:00+00:00, run_after=2025-04-27T00:00:00+00:00
[2025-04-26T07:10:44.207+0000] {processor.py:179} INFO - Processing /opt/airflow/dags/kafka_stream.py took 0.207 seconds
[2025-04-26T07:11:14.493+0000] {processor.py:157} INFO - Started process (PID=275) to work on /opt/airflow/dags/kafka_stream.py
[2025-04-26T07:11:14.495+0000] {processor.py:829} INFO - Processing file /opt/airflow/dags/kafka_stream.py for tasks to queue
[2025-04-26T07:11:14.497+0000] {logging_mixin.py:151} INFO - [2025-04-26T07:11:14.496+0000] {dagbag.py:539} INFO - Filling up the DagBag from /opt/airflow/dags/kafka_stream.py
[2025-04-26T07:11:14.534+0000] {processor.py:839} INFO - DAG(s) dict_keys(['user_automation']) retrieved from /opt/airflow/dags/kafka_stream.py
[2025-04-26T07:11:14.574+0000] {logging_mixin.py:151} INFO - [2025-04-26T07:11:14.574+0000] {dag.py:2907} INFO - Sync 1 DAGs
[2025-04-26T07:11:14.609+0000] {logging_mixin.py:151} INFO - [2025-04-26T07:11:14.609+0000] {dag.py:3677} INFO - Setting next_dagrun for user_automation to 2025-04-26T00:00:00+00:00, run_after=2025-04-27T00:00:00+00:00
[2025-04-26T07:11:14.642+0000] {processor.py:179} INFO - Processing /opt/airflow/dags/kafka_stream.py took 0.154 seconds
[2025-04-26T07:11:44.843+0000] {processor.py:157} INFO - Started process (PID=276) to work on /opt/airflow/dags/kafka_stream.py
[2025-04-26T07:11:44.845+0000] {processor.py:829} INFO - Processing file /opt/airflow/dags/kafka_stream.py for tasks to queue
[2025-04-26T07:11:44.848+0000] {logging_mixin.py:151} INFO - [2025-04-26T07:11:44.847+0000] {dagbag.py:539} INFO - Filling up the DagBag from /opt/airflow/dags/kafka_stream.py
[2025-04-26T07:11:44.909+0000] {processor.py:839} INFO - DAG(s) dict_keys(['user_automation']) retrieved from /opt/airflow/dags/kafka_stream.py
[2025-04-26T07:11:44.948+0000] {logging_mixin.py:151} INFO - [2025-04-26T07:11:44.948+0000] {dag.py:2907} INFO - Sync 1 DAGs
[2025-04-26T07:11:44.976+0000] {logging_mixin.py:151} INFO - [2025-04-26T07:11:44.976+0000] {dag.py:3677} INFO - Setting next_dagrun for user_automation to 2025-04-26T00:00:00+00:00, run_after=2025-04-27T00:00:00+00:00
[2025-04-26T07:11:45.007+0000] {processor.py:179} INFO - Processing /opt/airflow/dags/kafka_stream.py took 0.171 seconds
[2025-04-26T07:12:15.344+0000] {processor.py:157} INFO - Started process (PID=277) to work on /opt/airflow/dags/kafka_stream.py
[2025-04-26T07:12:15.346+0000] {processor.py:829} INFO - Processing file /opt/airflow/dags/kafka_stream.py for tasks to queue
[2025-04-26T07:12:15.348+0000] {logging_mixin.py:151} INFO - [2025-04-26T07:12:15.348+0000] {dagbag.py:539} INFO - Filling up the DagBag from /opt/airflow/dags/kafka_stream.py
[2025-04-26T07:12:15.403+0000] {processor.py:839} INFO - DAG(s) dict_keys(['user_automation']) retrieved from /opt/airflow/dags/kafka_stream.py
[2025-04-26T07:12:15.450+0000] {logging_mixin.py:151} INFO - [2025-04-26T07:12:15.449+0000] {dag.py:2907} INFO - Sync 1 DAGs
[2025-04-26T07:12:15.494+0000] {logging_mixin.py:151} INFO - [2025-04-26T07:12:15.493+0000] {dag.py:3677} INFO - Setting next_dagrun for user_automation to 2025-04-26T00:00:00+00:00, run_after=2025-04-27T00:00:00+00:00
[2025-04-26T07:12:15.545+0000] {processor.py:179} INFO - Processing /opt/airflow/dags/kafka_stream.py took 0.206 seconds
[2025-04-26T07:12:45.750+0000] {processor.py:157} INFO - Started process (PID=278) to work on /opt/airflow/dags/kafka_stream.py
[2025-04-26T07:12:45.752+0000] {processor.py:829} INFO - Processing file /opt/airflow/dags/kafka_stream.py for tasks to queue
[2025-04-26T07:12:45.754+0000] {logging_mixin.py:151} INFO - [2025-04-26T07:12:45.754+0000] {dagbag.py:539} INFO - Filling up the DagBag from /opt/airflow/dags/kafka_stream.py
[2025-04-26T07:12:45.832+0000] {processor.py:839} INFO - DAG(s) dict_keys(['user_automation']) retrieved from /opt/airflow/dags/kafka_stream.py
[2025-04-26T07:12:45.878+0000] {logging_mixin.py:151} INFO - [2025-04-26T07:12:45.878+0000] {dag.py:2907} INFO - Sync 1 DAGs
[2025-04-26T07:12:45.918+0000] {logging_mixin.py:151} INFO - [2025-04-26T07:12:45.917+0000] {dag.py:3677} INFO - Setting next_dagrun for user_automation to 2025-04-26T00:00:00+00:00, run_after=2025-04-27T00:00:00+00:00
[2025-04-26T07:12:45.968+0000] {processor.py:179} INFO - Processing /opt/airflow/dags/kafka_stream.py took 0.222 seconds
[2025-04-26T07:13:16.226+0000] {processor.py:157} INFO - Started process (PID=279) to work on /opt/airflow/dags/kafka_stream.py
[2025-04-26T07:13:16.228+0000] {processor.py:829} INFO - Processing file /opt/airflow/dags/kafka_stream.py for tasks to queue
[2025-04-26T07:13:16.231+0000] {logging_mixin.py:151} INFO - [2025-04-26T07:13:16.230+0000] {dagbag.py:539} INFO - Filling up the DagBag from /opt/airflow/dags/kafka_stream.py
[2025-04-26T07:13:16.287+0000] {processor.py:839} INFO - DAG(s) dict_keys(['user_automation']) retrieved from /opt/airflow/dags/kafka_stream.py
[2025-04-26T07:13:16.334+0000] {logging_mixin.py:151} INFO - [2025-04-26T07:13:16.334+0000] {dag.py:2907} INFO - Sync 1 DAGs
[2025-04-26T07:13:16.371+0000] {logging_mixin.py:151} INFO - [2025-04-26T07:13:16.370+0000] {dag.py:3677} INFO - Setting next_dagrun for user_automation to 2025-04-26T00:00:00+00:00, run_after=2025-04-27T00:00:00+00:00
[2025-04-26T07:13:16.423+0000] {processor.py:179} INFO - Processing /opt/airflow/dags/kafka_stream.py took 0.202 seconds
[2025-04-26T07:13:46.636+0000] {processor.py:157} INFO - Started process (PID=280) to work on /opt/airflow/dags/kafka_stream.py
[2025-04-26T07:13:46.638+0000] {processor.py:829} INFO - Processing file /opt/airflow/dags/kafka_stream.py for tasks to queue
[2025-04-26T07:13:46.639+0000] {logging_mixin.py:151} INFO - [2025-04-26T07:13:46.639+0000] {dagbag.py:539} INFO - Filling up the DagBag from /opt/airflow/dags/kafka_stream.py
[2025-04-26T07:13:46.701+0000] {processor.py:839} INFO - DAG(s) dict_keys(['user_automation']) retrieved from /opt/airflow/dags/kafka_stream.py
[2025-04-26T07:13:46.750+0000] {logging_mixin.py:151} INFO - [2025-04-26T07:13:46.750+0000] {dag.py:2907} INFO - Sync 1 DAGs
[2025-04-26T07:13:46.797+0000] {logging_mixin.py:151} INFO - [2025-04-26T07:13:46.797+0000] {dag.py:3677} INFO - Setting next_dagrun for user_automation to 2025-04-26T00:00:00+00:00, run_after=2025-04-27T00:00:00+00:00
[2025-04-26T07:13:46.843+0000] {processor.py:179} INFO - Processing /opt/airflow/dags/kafka_stream.py took 0.212 seconds
[2025-04-26T07:14:17.087+0000] {processor.py:157} INFO - Started process (PID=281) to work on /opt/airflow/dags/kafka_stream.py
[2025-04-26T07:14:17.090+0000] {processor.py:829} INFO - Processing file /opt/airflow/dags/kafka_stream.py for tasks to queue
[2025-04-26T07:14:17.092+0000] {logging_mixin.py:151} INFO - [2025-04-26T07:14:17.091+0000] {dagbag.py:539} INFO - Filling up the DagBag from /opt/airflow/dags/kafka_stream.py
[2025-04-26T07:14:17.141+0000] {processor.py:839} INFO - DAG(s) dict_keys(['user_automation']) retrieved from /opt/airflow/dags/kafka_stream.py
[2025-04-26T07:14:17.180+0000] {logging_mixin.py:151} INFO - [2025-04-26T07:14:17.179+0000] {dag.py:2907} INFO - Sync 1 DAGs
[2025-04-26T07:14:17.217+0000] {logging_mixin.py:151} INFO - [2025-04-26T07:14:17.217+0000] {dag.py:3677} INFO - Setting next_dagrun for user_automation to 2025-04-26T00:00:00+00:00, run_after=2025-04-27T00:00:00+00:00
[2025-04-26T07:14:17.259+0000] {processor.py:179} INFO - Processing /opt/airflow/dags/kafka_stream.py took 0.180 seconds
[2025-04-26T07:14:47.517+0000] {processor.py:157} INFO - Started process (PID=282) to work on /opt/airflow/dags/kafka_stream.py
[2025-04-26T07:14:47.519+0000] {processor.py:829} INFO - Processing file /opt/airflow/dags/kafka_stream.py for tasks to queue
[2025-04-26T07:14:47.522+0000] {logging_mixin.py:151} INFO - [2025-04-26T07:14:47.521+0000] {dagbag.py:539} INFO - Filling up the DagBag from /opt/airflow/dags/kafka_stream.py
[2025-04-26T07:14:47.575+0000] {processor.py:839} INFO - DAG(s) dict_keys(['user_automation']) retrieved from /opt/airflow/dags/kafka_stream.py
[2025-04-26T07:14:47.612+0000] {logging_mixin.py:151} INFO - [2025-04-26T07:14:47.612+0000] {dag.py:2907} INFO - Sync 1 DAGs
[2025-04-26T07:14:47.648+0000] {logging_mixin.py:151} INFO - [2025-04-26T07:14:47.647+0000] {dag.py:3677} INFO - Setting next_dagrun for user_automation to 2025-04-26T00:00:00+00:00, run_after=2025-04-27T00:00:00+00:00
[2025-04-26T07:14:47.688+0000] {processor.py:179} INFO - Processing /opt/airflow/dags/kafka_stream.py took 0.177 seconds
[2025-04-26T07:15:17.915+0000] {processor.py:157} INFO - Started process (PID=283) to work on /opt/airflow/dags/kafka_stream.py
[2025-04-26T07:15:17.918+0000] {processor.py:829} INFO - Processing file /opt/airflow/dags/kafka_stream.py for tasks to queue
[2025-04-26T07:15:17.920+0000] {logging_mixin.py:151} INFO - [2025-04-26T07:15:17.920+0000] {dagbag.py:539} INFO - Filling up the DagBag from /opt/airflow/dags/kafka_stream.py
[2025-04-26T07:15:17.978+0000] {processor.py:839} INFO - DAG(s) dict_keys(['user_automation']) retrieved from /opt/airflow/dags/kafka_stream.py
[2025-04-26T07:15:18.022+0000] {logging_mixin.py:151} INFO - [2025-04-26T07:15:18.022+0000] {dag.py:2907} INFO - Sync 1 DAGs
[2025-04-26T07:15:18.059+0000] {logging_mixin.py:151} INFO - [2025-04-26T07:15:18.058+0000] {dag.py:3677} INFO - Setting next_dagrun for user_automation to 2025-04-26T00:00:00+00:00, run_after=2025-04-27T00:00:00+00:00
[2025-04-26T07:15:18.105+0000] {processor.py:179} INFO - Processing /opt/airflow/dags/kafka_stream.py took 0.195 seconds
[2025-04-26T07:15:48.488+0000] {processor.py:157} INFO - Started process (PID=284) to work on /opt/airflow/dags/kafka_stream.py
[2025-04-26T07:15:48.490+0000] {processor.py:829} INFO - Processing file /opt/airflow/dags/kafka_stream.py for tasks to queue
[2025-04-26T07:15:48.493+0000] {logging_mixin.py:151} INFO - [2025-04-26T07:15:48.492+0000] {dagbag.py:539} INFO - Filling up the DagBag from /opt/airflow/dags/kafka_stream.py
[2025-04-26T07:15:48.557+0000] {processor.py:839} INFO - DAG(s) dict_keys(['user_automation']) retrieved from /opt/airflow/dags/kafka_stream.py
[2025-04-26T07:15:48.603+0000] {logging_mixin.py:151} INFO - [2025-04-26T07:15:48.603+0000] {dag.py:2907} INFO - Sync 1 DAGs
[2025-04-26T07:15:48.645+0000] {logging_mixin.py:151} INFO - [2025-04-26T07:15:48.645+0000] {dag.py:3677} INFO - Setting next_dagrun for user_automation to 2025-04-26T00:00:00+00:00, run_after=2025-04-27T00:00:00+00:00
[2025-04-26T07:15:48.726+0000] {processor.py:179} INFO - Processing /opt/airflow/dags/kafka_stream.py took 0.243 seconds
[2025-04-26T07:16:18.947+0000] {processor.py:157} INFO - Started process (PID=285) to work on /opt/airflow/dags/kafka_stream.py
[2025-04-26T07:16:18.950+0000] {processor.py:829} INFO - Processing file /opt/airflow/dags/kafka_stream.py for tasks to queue
[2025-04-26T07:16:18.951+0000] {logging_mixin.py:151} INFO - [2025-04-26T07:16:18.951+0000] {dagbag.py:539} INFO - Filling up the DagBag from /opt/airflow/dags/kafka_stream.py
[2025-04-26T07:16:18.996+0000] {processor.py:839} INFO - DAG(s) dict_keys(['user_automation']) retrieved from /opt/airflow/dags/kafka_stream.py
[2025-04-26T07:16:19.034+0000] {logging_mixin.py:151} INFO - [2025-04-26T07:16:19.034+0000] {dag.py:2907} INFO - Sync 1 DAGs
[2025-04-26T07:16:19.072+0000] {logging_mixin.py:151} INFO - [2025-04-26T07:16:19.072+0000] {dag.py:3677} INFO - Setting next_dagrun for user_automation to 2025-04-26T00:00:00+00:00, run_after=2025-04-27T00:00:00+00:00
[2025-04-26T07:16:19.117+0000] {processor.py:179} INFO - Processing /opt/airflow/dags/kafka_stream.py took 0.176 seconds
[2025-04-26T07:16:49.473+0000] {processor.py:157} INFO - Started process (PID=286) to work on /opt/airflow/dags/kafka_stream.py
[2025-04-26T07:16:49.477+0000] {processor.py:829} INFO - Processing file /opt/airflow/dags/kafka_stream.py for tasks to queue
[2025-04-26T07:16:49.483+0000] {logging_mixin.py:151} INFO - [2025-04-26T07:16:49.481+0000] {dagbag.py:539} INFO - Filling up the DagBag from /opt/airflow/dags/kafka_stream.py
[2025-04-26T07:16:49.518+0000] {processor.py:839} INFO - DAG(s) dict_keys(['user_automation']) retrieved from /opt/airflow/dags/kafka_stream.py
[2025-04-26T07:16:49.551+0000] {logging_mixin.py:151} INFO - [2025-04-26T07:16:49.550+0000] {dag.py:2907} INFO - Sync 1 DAGs
[2025-04-26T07:16:49.579+0000] {logging_mixin.py:151} INFO - [2025-04-26T07:16:49.579+0000] {dag.py:3677} INFO - Setting next_dagrun for user_automation to 2025-04-26T00:00:00+00:00, run_after=2025-04-27T00:00:00+00:00
[2025-04-26T07:16:49.624+0000] {processor.py:179} INFO - Processing /opt/airflow/dags/kafka_stream.py took 0.156 seconds
[2025-04-26T07:17:19.927+0000] {processor.py:157} INFO - Started process (PID=287) to work on /opt/airflow/dags/kafka_stream.py
[2025-04-26T07:17:19.929+0000] {processor.py:829} INFO - Processing file /opt/airflow/dags/kafka_stream.py for tasks to queue
[2025-04-26T07:17:19.931+0000] {logging_mixin.py:151} INFO - [2025-04-26T07:17:19.930+0000] {dagbag.py:539} INFO - Filling up the DagBag from /opt/airflow/dags/kafka_stream.py
[2025-04-26T07:17:19.976+0000] {processor.py:839} INFO - DAG(s) dict_keys(['user_automation']) retrieved from /opt/airflow/dags/kafka_stream.py
[2025-04-26T07:17:20.009+0000] {logging_mixin.py:151} INFO - [2025-04-26T07:17:20.008+0000] {dag.py:2907} INFO - Sync 1 DAGs
[2025-04-26T07:17:20.042+0000] {logging_mixin.py:151} INFO - [2025-04-26T07:17:20.041+0000] {dag.py:3677} INFO - Setting next_dagrun for user_automation to 2025-04-26T00:00:00+00:00, run_after=2025-04-27T00:00:00+00:00
[2025-04-26T07:17:20.086+0000] {processor.py:179} INFO - Processing /opt/airflow/dags/kafka_stream.py took 0.163 seconds
[2025-04-26T07:17:50.297+0000] {processor.py:157} INFO - Started process (PID=288) to work on /opt/airflow/dags/kafka_stream.py
[2025-04-26T07:17:50.299+0000] {processor.py:829} INFO - Processing file /opt/airflow/dags/kafka_stream.py for tasks to queue
[2025-04-26T07:17:50.302+0000] {logging_mixin.py:151} INFO - [2025-04-26T07:17:50.301+0000] {dagbag.py:539} INFO - Filling up the DagBag from /opt/airflow/dags/kafka_stream.py
[2025-04-26T07:17:50.365+0000] {processor.py:839} INFO - DAG(s) dict_keys(['user_automation']) retrieved from /opt/airflow/dags/kafka_stream.py
[2025-04-26T07:17:50.408+0000] {logging_mixin.py:151} INFO - [2025-04-26T07:17:50.408+0000] {dag.py:2907} INFO - Sync 1 DAGs
[2025-04-26T07:17:50.443+0000] {logging_mixin.py:151} INFO - [2025-04-26T07:17:50.443+0000] {dag.py:3677} INFO - Setting next_dagrun for user_automation to 2025-04-26T00:00:00+00:00, run_after=2025-04-27T00:00:00+00:00
[2025-04-26T07:17:50.489+0000] {processor.py:179} INFO - Processing /opt/airflow/dags/kafka_stream.py took 0.199 seconds
[2025-04-26T07:18:20.770+0000] {processor.py:157} INFO - Started process (PID=289) to work on /opt/airflow/dags/kafka_stream.py
[2025-04-26T07:18:20.772+0000] {processor.py:829} INFO - Processing file /opt/airflow/dags/kafka_stream.py for tasks to queue
[2025-04-26T07:18:20.774+0000] {logging_mixin.py:151} INFO - [2025-04-26T07:18:20.774+0000] {dagbag.py:539} INFO - Filling up the DagBag from /opt/airflow/dags/kafka_stream.py
[2025-04-26T07:18:20.829+0000] {processor.py:839} INFO - DAG(s) dict_keys(['user_automation']) retrieved from /opt/airflow/dags/kafka_stream.py
[2025-04-26T07:18:20.876+0000] {logging_mixin.py:151} INFO - [2025-04-26T07:18:20.876+0000] {dag.py:2907} INFO - Sync 1 DAGs
[2025-04-26T07:18:20.914+0000] {logging_mixin.py:151} INFO - [2025-04-26T07:18:20.914+0000] {dag.py:3677} INFO - Setting next_dagrun for user_automation to 2025-04-26T00:00:00+00:00, run_after=2025-04-27T00:00:00+00:00
[2025-04-26T07:18:20.966+0000] {processor.py:179} INFO - Processing /opt/airflow/dags/kafka_stream.py took 0.201 seconds
[2025-04-26T07:18:51.142+0000] {processor.py:157} INFO - Started process (PID=290) to work on /opt/airflow/dags/kafka_stream.py
[2025-04-26T07:18:51.144+0000] {processor.py:829} INFO - Processing file /opt/airflow/dags/kafka_stream.py for tasks to queue
[2025-04-26T07:18:51.146+0000] {logging_mixin.py:151} INFO - [2025-04-26T07:18:51.145+0000] {dagbag.py:539} INFO - Filling up the DagBag from /opt/airflow/dags/kafka_stream.py
[2025-04-26T07:18:51.203+0000] {processor.py:839} INFO - DAG(s) dict_keys(['user_automation']) retrieved from /opt/airflow/dags/kafka_stream.py
[2025-04-26T07:18:51.245+0000] {logging_mixin.py:151} INFO - [2025-04-26T07:18:51.244+0000] {dag.py:2907} INFO - Sync 1 DAGs
[2025-04-26T07:18:51.285+0000] {logging_mixin.py:151} INFO - [2025-04-26T07:18:51.285+0000] {dag.py:3677} INFO - Setting next_dagrun for user_automation to 2025-04-26T00:00:00+00:00, run_after=2025-04-27T00:00:00+00:00
[2025-04-26T07:18:51.322+0000] {processor.py:179} INFO - Processing /opt/airflow/dags/kafka_stream.py took 0.186 seconds
[2025-04-26T07:19:21.629+0000] {processor.py:157} INFO - Started process (PID=291) to work on /opt/airflow/dags/kafka_stream.py
[2025-04-26T07:19:21.632+0000] {processor.py:829} INFO - Processing file /opt/airflow/dags/kafka_stream.py for tasks to queue
[2025-04-26T07:19:21.634+0000] {logging_mixin.py:151} INFO - [2025-04-26T07:19:21.634+0000] {dagbag.py:539} INFO - Filling up the DagBag from /opt/airflow/dags/kafka_stream.py
[2025-04-26T07:19:21.716+0000] {processor.py:839} INFO - DAG(s) dict_keys(['user_automation']) retrieved from /opt/airflow/dags/kafka_stream.py
[2025-04-26T07:19:21.757+0000] {logging_mixin.py:151} INFO - [2025-04-26T07:19:21.757+0000] {dag.py:2907} INFO - Sync 1 DAGs
[2025-04-26T07:19:21.790+0000] {logging_mixin.py:151} INFO - [2025-04-26T07:19:21.789+0000] {dag.py:3677} INFO - Setting next_dagrun for user_automation to 2025-04-26T00:00:00+00:00, run_after=2025-04-27T00:00:00+00:00
[2025-04-26T07:19:21.815+0000] {processor.py:179} INFO - Processing /opt/airflow/dags/kafka_stream.py took 0.192 seconds
[2025-04-26T07:19:51.958+0000] {processor.py:157} INFO - Started process (PID=292) to work on /opt/airflow/dags/kafka_stream.py
[2025-04-26T07:19:51.960+0000] {processor.py:829} INFO - Processing file /opt/airflow/dags/kafka_stream.py for tasks to queue
[2025-04-26T07:19:51.970+0000] {logging_mixin.py:151} INFO - [2025-04-26T07:19:51.961+0000] {dagbag.py:539} INFO - Filling up the DagBag from /opt/airflow/dags/kafka_stream.py
[2025-04-26T07:19:52.005+0000] {processor.py:839} INFO - DAG(s) dict_keys(['user_automation']) retrieved from /opt/airflow/dags/kafka_stream.py
[2025-04-26T07:19:52.044+0000] {logging_mixin.py:151} INFO - [2025-04-26T07:19:52.044+0000] {dag.py:2907} INFO - Sync 1 DAGs
[2025-04-26T07:19:52.082+0000] {logging_mixin.py:151} INFO - [2025-04-26T07:19:52.082+0000] {dag.py:3677} INFO - Setting next_dagrun for user_automation to 2025-04-26T00:00:00+00:00, run_after=2025-04-27T00:00:00+00:00
[2025-04-26T07:19:52.130+0000] {processor.py:179} INFO - Processing /opt/airflow/dags/kafka_stream.py took 0.177 seconds
[2025-04-26T07:20:22.502+0000] {processor.py:157} INFO - Started process (PID=293) to work on /opt/airflow/dags/kafka_stream.py
[2025-04-26T07:20:22.504+0000] {processor.py:829} INFO - Processing file /opt/airflow/dags/kafka_stream.py for tasks to queue
[2025-04-26T07:20:22.506+0000] {logging_mixin.py:151} INFO - [2025-04-26T07:20:22.506+0000] {dagbag.py:539} INFO - Filling up the DagBag from /opt/airflow/dags/kafka_stream.py
[2025-04-26T07:20:22.564+0000] {processor.py:839} INFO - DAG(s) dict_keys(['user_automation']) retrieved from /opt/airflow/dags/kafka_stream.py
[2025-04-26T07:20:22.608+0000] {logging_mixin.py:151} INFO - [2025-04-26T07:20:22.608+0000] {dag.py:2907} INFO - Sync 1 DAGs
[2025-04-26T07:20:22.646+0000] {logging_mixin.py:151} INFO - [2025-04-26T07:20:22.646+0000] {dag.py:3677} INFO - Setting next_dagrun for user_automation to 2025-04-26T00:00:00+00:00, run_after=2025-04-27T00:00:00+00:00
[2025-04-26T07:20:22.697+0000] {processor.py:179} INFO - Processing /opt/airflow/dags/kafka_stream.py took 0.200 seconds
[2025-04-26T07:20:52.837+0000] {processor.py:157} INFO - Started process (PID=294) to work on /opt/airflow/dags/kafka_stream.py
[2025-04-26T07:20:52.838+0000] {processor.py:829} INFO - Processing file /opt/airflow/dags/kafka_stream.py for tasks to queue
[2025-04-26T07:20:52.841+0000] {logging_mixin.py:151} INFO - [2025-04-26T07:20:52.840+0000] {dagbag.py:539} INFO - Filling up the DagBag from /opt/airflow/dags/kafka_stream.py
[2025-04-26T07:20:52.886+0000] {processor.py:839} INFO - DAG(s) dict_keys(['user_automation']) retrieved from /opt/airflow/dags/kafka_stream.py
[2025-04-26T07:20:52.924+0000] {logging_mixin.py:151} INFO - [2025-04-26T07:20:52.924+0000] {dag.py:2907} INFO - Sync 1 DAGs
[2025-04-26T07:20:52.960+0000] {logging_mixin.py:151} INFO - [2025-04-26T07:20:52.959+0000] {dag.py:3677} INFO - Setting next_dagrun for user_automation to 2025-04-26T00:00:00+00:00, run_after=2025-04-27T00:00:00+00:00
[2025-04-26T07:20:52.992+0000] {processor.py:179} INFO - Processing /opt/airflow/dags/kafka_stream.py took 0.160 seconds
[2025-04-26T07:21:23.371+0000] {processor.py:157} INFO - Started process (PID=295) to work on /opt/airflow/dags/kafka_stream.py
[2025-04-26T07:21:23.373+0000] {processor.py:829} INFO - Processing file /opt/airflow/dags/kafka_stream.py for tasks to queue
[2025-04-26T07:21:23.375+0000] {logging_mixin.py:151} INFO - [2025-04-26T07:21:23.375+0000] {dagbag.py:539} INFO - Filling up the DagBag from /opt/airflow/dags/kafka_stream.py
[2025-04-26T07:21:23.433+0000] {processor.py:839} INFO - DAG(s) dict_keys(['user_automation']) retrieved from /opt/airflow/dags/kafka_stream.py
[2025-04-26T07:21:23.481+0000] {logging_mixin.py:151} INFO - [2025-04-26T07:21:23.480+0000] {dag.py:2907} INFO - Sync 1 DAGs
[2025-04-26T07:21:23.524+0000] {logging_mixin.py:151} INFO - [2025-04-26T07:21:23.524+0000] {dag.py:3677} INFO - Setting next_dagrun for user_automation to 2025-04-26T00:00:00+00:00, run_after=2025-04-27T00:00:00+00:00
[2025-04-26T07:21:23.575+0000] {processor.py:179} INFO - Processing /opt/airflow/dags/kafka_stream.py took 0.209 seconds
[2025-04-26T07:21:53.724+0000] {processor.py:157} INFO - Started process (PID=296) to work on /opt/airflow/dags/kafka_stream.py
[2025-04-26T07:21:53.726+0000] {processor.py:829} INFO - Processing file /opt/airflow/dags/kafka_stream.py for tasks to queue
[2025-04-26T07:21:53.728+0000] {logging_mixin.py:151} INFO - [2025-04-26T07:21:53.728+0000] {dagbag.py:539} INFO - Filling up the DagBag from /opt/airflow/dags/kafka_stream.py
[2025-04-26T07:21:53.787+0000] {processor.py:839} INFO - DAG(s) dict_keys(['user_automation']) retrieved from /opt/airflow/dags/kafka_stream.py
[2025-04-26T07:21:53.833+0000] {logging_mixin.py:151} INFO - [2025-04-26T07:21:53.833+0000] {dag.py:2907} INFO - Sync 1 DAGs
[2025-04-26T07:21:53.874+0000] {logging_mixin.py:151} INFO - [2025-04-26T07:21:53.874+0000] {dag.py:3677} INFO - Setting next_dagrun for user_automation to 2025-04-26T00:00:00+00:00, run_after=2025-04-27T00:00:00+00:00
[2025-04-26T07:21:53.926+0000] {processor.py:179} INFO - Processing /opt/airflow/dags/kafka_stream.py took 0.207 seconds
[2025-04-26T07:22:24.330+0000] {processor.py:157} INFO - Started process (PID=297) to work on /opt/airflow/dags/kafka_stream.py
[2025-04-26T07:22:24.332+0000] {processor.py:829} INFO - Processing file /opt/airflow/dags/kafka_stream.py for tasks to queue
[2025-04-26T07:22:24.334+0000] {logging_mixin.py:151} INFO - [2025-04-26T07:22:24.334+0000] {dagbag.py:539} INFO - Filling up the DagBag from /opt/airflow/dags/kafka_stream.py
[2025-04-26T07:22:24.397+0000] {processor.py:839} INFO - DAG(s) dict_keys(['user_automation']) retrieved from /opt/airflow/dags/kafka_stream.py
[2025-04-26T07:22:24.438+0000] {logging_mixin.py:151} INFO - [2025-04-26T07:22:24.438+0000] {dag.py:2907} INFO - Sync 1 DAGs
[2025-04-26T07:22:24.470+0000] {logging_mixin.py:151} INFO - [2025-04-26T07:22:24.470+0000] {dag.py:3677} INFO - Setting next_dagrun for user_automation to 2025-04-26T00:00:00+00:00, run_after=2025-04-27T00:00:00+00:00
[2025-04-26T07:22:24.516+0000] {processor.py:179} INFO - Processing /opt/airflow/dags/kafka_stream.py took 0.191 seconds
[2025-04-26T07:22:54.649+0000] {processor.py:157} INFO - Started process (PID=298) to work on /opt/airflow/dags/kafka_stream.py
[2025-04-26T07:22:54.651+0000] {processor.py:829} INFO - Processing file /opt/airflow/dags/kafka_stream.py for tasks to queue
[2025-04-26T07:22:54.652+0000] {logging_mixin.py:151} INFO - [2025-04-26T07:22:54.652+0000] {dagbag.py:539} INFO - Filling up the DagBag from /opt/airflow/dags/kafka_stream.py
[2025-04-26T07:22:54.689+0000] {processor.py:839} INFO - DAG(s) dict_keys(['user_automation']) retrieved from /opt/airflow/dags/kafka_stream.py
[2025-04-26T07:22:54.723+0000] {logging_mixin.py:151} INFO - [2025-04-26T07:22:54.722+0000] {dag.py:2907} INFO - Sync 1 DAGs
[2025-04-26T07:22:54.760+0000] {logging_mixin.py:151} INFO - [2025-04-26T07:22:54.760+0000] {dag.py:3677} INFO - Setting next_dagrun for user_automation to 2025-04-26T00:00:00+00:00, run_after=2025-04-27T00:00:00+00:00
[2025-04-26T07:22:54.795+0000] {processor.py:179} INFO - Processing /opt/airflow/dags/kafka_stream.py took 0.150 seconds
[2025-04-26T07:23:24.969+0000] {processor.py:157} INFO - Started process (PID=299) to work on /opt/airflow/dags/kafka_stream.py
[2025-04-26T07:23:24.986+0000] {processor.py:829} INFO - Processing file /opt/airflow/dags/kafka_stream.py for tasks to queue
[2025-04-26T07:23:24.988+0000] {logging_mixin.py:151} INFO - [2025-04-26T07:23:24.988+0000] {dagbag.py:539} INFO - Filling up the DagBag from /opt/airflow/dags/kafka_stream.py
[2025-04-26T07:23:25.030+0000] {processor.py:839} INFO - DAG(s) dict_keys(['user_automation']) retrieved from /opt/airflow/dags/kafka_stream.py
[2025-04-26T07:23:25.072+0000] {logging_mixin.py:151} INFO - [2025-04-26T07:23:25.071+0000] {dag.py:2907} INFO - Sync 1 DAGs
[2025-04-26T07:23:25.107+0000] {logging_mixin.py:151} INFO - [2025-04-26T07:23:25.107+0000] {dag.py:3677} INFO - Setting next_dagrun for user_automation to 2025-04-26T00:00:00+00:00, run_after=2025-04-27T00:00:00+00:00
[2025-04-26T07:23:25.157+0000] {processor.py:179} INFO - Processing /opt/airflow/dags/kafka_stream.py took 0.195 seconds
[2025-04-26T07:23:55.424+0000] {processor.py:157} INFO - Started process (PID=300) to work on /opt/airflow/dags/kafka_stream.py
[2025-04-26T07:23:55.425+0000] {processor.py:829} INFO - Processing file /opt/airflow/dags/kafka_stream.py for tasks to queue
[2025-04-26T07:23:55.427+0000] {logging_mixin.py:151} INFO - [2025-04-26T07:23:55.426+0000] {dagbag.py:539} INFO - Filling up the DagBag from /opt/airflow/dags/kafka_stream.py
[2025-04-26T07:23:55.461+0000] {processor.py:839} INFO - DAG(s) dict_keys(['user_automation']) retrieved from /opt/airflow/dags/kafka_stream.py
[2025-04-26T07:23:55.498+0000] {logging_mixin.py:151} INFO - [2025-04-26T07:23:55.497+0000] {dag.py:2907} INFO - Sync 1 DAGs
[2025-04-26T07:23:55.541+0000] {logging_mixin.py:151} INFO - [2025-04-26T07:23:55.541+0000] {dag.py:3677} INFO - Setting next_dagrun for user_automation to 2025-04-26T00:00:00+00:00, run_after=2025-04-27T00:00:00+00:00
[2025-04-26T07:23:55.581+0000] {processor.py:179} INFO - Processing /opt/airflow/dags/kafka_stream.py took 0.162 seconds
[2025-04-26T07:24:25.804+0000] {processor.py:157} INFO - Started process (PID=301) to work on /opt/airflow/dags/kafka_stream.py
[2025-04-26T07:24:25.806+0000] {processor.py:829} INFO - Processing file /opt/airflow/dags/kafka_stream.py for tasks to queue
[2025-04-26T07:24:25.808+0000] {logging_mixin.py:151} INFO - [2025-04-26T07:24:25.807+0000] {dagbag.py:539} INFO - Filling up the DagBag from /opt/airflow/dags/kafka_stream.py
[2025-04-26T07:24:25.865+0000] {processor.py:839} INFO - DAG(s) dict_keys(['user_automation']) retrieved from /opt/airflow/dags/kafka_stream.py
[2025-04-26T07:24:25.911+0000] {logging_mixin.py:151} INFO - [2025-04-26T07:24:25.911+0000] {dag.py:2907} INFO - Sync 1 DAGs
[2025-04-26T07:24:25.953+0000] {logging_mixin.py:151} INFO - [2025-04-26T07:24:25.952+0000] {dag.py:3677} INFO - Setting next_dagrun for user_automation to 2025-04-26T00:00:00+00:00, run_after=2025-04-27T00:00:00+00:00
[2025-04-26T07:24:26.002+0000] {processor.py:179} INFO - Processing /opt/airflow/dags/kafka_stream.py took 0.204 seconds
[2025-04-26T07:24:56.247+0000] {processor.py:157} INFO - Started process (PID=302) to work on /opt/airflow/dags/kafka_stream.py
[2025-04-26T07:24:56.249+0000] {processor.py:829} INFO - Processing file /opt/airflow/dags/kafka_stream.py for tasks to queue
[2025-04-26T07:24:56.251+0000] {logging_mixin.py:151} INFO - [2025-04-26T07:24:56.251+0000] {dagbag.py:539} INFO - Filling up the DagBag from /opt/airflow/dags/kafka_stream.py
[2025-04-26T07:24:56.308+0000] {processor.py:839} INFO - DAG(s) dict_keys(['user_automation']) retrieved from /opt/airflow/dags/kafka_stream.py
[2025-04-26T07:24:56.354+0000] {logging_mixin.py:151} INFO - [2025-04-26T07:24:56.354+0000] {dag.py:2907} INFO - Sync 1 DAGs
[2025-04-26T07:24:56.391+0000] {logging_mixin.py:151} INFO - [2025-04-26T07:24:56.391+0000] {dag.py:3677} INFO - Setting next_dagrun for user_automation to 2025-04-26T00:00:00+00:00, run_after=2025-04-27T00:00:00+00:00
[2025-04-26T07:24:56.429+0000] {processor.py:179} INFO - Processing /opt/airflow/dags/kafka_stream.py took 0.187 seconds
[2025-04-26T07:25:26.712+0000] {processor.py:157} INFO - Started process (PID=303) to work on /opt/airflow/dags/kafka_stream.py
[2025-04-26T07:25:26.713+0000] {processor.py:829} INFO - Processing file /opt/airflow/dags/kafka_stream.py for tasks to queue
[2025-04-26T07:25:26.715+0000] {logging_mixin.py:151} INFO - [2025-04-26T07:25:26.715+0000] {dagbag.py:539} INFO - Filling up the DagBag from /opt/airflow/dags/kafka_stream.py
[2025-04-26T07:25:26.778+0000] {processor.py:839} INFO - DAG(s) dict_keys(['user_automation']) retrieved from /opt/airflow/dags/kafka_stream.py
[2025-04-26T07:25:26.822+0000] {logging_mixin.py:151} INFO - [2025-04-26T07:25:26.822+0000] {dag.py:2907} INFO - Sync 1 DAGs
[2025-04-26T07:25:26.856+0000] {logging_mixin.py:151} INFO - [2025-04-26T07:25:26.856+0000] {dag.py:3677} INFO - Setting next_dagrun for user_automation to 2025-04-26T00:00:00+00:00, run_after=2025-04-27T00:00:00+00:00
[2025-04-26T07:25:26.889+0000] {processor.py:179} INFO - Processing /opt/airflow/dags/kafka_stream.py took 0.183 seconds
[2025-04-26T07:25:57.099+0000] {processor.py:157} INFO - Started process (PID=304) to work on /opt/airflow/dags/kafka_stream.py
[2025-04-26T07:25:57.101+0000] {processor.py:829} INFO - Processing file /opt/airflow/dags/kafka_stream.py for tasks to queue
[2025-04-26T07:25:57.103+0000] {logging_mixin.py:151} INFO - [2025-04-26T07:25:57.102+0000] {dagbag.py:539} INFO - Filling up the DagBag from /opt/airflow/dags/kafka_stream.py
[2025-04-26T07:25:57.158+0000] {processor.py:839} INFO - DAG(s) dict_keys(['user_automation']) retrieved from /opt/airflow/dags/kafka_stream.py
[2025-04-26T07:25:57.202+0000] {logging_mixin.py:151} INFO - [2025-04-26T07:25:57.201+0000] {dag.py:2907} INFO - Sync 1 DAGs
[2025-04-26T07:25:57.243+0000] {logging_mixin.py:151} INFO - [2025-04-26T07:25:57.243+0000] {dag.py:3677} INFO - Setting next_dagrun for user_automation to 2025-04-26T00:00:00+00:00, run_after=2025-04-27T00:00:00+00:00
[2025-04-26T07:25:57.286+0000] {processor.py:179} INFO - Processing /opt/airflow/dags/kafka_stream.py took 0.192 seconds
[2025-04-26T07:26:27.537+0000] {processor.py:157} INFO - Started process (PID=305) to work on /opt/airflow/dags/kafka_stream.py
[2025-04-26T07:26:27.539+0000] {processor.py:829} INFO - Processing file /opt/airflow/dags/kafka_stream.py for tasks to queue
[2025-04-26T07:26:27.541+0000] {logging_mixin.py:151} INFO - [2025-04-26T07:26:27.541+0000] {dagbag.py:539} INFO - Filling up the DagBag from /opt/airflow/dags/kafka_stream.py
[2025-04-26T07:26:27.595+0000] {processor.py:839} INFO - DAG(s) dict_keys(['user_automation']) retrieved from /opt/airflow/dags/kafka_stream.py
[2025-04-26T07:26:27.635+0000] {logging_mixin.py:151} INFO - [2025-04-26T07:26:27.635+0000] {dag.py:2907} INFO - Sync 1 DAGs
[2025-04-26T07:26:27.669+0000] {logging_mixin.py:151} INFO - [2025-04-26T07:26:27.669+0000] {dag.py:3677} INFO - Setting next_dagrun for user_automation to 2025-04-26T00:00:00+00:00, run_after=2025-04-27T00:00:00+00:00
[2025-04-26T07:26:27.717+0000] {processor.py:179} INFO - Processing /opt/airflow/dags/kafka_stream.py took 0.186 seconds
[2025-04-26T07:26:57.948+0000] {processor.py:157} INFO - Started process (PID=306) to work on /opt/airflow/dags/kafka_stream.py
[2025-04-26T07:26:57.950+0000] {processor.py:829} INFO - Processing file /opt/airflow/dags/kafka_stream.py for tasks to queue
[2025-04-26T07:26:57.951+0000] {logging_mixin.py:151} INFO - [2025-04-26T07:26:57.951+0000] {dagbag.py:539} INFO - Filling up the DagBag from /opt/airflow/dags/kafka_stream.py
[2025-04-26T07:26:58.006+0000] {processor.py:839} INFO - DAG(s) dict_keys(['user_automation']) retrieved from /opt/airflow/dags/kafka_stream.py
[2025-04-26T07:26:58.040+0000] {logging_mixin.py:151} INFO - [2025-04-26T07:26:58.040+0000] {dag.py:2907} INFO - Sync 1 DAGs
[2025-04-26T07:26:58.075+0000] {logging_mixin.py:151} INFO - [2025-04-26T07:26:58.075+0000] {dag.py:3677} INFO - Setting next_dagrun for user_automation to 2025-04-26T00:00:00+00:00, run_after=2025-04-27T00:00:00+00:00
[2025-04-26T07:26:58.125+0000] {processor.py:179} INFO - Processing /opt/airflow/dags/kafka_stream.py took 0.182 seconds
[2025-04-26T07:27:28.431+0000] {processor.py:157} INFO - Started process (PID=307) to work on /opt/airflow/dags/kafka_stream.py
[2025-04-26T07:27:28.432+0000] {processor.py:829} INFO - Processing file /opt/airflow/dags/kafka_stream.py for tasks to queue
[2025-04-26T07:27:28.434+0000] {logging_mixin.py:151} INFO - [2025-04-26T07:27:28.434+0000] {dagbag.py:539} INFO - Filling up the DagBag from /opt/airflow/dags/kafka_stream.py
[2025-04-26T07:27:28.482+0000] {processor.py:839} INFO - DAG(s) dict_keys(['user_automation']) retrieved from /opt/airflow/dags/kafka_stream.py
[2025-04-26T07:27:28.515+0000] {logging_mixin.py:151} INFO - [2025-04-26T07:27:28.515+0000] {dag.py:2907} INFO - Sync 1 DAGs
[2025-04-26T07:27:28.548+0000] {logging_mixin.py:151} INFO - [2025-04-26T07:27:28.548+0000] {dag.py:3677} INFO - Setting next_dagrun for user_automation to 2025-04-26T00:00:00+00:00, run_after=2025-04-27T00:00:00+00:00
[2025-04-26T07:27:28.593+0000] {processor.py:179} INFO - Processing /opt/airflow/dags/kafka_stream.py took 0.166 seconds
[2025-04-26T07:27:58.813+0000] {processor.py:157} INFO - Started process (PID=308) to work on /opt/airflow/dags/kafka_stream.py
[2025-04-26T07:27:58.815+0000] {processor.py:829} INFO - Processing file /opt/airflow/dags/kafka_stream.py for tasks to queue
[2025-04-26T07:27:58.817+0000] {logging_mixin.py:151} INFO - [2025-04-26T07:27:58.817+0000] {dagbag.py:539} INFO - Filling up the DagBag from /opt/airflow/dags/kafka_stream.py
[2025-04-26T07:27:58.901+0000] {processor.py:839} INFO - DAG(s) dict_keys(['user_automation']) retrieved from /opt/airflow/dags/kafka_stream.py
[2025-04-26T07:27:58.949+0000] {logging_mixin.py:151} INFO - [2025-04-26T07:27:58.949+0000] {dag.py:2907} INFO - Sync 1 DAGs
[2025-04-26T07:27:58.984+0000] {logging_mixin.py:151} INFO - [2025-04-26T07:27:58.983+0000] {dag.py:3677} INFO - Setting next_dagrun for user_automation to 2025-04-26T00:00:00+00:00, run_after=2025-04-27T00:00:00+00:00
[2025-04-26T07:27:59.029+0000] {processor.py:179} INFO - Processing /opt/airflow/dags/kafka_stream.py took 0.222 seconds
[2025-04-26T07:28:29.266+0000] {processor.py:157} INFO - Started process (PID=309) to work on /opt/airflow/dags/kafka_stream.py
[2025-04-26T07:28:29.270+0000] {processor.py:829} INFO - Processing file /opt/airflow/dags/kafka_stream.py for tasks to queue
[2025-04-26T07:28:29.273+0000] {logging_mixin.py:151} INFO - [2025-04-26T07:28:29.272+0000] {dagbag.py:539} INFO - Filling up the DagBag from /opt/airflow/dags/kafka_stream.py
[2025-04-26T07:28:29.314+0000] {processor.py:839} INFO - DAG(s) dict_keys(['user_automation']) retrieved from /opt/airflow/dags/kafka_stream.py
[2025-04-26T07:28:29.359+0000] {logging_mixin.py:151} INFO - [2025-04-26T07:28:29.359+0000] {dag.py:2907} INFO - Sync 1 DAGs
[2025-04-26T07:28:29.395+0000] {logging_mixin.py:151} INFO - [2025-04-26T07:28:29.395+0000] {dag.py:3677} INFO - Setting next_dagrun for user_automation to 2025-04-26T00:00:00+00:00, run_after=2025-04-27T00:00:00+00:00
[2025-04-26T07:28:29.436+0000] {processor.py:179} INFO - Processing /opt/airflow/dags/kafka_stream.py took 0.176 seconds
[2025-04-26T07:28:59.682+0000] {processor.py:157} INFO - Started process (PID=310) to work on /opt/airflow/dags/kafka_stream.py
[2025-04-26T07:28:59.684+0000] {processor.py:829} INFO - Processing file /opt/airflow/dags/kafka_stream.py for tasks to queue
[2025-04-26T07:28:59.687+0000] {logging_mixin.py:151} INFO - [2025-04-26T07:28:59.686+0000] {dagbag.py:539} INFO - Filling up the DagBag from /opt/airflow/dags/kafka_stream.py
[2025-04-26T07:28:59.750+0000] {processor.py:839} INFO - DAG(s) dict_keys(['user_automation']) retrieved from /opt/airflow/dags/kafka_stream.py
[2025-04-26T07:28:59.792+0000] {logging_mixin.py:151} INFO - [2025-04-26T07:28:59.791+0000] {dag.py:2907} INFO - Sync 1 DAGs
[2025-04-26T07:28:59.831+0000] {logging_mixin.py:151} INFO - [2025-04-26T07:28:59.830+0000] {dag.py:3677} INFO - Setting next_dagrun for user_automation to 2025-04-26T00:00:00+00:00, run_after=2025-04-27T00:00:00+00:00
[2025-04-26T07:28:59.874+0000] {processor.py:179} INFO - Processing /opt/airflow/dags/kafka_stream.py took 0.201 seconds
[2025-04-26T07:29:30.119+0000] {processor.py:157} INFO - Started process (PID=311) to work on /opt/airflow/dags/kafka_stream.py
[2025-04-26T07:29:30.121+0000] {processor.py:829} INFO - Processing file /opt/airflow/dags/kafka_stream.py for tasks to queue
[2025-04-26T07:29:30.123+0000] {logging_mixin.py:151} INFO - [2025-04-26T07:29:30.123+0000] {dagbag.py:539} INFO - Filling up the DagBag from /opt/airflow/dags/kafka_stream.py
[2025-04-26T07:29:30.181+0000] {processor.py:839} INFO - DAG(s) dict_keys(['user_automation']) retrieved from /opt/airflow/dags/kafka_stream.py
[2025-04-26T07:29:30.223+0000] {logging_mixin.py:151} INFO - [2025-04-26T07:29:30.223+0000] {dag.py:2907} INFO - Sync 1 DAGs
[2025-04-26T07:29:30.259+0000] {logging_mixin.py:151} INFO - [2025-04-26T07:29:30.258+0000] {dag.py:3677} INFO - Setting next_dagrun for user_automation to 2025-04-26T00:00:00+00:00, run_after=2025-04-27T00:00:00+00:00
[2025-04-26T07:29:30.304+0000] {processor.py:179} INFO - Processing /opt/airflow/dags/kafka_stream.py took 0.190 seconds
[2025-04-26T07:30:00.535+0000] {processor.py:157} INFO - Started process (PID=312) to work on /opt/airflow/dags/kafka_stream.py
[2025-04-26T07:30:00.538+0000] {processor.py:829} INFO - Processing file /opt/airflow/dags/kafka_stream.py for tasks to queue
[2025-04-26T07:30:00.540+0000] {logging_mixin.py:151} INFO - [2025-04-26T07:30:00.540+0000] {dagbag.py:539} INFO - Filling up the DagBag from /opt/airflow/dags/kafka_stream.py
[2025-04-26T07:30:00.602+0000] {processor.py:839} INFO - DAG(s) dict_keys(['user_automation']) retrieved from /opt/airflow/dags/kafka_stream.py
[2025-04-26T07:30:00.638+0000] {logging_mixin.py:151} INFO - [2025-04-26T07:30:00.638+0000] {dag.py:2907} INFO - Sync 1 DAGs
[2025-04-26T07:30:00.674+0000] {logging_mixin.py:151} INFO - [2025-04-26T07:30:00.674+0000] {dag.py:3677} INFO - Setting next_dagrun for user_automation to 2025-04-26T00:00:00+00:00, run_after=2025-04-27T00:00:00+00:00
[2025-04-26T07:30:00.703+0000] {processor.py:179} INFO - Processing /opt/airflow/dags/kafka_stream.py took 0.174 seconds
[2025-04-26T07:30:30.971+0000] {processor.py:157} INFO - Started process (PID=313) to work on /opt/airflow/dags/kafka_stream.py
[2025-04-26T07:30:30.973+0000] {processor.py:829} INFO - Processing file /opt/airflow/dags/kafka_stream.py for tasks to queue
[2025-04-26T07:30:30.975+0000] {logging_mixin.py:151} INFO - [2025-04-26T07:30:30.975+0000] {dagbag.py:539} INFO - Filling up the DagBag from /opt/airflow/dags/kafka_stream.py
[2025-04-26T07:30:31.034+0000] {processor.py:839} INFO - DAG(s) dict_keys(['user_automation']) retrieved from /opt/airflow/dags/kafka_stream.py
[2025-04-26T07:30:31.071+0000] {logging_mixin.py:151} INFO - [2025-04-26T07:30:31.071+0000] {dag.py:2907} INFO - Sync 1 DAGs
[2025-04-26T07:30:31.107+0000] {logging_mixin.py:151} INFO - [2025-04-26T07:30:31.107+0000] {dag.py:3677} INFO - Setting next_dagrun for user_automation to 2025-04-26T00:00:00+00:00, run_after=2025-04-27T00:00:00+00:00
[2025-04-26T07:30:31.154+0000] {processor.py:179} INFO - Processing /opt/airflow/dags/kafka_stream.py took 0.188 seconds
[2025-04-26T07:31:01.365+0000] {processor.py:157} INFO - Started process (PID=314) to work on /opt/airflow/dags/kafka_stream.py
[2025-04-26T07:31:01.367+0000] {processor.py:829} INFO - Processing file /opt/airflow/dags/kafka_stream.py for tasks to queue
[2025-04-26T07:31:01.369+0000] {logging_mixin.py:151} INFO - [2025-04-26T07:31:01.368+0000] {dagbag.py:539} INFO - Filling up the DagBag from /opt/airflow/dags/kafka_stream.py
[2025-04-26T07:31:01.428+0000] {processor.py:839} INFO - DAG(s) dict_keys(['user_automation']) retrieved from /opt/airflow/dags/kafka_stream.py
[2025-04-26T07:31:01.476+0000] {logging_mixin.py:151} INFO - [2025-04-26T07:31:01.476+0000] {dag.py:2907} INFO - Sync 1 DAGs
[2025-04-26T07:31:01.513+0000] {logging_mixin.py:151} INFO - [2025-04-26T07:31:01.513+0000] {dag.py:3677} INFO - Setting next_dagrun for user_automation to 2025-04-26T00:00:00+00:00, run_after=2025-04-27T00:00:00+00:00
[2025-04-26T07:31:01.562+0000] {processor.py:179} INFO - Processing /opt/airflow/dags/kafka_stream.py took 0.202 seconds
[2025-04-26T07:31:31.820+0000] {processor.py:157} INFO - Started process (PID=315) to work on /opt/airflow/dags/kafka_stream.py
[2025-04-26T07:31:31.822+0000] {processor.py:829} INFO - Processing file /opt/airflow/dags/kafka_stream.py for tasks to queue
[2025-04-26T07:31:31.824+0000] {logging_mixin.py:151} INFO - [2025-04-26T07:31:31.823+0000] {dagbag.py:539} INFO - Filling up the DagBag from /opt/airflow/dags/kafka_stream.py
[2025-04-26T07:31:31.875+0000] {processor.py:839} INFO - DAG(s) dict_keys(['user_automation']) retrieved from /opt/airflow/dags/kafka_stream.py
[2025-04-26T07:31:31.917+0000] {logging_mixin.py:151} INFO - [2025-04-26T07:31:31.916+0000] {dag.py:2907} INFO - Sync 1 DAGs
[2025-04-26T07:31:31.953+0000] {logging_mixin.py:151} INFO - [2025-04-26T07:31:31.953+0000] {dag.py:3677} INFO - Setting next_dagrun for user_automation to 2025-04-26T00:00:00+00:00, run_after=2025-04-27T00:00:00+00:00
[2025-04-26T07:31:31.992+0000] {processor.py:179} INFO - Processing /opt/airflow/dags/kafka_stream.py took 0.176 seconds
[2025-04-26T07:32:02.213+0000] {processor.py:157} INFO - Started process (PID=316) to work on /opt/airflow/dags/kafka_stream.py
[2025-04-26T07:32:02.215+0000] {processor.py:829} INFO - Processing file /opt/airflow/dags/kafka_stream.py for tasks to queue
[2025-04-26T07:32:02.217+0000] {logging_mixin.py:151} INFO - [2025-04-26T07:32:02.217+0000] {dagbag.py:539} INFO - Filling up the DagBag from /opt/airflow/dags/kafka_stream.py
[2025-04-26T07:32:02.268+0000] {processor.py:839} INFO - DAG(s) dict_keys(['user_automation']) retrieved from /opt/airflow/dags/kafka_stream.py
[2025-04-26T07:32:02.306+0000] {logging_mixin.py:151} INFO - [2025-04-26T07:32:02.306+0000] {dag.py:2907} INFO - Sync 1 DAGs
[2025-04-26T07:32:02.338+0000] {logging_mixin.py:151} INFO - [2025-04-26T07:32:02.338+0000] {dag.py:3677} INFO - Setting next_dagrun for user_automation to 2025-04-26T00:00:00+00:00, run_after=2025-04-27T00:00:00+00:00
[2025-04-26T07:32:02.377+0000] {processor.py:179} INFO - Processing /opt/airflow/dags/kafka_stream.py took 0.171 seconds
[2025-04-26T07:32:32.705+0000] {processor.py:157} INFO - Started process (PID=317) to work on /opt/airflow/dags/kafka_stream.py
[2025-04-26T07:32:32.707+0000] {processor.py:829} INFO - Processing file /opt/airflow/dags/kafka_stream.py for tasks to queue
[2025-04-26T07:32:32.709+0000] {logging_mixin.py:151} INFO - [2025-04-26T07:32:32.708+0000] {dagbag.py:539} INFO - Filling up the DagBag from /opt/airflow/dags/kafka_stream.py
[2025-04-26T07:32:32.768+0000] {processor.py:839} INFO - DAG(s) dict_keys(['user_automation']) retrieved from /opt/airflow/dags/kafka_stream.py
[2025-04-26T07:32:32.807+0000] {logging_mixin.py:151} INFO - [2025-04-26T07:32:32.807+0000] {dag.py:2907} INFO - Sync 1 DAGs
[2025-04-26T07:32:32.840+0000] {logging_mixin.py:151} INFO - [2025-04-26T07:32:32.840+0000] {dag.py:3677} INFO - Setting next_dagrun for user_automation to 2025-04-26T00:00:00+00:00, run_after=2025-04-27T00:00:00+00:00
[2025-04-26T07:32:32.876+0000] {processor.py:179} INFO - Processing /opt/airflow/dags/kafka_stream.py took 0.175 seconds
[2025-04-26T07:33:03.043+0000] {processor.py:157} INFO - Started process (PID=318) to work on /opt/airflow/dags/kafka_stream.py
[2025-04-26T07:33:03.045+0000] {processor.py:829} INFO - Processing file /opt/airflow/dags/kafka_stream.py for tasks to queue
[2025-04-26T07:33:03.046+0000] {logging_mixin.py:151} INFO - [2025-04-26T07:33:03.046+0000] {dagbag.py:539} INFO - Filling up the DagBag from /opt/airflow/dags/kafka_stream.py
[2025-04-26T07:33:03.101+0000] {processor.py:839} INFO - DAG(s) dict_keys(['user_automation']) retrieved from /opt/airflow/dags/kafka_stream.py
[2025-04-26T07:33:03.142+0000] {logging_mixin.py:151} INFO - [2025-04-26T07:33:03.142+0000] {dag.py:2907} INFO - Sync 1 DAGs
[2025-04-26T07:33:03.182+0000] {logging_mixin.py:151} INFO - [2025-04-26T07:33:03.181+0000] {dag.py:3677} INFO - Setting next_dagrun for user_automation to 2025-04-26T00:00:00+00:00, run_after=2025-04-27T00:00:00+00:00
[2025-04-26T07:33:03.230+0000] {processor.py:179} INFO - Processing /opt/airflow/dags/kafka_stream.py took 0.193 seconds
[2025-04-26T07:33:33.542+0000] {processor.py:157} INFO - Started process (PID=319) to work on /opt/airflow/dags/kafka_stream.py
[2025-04-26T07:33:33.544+0000] {processor.py:829} INFO - Processing file /opt/airflow/dags/kafka_stream.py for tasks to queue
[2025-04-26T07:33:33.546+0000] {logging_mixin.py:151} INFO - [2025-04-26T07:33:33.545+0000] {dagbag.py:539} INFO - Filling up the DagBag from /opt/airflow/dags/kafka_stream.py
[2025-04-26T07:33:33.604+0000] {processor.py:839} INFO - DAG(s) dict_keys(['user_automation']) retrieved from /opt/airflow/dags/kafka_stream.py
[2025-04-26T07:33:33.654+0000] {logging_mixin.py:151} INFO - [2025-04-26T07:33:33.654+0000] {dag.py:2907} INFO - Sync 1 DAGs
[2025-04-26T07:33:33.698+0000] {logging_mixin.py:151} INFO - [2025-04-26T07:33:33.697+0000] {dag.py:3677} INFO - Setting next_dagrun for user_automation to 2025-04-26T00:00:00+00:00, run_after=2025-04-27T00:00:00+00:00
[2025-04-26T07:33:33.741+0000] {processor.py:179} INFO - Processing /opt/airflow/dags/kafka_stream.py took 0.205 seconds
[2025-04-26T07:34:03.881+0000] {processor.py:157} INFO - Started process (PID=320) to work on /opt/airflow/dags/kafka_stream.py
[2025-04-26T07:34:03.884+0000] {processor.py:829} INFO - Processing file /opt/airflow/dags/kafka_stream.py for tasks to queue
[2025-04-26T07:34:03.886+0000] {logging_mixin.py:151} INFO - [2025-04-26T07:34:03.886+0000] {dagbag.py:539} INFO - Filling up the DagBag from /opt/airflow/dags/kafka_stream.py
[2025-04-26T07:34:03.945+0000] {processor.py:839} INFO - DAG(s) dict_keys(['user_automation']) retrieved from /opt/airflow/dags/kafka_stream.py
[2025-04-26T07:34:03.992+0000] {logging_mixin.py:151} INFO - [2025-04-26T07:34:03.992+0000] {dag.py:2907} INFO - Sync 1 DAGs
[2025-04-26T07:34:04.032+0000] {logging_mixin.py:151} INFO - [2025-04-26T07:34:04.032+0000] {dag.py:3677} INFO - Setting next_dagrun for user_automation to 2025-04-26T00:00:00+00:00, run_after=2025-04-27T00:00:00+00:00
[2025-04-26T07:34:04.083+0000] {processor.py:179} INFO - Processing /opt/airflow/dags/kafka_stream.py took 0.208 seconds
[2025-04-26T07:34:34.369+0000] {processor.py:157} INFO - Started process (PID=321) to work on /opt/airflow/dags/kafka_stream.py
[2025-04-26T07:34:34.372+0000] {processor.py:829} INFO - Processing file /opt/airflow/dags/kafka_stream.py for tasks to queue
[2025-04-26T07:34:34.374+0000] {logging_mixin.py:151} INFO - [2025-04-26T07:34:34.373+0000] {dagbag.py:539} INFO - Filling up the DagBag from /opt/airflow/dags/kafka_stream.py
[2025-04-26T07:34:34.430+0000] {processor.py:839} INFO - DAG(s) dict_keys(['user_automation']) retrieved from /opt/airflow/dags/kafka_stream.py
[2025-04-26T07:34:34.472+0000] {logging_mixin.py:151} INFO - [2025-04-26T07:34:34.472+0000] {dag.py:2907} INFO - Sync 1 DAGs
[2025-04-26T07:34:34.517+0000] {logging_mixin.py:151} INFO - [2025-04-26T07:34:34.517+0000] {dag.py:3677} INFO - Setting next_dagrun for user_automation to 2025-04-26T00:00:00+00:00, run_after=2025-04-27T00:00:00+00:00
[2025-04-26T07:34:34.565+0000] {processor.py:179} INFO - Processing /opt/airflow/dags/kafka_stream.py took 0.203 seconds
[2025-04-26T07:35:04.731+0000] {processor.py:157} INFO - Started process (PID=322) to work on /opt/airflow/dags/kafka_stream.py
[2025-04-26T07:35:04.733+0000] {processor.py:829} INFO - Processing file /opt/airflow/dags/kafka_stream.py for tasks to queue
[2025-04-26T07:35:04.735+0000] {logging_mixin.py:151} INFO - [2025-04-26T07:35:04.735+0000] {dagbag.py:539} INFO - Filling up the DagBag from /opt/airflow/dags/kafka_stream.py
[2025-04-26T07:35:04.790+0000] {processor.py:839} INFO - DAG(s) dict_keys(['user_automation']) retrieved from /opt/airflow/dags/kafka_stream.py
[2025-04-26T07:35:04.833+0000] {logging_mixin.py:151} INFO - [2025-04-26T07:35:04.833+0000] {dag.py:2907} INFO - Sync 1 DAGs
[2025-04-26T07:35:04.871+0000] {logging_mixin.py:151} INFO - [2025-04-26T07:35:04.870+0000] {dag.py:3677} INFO - Setting next_dagrun for user_automation to 2025-04-26T00:00:00+00:00, run_after=2025-04-27T00:00:00+00:00
[2025-04-26T07:35:04.899+0000] {processor.py:179} INFO - Processing /opt/airflow/dags/kafka_stream.py took 0.174 seconds
[2025-04-26T07:35:35.235+0000] {processor.py:157} INFO - Started process (PID=323) to work on /opt/airflow/dags/kafka_stream.py
[2025-04-26T07:35:35.237+0000] {processor.py:829} INFO - Processing file /opt/airflow/dags/kafka_stream.py for tasks to queue
[2025-04-26T07:35:35.239+0000] {logging_mixin.py:151} INFO - [2025-04-26T07:35:35.239+0000] {dagbag.py:539} INFO - Filling up the DagBag from /opt/airflow/dags/kafka_stream.py
[2025-04-26T07:35:35.293+0000] {processor.py:839} INFO - DAG(s) dict_keys(['user_automation']) retrieved from /opt/airflow/dags/kafka_stream.py
[2025-04-26T07:35:35.335+0000] {logging_mixin.py:151} INFO - [2025-04-26T07:35:35.335+0000] {dag.py:2907} INFO - Sync 1 DAGs
[2025-04-26T07:35:35.376+0000] {logging_mixin.py:151} INFO - [2025-04-26T07:35:35.376+0000] {dag.py:3677} INFO - Setting next_dagrun for user_automation to 2025-04-26T00:00:00+00:00, run_after=2025-04-27T00:00:00+00:00
[2025-04-26T07:35:35.424+0000] {processor.py:179} INFO - Processing /opt/airflow/dags/kafka_stream.py took 0.194 seconds
[2025-04-26T07:36:05.580+0000] {processor.py:157} INFO - Started process (PID=324) to work on /opt/airflow/dags/kafka_stream.py
[2025-04-26T07:36:05.582+0000] {processor.py:829} INFO - Processing file /opt/airflow/dags/kafka_stream.py for tasks to queue
[2025-04-26T07:36:05.584+0000] {logging_mixin.py:151} INFO - [2025-04-26T07:36:05.583+0000] {dagbag.py:539} INFO - Filling up the DagBag from /opt/airflow/dags/kafka_stream.py
[2025-04-26T07:36:05.639+0000] {processor.py:839} INFO - DAG(s) dict_keys(['user_automation']) retrieved from /opt/airflow/dags/kafka_stream.py
[2025-04-26T07:36:05.682+0000] {logging_mixin.py:151} INFO - [2025-04-26T07:36:05.681+0000] {dag.py:2907} INFO - Sync 1 DAGs
[2025-04-26T07:36:05.722+0000] {logging_mixin.py:151} INFO - [2025-04-26T07:36:05.721+0000] {dag.py:3677} INFO - Setting next_dagrun for user_automation to 2025-04-26T00:00:00+00:00, run_after=2025-04-27T00:00:00+00:00
[2025-04-26T07:36:05.759+0000] {processor.py:179} INFO - Processing /opt/airflow/dags/kafka_stream.py took 0.185 seconds
[2025-04-26T07:36:36.048+0000] {processor.py:157} INFO - Started process (PID=325) to work on /opt/airflow/dags/kafka_stream.py
[2025-04-26T07:36:36.049+0000] {processor.py:829} INFO - Processing file /opt/airflow/dags/kafka_stream.py for tasks to queue
[2025-04-26T07:36:36.051+0000] {logging_mixin.py:151} INFO - [2025-04-26T07:36:36.050+0000] {dagbag.py:539} INFO - Filling up the DagBag from /opt/airflow/dags/kafka_stream.py
[2025-04-26T07:36:36.085+0000] {processor.py:839} INFO - DAG(s) dict_keys(['user_automation']) retrieved from /opt/airflow/dags/kafka_stream.py
[2025-04-26T07:36:36.117+0000] {logging_mixin.py:151} INFO - [2025-04-26T07:36:36.116+0000] {dag.py:2907} INFO - Sync 1 DAGs
[2025-04-26T07:36:36.151+0000] {logging_mixin.py:151} INFO - [2025-04-26T07:36:36.151+0000] {dag.py:3677} INFO - Setting next_dagrun for user_automation to 2025-04-26T00:00:00+00:00, run_after=2025-04-27T00:00:00+00:00
[2025-04-26T07:36:36.190+0000] {processor.py:179} INFO - Processing /opt/airflow/dags/kafka_stream.py took 0.146 seconds
[2025-04-26T07:37:06.414+0000] {processor.py:157} INFO - Started process (PID=326) to work on /opt/airflow/dags/kafka_stream.py
[2025-04-26T07:37:06.417+0000] {processor.py:829} INFO - Processing file /opt/airflow/dags/kafka_stream.py for tasks to queue
[2025-04-26T07:37:06.419+0000] {logging_mixin.py:151} INFO - [2025-04-26T07:37:06.419+0000] {dagbag.py:539} INFO - Filling up the DagBag from /opt/airflow/dags/kafka_stream.py
[2025-04-26T07:37:06.475+0000] {processor.py:839} INFO - DAG(s) dict_keys(['user_automation']) retrieved from /opt/airflow/dags/kafka_stream.py
[2025-04-26T07:37:06.511+0000] {logging_mixin.py:151} INFO - [2025-04-26T07:37:06.511+0000] {dag.py:2907} INFO - Sync 1 DAGs
[2025-04-26T07:37:06.548+0000] {logging_mixin.py:151} INFO - [2025-04-26T07:37:06.548+0000] {dag.py:3677} INFO - Setting next_dagrun for user_automation to 2025-04-26T00:00:00+00:00, run_after=2025-04-27T00:00:00+00:00
[2025-04-26T07:37:06.594+0000] {processor.py:179} INFO - Processing /opt/airflow/dags/kafka_stream.py took 0.187 seconds
[2025-04-26T07:37:36.956+0000] {processor.py:157} INFO - Started process (PID=327) to work on /opt/airflow/dags/kafka_stream.py
[2025-04-26T07:37:36.958+0000] {processor.py:829} INFO - Processing file /opt/airflow/dags/kafka_stream.py for tasks to queue
[2025-04-26T07:37:36.960+0000] {logging_mixin.py:151} INFO - [2025-04-26T07:37:36.959+0000] {dagbag.py:539} INFO - Filling up the DagBag from /opt/airflow/dags/kafka_stream.py
[2025-04-26T07:37:37.020+0000] {processor.py:839} INFO - DAG(s) dict_keys(['user_automation']) retrieved from /opt/airflow/dags/kafka_stream.py
[2025-04-26T07:37:37.067+0000] {logging_mixin.py:151} INFO - [2025-04-26T07:37:37.066+0000] {dag.py:2907} INFO - Sync 1 DAGs
[2025-04-26T07:37:37.105+0000] {logging_mixin.py:151} INFO - [2025-04-26T07:37:37.104+0000] {dag.py:3677} INFO - Setting next_dagrun for user_automation to 2025-04-26T00:00:00+00:00, run_after=2025-04-27T00:00:00+00:00
[2025-04-26T07:37:37.153+0000] {processor.py:179} INFO - Processing /opt/airflow/dags/kafka_stream.py took 0.202 seconds
[2025-04-26T07:38:07.286+0000] {processor.py:157} INFO - Started process (PID=328) to work on /opt/airflow/dags/kafka_stream.py
[2025-04-26T07:38:07.288+0000] {processor.py:829} INFO - Processing file /opt/airflow/dags/kafka_stream.py for tasks to queue
[2025-04-26T07:38:07.290+0000] {logging_mixin.py:151} INFO - [2025-04-26T07:38:07.290+0000] {dagbag.py:539} INFO - Filling up the DagBag from /opt/airflow/dags/kafka_stream.py
[2025-04-26T07:38:07.349+0000] {processor.py:839} INFO - DAG(s) dict_keys(['user_automation']) retrieved from /opt/airflow/dags/kafka_stream.py
[2025-04-26T07:38:07.393+0000] {logging_mixin.py:151} INFO - [2025-04-26T07:38:07.392+0000] {dag.py:2907} INFO - Sync 1 DAGs
[2025-04-26T07:38:07.434+0000] {logging_mixin.py:151} INFO - [2025-04-26T07:38:07.433+0000] {dag.py:3677} INFO - Setting next_dagrun for user_automation to 2025-04-26T00:00:00+00:00, run_after=2025-04-27T00:00:00+00:00
[2025-04-26T07:38:07.480+0000] {processor.py:179} INFO - Processing /opt/airflow/dags/kafka_stream.py took 0.199 seconds
[2025-04-26T07:38:37.832+0000] {processor.py:157} INFO - Started process (PID=329) to work on /opt/airflow/dags/kafka_stream.py
[2025-04-26T07:38:37.834+0000] {processor.py:829} INFO - Processing file /opt/airflow/dags/kafka_stream.py for tasks to queue
[2025-04-26T07:38:37.836+0000] {logging_mixin.py:151} INFO - [2025-04-26T07:38:37.836+0000] {dagbag.py:539} INFO - Filling up the DagBag from /opt/airflow/dags/kafka_stream.py
[2025-04-26T07:38:37.893+0000] {processor.py:839} INFO - DAG(s) dict_keys(['user_automation']) retrieved from /opt/airflow/dags/kafka_stream.py
[2025-04-26T07:38:37.937+0000] {logging_mixin.py:151} INFO - [2025-04-26T07:38:37.937+0000] {dag.py:2907} INFO - Sync 1 DAGs
[2025-04-26T07:38:37.976+0000] {logging_mixin.py:151} INFO - [2025-04-26T07:38:37.976+0000] {dag.py:3677} INFO - Setting next_dagrun for user_automation to 2025-04-26T00:00:00+00:00, run_after=2025-04-27T00:00:00+00:00
[2025-04-26T07:38:38.028+0000] {processor.py:179} INFO - Processing /opt/airflow/dags/kafka_stream.py took 0.201 seconds
[2025-04-26T09:37:56.515+0000] {processor.py:157} INFO - Started process (PID=332) to work on /opt/airflow/dags/kafka_stream.py
[2025-04-26T09:37:56.536+0000] {processor.py:829} INFO - Processing file /opt/airflow/dags/kafka_stream.py for tasks to queue
[2025-04-26T09:37:56.548+0000] {logging_mixin.py:151} INFO - [2025-04-26T09:37:56.545+0000] {dagbag.py:539} INFO - Filling up the DagBag from /opt/airflow/dags/kafka_stream.py
[2025-04-26T09:37:56.754+0000] {processor.py:839} INFO - DAG(s) dict_keys(['user_automation']) retrieved from /opt/airflow/dags/kafka_stream.py
[2025-04-26T09:37:56.870+0000] {logging_mixin.py:151} INFO - [2025-04-26T09:37:56.869+0000] {dag.py:2907} INFO - Sync 1 DAGs
[2025-04-26T09:37:56.947+0000] {logging_mixin.py:151} INFO - [2025-04-26T09:37:56.946+0000] {dag.py:3677} INFO - Setting next_dagrun for user_automation to 2025-04-26T00:00:00+00:00, run_after=2025-04-27T00:00:00+00:00
[2025-04-26T09:37:57.019+0000] {processor.py:179} INFO - Processing /opt/airflow/dags/kafka_stream.py took 0.529 seconds
[2025-04-26T09:38:27.384+0000] {processor.py:157} INFO - Started process (PID=333) to work on /opt/airflow/dags/kafka_stream.py
[2025-04-26T09:38:27.386+0000] {processor.py:829} INFO - Processing file /opt/airflow/dags/kafka_stream.py for tasks to queue
[2025-04-26T09:38:27.388+0000] {logging_mixin.py:151} INFO - [2025-04-26T09:38:27.388+0000] {dagbag.py:539} INFO - Filling up the DagBag from /opt/airflow/dags/kafka_stream.py
[2025-04-26T09:38:27.431+0000] {processor.py:839} INFO - DAG(s) dict_keys(['user_automation']) retrieved from /opt/airflow/dags/kafka_stream.py
[2025-04-26T09:38:27.491+0000] {logging_mixin.py:151} INFO - [2025-04-26T09:38:27.490+0000] {dag.py:2907} INFO - Sync 1 DAGs
[2025-04-26T09:38:27.528+0000] {logging_mixin.py:151} INFO - [2025-04-26T09:38:27.528+0000] {dag.py:3677} INFO - Setting next_dagrun for user_automation to 2025-04-26T00:00:00+00:00, run_after=2025-04-27T00:00:00+00:00
[2025-04-26T09:38:27.562+0000] {processor.py:179} INFO - Processing /opt/airflow/dags/kafka_stream.py took 0.185 seconds
[2025-04-26T09:38:57.695+0000] {processor.py:157} INFO - Started process (PID=334) to work on /opt/airflow/dags/kafka_stream.py
[2025-04-26T09:38:57.697+0000] {processor.py:829} INFO - Processing file /opt/airflow/dags/kafka_stream.py for tasks to queue
[2025-04-26T09:38:57.699+0000] {logging_mixin.py:151} INFO - [2025-04-26T09:38:57.699+0000] {dagbag.py:539} INFO - Filling up the DagBag from /opt/airflow/dags/kafka_stream.py
[2025-04-26T09:38:57.781+0000] {processor.py:839} INFO - DAG(s) dict_keys(['user_automation']) retrieved from /opt/airflow/dags/kafka_stream.py
[2025-04-26T09:38:57.824+0000] {logging_mixin.py:151} INFO - [2025-04-26T09:38:57.823+0000] {dag.py:2907} INFO - Sync 1 DAGs
[2025-04-26T09:38:57.857+0000] {logging_mixin.py:151} INFO - [2025-04-26T09:38:57.856+0000] {dag.py:3677} INFO - Setting next_dagrun for user_automation to 2025-04-26T00:00:00+00:00, run_after=2025-04-27T00:00:00+00:00
[2025-04-26T09:38:57.889+0000] {processor.py:179} INFO - Processing /opt/airflow/dags/kafka_stream.py took 0.198 seconds
[2025-04-26T09:39:28.787+0000] {processor.py:157} INFO - Started process (PID=335) to work on /opt/airflow/dags/kafka_stream.py
[2025-04-26T09:39:28.789+0000] {processor.py:829} INFO - Processing file /opt/airflow/dags/kafka_stream.py for tasks to queue
[2025-04-26T09:39:28.791+0000] {logging_mixin.py:151} INFO - [2025-04-26T09:39:28.790+0000] {dagbag.py:539} INFO - Filling up the DagBag from /opt/airflow/dags/kafka_stream.py
[2025-04-26T09:39:28.846+0000] {processor.py:839} INFO - DAG(s) dict_keys(['user_automation']) retrieved from /opt/airflow/dags/kafka_stream.py
[2025-04-26T09:39:28.882+0000] {logging_mixin.py:151} INFO - [2025-04-26T09:39:28.881+0000] {dag.py:2907} INFO - Sync 1 DAGs
[2025-04-26T09:39:28.919+0000] {logging_mixin.py:151} INFO - [2025-04-26T09:39:28.919+0000] {dag.py:3677} INFO - Setting next_dagrun for user_automation to 2025-04-26T00:00:00+00:00, run_after=2025-04-27T00:00:00+00:00
[2025-04-26T09:39:28.957+0000] {processor.py:179} INFO - Processing /opt/airflow/dags/kafka_stream.py took 0.174 seconds
[2025-04-26T09:39:59.205+0000] {processor.py:157} INFO - Started process (PID=336) to work on /opt/airflow/dags/kafka_stream.py
[2025-04-26T09:39:59.207+0000] {processor.py:829} INFO - Processing file /opt/airflow/dags/kafka_stream.py for tasks to queue
[2025-04-26T09:39:59.210+0000] {logging_mixin.py:151} INFO - [2025-04-26T09:39:59.209+0000] {dagbag.py:539} INFO - Filling up the DagBag from /opt/airflow/dags/kafka_stream.py
[2025-04-26T09:39:59.267+0000] {processor.py:839} INFO - DAG(s) dict_keys(['user_automation']) retrieved from /opt/airflow/dags/kafka_stream.py
[2025-04-26T09:39:59.310+0000] {logging_mixin.py:151} INFO - [2025-04-26T09:39:59.310+0000] {dag.py:2907} INFO - Sync 1 DAGs
[2025-04-26T09:39:59.348+0000] {logging_mixin.py:151} INFO - [2025-04-26T09:39:59.348+0000] {dag.py:3677} INFO - Setting next_dagrun for user_automation to 2025-04-26T00:00:00+00:00, run_after=2025-04-27T00:00:00+00:00
[2025-04-26T09:39:59.395+0000] {processor.py:179} INFO - Processing /opt/airflow/dags/kafka_stream.py took 0.197 seconds
[2025-04-26T09:40:29.770+0000] {processor.py:157} INFO - Started process (PID=337) to work on /opt/airflow/dags/kafka_stream.py
[2025-04-26T09:40:29.771+0000] {processor.py:829} INFO - Processing file /opt/airflow/dags/kafka_stream.py for tasks to queue
[2025-04-26T09:40:29.772+0000] {logging_mixin.py:151} INFO - [2025-04-26T09:40:29.772+0000] {dagbag.py:539} INFO - Filling up the DagBag from /opt/airflow/dags/kafka_stream.py
[2025-04-26T09:40:29.814+0000] {processor.py:839} INFO - DAG(s) dict_keys(['user_automation']) retrieved from /opt/airflow/dags/kafka_stream.py
[2025-04-26T09:40:29.835+0000] {logging_mixin.py:151} INFO - [2025-04-26T09:40:29.835+0000] {dag.py:2907} INFO - Sync 1 DAGs
[2025-04-26T09:40:29.851+0000] {logging_mixin.py:151} INFO - [2025-04-26T09:40:29.851+0000] {dag.py:3677} INFO - Setting next_dagrun for user_automation to 2025-04-26T00:00:00+00:00, run_after=2025-04-27T00:00:00+00:00
[2025-04-26T09:40:29.884+0000] {processor.py:179} INFO - Processing /opt/airflow/dags/kafka_stream.py took 0.117 seconds
[2025-04-26T09:41:00.016+0000] {processor.py:157} INFO - Started process (PID=338) to work on /opt/airflow/dags/kafka_stream.py
[2025-04-26T09:41:00.018+0000] {processor.py:829} INFO - Processing file /opt/airflow/dags/kafka_stream.py for tasks to queue
[2025-04-26T09:41:00.019+0000] {logging_mixin.py:151} INFO - [2025-04-26T09:41:00.019+0000] {dagbag.py:539} INFO - Filling up the DagBag from /opt/airflow/dags/kafka_stream.py
[2025-04-26T09:41:00.059+0000] {processor.py:839} INFO - DAG(s) dict_keys(['user_automation']) retrieved from /opt/airflow/dags/kafka_stream.py
[2025-04-26T09:41:00.085+0000] {logging_mixin.py:151} INFO - [2025-04-26T09:41:00.085+0000] {dag.py:2907} INFO - Sync 1 DAGs
[2025-04-26T09:41:00.105+0000] {logging_mixin.py:151} INFO - [2025-04-26T09:41:00.105+0000] {dag.py:3677} INFO - Setting next_dagrun for user_automation to 2025-04-26T00:00:00+00:00, run_after=2025-04-27T00:00:00+00:00
[2025-04-26T09:41:00.128+0000] {processor.py:179} INFO - Processing /opt/airflow/dags/kafka_stream.py took 0.116 seconds
[2025-04-26T09:41:30.345+0000] {processor.py:157} INFO - Started process (PID=339) to work on /opt/airflow/dags/kafka_stream.py
[2025-04-26T09:41:30.347+0000] {processor.py:829} INFO - Processing file /opt/airflow/dags/kafka_stream.py for tasks to queue
[2025-04-26T09:41:30.348+0000] {logging_mixin.py:151} INFO - [2025-04-26T09:41:30.348+0000] {dagbag.py:539} INFO - Filling up the DagBag from /opt/airflow/dags/kafka_stream.py
[2025-04-26T09:41:30.389+0000] {processor.py:839} INFO - DAG(s) dict_keys(['user_automation']) retrieved from /opt/airflow/dags/kafka_stream.py
[2025-04-26T09:41:30.411+0000] {logging_mixin.py:151} INFO - [2025-04-26T09:41:30.411+0000] {dag.py:2907} INFO - Sync 1 DAGs
[2025-04-26T09:41:30.430+0000] {logging_mixin.py:151} INFO - [2025-04-26T09:41:30.430+0000] {dag.py:3677} INFO - Setting next_dagrun for user_automation to 2025-04-26T00:00:00+00:00, run_after=2025-04-27T00:00:00+00:00
[2025-04-26T09:41:30.450+0000] {processor.py:179} INFO - Processing /opt/airflow/dags/kafka_stream.py took 0.107 seconds
[2025-04-26T09:42:00.641+0000] {processor.py:157} INFO - Started process (PID=340) to work on /opt/airflow/dags/kafka_stream.py
[2025-04-26T09:42:00.643+0000] {processor.py:829} INFO - Processing file /opt/airflow/dags/kafka_stream.py for tasks to queue
[2025-04-26T09:42:00.645+0000] {logging_mixin.py:151} INFO - [2025-04-26T09:42:00.645+0000] {dagbag.py:539} INFO - Filling up the DagBag from /opt/airflow/dags/kafka_stream.py
[2025-04-26T09:42:00.696+0000] {processor.py:839} INFO - DAG(s) dict_keys(['user_automation']) retrieved from /opt/airflow/dags/kafka_stream.py
[2025-04-26T09:42:00.717+0000] {logging_mixin.py:151} INFO - [2025-04-26T09:42:00.717+0000] {dag.py:2907} INFO - Sync 1 DAGs
[2025-04-26T09:42:00.735+0000] {logging_mixin.py:151} INFO - [2025-04-26T09:42:00.735+0000] {dag.py:3677} INFO - Setting next_dagrun for user_automation to 2025-04-26T00:00:00+00:00, run_after=2025-04-27T00:00:00+00:00
[2025-04-26T09:42:00.768+0000] {processor.py:179} INFO - Processing /opt/airflow/dags/kafka_stream.py took 0.131 seconds
[2025-04-26T09:42:30.931+0000] {processor.py:157} INFO - Started process (PID=341) to work on /opt/airflow/dags/kafka_stream.py
[2025-04-26T09:42:30.932+0000] {processor.py:829} INFO - Processing file /opt/airflow/dags/kafka_stream.py for tasks to queue
[2025-04-26T09:42:30.933+0000] {logging_mixin.py:151} INFO - [2025-04-26T09:42:30.933+0000] {dagbag.py:539} INFO - Filling up the DagBag from /opt/airflow/dags/kafka_stream.py
[2025-04-26T09:42:30.962+0000] {processor.py:839} INFO - DAG(s) dict_keys(['user_automation']) retrieved from /opt/airflow/dags/kafka_stream.py
[2025-04-26T09:42:30.986+0000] {logging_mixin.py:151} INFO - [2025-04-26T09:42:30.986+0000] {dag.py:2907} INFO - Sync 1 DAGs
[2025-04-26T09:42:31.003+0000] {logging_mixin.py:151} INFO - [2025-04-26T09:42:31.002+0000] {dag.py:3677} INFO - Setting next_dagrun for user_automation to 2025-04-26T00:00:00+00:00, run_after=2025-04-27T00:00:00+00:00
[2025-04-26T09:42:31.033+0000] {processor.py:179} INFO - Processing /opt/airflow/dags/kafka_stream.py took 0.104 seconds
[2025-04-26T09:43:01.220+0000] {processor.py:157} INFO - Started process (PID=342) to work on /opt/airflow/dags/kafka_stream.py
[2025-04-26T09:43:01.221+0000] {processor.py:829} INFO - Processing file /opt/airflow/dags/kafka_stream.py for tasks to queue
[2025-04-26T09:43:01.222+0000] {logging_mixin.py:151} INFO - [2025-04-26T09:43:01.222+0000] {dagbag.py:539} INFO - Filling up the DagBag from /opt/airflow/dags/kafka_stream.py
[2025-04-26T09:43:01.245+0000] {processor.py:839} INFO - DAG(s) dict_keys(['user_automation']) retrieved from /opt/airflow/dags/kafka_stream.py
[2025-04-26T09:43:01.267+0000] {logging_mixin.py:151} INFO - [2025-04-26T09:43:01.267+0000] {dag.py:2907} INFO - Sync 1 DAGs
[2025-04-26T09:43:01.289+0000] {logging_mixin.py:151} INFO - [2025-04-26T09:43:01.289+0000] {dag.py:3677} INFO - Setting next_dagrun for user_automation to 2025-04-26T00:00:00+00:00, run_after=2025-04-27T00:00:00+00:00
[2025-04-26T09:43:01.308+0000] {processor.py:179} INFO - Processing /opt/airflow/dags/kafka_stream.py took 0.091 seconds
[2025-04-26T09:43:31.528+0000] {processor.py:157} INFO - Started process (PID=343) to work on /opt/airflow/dags/kafka_stream.py
[2025-04-26T09:43:31.530+0000] {processor.py:829} INFO - Processing file /opt/airflow/dags/kafka_stream.py for tasks to queue
[2025-04-26T09:43:31.532+0000] {logging_mixin.py:151} INFO - [2025-04-26T09:43:31.531+0000] {dagbag.py:539} INFO - Filling up the DagBag from /opt/airflow/dags/kafka_stream.py
[2025-04-26T09:43:31.580+0000] {processor.py:839} INFO - DAG(s) dict_keys(['user_automation']) retrieved from /opt/airflow/dags/kafka_stream.py
[2025-04-26T09:43:31.603+0000] {logging_mixin.py:151} INFO - [2025-04-26T09:43:31.603+0000] {dag.py:2907} INFO - Sync 1 DAGs
[2025-04-26T09:43:31.624+0000] {logging_mixin.py:151} INFO - [2025-04-26T09:43:31.623+0000] {dag.py:3677} INFO - Setting next_dagrun for user_automation to 2025-04-26T00:00:00+00:00, run_after=2025-04-27T00:00:00+00:00
[2025-04-26T09:43:31.646+0000] {processor.py:179} INFO - Processing /opt/airflow/dags/kafka_stream.py took 0.120 seconds
[2025-04-26T09:44:01.758+0000] {processor.py:157} INFO - Started process (PID=344) to work on /opt/airflow/dags/kafka_stream.py
[2025-04-26T09:44:01.759+0000] {processor.py:829} INFO - Processing file /opt/airflow/dags/kafka_stream.py for tasks to queue
[2025-04-26T09:44:01.760+0000] {logging_mixin.py:151} INFO - [2025-04-26T09:44:01.759+0000] {dagbag.py:539} INFO - Filling up the DagBag from /opt/airflow/dags/kafka_stream.py
[2025-04-26T09:44:01.778+0000] {processor.py:839} INFO - DAG(s) dict_keys(['user_automation']) retrieved from /opt/airflow/dags/kafka_stream.py
[2025-04-26T09:44:01.800+0000] {logging_mixin.py:151} INFO - [2025-04-26T09:44:01.800+0000] {dag.py:2907} INFO - Sync 1 DAGs
[2025-04-26T09:44:01.819+0000] {logging_mixin.py:151} INFO - [2025-04-26T09:44:01.819+0000] {dag.py:3677} INFO - Setting next_dagrun for user_automation to 2025-04-26T00:00:00+00:00, run_after=2025-04-27T00:00:00+00:00
[2025-04-26T09:44:01.844+0000] {processor.py:179} INFO - Processing /opt/airflow/dags/kafka_stream.py took 0.089 seconds
[2025-04-26T09:44:32.084+0000] {processor.py:157} INFO - Started process (PID=345) to work on /opt/airflow/dags/kafka_stream.py
[2025-04-26T09:44:32.085+0000] {processor.py:829} INFO - Processing file /opt/airflow/dags/kafka_stream.py for tasks to queue
[2025-04-26T09:44:32.087+0000] {logging_mixin.py:151} INFO - [2025-04-26T09:44:32.087+0000] {dagbag.py:539} INFO - Filling up the DagBag from /opt/airflow/dags/kafka_stream.py
[2025-04-26T09:44:32.125+0000] {processor.py:839} INFO - DAG(s) dict_keys(['user_automation']) retrieved from /opt/airflow/dags/kafka_stream.py
[2025-04-26T09:44:32.152+0000] {logging_mixin.py:151} INFO - [2025-04-26T09:44:32.152+0000] {dag.py:2907} INFO - Sync 1 DAGs
[2025-04-26T09:44:32.170+0000] {logging_mixin.py:151} INFO - [2025-04-26T09:44:32.170+0000] {dag.py:3677} INFO - Setting next_dagrun for user_automation to 2025-04-26T00:00:00+00:00, run_after=2025-04-27T00:00:00+00:00
[2025-04-26T09:44:32.191+0000] {processor.py:179} INFO - Processing /opt/airflow/dags/kafka_stream.py took 0.109 seconds
[2025-04-26T09:45:02.329+0000] {processor.py:157} INFO - Started process (PID=346) to work on /opt/airflow/dags/kafka_stream.py
[2025-04-26T09:45:02.330+0000] {processor.py:829} INFO - Processing file /opt/airflow/dags/kafka_stream.py for tasks to queue
[2025-04-26T09:45:02.331+0000] {logging_mixin.py:151} INFO - [2025-04-26T09:45:02.331+0000] {dagbag.py:539} INFO - Filling up the DagBag from /opt/airflow/dags/kafka_stream.py
[2025-04-26T09:45:02.373+0000] {processor.py:839} INFO - DAG(s) dict_keys(['user_automation']) retrieved from /opt/airflow/dags/kafka_stream.py
[2025-04-26T09:45:02.397+0000] {logging_mixin.py:151} INFO - [2025-04-26T09:45:02.397+0000] {dag.py:2907} INFO - Sync 1 DAGs
[2025-04-26T09:45:02.415+0000] {logging_mixin.py:151} INFO - [2025-04-26T09:45:02.415+0000] {dag.py:3677} INFO - Setting next_dagrun for user_automation to 2025-04-26T00:00:00+00:00, run_after=2025-04-27T00:00:00+00:00
[2025-04-26T09:45:02.437+0000] {processor.py:179} INFO - Processing /opt/airflow/dags/kafka_stream.py took 0.111 seconds
[2025-04-26T09:45:32.621+0000] {processor.py:157} INFO - Started process (PID=347) to work on /opt/airflow/dags/kafka_stream.py
[2025-04-26T09:45:32.623+0000] {processor.py:829} INFO - Processing file /opt/airflow/dags/kafka_stream.py for tasks to queue
[2025-04-26T09:45:32.624+0000] {logging_mixin.py:151} INFO - [2025-04-26T09:45:32.624+0000] {dagbag.py:539} INFO - Filling up the DagBag from /opt/airflow/dags/kafka_stream.py
[2025-04-26T09:45:32.663+0000] {processor.py:839} INFO - DAG(s) dict_keys(['user_automation']) retrieved from /opt/airflow/dags/kafka_stream.py
[2025-04-26T09:45:32.686+0000] {logging_mixin.py:151} INFO - [2025-04-26T09:45:32.685+0000] {dag.py:2907} INFO - Sync 1 DAGs
[2025-04-26T09:45:32.705+0000] {logging_mixin.py:151} INFO - [2025-04-26T09:45:32.705+0000] {dag.py:3677} INFO - Setting next_dagrun for user_automation to 2025-04-26T00:00:00+00:00, run_after=2025-04-27T00:00:00+00:00
[2025-04-26T09:45:32.725+0000] {processor.py:179} INFO - Processing /opt/airflow/dags/kafka_stream.py took 0.107 seconds
[2025-04-26T09:46:02.861+0000] {processor.py:157} INFO - Started process (PID=348) to work on /opt/airflow/dags/kafka_stream.py
[2025-04-26T09:46:02.863+0000] {processor.py:829} INFO - Processing file /opt/airflow/dags/kafka_stream.py for tasks to queue
[2025-04-26T09:46:02.864+0000] {logging_mixin.py:151} INFO - [2025-04-26T09:46:02.863+0000] {dagbag.py:539} INFO - Filling up the DagBag from /opt/airflow/dags/kafka_stream.py
[2025-04-26T09:46:02.891+0000] {processor.py:839} INFO - DAG(s) dict_keys(['user_automation']) retrieved from /opt/airflow/dags/kafka_stream.py
[2025-04-26T09:46:02.913+0000] {logging_mixin.py:151} INFO - [2025-04-26T09:46:02.913+0000] {dag.py:2907} INFO - Sync 1 DAGs
[2025-04-26T09:46:02.932+0000] {logging_mixin.py:151} INFO - [2025-04-26T09:46:02.932+0000] {dag.py:3677} INFO - Setting next_dagrun for user_automation to 2025-04-26T00:00:00+00:00, run_after=2025-04-27T00:00:00+00:00
[2025-04-26T09:46:02.955+0000] {processor.py:179} INFO - Processing /opt/airflow/dags/kafka_stream.py took 0.096 seconds
[2025-04-26T09:46:33.233+0000] {processor.py:157} INFO - Started process (PID=349) to work on /opt/airflow/dags/kafka_stream.py
[2025-04-26T09:46:33.235+0000] {processor.py:829} INFO - Processing file /opt/airflow/dags/kafka_stream.py for tasks to queue
[2025-04-26T09:46:33.237+0000] {logging_mixin.py:151} INFO - [2025-04-26T09:46:33.237+0000] {dagbag.py:539} INFO - Filling up the DagBag from /opt/airflow/dags/kafka_stream.py
[2025-04-26T09:46:33.298+0000] {processor.py:839} INFO - DAG(s) dict_keys(['user_automation']) retrieved from /opt/airflow/dags/kafka_stream.py
[2025-04-26T09:46:33.326+0000] {logging_mixin.py:151} INFO - [2025-04-26T09:46:33.325+0000] {dag.py:2907} INFO - Sync 1 DAGs
[2025-04-26T09:46:33.348+0000] {logging_mixin.py:151} INFO - [2025-04-26T09:46:33.348+0000] {dag.py:3677} INFO - Setting next_dagrun for user_automation to 2025-04-26T00:00:00+00:00, run_after=2025-04-27T00:00:00+00:00
[2025-04-26T09:46:33.380+0000] {processor.py:179} INFO - Processing /opt/airflow/dags/kafka_stream.py took 0.150 seconds
[2025-04-26T09:47:04.419+0000] {processor.py:157} INFO - Started process (PID=350) to work on /opt/airflow/dags/kafka_stream.py
[2025-04-26T09:47:04.422+0000] {processor.py:829} INFO - Processing file /opt/airflow/dags/kafka_stream.py for tasks to queue
[2025-04-26T09:47:04.423+0000] {logging_mixin.py:151} INFO - [2025-04-26T09:47:04.423+0000] {dagbag.py:539} INFO - Filling up the DagBag from /opt/airflow/dags/kafka_stream.py
[2025-04-26T09:47:04.488+0000] {processor.py:839} INFO - DAG(s) dict_keys(['user_automation']) retrieved from /opt/airflow/dags/kafka_stream.py
[2025-04-26T09:47:04.523+0000] {logging_mixin.py:151} INFO - [2025-04-26T09:47:04.523+0000] {dag.py:2907} INFO - Sync 1 DAGs
[2025-04-26T09:47:04.549+0000] {logging_mixin.py:151} INFO - [2025-04-26T09:47:04.549+0000] {dag.py:3677} INFO - Setting next_dagrun for user_automation to 2025-04-26T00:00:00+00:00, run_after=2025-04-27T00:00:00+00:00
[2025-04-26T09:47:04.579+0000] {processor.py:179} INFO - Processing /opt/airflow/dags/kafka_stream.py took 0.166 seconds
[2025-04-26T09:47:34.678+0000] {processor.py:157} INFO - Started process (PID=351) to work on /opt/airflow/dags/kafka_stream.py
[2025-04-26T09:47:34.680+0000] {processor.py:829} INFO - Processing file /opt/airflow/dags/kafka_stream.py for tasks to queue
[2025-04-26T09:47:34.681+0000] {logging_mixin.py:151} INFO - [2025-04-26T09:47:34.681+0000] {dagbag.py:539} INFO - Filling up the DagBag from /opt/airflow/dags/kafka_stream.py
[2025-04-26T09:47:34.727+0000] {processor.py:839} INFO - DAG(s) dict_keys(['user_automation']) retrieved from /opt/airflow/dags/kafka_stream.py
[2025-04-26T09:47:34.749+0000] {logging_mixin.py:151} INFO - [2025-04-26T09:47:34.749+0000] {dag.py:2907} INFO - Sync 1 DAGs
[2025-04-26T09:47:34.769+0000] {logging_mixin.py:151} INFO - [2025-04-26T09:47:34.769+0000] {dag.py:3677} INFO - Setting next_dagrun for user_automation to 2025-04-26T00:00:00+00:00, run_after=2025-04-27T00:00:00+00:00
[2025-04-26T09:47:34.801+0000] {processor.py:179} INFO - Processing /opt/airflow/dags/kafka_stream.py took 0.126 seconds
[2025-04-26T09:48:05.133+0000] {processor.py:157} INFO - Started process (PID=352) to work on /opt/airflow/dags/kafka_stream.py
[2025-04-26T09:48:05.134+0000] {processor.py:829} INFO - Processing file /opt/airflow/dags/kafka_stream.py for tasks to queue
[2025-04-26T09:48:05.135+0000] {logging_mixin.py:151} INFO - [2025-04-26T09:48:05.135+0000] {dagbag.py:539} INFO - Filling up the DagBag from /opt/airflow/dags/kafka_stream.py
[2025-04-26T09:48:05.170+0000] {processor.py:839} INFO - DAG(s) dict_keys(['user_automation']) retrieved from /opt/airflow/dags/kafka_stream.py
[2025-04-26T09:48:05.196+0000] {logging_mixin.py:151} INFO - [2025-04-26T09:48:05.196+0000] {dag.py:2907} INFO - Sync 1 DAGs
[2025-04-26T09:48:05.219+0000] {logging_mixin.py:151} INFO - [2025-04-26T09:48:05.219+0000] {dag.py:3677} INFO - Setting next_dagrun for user_automation to 2025-04-26T00:00:00+00:00, run_after=2025-04-27T00:00:00+00:00
[2025-04-26T09:48:05.254+0000] {processor.py:179} INFO - Processing /opt/airflow/dags/kafka_stream.py took 0.126 seconds
[2025-04-26T09:48:35.407+0000] {processor.py:157} INFO - Started process (PID=353) to work on /opt/airflow/dags/kafka_stream.py
[2025-04-26T09:48:35.409+0000] {processor.py:829} INFO - Processing file /opt/airflow/dags/kafka_stream.py for tasks to queue
[2025-04-26T09:48:35.410+0000] {logging_mixin.py:151} INFO - [2025-04-26T09:48:35.410+0000] {dagbag.py:539} INFO - Filling up the DagBag from /opt/airflow/dags/kafka_stream.py
[2025-04-26T09:48:35.446+0000] {processor.py:839} INFO - DAG(s) dict_keys(['user_automation']) retrieved from /opt/airflow/dags/kafka_stream.py
[2025-04-26T09:48:35.468+0000] {logging_mixin.py:151} INFO - [2025-04-26T09:48:35.468+0000] {dag.py:2907} INFO - Sync 1 DAGs
[2025-04-26T09:48:35.485+0000] {logging_mixin.py:151} INFO - [2025-04-26T09:48:35.484+0000] {dag.py:3677} INFO - Setting next_dagrun for user_automation to 2025-04-26T00:00:00+00:00, run_after=2025-04-27T00:00:00+00:00
[2025-04-26T09:48:35.506+0000] {processor.py:179} INFO - Processing /opt/airflow/dags/kafka_stream.py took 0.101 seconds
[2025-04-26T09:49:05.682+0000] {processor.py:157} INFO - Started process (PID=354) to work on /opt/airflow/dags/kafka_stream.py
[2025-04-26T09:49:05.683+0000] {processor.py:829} INFO - Processing file /opt/airflow/dags/kafka_stream.py for tasks to queue
[2025-04-26T09:49:05.684+0000] {logging_mixin.py:151} INFO - [2025-04-26T09:49:05.684+0000] {dagbag.py:539} INFO - Filling up the DagBag from /opt/airflow/dags/kafka_stream.py
[2025-04-26T09:49:05.715+0000] {processor.py:839} INFO - DAG(s) dict_keys(['user_automation']) retrieved from /opt/airflow/dags/kafka_stream.py
[2025-04-26T09:49:05.742+0000] {logging_mixin.py:151} INFO - [2025-04-26T09:49:05.741+0000] {dag.py:2907} INFO - Sync 1 DAGs
[2025-04-26T09:49:05.763+0000] {logging_mixin.py:151} INFO - [2025-04-26T09:49:05.763+0000] {dag.py:3677} INFO - Setting next_dagrun for user_automation to 2025-04-26T00:00:00+00:00, run_after=2025-04-27T00:00:00+00:00
[2025-04-26T09:49:05.780+0000] {processor.py:179} INFO - Processing /opt/airflow/dags/kafka_stream.py took 0.102 seconds
[2025-04-26T09:49:35.947+0000] {processor.py:157} INFO - Started process (PID=355) to work on /opt/airflow/dags/kafka_stream.py
[2025-04-26T09:49:35.949+0000] {processor.py:829} INFO - Processing file /opt/airflow/dags/kafka_stream.py for tasks to queue
[2025-04-26T09:49:35.950+0000] {logging_mixin.py:151} INFO - [2025-04-26T09:49:35.950+0000] {dagbag.py:539} INFO - Filling up the DagBag from /opt/airflow/dags/kafka_stream.py
[2025-04-26T09:49:35.994+0000] {processor.py:839} INFO - DAG(s) dict_keys(['user_automation']) retrieved from /opt/airflow/dags/kafka_stream.py
[2025-04-26T09:49:36.016+0000] {logging_mixin.py:151} INFO - [2025-04-26T09:49:36.015+0000] {dag.py:2907} INFO - Sync 1 DAGs
[2025-04-26T09:49:36.035+0000] {logging_mixin.py:151} INFO - [2025-04-26T09:49:36.035+0000] {dag.py:3677} INFO - Setting next_dagrun for user_automation to 2025-04-26T00:00:00+00:00, run_after=2025-04-27T00:00:00+00:00
[2025-04-26T09:49:36.065+0000] {processor.py:179} INFO - Processing /opt/airflow/dags/kafka_stream.py took 0.121 seconds
[2025-04-26T09:50:06.239+0000] {processor.py:157} INFO - Started process (PID=356) to work on /opt/airflow/dags/kafka_stream.py
[2025-04-26T09:50:06.240+0000] {processor.py:829} INFO - Processing file /opt/airflow/dags/kafka_stream.py for tasks to queue
[2025-04-26T09:50:06.242+0000] {logging_mixin.py:151} INFO - [2025-04-26T09:50:06.241+0000] {dagbag.py:539} INFO - Filling up the DagBag from /opt/airflow/dags/kafka_stream.py
[2025-04-26T09:50:06.268+0000] {processor.py:839} INFO - DAG(s) dict_keys(['user_automation']) retrieved from /opt/airflow/dags/kafka_stream.py
[2025-04-26T09:50:06.298+0000] {logging_mixin.py:151} INFO - [2025-04-26T09:50:06.298+0000] {dag.py:2907} INFO - Sync 1 DAGs
[2025-04-26T09:50:06.328+0000] {logging_mixin.py:151} INFO - [2025-04-26T09:50:06.327+0000] {dag.py:3677} INFO - Setting next_dagrun for user_automation to 2025-04-26T00:00:00+00:00, run_after=2025-04-27T00:00:00+00:00
[2025-04-26T09:50:06.362+0000] {processor.py:179} INFO - Processing /opt/airflow/dags/kafka_stream.py took 0.126 seconds
[2025-04-26T09:50:36.476+0000] {processor.py:157} INFO - Started process (PID=357) to work on /opt/airflow/dags/kafka_stream.py
[2025-04-26T09:50:36.477+0000] {processor.py:829} INFO - Processing file /opt/airflow/dags/kafka_stream.py for tasks to queue
[2025-04-26T09:50:36.478+0000] {logging_mixin.py:151} INFO - [2025-04-26T09:50:36.477+0000] {dagbag.py:539} INFO - Filling up the DagBag from /opt/airflow/dags/kafka_stream.py
[2025-04-26T09:50:36.502+0000] {processor.py:839} INFO - DAG(s) dict_keys(['user_automation']) retrieved from /opt/airflow/dags/kafka_stream.py
[2025-04-26T09:50:36.527+0000] {logging_mixin.py:151} INFO - [2025-04-26T09:50:36.527+0000] {dag.py:2907} INFO - Sync 1 DAGs
[2025-04-26T09:50:36.550+0000] {logging_mixin.py:151} INFO - [2025-04-26T09:50:36.550+0000] {dag.py:3677} INFO - Setting next_dagrun for user_automation to 2025-04-26T00:00:00+00:00, run_after=2025-04-27T00:00:00+00:00
[2025-04-26T09:50:36.583+0000] {processor.py:179} INFO - Processing /opt/airflow/dags/kafka_stream.py took 0.110 seconds
[2025-04-26T09:51:06.863+0000] {processor.py:157} INFO - Started process (PID=358) to work on /opt/airflow/dags/kafka_stream.py
[2025-04-26T09:51:06.864+0000] {processor.py:829} INFO - Processing file /opt/airflow/dags/kafka_stream.py for tasks to queue
[2025-04-26T09:51:06.866+0000] {logging_mixin.py:151} INFO - [2025-04-26T09:51:06.865+0000] {dagbag.py:539} INFO - Filling up the DagBag from /opt/airflow/dags/kafka_stream.py
[2025-04-26T09:51:06.893+0000] {processor.py:839} INFO - DAG(s) dict_keys(['user_automation']) retrieved from /opt/airflow/dags/kafka_stream.py
[2025-04-26T09:51:06.921+0000] {logging_mixin.py:151} INFO - [2025-04-26T09:51:06.921+0000] {dag.py:2907} INFO - Sync 1 DAGs
[2025-04-26T09:51:06.949+0000] {logging_mixin.py:151} INFO - [2025-04-26T09:51:06.949+0000] {dag.py:3677} INFO - Setting next_dagrun for user_automation to 2025-04-26T00:00:00+00:00, run_after=2025-04-27T00:00:00+00:00
[2025-04-26T09:51:06.970+0000] {processor.py:179} INFO - Processing /opt/airflow/dags/kafka_stream.py took 0.110 seconds
[2025-04-26T09:51:37.109+0000] {processor.py:157} INFO - Started process (PID=359) to work on /opt/airflow/dags/kafka_stream.py
[2025-04-26T09:51:37.111+0000] {processor.py:829} INFO - Processing file /opt/airflow/dags/kafka_stream.py for tasks to queue
[2025-04-26T09:51:37.112+0000] {logging_mixin.py:151} INFO - [2025-04-26T09:51:37.112+0000] {dagbag.py:539} INFO - Filling up the DagBag from /opt/airflow/dags/kafka_stream.py
[2025-04-26T09:51:37.157+0000] {processor.py:839} INFO - DAG(s) dict_keys(['user_automation']) retrieved from /opt/airflow/dags/kafka_stream.py
[2025-04-26T09:51:37.181+0000] {logging_mixin.py:151} INFO - [2025-04-26T09:51:37.181+0000] {dag.py:2907} INFO - Sync 1 DAGs
[2025-04-26T09:51:37.200+0000] {logging_mixin.py:151} INFO - [2025-04-26T09:51:37.200+0000] {dag.py:3677} INFO - Setting next_dagrun for user_automation to 2025-04-26T00:00:00+00:00, run_after=2025-04-27T00:00:00+00:00
[2025-04-26T09:51:37.226+0000] {processor.py:179} INFO - Processing /opt/airflow/dags/kafka_stream.py took 0.119 seconds
[2025-04-26T09:52:07.473+0000] {processor.py:157} INFO - Started process (PID=360) to work on /opt/airflow/dags/kafka_stream.py
[2025-04-26T09:52:07.474+0000] {processor.py:829} INFO - Processing file /opt/airflow/dags/kafka_stream.py for tasks to queue
[2025-04-26T09:52:07.475+0000] {logging_mixin.py:151} INFO - [2025-04-26T09:52:07.475+0000] {dagbag.py:539} INFO - Filling up the DagBag from /opt/airflow/dags/kafka_stream.py
[2025-04-26T09:52:07.498+0000] {processor.py:839} INFO - DAG(s) dict_keys(['user_automation']) retrieved from /opt/airflow/dags/kafka_stream.py
[2025-04-26T09:52:07.518+0000] {logging_mixin.py:151} INFO - [2025-04-26T09:52:07.518+0000] {dag.py:2907} INFO - Sync 1 DAGs
[2025-04-26T09:52:07.535+0000] {logging_mixin.py:151} INFO - [2025-04-26T09:52:07.534+0000] {dag.py:3677} INFO - Setting next_dagrun for user_automation to 2025-04-26T00:00:00+00:00, run_after=2025-04-27T00:00:00+00:00
[2025-04-26T09:52:07.563+0000] {processor.py:179} INFO - Processing /opt/airflow/dags/kafka_stream.py took 0.092 seconds
[2025-04-26T09:52:37.753+0000] {processor.py:157} INFO - Started process (PID=361) to work on /opt/airflow/dags/kafka_stream.py
[2025-04-26T09:52:37.756+0000] {processor.py:829} INFO - Processing file /opt/airflow/dags/kafka_stream.py for tasks to queue
[2025-04-26T09:52:37.759+0000] {logging_mixin.py:151} INFO - [2025-04-26T09:52:37.758+0000] {dagbag.py:539} INFO - Filling up the DagBag from /opt/airflow/dags/kafka_stream.py
[2025-04-26T09:52:37.820+0000] {processor.py:839} INFO - DAG(s) dict_keys(['user_automation']) retrieved from /opt/airflow/dags/kafka_stream.py
[2025-04-26T09:52:37.874+0000] {logging_mixin.py:151} INFO - [2025-04-26T09:52:37.873+0000] {dag.py:2907} INFO - Sync 1 DAGs
[2025-04-26T09:52:37.926+0000] {logging_mixin.py:151} INFO - [2025-04-26T09:52:37.926+0000] {dag.py:3677} INFO - Setting next_dagrun for user_automation to 2025-04-26T00:00:00+00:00, run_after=2025-04-27T00:00:00+00:00
[2025-04-26T09:52:37.985+0000] {processor.py:179} INFO - Processing /opt/airflow/dags/kafka_stream.py took 0.238 seconds
[2025-04-26T09:53:08.337+0000] {processor.py:157} INFO - Started process (PID=362) to work on /opt/airflow/dags/kafka_stream.py
[2025-04-26T09:53:08.338+0000] {processor.py:829} INFO - Processing file /opt/airflow/dags/kafka_stream.py for tasks to queue
[2025-04-26T09:53:08.340+0000] {logging_mixin.py:151} INFO - [2025-04-26T09:53:08.340+0000] {dagbag.py:539} INFO - Filling up the DagBag from /opt/airflow/dags/kafka_stream.py
[2025-04-26T09:53:08.378+0000] {processor.py:839} INFO - DAG(s) dict_keys(['user_automation']) retrieved from /opt/airflow/dags/kafka_stream.py
[2025-04-26T09:53:08.403+0000] {logging_mixin.py:151} INFO - [2025-04-26T09:53:08.403+0000] {dag.py:2907} INFO - Sync 1 DAGs
[2025-04-26T09:53:08.423+0000] {logging_mixin.py:151} INFO - [2025-04-26T09:53:08.423+0000] {dag.py:3677} INFO - Setting next_dagrun for user_automation to 2025-04-26T00:00:00+00:00, run_after=2025-04-27T00:00:00+00:00
[2025-04-26T09:53:08.444+0000] {processor.py:179} INFO - Processing /opt/airflow/dags/kafka_stream.py took 0.110 seconds
[2025-04-26T09:53:38.542+0000] {processor.py:157} INFO - Started process (PID=363) to work on /opt/airflow/dags/kafka_stream.py
[2025-04-26T09:53:38.543+0000] {processor.py:829} INFO - Processing file /opt/airflow/dags/kafka_stream.py for tasks to queue
[2025-04-26T09:53:38.544+0000] {logging_mixin.py:151} INFO - [2025-04-26T09:53:38.544+0000] {dagbag.py:539} INFO - Filling up the DagBag from /opt/airflow/dags/kafka_stream.py
[2025-04-26T09:53:38.570+0000] {processor.py:839} INFO - DAG(s) dict_keys(['user_automation']) retrieved from /opt/airflow/dags/kafka_stream.py
[2025-04-26T09:53:38.594+0000] {logging_mixin.py:151} INFO - [2025-04-26T09:53:38.594+0000] {dag.py:2907} INFO - Sync 1 DAGs
[2025-04-26T09:53:38.614+0000] {logging_mixin.py:151} INFO - [2025-04-26T09:53:38.614+0000] {dag.py:3677} INFO - Setting next_dagrun for user_automation to 2025-04-26T00:00:00+00:00, run_after=2025-04-27T00:00:00+00:00
[2025-04-26T09:53:38.639+0000] {processor.py:179} INFO - Processing /opt/airflow/dags/kafka_stream.py took 0.100 seconds
[2025-04-26T09:54:08.847+0000] {processor.py:157} INFO - Started process (PID=364) to work on /opt/airflow/dags/kafka_stream.py
[2025-04-26T09:54:08.848+0000] {processor.py:829} INFO - Processing file /opt/airflow/dags/kafka_stream.py for tasks to queue
[2025-04-26T09:54:08.849+0000] {logging_mixin.py:151} INFO - [2025-04-26T09:54:08.849+0000] {dagbag.py:539} INFO - Filling up the DagBag from /opt/airflow/dags/kafka_stream.py
[2025-04-26T09:54:08.869+0000] {processor.py:839} INFO - DAG(s) dict_keys(['user_automation']) retrieved from /opt/airflow/dags/kafka_stream.py
[2025-04-26T09:54:08.892+0000] {logging_mixin.py:151} INFO - [2025-04-26T09:54:08.892+0000] {dag.py:2907} INFO - Sync 1 DAGs
[2025-04-26T09:54:08.910+0000] {logging_mixin.py:151} INFO - [2025-04-26T09:54:08.910+0000] {dag.py:3677} INFO - Setting next_dagrun for user_automation to 2025-04-26T00:00:00+00:00, run_after=2025-04-27T00:00:00+00:00
[2025-04-26T09:54:08.943+0000] {processor.py:179} INFO - Processing /opt/airflow/dags/kafka_stream.py took 0.099 seconds
[2025-04-26T09:54:39.069+0000] {processor.py:157} INFO - Started process (PID=365) to work on /opt/airflow/dags/kafka_stream.py
[2025-04-26T09:54:39.071+0000] {processor.py:829} INFO - Processing file /opt/airflow/dags/kafka_stream.py for tasks to queue
[2025-04-26T09:54:39.072+0000] {logging_mixin.py:151} INFO - [2025-04-26T09:54:39.072+0000] {dagbag.py:539} INFO - Filling up the DagBag from /opt/airflow/dags/kafka_stream.py
[2025-04-26T09:54:39.098+0000] {processor.py:839} INFO - DAG(s) dict_keys(['user_automation']) retrieved from /opt/airflow/dags/kafka_stream.py
[2025-04-26T09:54:39.125+0000] {logging_mixin.py:151} INFO - [2025-04-26T09:54:39.125+0000] {dag.py:2907} INFO - Sync 1 DAGs
[2025-04-26T09:54:39.150+0000] {logging_mixin.py:151} INFO - [2025-04-26T09:54:39.150+0000] {dag.py:3677} INFO - Setting next_dagrun for user_automation to 2025-04-26T00:00:00+00:00, run_after=2025-04-27T00:00:00+00:00
[2025-04-26T09:54:39.172+0000] {processor.py:179} INFO - Processing /opt/airflow/dags/kafka_stream.py took 0.106 seconds
[2025-04-26T09:55:09.359+0000] {processor.py:157} INFO - Started process (PID=366) to work on /opt/airflow/dags/kafka_stream.py
[2025-04-26T09:55:09.360+0000] {processor.py:829} INFO - Processing file /opt/airflow/dags/kafka_stream.py for tasks to queue
[2025-04-26T09:55:09.361+0000] {logging_mixin.py:151} INFO - [2025-04-26T09:55:09.361+0000] {dagbag.py:539} INFO - Filling up the DagBag from /opt/airflow/dags/kafka_stream.py
[2025-04-26T09:55:09.385+0000] {processor.py:839} INFO - DAG(s) dict_keys(['user_automation']) retrieved from /opt/airflow/dags/kafka_stream.py
[2025-04-26T09:55:09.406+0000] {logging_mixin.py:151} INFO - [2025-04-26T09:55:09.406+0000] {dag.py:2907} INFO - Sync 1 DAGs
[2025-04-26T09:55:09.425+0000] {logging_mixin.py:151} INFO - [2025-04-26T09:55:09.425+0000] {dag.py:3677} INFO - Setting next_dagrun for user_automation to 2025-04-26T00:00:00+00:00, run_after=2025-04-27T00:00:00+00:00
[2025-04-26T09:55:09.456+0000] {processor.py:179} INFO - Processing /opt/airflow/dags/kafka_stream.py took 0.099 seconds
[2025-04-26T09:55:39.577+0000] {processor.py:157} INFO - Started process (PID=367) to work on /opt/airflow/dags/kafka_stream.py
[2025-04-26T09:55:39.578+0000] {processor.py:829} INFO - Processing file /opt/airflow/dags/kafka_stream.py for tasks to queue
[2025-04-26T09:55:39.580+0000] {logging_mixin.py:151} INFO - [2025-04-26T09:55:39.579+0000] {dagbag.py:539} INFO - Filling up the DagBag from /opt/airflow/dags/kafka_stream.py
[2025-04-26T09:55:39.612+0000] {processor.py:839} INFO - DAG(s) dict_keys(['user_automation']) retrieved from /opt/airflow/dags/kafka_stream.py
[2025-04-26T09:55:39.637+0000] {logging_mixin.py:151} INFO - [2025-04-26T09:55:39.637+0000] {dag.py:2907} INFO - Sync 1 DAGs
[2025-04-26T09:55:39.658+0000] {logging_mixin.py:151} INFO - [2025-04-26T09:55:39.658+0000] {dag.py:3677} INFO - Setting next_dagrun for user_automation to 2025-04-26T00:00:00+00:00, run_after=2025-04-27T00:00:00+00:00
[2025-04-26T09:55:39.684+0000] {processor.py:179} INFO - Processing /opt/airflow/dags/kafka_stream.py took 0.109 seconds
[2025-04-26T09:56:09.895+0000] {processor.py:157} INFO - Started process (PID=368) to work on /opt/airflow/dags/kafka_stream.py
[2025-04-26T09:56:09.896+0000] {processor.py:829} INFO - Processing file /opt/airflow/dags/kafka_stream.py for tasks to queue
[2025-04-26T09:56:09.897+0000] {logging_mixin.py:151} INFO - [2025-04-26T09:56:09.897+0000] {dagbag.py:539} INFO - Filling up the DagBag from /opt/airflow/dags/kafka_stream.py
[2025-04-26T09:56:09.925+0000] {processor.py:839} INFO - DAG(s) dict_keys(['user_automation']) retrieved from /opt/airflow/dags/kafka_stream.py
[2025-04-26T09:56:09.946+0000] {logging_mixin.py:151} INFO - [2025-04-26T09:56:09.946+0000] {dag.py:2907} INFO - Sync 1 DAGs
[2025-04-26T09:56:09.965+0000] {logging_mixin.py:151} INFO - [2025-04-26T09:56:09.964+0000] {dag.py:3677} INFO - Setting next_dagrun for user_automation to 2025-04-26T00:00:00+00:00, run_after=2025-04-27T00:00:00+00:00
[2025-04-26T09:56:09.997+0000] {processor.py:179} INFO - Processing /opt/airflow/dags/kafka_stream.py took 0.104 seconds
[2025-04-26T09:56:40.117+0000] {processor.py:157} INFO - Started process (PID=369) to work on /opt/airflow/dags/kafka_stream.py
[2025-04-26T09:56:40.118+0000] {processor.py:829} INFO - Processing file /opt/airflow/dags/kafka_stream.py for tasks to queue
[2025-04-26T09:56:40.120+0000] {logging_mixin.py:151} INFO - [2025-04-26T09:56:40.119+0000] {dagbag.py:539} INFO - Filling up the DagBag from /opt/airflow/dags/kafka_stream.py
[2025-04-26T09:56:40.152+0000] {processor.py:839} INFO - DAG(s) dict_keys(['user_automation']) retrieved from /opt/airflow/dags/kafka_stream.py
[2025-04-26T09:56:40.191+0000] {logging_mixin.py:151} INFO - [2025-04-26T09:56:40.190+0000] {dag.py:2907} INFO - Sync 1 DAGs
[2025-04-26T09:56:40.213+0000] {logging_mixin.py:151} INFO - [2025-04-26T09:56:40.213+0000] {dag.py:3677} INFO - Setting next_dagrun for user_automation to 2025-04-26T00:00:00+00:00, run_after=2025-04-27T00:00:00+00:00
[2025-04-26T09:56:40.239+0000] {processor.py:179} INFO - Processing /opt/airflow/dags/kafka_stream.py took 0.125 seconds
[2025-04-26T09:57:10.438+0000] {processor.py:157} INFO - Started process (PID=370) to work on /opt/airflow/dags/kafka_stream.py
[2025-04-26T09:57:10.439+0000] {processor.py:829} INFO - Processing file /opt/airflow/dags/kafka_stream.py for tasks to queue
[2025-04-26T09:57:10.440+0000] {logging_mixin.py:151} INFO - [2025-04-26T09:57:10.440+0000] {dagbag.py:539} INFO - Filling up the DagBag from /opt/airflow/dags/kafka_stream.py
[2025-04-26T09:57:10.475+0000] {processor.py:839} INFO - DAG(s) dict_keys(['user_automation']) retrieved from /opt/airflow/dags/kafka_stream.py
[2025-04-26T09:57:10.495+0000] {logging_mixin.py:151} INFO - [2025-04-26T09:57:10.495+0000] {dag.py:2907} INFO - Sync 1 DAGs
[2025-04-26T09:57:10.514+0000] {logging_mixin.py:151} INFO - [2025-04-26T09:57:10.514+0000] {dag.py:3677} INFO - Setting next_dagrun for user_automation to 2025-04-26T00:00:00+00:00, run_after=2025-04-27T00:00:00+00:00
[2025-04-26T09:57:10.533+0000] {processor.py:179} INFO - Processing /opt/airflow/dags/kafka_stream.py took 0.098 seconds
[2025-04-26T09:57:40.689+0000] {processor.py:157} INFO - Started process (PID=371) to work on /opt/airflow/dags/kafka_stream.py
[2025-04-26T09:57:40.690+0000] {processor.py:829} INFO - Processing file /opt/airflow/dags/kafka_stream.py for tasks to queue
[2025-04-26T09:57:40.692+0000] {logging_mixin.py:151} INFO - [2025-04-26T09:57:40.692+0000] {dagbag.py:539} INFO - Filling up the DagBag from /opt/airflow/dags/kafka_stream.py
[2025-04-26T09:57:40.734+0000] {processor.py:839} INFO - DAG(s) dict_keys(['user_automation']) retrieved from /opt/airflow/dags/kafka_stream.py
[2025-04-26T09:57:40.754+0000] {logging_mixin.py:151} INFO - [2025-04-26T09:57:40.754+0000] {dag.py:2907} INFO - Sync 1 DAGs
[2025-04-26T09:57:40.772+0000] {logging_mixin.py:151} INFO - [2025-04-26T09:57:40.771+0000] {dag.py:3677} INFO - Setting next_dagrun for user_automation to 2025-04-26T00:00:00+00:00, run_after=2025-04-27T00:00:00+00:00
[2025-04-26T09:57:40.797+0000] {processor.py:179} INFO - Processing /opt/airflow/dags/kafka_stream.py took 0.111 seconds
[2025-04-26T09:58:11.041+0000] {processor.py:157} INFO - Started process (PID=372) to work on /opt/airflow/dags/kafka_stream.py
[2025-04-26T09:58:11.043+0000] {processor.py:829} INFO - Processing file /opt/airflow/dags/kafka_stream.py for tasks to queue
[2025-04-26T09:58:11.044+0000] {logging_mixin.py:151} INFO - [2025-04-26T09:58:11.044+0000] {dagbag.py:539} INFO - Filling up the DagBag from /opt/airflow/dags/kafka_stream.py
[2025-04-26T09:58:11.082+0000] {processor.py:839} INFO - DAG(s) dict_keys(['user_automation']) retrieved from /opt/airflow/dags/kafka_stream.py
[2025-04-26T09:58:11.104+0000] {logging_mixin.py:151} INFO - [2025-04-26T09:58:11.103+0000] {dag.py:2907} INFO - Sync 1 DAGs
[2025-04-26T09:58:11.120+0000] {logging_mixin.py:151} INFO - [2025-04-26T09:58:11.120+0000] {dag.py:3677} INFO - Setting next_dagrun for user_automation to 2025-04-26T00:00:00+00:00, run_after=2025-04-27T00:00:00+00:00
[2025-04-26T09:58:11.151+0000] {processor.py:179} INFO - Processing /opt/airflow/dags/kafka_stream.py took 0.112 seconds
[2025-04-26T09:58:41.289+0000] {processor.py:157} INFO - Started process (PID=373) to work on /opt/airflow/dags/kafka_stream.py
[2025-04-26T09:58:41.291+0000] {processor.py:829} INFO - Processing file /opt/airflow/dags/kafka_stream.py for tasks to queue
[2025-04-26T09:58:41.292+0000] {logging_mixin.py:151} INFO - [2025-04-26T09:58:41.292+0000] {dagbag.py:539} INFO - Filling up the DagBag from /opt/airflow/dags/kafka_stream.py
[2025-04-26T09:58:41.320+0000] {processor.py:839} INFO - DAG(s) dict_keys(['user_automation']) retrieved from /opt/airflow/dags/kafka_stream.py
[2025-04-26T09:58:41.344+0000] {logging_mixin.py:151} INFO - [2025-04-26T09:58:41.344+0000] {dag.py:2907} INFO - Sync 1 DAGs
[2025-04-26T09:58:41.375+0000] {logging_mixin.py:151} INFO - [2025-04-26T09:58:41.375+0000] {dag.py:3677} INFO - Setting next_dagrun for user_automation to 2025-04-26T00:00:00+00:00, run_after=2025-04-27T00:00:00+00:00
[2025-04-26T09:58:41.412+0000] {processor.py:179} INFO - Processing /opt/airflow/dags/kafka_stream.py took 0.133 seconds
[2025-04-26T09:59:11.621+0000] {processor.py:157} INFO - Started process (PID=374) to work on /opt/airflow/dags/kafka_stream.py
[2025-04-26T09:59:11.622+0000] {processor.py:829} INFO - Processing file /opt/airflow/dags/kafka_stream.py for tasks to queue
[2025-04-26T09:59:11.623+0000] {logging_mixin.py:151} INFO - [2025-04-26T09:59:11.623+0000] {dagbag.py:539} INFO - Filling up the DagBag from /opt/airflow/dags/kafka_stream.py
[2025-04-26T09:59:11.665+0000] {processor.py:839} INFO - DAG(s) dict_keys(['user_automation']) retrieved from /opt/airflow/dags/kafka_stream.py
[2025-04-26T09:59:11.687+0000] {logging_mixin.py:151} INFO - [2025-04-26T09:59:11.687+0000] {dag.py:2907} INFO - Sync 1 DAGs
[2025-04-26T09:59:11.704+0000] {logging_mixin.py:151} INFO - [2025-04-26T09:59:11.704+0000] {dag.py:3677} INFO - Setting next_dagrun for user_automation to 2025-04-26T00:00:00+00:00, run_after=2025-04-27T00:00:00+00:00
[2025-04-26T09:59:11.725+0000] {processor.py:179} INFO - Processing /opt/airflow/dags/kafka_stream.py took 0.107 seconds
[2025-04-26T09:59:41.857+0000] {processor.py:157} INFO - Started process (PID=375) to work on /opt/airflow/dags/kafka_stream.py
[2025-04-26T09:59:41.858+0000] {processor.py:829} INFO - Processing file /opt/airflow/dags/kafka_stream.py for tasks to queue
[2025-04-26T09:59:41.859+0000] {logging_mixin.py:151} INFO - [2025-04-26T09:59:41.859+0000] {dagbag.py:539} INFO - Filling up the DagBag from /opt/airflow/dags/kafka_stream.py
[2025-04-26T09:59:41.905+0000] {processor.py:839} INFO - DAG(s) dict_keys(['user_automation']) retrieved from /opt/airflow/dags/kafka_stream.py
[2025-04-26T09:59:41.931+0000] {logging_mixin.py:151} INFO - [2025-04-26T09:59:41.931+0000] {dag.py:2907} INFO - Sync 1 DAGs
[2025-04-26T09:59:41.952+0000] {logging_mixin.py:151} INFO - [2025-04-26T09:59:41.952+0000] {dag.py:3677} INFO - Setting next_dagrun for user_automation to 2025-04-26T00:00:00+00:00, run_after=2025-04-27T00:00:00+00:00
[2025-04-26T09:59:41.986+0000] {processor.py:179} INFO - Processing /opt/airflow/dags/kafka_stream.py took 0.132 seconds
[2025-04-26T10:00:12.180+0000] {processor.py:157} INFO - Started process (PID=376) to work on /opt/airflow/dags/kafka_stream.py
[2025-04-26T10:00:12.182+0000] {processor.py:829} INFO - Processing file /opt/airflow/dags/kafka_stream.py for tasks to queue
[2025-04-26T10:00:12.183+0000] {logging_mixin.py:151} INFO - [2025-04-26T10:00:12.183+0000] {dagbag.py:539} INFO - Filling up the DagBag from /opt/airflow/dags/kafka_stream.py
[2025-04-26T10:00:12.222+0000] {processor.py:839} INFO - DAG(s) dict_keys(['user_automation']) retrieved from /opt/airflow/dags/kafka_stream.py
[2025-04-26T10:00:12.246+0000] {logging_mixin.py:151} INFO - [2025-04-26T10:00:12.246+0000] {dag.py:2907} INFO - Sync 1 DAGs
[2025-04-26T10:00:12.266+0000] {logging_mixin.py:151} INFO - [2025-04-26T10:00:12.266+0000] {dag.py:3677} INFO - Setting next_dagrun for user_automation to 2025-04-26T00:00:00+00:00, run_after=2025-04-27T00:00:00+00:00
[2025-04-26T10:00:12.288+0000] {processor.py:179} INFO - Processing /opt/airflow/dags/kafka_stream.py took 0.111 seconds
[2025-04-26T10:00:42.447+0000] {processor.py:157} INFO - Started process (PID=377) to work on /opt/airflow/dags/kafka_stream.py
[2025-04-26T10:00:42.449+0000] {processor.py:829} INFO - Processing file /opt/airflow/dags/kafka_stream.py for tasks to queue
[2025-04-26T10:00:42.450+0000] {logging_mixin.py:151} INFO - [2025-04-26T10:00:42.450+0000] {dagbag.py:539} INFO - Filling up the DagBag from /opt/airflow/dags/kafka_stream.py
[2025-04-26T10:00:42.485+0000] {processor.py:839} INFO - DAG(s) dict_keys(['user_automation']) retrieved from /opt/airflow/dags/kafka_stream.py
[2025-04-26T10:00:42.509+0000] {logging_mixin.py:151} INFO - [2025-04-26T10:00:42.508+0000] {dag.py:2907} INFO - Sync 1 DAGs
[2025-04-26T10:00:42.531+0000] {logging_mixin.py:151} INFO - [2025-04-26T10:00:42.531+0000] {dag.py:3677} INFO - Setting next_dagrun for user_automation to 2025-04-26T00:00:00+00:00, run_after=2025-04-27T00:00:00+00:00
[2025-04-26T10:00:42.556+0000] {processor.py:179} INFO - Processing /opt/airflow/dags/kafka_stream.py took 0.112 seconds
[2025-04-26T10:01:12.725+0000] {processor.py:157} INFO - Started process (PID=378) to work on /opt/airflow/dags/kafka_stream.py
[2025-04-26T10:01:12.726+0000] {processor.py:829} INFO - Processing file /opt/airflow/dags/kafka_stream.py for tasks to queue
[2025-04-26T10:01:12.727+0000] {logging_mixin.py:151} INFO - [2025-04-26T10:01:12.727+0000] {dagbag.py:539} INFO - Filling up the DagBag from /opt/airflow/dags/kafka_stream.py
[2025-04-26T10:01:12.746+0000] {processor.py:839} INFO - DAG(s) dict_keys(['user_automation']) retrieved from /opt/airflow/dags/kafka_stream.py
[2025-04-26T10:01:12.768+0000] {logging_mixin.py:151} INFO - [2025-04-26T10:01:12.767+0000] {dag.py:2907} INFO - Sync 1 DAGs
[2025-04-26T10:01:12.786+0000] {logging_mixin.py:151} INFO - [2025-04-26T10:01:12.786+0000] {dag.py:3677} INFO - Setting next_dagrun for user_automation to 2025-04-26T00:00:00+00:00, run_after=2025-04-27T00:00:00+00:00
[2025-04-26T10:01:12.815+0000] {processor.py:179} INFO - Processing /opt/airflow/dags/kafka_stream.py took 0.093 seconds
[2025-04-26T10:01:43.068+0000] {processor.py:157} INFO - Started process (PID=379) to work on /opt/airflow/dags/kafka_stream.py
[2025-04-26T10:01:43.070+0000] {processor.py:829} INFO - Processing file /opt/airflow/dags/kafka_stream.py for tasks to queue
[2025-04-26T10:01:43.071+0000] {logging_mixin.py:151} INFO - [2025-04-26T10:01:43.071+0000] {dagbag.py:539} INFO - Filling up the DagBag from /opt/airflow/dags/kafka_stream.py
[2025-04-26T10:01:43.115+0000] {processor.py:839} INFO - DAG(s) dict_keys(['user_automation']) retrieved from /opt/airflow/dags/kafka_stream.py
[2025-04-26T10:01:43.146+0000] {logging_mixin.py:151} INFO - [2025-04-26T10:01:43.145+0000] {dag.py:2907} INFO - Sync 1 DAGs
[2025-04-26T10:01:43.170+0000] {logging_mixin.py:151} INFO - [2025-04-26T10:01:43.170+0000] {dag.py:3677} INFO - Setting next_dagrun for user_automation to 2025-04-26T00:00:00+00:00, run_after=2025-04-27T00:00:00+00:00
[2025-04-26T10:01:43.203+0000] {processor.py:179} INFO - Processing /opt/airflow/dags/kafka_stream.py took 0.137 seconds
[2025-04-26T10:02:13.315+0000] {processor.py:157} INFO - Started process (PID=380) to work on /opt/airflow/dags/kafka_stream.py
[2025-04-26T10:02:13.317+0000] {processor.py:829} INFO - Processing file /opt/airflow/dags/kafka_stream.py for tasks to queue
[2025-04-26T10:02:13.318+0000] {logging_mixin.py:151} INFO - [2025-04-26T10:02:13.318+0000] {dagbag.py:539} INFO - Filling up the DagBag from /opt/airflow/dags/kafka_stream.py
[2025-04-26T10:02:13.348+0000] {processor.py:839} INFO - DAG(s) dict_keys(['user_automation']) retrieved from /opt/airflow/dags/kafka_stream.py
[2025-04-26T10:02:13.369+0000] {logging_mixin.py:151} INFO - [2025-04-26T10:02:13.369+0000] {dag.py:2907} INFO - Sync 1 DAGs
[2025-04-26T10:02:13.386+0000] {logging_mixin.py:151} INFO - [2025-04-26T10:02:13.386+0000] {dag.py:3677} INFO - Setting next_dagrun for user_automation to 2025-04-26T00:00:00+00:00, run_after=2025-04-27T00:00:00+00:00
[2025-04-26T10:02:13.416+0000] {processor.py:179} INFO - Processing /opt/airflow/dags/kafka_stream.py took 0.103 seconds
[2025-04-26T10:02:43.700+0000] {processor.py:157} INFO - Started process (PID=381) to work on /opt/airflow/dags/kafka_stream.py
[2025-04-26T10:02:43.701+0000] {processor.py:829} INFO - Processing file /opt/airflow/dags/kafka_stream.py for tasks to queue
[2025-04-26T10:02:43.703+0000] {logging_mixin.py:151} INFO - [2025-04-26T10:02:43.702+0000] {dagbag.py:539} INFO - Filling up the DagBag from /opt/airflow/dags/kafka_stream.py
[2025-04-26T10:02:43.750+0000] {processor.py:839} INFO - DAG(s) dict_keys(['user_automation']) retrieved from /opt/airflow/dags/kafka_stream.py
[2025-04-26T10:02:43.773+0000] {logging_mixin.py:151} INFO - [2025-04-26T10:02:43.773+0000] {dag.py:2907} INFO - Sync 1 DAGs
[2025-04-26T10:02:43.795+0000] {logging_mixin.py:151} INFO - [2025-04-26T10:02:43.795+0000] {dag.py:3677} INFO - Setting next_dagrun for user_automation to 2025-04-26T00:00:00+00:00, run_after=2025-04-27T00:00:00+00:00
[2025-04-26T10:02:43.824+0000] {processor.py:179} INFO - Processing /opt/airflow/dags/kafka_stream.py took 0.127 seconds
[2025-04-26T10:03:13.928+0000] {processor.py:157} INFO - Started process (PID=382) to work on /opt/airflow/dags/kafka_stream.py
[2025-04-26T10:03:13.929+0000] {processor.py:829} INFO - Processing file /opt/airflow/dags/kafka_stream.py for tasks to queue
[2025-04-26T10:03:13.931+0000] {logging_mixin.py:151} INFO - [2025-04-26T10:03:13.931+0000] {dagbag.py:539} INFO - Filling up the DagBag from /opt/airflow/dags/kafka_stream.py
[2025-04-26T10:03:13.978+0000] {processor.py:839} INFO - DAG(s) dict_keys(['user_automation']) retrieved from /opt/airflow/dags/kafka_stream.py
[2025-04-26T10:03:14.001+0000] {logging_mixin.py:151} INFO - [2025-04-26T10:03:14.001+0000] {dag.py:2907} INFO - Sync 1 DAGs
[2025-04-26T10:03:14.020+0000] {logging_mixin.py:151} INFO - [2025-04-26T10:03:14.020+0000] {dag.py:3677} INFO - Setting next_dagrun for user_automation to 2025-04-26T00:00:00+00:00, run_after=2025-04-27T00:00:00+00:00
[2025-04-26T10:03:14.050+0000] {processor.py:179} INFO - Processing /opt/airflow/dags/kafka_stream.py took 0.125 seconds
[2025-04-26T10:03:44.185+0000] {processor.py:157} INFO - Started process (PID=383) to work on /opt/airflow/dags/kafka_stream.py
[2025-04-26T10:03:44.186+0000] {processor.py:829} INFO - Processing file /opt/airflow/dags/kafka_stream.py for tasks to queue
[2025-04-26T10:03:44.188+0000] {logging_mixin.py:151} INFO - [2025-04-26T10:03:44.188+0000] {dagbag.py:539} INFO - Filling up the DagBag from /opt/airflow/dags/kafka_stream.py
[2025-04-26T10:03:44.232+0000] {processor.py:839} INFO - DAG(s) dict_keys(['user_automation']) retrieved from /opt/airflow/dags/kafka_stream.py
[2025-04-26T10:03:44.253+0000] {logging_mixin.py:151} INFO - [2025-04-26T10:03:44.253+0000] {dag.py:2907} INFO - Sync 1 DAGs
[2025-04-26T10:03:44.269+0000] {logging_mixin.py:151} INFO - [2025-04-26T10:03:44.268+0000] {dag.py:3677} INFO - Setting next_dagrun for user_automation to 2025-04-26T00:00:00+00:00, run_after=2025-04-27T00:00:00+00:00
[2025-04-26T10:03:44.290+0000] {processor.py:179} INFO - Processing /opt/airflow/dags/kafka_stream.py took 0.108 seconds
[2025-04-26T10:04:14.542+0000] {processor.py:157} INFO - Started process (PID=384) to work on /opt/airflow/dags/kafka_stream.py
[2025-04-26T10:04:14.544+0000] {processor.py:829} INFO - Processing file /opt/airflow/dags/kafka_stream.py for tasks to queue
[2025-04-26T10:04:14.545+0000] {logging_mixin.py:151} INFO - [2025-04-26T10:04:14.545+0000] {dagbag.py:539} INFO - Filling up the DagBag from /opt/airflow/dags/kafka_stream.py
[2025-04-26T10:04:14.575+0000] {processor.py:839} INFO - DAG(s) dict_keys(['user_automation']) retrieved from /opt/airflow/dags/kafka_stream.py
[2025-04-26T10:04:14.604+0000] {logging_mixin.py:151} INFO - [2025-04-26T10:04:14.604+0000] {dag.py:2907} INFO - Sync 1 DAGs
[2025-04-26T10:04:14.624+0000] {logging_mixin.py:151} INFO - [2025-04-26T10:04:14.623+0000] {dag.py:3677} INFO - Setting next_dagrun for user_automation to 2025-04-26T00:00:00+00:00, run_after=2025-04-27T00:00:00+00:00
[2025-04-26T10:04:14.652+0000] {processor.py:179} INFO - Processing /opt/airflow/dags/kafka_stream.py took 0.112 seconds
[2025-04-26T10:04:44.764+0000] {processor.py:157} INFO - Started process (PID=385) to work on /opt/airflow/dags/kafka_stream.py
[2025-04-26T10:04:44.765+0000] {processor.py:829} INFO - Processing file /opt/airflow/dags/kafka_stream.py for tasks to queue
[2025-04-26T10:04:44.767+0000] {logging_mixin.py:151} INFO - [2025-04-26T10:04:44.766+0000] {dagbag.py:539} INFO - Filling up the DagBag from /opt/airflow/dags/kafka_stream.py
[2025-04-26T10:04:44.793+0000] {processor.py:839} INFO - DAG(s) dict_keys(['user_automation']) retrieved from /opt/airflow/dags/kafka_stream.py
[2025-04-26T10:04:44.822+0000] {logging_mixin.py:151} INFO - [2025-04-26T10:04:44.821+0000] {dag.py:2907} INFO - Sync 1 DAGs
[2025-04-26T10:04:44.851+0000] {logging_mixin.py:151} INFO - [2025-04-26T10:04:44.850+0000] {dag.py:3677} INFO - Setting next_dagrun for user_automation to 2025-04-26T00:00:00+00:00, run_after=2025-04-27T00:00:00+00:00
[2025-04-26T10:04:44.874+0000] {processor.py:179} INFO - Processing /opt/airflow/dags/kafka_stream.py took 0.114 seconds
[2025-04-26T10:05:15.037+0000] {processor.py:157} INFO - Started process (PID=386) to work on /opt/airflow/dags/kafka_stream.py
[2025-04-26T10:05:15.039+0000] {processor.py:829} INFO - Processing file /opt/airflow/dags/kafka_stream.py for tasks to queue
[2025-04-26T10:05:15.041+0000] {logging_mixin.py:151} INFO - [2025-04-26T10:05:15.041+0000] {dagbag.py:539} INFO - Filling up the DagBag from /opt/airflow/dags/kafka_stream.py
[2025-04-26T10:05:15.082+0000] {processor.py:839} INFO - DAG(s) dict_keys(['user_automation']) retrieved from /opt/airflow/dags/kafka_stream.py
[2025-04-26T10:05:15.107+0000] {logging_mixin.py:151} INFO - [2025-04-26T10:05:15.107+0000] {dag.py:2907} INFO - Sync 1 DAGs
[2025-04-26T10:05:15.126+0000] {logging_mixin.py:151} INFO - [2025-04-26T10:05:15.126+0000] {dag.py:3677} INFO - Setting next_dagrun for user_automation to 2025-04-26T00:00:00+00:00, run_after=2025-04-27T00:00:00+00:00
[2025-04-26T10:05:15.158+0000] {processor.py:179} INFO - Processing /opt/airflow/dags/kafka_stream.py took 0.123 seconds
[2025-04-26T10:05:45.369+0000] {processor.py:157} INFO - Started process (PID=387) to work on /opt/airflow/dags/kafka_stream.py
[2025-04-26T10:05:45.370+0000] {processor.py:829} INFO - Processing file /opt/airflow/dags/kafka_stream.py for tasks to queue
[2025-04-26T10:05:45.371+0000] {logging_mixin.py:151} INFO - [2025-04-26T10:05:45.371+0000] {dagbag.py:539} INFO - Filling up the DagBag from /opt/airflow/dags/kafka_stream.py
[2025-04-26T10:05:45.410+0000] {processor.py:839} INFO - DAG(s) dict_keys(['user_automation']) retrieved from /opt/airflow/dags/kafka_stream.py
[2025-04-26T10:05:45.441+0000] {logging_mixin.py:151} INFO - [2025-04-26T10:05:45.441+0000] {dag.py:2907} INFO - Sync 1 DAGs
[2025-04-26T10:05:45.465+0000] {logging_mixin.py:151} INFO - [2025-04-26T10:05:45.465+0000] {dag.py:3677} INFO - Setting next_dagrun for user_automation to 2025-04-26T00:00:00+00:00, run_after=2025-04-27T00:00:00+00:00
[2025-04-26T10:05:45.499+0000] {processor.py:179} INFO - Processing /opt/airflow/dags/kafka_stream.py took 0.134 seconds
[2025-04-26T10:06:15.624+0000] {processor.py:157} INFO - Started process (PID=388) to work on /opt/airflow/dags/kafka_stream.py
[2025-04-26T10:06:15.625+0000] {processor.py:829} INFO - Processing file /opt/airflow/dags/kafka_stream.py for tasks to queue
[2025-04-26T10:06:15.627+0000] {logging_mixin.py:151} INFO - [2025-04-26T10:06:15.627+0000] {dagbag.py:539} INFO - Filling up the DagBag from /opt/airflow/dags/kafka_stream.py
[2025-04-26T10:06:15.655+0000] {processor.py:839} INFO - DAG(s) dict_keys(['user_automation']) retrieved from /opt/airflow/dags/kafka_stream.py
[2025-04-26T10:06:15.680+0000] {logging_mixin.py:151} INFO - [2025-04-26T10:06:15.680+0000] {dag.py:2907} INFO - Sync 1 DAGs
[2025-04-26T10:06:15.706+0000] {logging_mixin.py:151} INFO - [2025-04-26T10:06:15.706+0000] {dag.py:3677} INFO - Setting next_dagrun for user_automation to 2025-04-26T00:00:00+00:00, run_after=2025-04-27T00:00:00+00:00
[2025-04-26T10:06:15.744+0000] {processor.py:179} INFO - Processing /opt/airflow/dags/kafka_stream.py took 0.123 seconds
[2025-04-26T10:06:45.927+0000] {processor.py:157} INFO - Started process (PID=389) to work on /opt/airflow/dags/kafka_stream.py
[2025-04-26T10:06:45.928+0000] {processor.py:829} INFO - Processing file /opt/airflow/dags/kafka_stream.py for tasks to queue
[2025-04-26T10:06:45.929+0000] {logging_mixin.py:151} INFO - [2025-04-26T10:06:45.929+0000] {dagbag.py:539} INFO - Filling up the DagBag from /opt/airflow/dags/kafka_stream.py
[2025-04-26T10:06:45.949+0000] {processor.py:839} INFO - DAG(s) dict_keys(['user_automation']) retrieved from /opt/airflow/dags/kafka_stream.py
[2025-04-26T10:06:45.969+0000] {logging_mixin.py:151} INFO - [2025-04-26T10:06:45.969+0000] {dag.py:2907} INFO - Sync 1 DAGs
[2025-04-26T10:06:45.985+0000] {logging_mixin.py:151} INFO - [2025-04-26T10:06:45.985+0000] {dag.py:3677} INFO - Setting next_dagrun for user_automation to 2025-04-26T00:00:00+00:00, run_after=2025-04-27T00:00:00+00:00
[2025-04-26T10:06:46.014+0000] {processor.py:179} INFO - Processing /opt/airflow/dags/kafka_stream.py took 0.090 seconds
[2025-04-26T10:07:16.186+0000] {processor.py:157} INFO - Started process (PID=390) to work on /opt/airflow/dags/kafka_stream.py
[2025-04-26T10:07:16.188+0000] {processor.py:829} INFO - Processing file /opt/airflow/dags/kafka_stream.py for tasks to queue
[2025-04-26T10:07:16.189+0000] {logging_mixin.py:151} INFO - [2025-04-26T10:07:16.189+0000] {dagbag.py:539} INFO - Filling up the DagBag from /opt/airflow/dags/kafka_stream.py
[2025-04-26T10:07:16.227+0000] {processor.py:839} INFO - DAG(s) dict_keys(['user_automation']) retrieved from /opt/airflow/dags/kafka_stream.py
[2025-04-26T10:07:16.246+0000] {logging_mixin.py:151} INFO - [2025-04-26T10:07:16.246+0000] {dag.py:2907} INFO - Sync 1 DAGs
[2025-04-26T10:07:16.263+0000] {logging_mixin.py:151} INFO - [2025-04-26T10:07:16.262+0000] {dag.py:3677} INFO - Setting next_dagrun for user_automation to 2025-04-26T00:00:00+00:00, run_after=2025-04-27T00:00:00+00:00
[2025-04-26T10:07:16.285+0000] {processor.py:179} INFO - Processing /opt/airflow/dags/kafka_stream.py took 0.101 seconds
[2025-04-26T10:07:46.493+0000] {processor.py:157} INFO - Started process (PID=391) to work on /opt/airflow/dags/kafka_stream.py
[2025-04-26T10:07:46.494+0000] {processor.py:829} INFO - Processing file /opt/airflow/dags/kafka_stream.py for tasks to queue
[2025-04-26T10:07:46.495+0000] {logging_mixin.py:151} INFO - [2025-04-26T10:07:46.495+0000] {dagbag.py:539} INFO - Filling up the DagBag from /opt/airflow/dags/kafka_stream.py
[2025-04-26T10:07:46.534+0000] {processor.py:839} INFO - DAG(s) dict_keys(['user_automation']) retrieved from /opt/airflow/dags/kafka_stream.py
[2025-04-26T10:07:46.557+0000] {logging_mixin.py:151} INFO - [2025-04-26T10:07:46.557+0000] {dag.py:2907} INFO - Sync 1 DAGs
[2025-04-26T10:07:46.574+0000] {logging_mixin.py:151} INFO - [2025-04-26T10:07:46.574+0000] {dag.py:3677} INFO - Setting next_dagrun for user_automation to 2025-04-26T00:00:00+00:00, run_after=2025-04-27T00:00:00+00:00
[2025-04-26T10:07:46.606+0000] {processor.py:179} INFO - Processing /opt/airflow/dags/kafka_stream.py took 0.116 seconds
[2025-04-26T10:08:16.791+0000] {processor.py:157} INFO - Started process (PID=392) to work on /opt/airflow/dags/kafka_stream.py
[2025-04-26T10:08:16.792+0000] {processor.py:829} INFO - Processing file /opt/airflow/dags/kafka_stream.py for tasks to queue
[2025-04-26T10:08:16.794+0000] {logging_mixin.py:151} INFO - [2025-04-26T10:08:16.794+0000] {dagbag.py:539} INFO - Filling up the DagBag from /opt/airflow/dags/kafka_stream.py
[2025-04-26T10:08:16.828+0000] {processor.py:839} INFO - DAG(s) dict_keys(['user_automation']) retrieved from /opt/airflow/dags/kafka_stream.py
[2025-04-26T10:08:16.855+0000] {logging_mixin.py:151} INFO - [2025-04-26T10:08:16.855+0000] {dag.py:2907} INFO - Sync 1 DAGs
[2025-04-26T10:08:16.877+0000] {logging_mixin.py:151} INFO - [2025-04-26T10:08:16.877+0000] {dag.py:3677} INFO - Setting next_dagrun for user_automation to 2025-04-26T00:00:00+00:00, run_after=2025-04-27T00:00:00+00:00
[2025-04-26T10:08:16.901+0000] {processor.py:179} INFO - Processing /opt/airflow/dags/kafka_stream.py took 0.114 seconds
[2025-04-26T10:08:47.048+0000] {processor.py:157} INFO - Started process (PID=393) to work on /opt/airflow/dags/kafka_stream.py
[2025-04-26T10:08:47.049+0000] {processor.py:829} INFO - Processing file /opt/airflow/dags/kafka_stream.py for tasks to queue
[2025-04-26T10:08:47.051+0000] {logging_mixin.py:151} INFO - [2025-04-26T10:08:47.050+0000] {dagbag.py:539} INFO - Filling up the DagBag from /opt/airflow/dags/kafka_stream.py
[2025-04-26T10:08:47.075+0000] {processor.py:839} INFO - DAG(s) dict_keys(['user_automation']) retrieved from /opt/airflow/dags/kafka_stream.py
[2025-04-26T10:08:47.096+0000] {logging_mixin.py:151} INFO - [2025-04-26T10:08:47.096+0000] {dag.py:2907} INFO - Sync 1 DAGs
[2025-04-26T10:08:47.116+0000] {logging_mixin.py:151} INFO - [2025-04-26T10:08:47.116+0000] {dag.py:3677} INFO - Setting next_dagrun for user_automation to 2025-04-26T00:00:00+00:00, run_after=2025-04-27T00:00:00+00:00
[2025-04-26T10:08:47.140+0000] {processor.py:179} INFO - Processing /opt/airflow/dags/kafka_stream.py took 0.095 seconds
[2025-04-26T10:09:17.397+0000] {processor.py:157} INFO - Started process (PID=394) to work on /opt/airflow/dags/kafka_stream.py
[2025-04-26T10:09:17.399+0000] {processor.py:829} INFO - Processing file /opt/airflow/dags/kafka_stream.py for tasks to queue
[2025-04-26T10:09:17.400+0000] {logging_mixin.py:151} INFO - [2025-04-26T10:09:17.399+0000] {dagbag.py:539} INFO - Filling up the DagBag from /opt/airflow/dags/kafka_stream.py
[2025-04-26T10:09:17.424+0000] {processor.py:839} INFO - DAG(s) dict_keys(['user_automation']) retrieved from /opt/airflow/dags/kafka_stream.py
[2025-04-26T10:09:17.448+0000] {logging_mixin.py:151} INFO - [2025-04-26T10:09:17.448+0000] {dag.py:2907} INFO - Sync 1 DAGs
[2025-04-26T10:09:17.469+0000] {logging_mixin.py:151} INFO - [2025-04-26T10:09:17.468+0000] {dag.py:3677} INFO - Setting next_dagrun for user_automation to 2025-04-26T00:00:00+00:00, run_after=2025-04-27T00:00:00+00:00
[2025-04-26T10:09:17.488+0000] {processor.py:179} INFO - Processing /opt/airflow/dags/kafka_stream.py took 0.093 seconds
[2025-04-26T10:09:47.665+0000] {processor.py:157} INFO - Started process (PID=395) to work on /opt/airflow/dags/kafka_stream.py
[2025-04-26T10:09:47.667+0000] {processor.py:829} INFO - Processing file /opt/airflow/dags/kafka_stream.py for tasks to queue
[2025-04-26T10:09:47.668+0000] {logging_mixin.py:151} INFO - [2025-04-26T10:09:47.668+0000] {dagbag.py:539} INFO - Filling up the DagBag from /opt/airflow/dags/kafka_stream.py
[2025-04-26T10:09:47.712+0000] {processor.py:839} INFO - DAG(s) dict_keys(['user_automation']) retrieved from /opt/airflow/dags/kafka_stream.py
[2025-04-26T10:09:47.732+0000] {logging_mixin.py:151} INFO - [2025-04-26T10:09:47.732+0000] {dag.py:2907} INFO - Sync 1 DAGs
[2025-04-26T10:09:47.753+0000] {logging_mixin.py:151} INFO - [2025-04-26T10:09:47.752+0000] {dag.py:3677} INFO - Setting next_dagrun for user_automation to 2025-04-26T00:00:00+00:00, run_after=2025-04-27T00:00:00+00:00
[2025-04-26T10:09:47.780+0000] {processor.py:179} INFO - Processing /opt/airflow/dags/kafka_stream.py took 0.118 seconds
[2025-04-26T10:10:17.935+0000] {processor.py:157} INFO - Started process (PID=396) to work on /opt/airflow/dags/kafka_stream.py
[2025-04-26T10:10:17.936+0000] {processor.py:829} INFO - Processing file /opt/airflow/dags/kafka_stream.py for tasks to queue
[2025-04-26T10:10:17.937+0000] {logging_mixin.py:151} INFO - [2025-04-26T10:10:17.937+0000] {dagbag.py:539} INFO - Filling up the DagBag from /opt/airflow/dags/kafka_stream.py
[2025-04-26T10:10:17.959+0000] {processor.py:839} INFO - DAG(s) dict_keys(['user_automation']) retrieved from /opt/airflow/dags/kafka_stream.py
[2025-04-26T10:10:17.982+0000] {logging_mixin.py:151} INFO - [2025-04-26T10:10:17.981+0000] {dag.py:2907} INFO - Sync 1 DAGs
[2025-04-26T10:10:18.001+0000] {logging_mixin.py:151} INFO - [2025-04-26T10:10:18.001+0000] {dag.py:3677} INFO - Setting next_dagrun for user_automation to 2025-04-26T00:00:00+00:00, run_after=2025-04-27T00:00:00+00:00
[2025-04-26T10:10:18.023+0000] {processor.py:179} INFO - Processing /opt/airflow/dags/kafka_stream.py took 0.091 seconds
[2025-04-26T10:10:48.399+0000] {processor.py:157} INFO - Started process (PID=397) to work on /opt/airflow/dags/kafka_stream.py
[2025-04-26T10:10:48.403+0000] {processor.py:829} INFO - Processing file /opt/airflow/dags/kafka_stream.py for tasks to queue
[2025-04-26T10:10:48.407+0000] {logging_mixin.py:151} INFO - [2025-04-26T10:10:48.406+0000] {dagbag.py:539} INFO - Filling up the DagBag from /opt/airflow/dags/kafka_stream.py
[2025-04-26T10:10:48.484+0000] {processor.py:839} INFO - DAG(s) dict_keys(['user_automation']) retrieved from /opt/airflow/dags/kafka_stream.py
[2025-04-26T10:10:48.524+0000] {logging_mixin.py:151} INFO - [2025-04-26T10:10:48.524+0000] {dag.py:2907} INFO - Sync 1 DAGs
[2025-04-26T10:10:48.554+0000] {logging_mixin.py:151} INFO - [2025-04-26T10:10:48.554+0000] {dag.py:3677} INFO - Setting next_dagrun for user_automation to 2025-04-26T00:00:00+00:00, run_after=2025-04-27T00:00:00+00:00
[2025-04-26T10:10:48.599+0000] {processor.py:179} INFO - Processing /opt/airflow/dags/kafka_stream.py took 0.211 seconds
[2025-04-26T10:11:18.679+0000] {processor.py:157} INFO - Started process (PID=398) to work on /opt/airflow/dags/kafka_stream.py
[2025-04-26T10:11:18.681+0000] {processor.py:829} INFO - Processing file /opt/airflow/dags/kafka_stream.py for tasks to queue
[2025-04-26T10:11:18.682+0000] {logging_mixin.py:151} INFO - [2025-04-26T10:11:18.682+0000] {dagbag.py:539} INFO - Filling up the DagBag from /opt/airflow/dags/kafka_stream.py
[2025-04-26T10:11:18.732+0000] {processor.py:839} INFO - DAG(s) dict_keys(['user_automation']) retrieved from /opt/airflow/dags/kafka_stream.py
[2025-04-26T10:11:18.760+0000] {logging_mixin.py:151} INFO - [2025-04-26T10:11:18.760+0000] {dag.py:2907} INFO - Sync 1 DAGs
[2025-04-26T10:11:18.780+0000] {logging_mixin.py:151} INFO - [2025-04-26T10:11:18.779+0000] {dag.py:3677} INFO - Setting next_dagrun for user_automation to 2025-04-26T00:00:00+00:00, run_after=2025-04-27T00:00:00+00:00
[2025-04-26T10:11:18.800+0000] {processor.py:179} INFO - Processing /opt/airflow/dags/kafka_stream.py took 0.125 seconds
[2025-04-26T10:11:48.910+0000] {processor.py:157} INFO - Started process (PID=399) to work on /opt/airflow/dags/kafka_stream.py
[2025-04-26T10:11:48.911+0000] {processor.py:829} INFO - Processing file /opt/airflow/dags/kafka_stream.py for tasks to queue
[2025-04-26T10:11:48.913+0000] {logging_mixin.py:151} INFO - [2025-04-26T10:11:48.912+0000] {dagbag.py:539} INFO - Filling up the DagBag from /opt/airflow/dags/kafka_stream.py
[2025-04-26T10:11:48.949+0000] {processor.py:839} INFO - DAG(s) dict_keys(['user_automation']) retrieved from /opt/airflow/dags/kafka_stream.py
[2025-04-26T10:11:48.969+0000] {logging_mixin.py:151} INFO - [2025-04-26T10:11:48.969+0000] {dag.py:2907} INFO - Sync 1 DAGs
[2025-04-26T10:11:48.986+0000] {logging_mixin.py:151} INFO - [2025-04-26T10:11:48.986+0000] {dag.py:3677} INFO - Setting next_dagrun for user_automation to 2025-04-26T00:00:00+00:00, run_after=2025-04-27T00:00:00+00:00
[2025-04-26T10:11:49.015+0000] {processor.py:179} INFO - Processing /opt/airflow/dags/kafka_stream.py took 0.108 seconds
[2025-04-26T10:12:19.278+0000] {processor.py:157} INFO - Started process (PID=400) to work on /opt/airflow/dags/kafka_stream.py
[2025-04-26T10:12:19.279+0000] {processor.py:829} INFO - Processing file /opt/airflow/dags/kafka_stream.py for tasks to queue
[2025-04-26T10:12:19.280+0000] {logging_mixin.py:151} INFO - [2025-04-26T10:12:19.280+0000] {dagbag.py:539} INFO - Filling up the DagBag from /opt/airflow/dags/kafka_stream.py
[2025-04-26T10:12:19.311+0000] {processor.py:839} INFO - DAG(s) dict_keys(['user_automation']) retrieved from /opt/airflow/dags/kafka_stream.py
[2025-04-26T10:12:19.331+0000] {logging_mixin.py:151} INFO - [2025-04-26T10:12:19.331+0000] {dag.py:2907} INFO - Sync 1 DAGs
[2025-04-26T10:12:19.347+0000] {logging_mixin.py:151} INFO - [2025-04-26T10:12:19.347+0000] {dag.py:3677} INFO - Setting next_dagrun for user_automation to 2025-04-26T00:00:00+00:00, run_after=2025-04-27T00:00:00+00:00
[2025-04-26T10:12:19.378+0000] {processor.py:179} INFO - Processing /opt/airflow/dags/kafka_stream.py took 0.103 seconds
[2025-04-26T10:12:49.569+0000] {processor.py:157} INFO - Started process (PID=401) to work on /opt/airflow/dags/kafka_stream.py
[2025-04-26T10:12:49.570+0000] {processor.py:829} INFO - Processing file /opt/airflow/dags/kafka_stream.py for tasks to queue
[2025-04-26T10:12:49.572+0000] {logging_mixin.py:151} INFO - [2025-04-26T10:12:49.572+0000] {dagbag.py:539} INFO - Filling up the DagBag from /opt/airflow/dags/kafka_stream.py
[2025-04-26T10:12:49.615+0000] {processor.py:839} INFO - DAG(s) dict_keys(['user_automation']) retrieved from /opt/airflow/dags/kafka_stream.py
[2025-04-26T10:12:49.637+0000] {logging_mixin.py:151} INFO - [2025-04-26T10:12:49.637+0000] {dag.py:2907} INFO - Sync 1 DAGs
[2025-04-26T10:12:49.656+0000] {logging_mixin.py:151} INFO - [2025-04-26T10:12:49.655+0000] {dag.py:3677} INFO - Setting next_dagrun for user_automation to 2025-04-26T00:00:00+00:00, run_after=2025-04-27T00:00:00+00:00
[2025-04-26T10:12:49.689+0000] {processor.py:179} INFO - Processing /opt/airflow/dags/kafka_stream.py took 0.123 seconds
[2025-04-26T10:13:19.933+0000] {processor.py:157} INFO - Started process (PID=402) to work on /opt/airflow/dags/kafka_stream.py
[2025-04-26T10:13:19.934+0000] {processor.py:829} INFO - Processing file /opt/airflow/dags/kafka_stream.py for tasks to queue
[2025-04-26T10:13:19.935+0000] {logging_mixin.py:151} INFO - [2025-04-26T10:13:19.935+0000] {dagbag.py:539} INFO - Filling up the DagBag from /opt/airflow/dags/kafka_stream.py
[2025-04-26T10:13:19.954+0000] {processor.py:839} INFO - DAG(s) dict_keys(['user_automation']) retrieved from /opt/airflow/dags/kafka_stream.py
[2025-04-26T10:13:19.972+0000] {logging_mixin.py:151} INFO - [2025-04-26T10:13:19.972+0000] {dag.py:2907} INFO - Sync 1 DAGs
[2025-04-26T10:13:19.989+0000] {logging_mixin.py:151} INFO - [2025-04-26T10:13:19.989+0000] {dag.py:3677} INFO - Setting next_dagrun for user_automation to 2025-04-26T00:00:00+00:00, run_after=2025-04-27T00:00:00+00:00
[2025-04-26T10:13:20.017+0000] {processor.py:179} INFO - Processing /opt/airflow/dags/kafka_stream.py took 0.087 seconds
[2025-04-26T10:13:50.209+0000] {processor.py:157} INFO - Started process (PID=403) to work on /opt/airflow/dags/kafka_stream.py
[2025-04-26T10:13:50.210+0000] {processor.py:829} INFO - Processing file /opt/airflow/dags/kafka_stream.py for tasks to queue
[2025-04-26T10:13:50.211+0000] {logging_mixin.py:151} INFO - [2025-04-26T10:13:50.211+0000] {dagbag.py:539} INFO - Filling up the DagBag from /opt/airflow/dags/kafka_stream.py
[2025-04-26T10:13:50.243+0000] {processor.py:839} INFO - DAG(s) dict_keys(['user_automation']) retrieved from /opt/airflow/dags/kafka_stream.py
[2025-04-26T10:13:50.268+0000] {logging_mixin.py:151} INFO - [2025-04-26T10:13:50.267+0000] {dag.py:2907} INFO - Sync 1 DAGs
[2025-04-26T10:13:50.284+0000] {logging_mixin.py:151} INFO - [2025-04-26T10:13:50.284+0000] {dag.py:3677} INFO - Setting next_dagrun for user_automation to 2025-04-26T00:00:00+00:00, run_after=2025-04-27T00:00:00+00:00
[2025-04-26T10:13:50.311+0000] {processor.py:179} INFO - Processing /opt/airflow/dags/kafka_stream.py took 0.105 seconds
[2025-04-26T10:14:20.509+0000] {processor.py:157} INFO - Started process (PID=404) to work on /opt/airflow/dags/kafka_stream.py
[2025-04-26T10:14:20.510+0000] {processor.py:829} INFO - Processing file /opt/airflow/dags/kafka_stream.py for tasks to queue
[2025-04-26T10:14:20.512+0000] {logging_mixin.py:151} INFO - [2025-04-26T10:14:20.511+0000] {dagbag.py:539} INFO - Filling up the DagBag from /opt/airflow/dags/kafka_stream.py
[2025-04-26T10:14:20.540+0000] {processor.py:839} INFO - DAG(s) dict_keys(['user_automation']) retrieved from /opt/airflow/dags/kafka_stream.py
[2025-04-26T10:14:20.567+0000] {logging_mixin.py:151} INFO - [2025-04-26T10:14:20.567+0000] {dag.py:2907} INFO - Sync 1 DAGs
[2025-04-26T10:14:20.587+0000] {logging_mixin.py:151} INFO - [2025-04-26T10:14:20.587+0000] {dag.py:3677} INFO - Setting next_dagrun for user_automation to 2025-04-26T00:00:00+00:00, run_after=2025-04-27T00:00:00+00:00
[2025-04-26T10:14:20.619+0000] {processor.py:179} INFO - Processing /opt/airflow/dags/kafka_stream.py took 0.116 seconds
[2025-04-26T10:14:50.783+0000] {processor.py:157} INFO - Started process (PID=405) to work on /opt/airflow/dags/kafka_stream.py
[2025-04-26T10:14:50.785+0000] {processor.py:829} INFO - Processing file /opt/airflow/dags/kafka_stream.py for tasks to queue
[2025-04-26T10:14:50.787+0000] {logging_mixin.py:151} INFO - [2025-04-26T10:14:50.786+0000] {dagbag.py:539} INFO - Filling up the DagBag from /opt/airflow/dags/kafka_stream.py
[2025-04-26T10:14:50.808+0000] {processor.py:839} INFO - DAG(s) dict_keys(['user_automation']) retrieved from /opt/airflow/dags/kafka_stream.py
[2025-04-26T10:14:50.835+0000] {logging_mixin.py:151} INFO - [2025-04-26T10:14:50.835+0000] {dag.py:2907} INFO - Sync 1 DAGs
[2025-04-26T10:14:50.857+0000] {logging_mixin.py:151} INFO - [2025-04-26T10:14:50.857+0000] {dag.py:3677} INFO - Setting next_dagrun for user_automation to 2025-04-26T00:00:00+00:00, run_after=2025-04-27T00:00:00+00:00
[2025-04-26T10:14:50.888+0000] {processor.py:179} INFO - Processing /opt/airflow/dags/kafka_stream.py took 0.110 seconds
[2025-04-26T10:15:21.123+0000] {processor.py:157} INFO - Started process (PID=406) to work on /opt/airflow/dags/kafka_stream.py
[2025-04-26T10:15:21.124+0000] {processor.py:829} INFO - Processing file /opt/airflow/dags/kafka_stream.py for tasks to queue
[2025-04-26T10:15:21.125+0000] {logging_mixin.py:151} INFO - [2025-04-26T10:15:21.125+0000] {dagbag.py:539} INFO - Filling up the DagBag from /opt/airflow/dags/kafka_stream.py
[2025-04-26T10:15:21.158+0000] {processor.py:839} INFO - DAG(s) dict_keys(['user_automation']) retrieved from /opt/airflow/dags/kafka_stream.py
[2025-04-26T10:15:21.177+0000] {logging_mixin.py:151} INFO - [2025-04-26T10:15:21.177+0000] {dag.py:2907} INFO - Sync 1 DAGs
[2025-04-26T10:15:21.193+0000] {logging_mixin.py:151} INFO - [2025-04-26T10:15:21.192+0000] {dag.py:3677} INFO - Setting next_dagrun for user_automation to 2025-04-26T00:00:00+00:00, run_after=2025-04-27T00:00:00+00:00
[2025-04-26T10:15:21.214+0000] {processor.py:179} INFO - Processing /opt/airflow/dags/kafka_stream.py took 0.093 seconds
[2025-04-26T10:15:51.411+0000] {processor.py:157} INFO - Started process (PID=407) to work on /opt/airflow/dags/kafka_stream.py
[2025-04-26T10:15:51.412+0000] {processor.py:829} INFO - Processing file /opt/airflow/dags/kafka_stream.py for tasks to queue
[2025-04-26T10:15:51.413+0000] {logging_mixin.py:151} INFO - [2025-04-26T10:15:51.412+0000] {dagbag.py:539} INFO - Filling up the DagBag from /opt/airflow/dags/kafka_stream.py
[2025-04-26T10:15:51.430+0000] {processor.py:839} INFO - DAG(s) dict_keys(['user_automation']) retrieved from /opt/airflow/dags/kafka_stream.py
[2025-04-26T10:15:51.449+0000] {logging_mixin.py:151} INFO - [2025-04-26T10:15:51.448+0000] {dag.py:2907} INFO - Sync 1 DAGs
[2025-04-26T10:15:51.464+0000] {logging_mixin.py:151} INFO - [2025-04-26T10:15:51.464+0000] {dag.py:3677} INFO - Setting next_dagrun for user_automation to 2025-04-26T00:00:00+00:00, run_after=2025-04-27T00:00:00+00:00
[2025-04-26T10:15:51.483+0000] {processor.py:179} INFO - Processing /opt/airflow/dags/kafka_stream.py took 0.074 seconds
[2025-04-26T10:16:21.694+0000] {processor.py:157} INFO - Started process (PID=408) to work on /opt/airflow/dags/kafka_stream.py
[2025-04-26T10:16:21.695+0000] {processor.py:829} INFO - Processing file /opt/airflow/dags/kafka_stream.py for tasks to queue
[2025-04-26T10:16:21.696+0000] {logging_mixin.py:151} INFO - [2025-04-26T10:16:21.696+0000] {dagbag.py:539} INFO - Filling up the DagBag from /opt/airflow/dags/kafka_stream.py
[2025-04-26T10:16:21.718+0000] {processor.py:839} INFO - DAG(s) dict_keys(['user_automation']) retrieved from /opt/airflow/dags/kafka_stream.py
[2025-04-26T10:16:21.739+0000] {logging_mixin.py:151} INFO - [2025-04-26T10:16:21.739+0000] {dag.py:2907} INFO - Sync 1 DAGs
[2025-04-26T10:16:21.757+0000] {logging_mixin.py:151} INFO - [2025-04-26T10:16:21.757+0000] {dag.py:3677} INFO - Setting next_dagrun for user_automation to 2025-04-26T00:00:00+00:00, run_after=2025-04-27T00:00:00+00:00
[2025-04-26T10:16:21.782+0000] {processor.py:179} INFO - Processing /opt/airflow/dags/kafka_stream.py took 0.091 seconds
[2025-04-26T10:16:51.939+0000] {processor.py:157} INFO - Started process (PID=409) to work on /opt/airflow/dags/kafka_stream.py
[2025-04-26T10:16:51.940+0000] {processor.py:829} INFO - Processing file /opt/airflow/dags/kafka_stream.py for tasks to queue
[2025-04-26T10:16:51.942+0000] {logging_mixin.py:151} INFO - [2025-04-26T10:16:51.941+0000] {dagbag.py:539} INFO - Filling up the DagBag from /opt/airflow/dags/kafka_stream.py
[2025-04-26T10:16:51.961+0000] {processor.py:839} INFO - DAG(s) dict_keys(['user_automation']) retrieved from /opt/airflow/dags/kafka_stream.py
[2025-04-26T10:16:51.984+0000] {logging_mixin.py:151} INFO - [2025-04-26T10:16:51.984+0000] {dag.py:2907} INFO - Sync 1 DAGs
[2025-04-26T10:16:52.004+0000] {logging_mixin.py:151} INFO - [2025-04-26T10:16:52.004+0000] {dag.py:3677} INFO - Setting next_dagrun for user_automation to 2025-04-26T00:00:00+00:00, run_after=2025-04-27T00:00:00+00:00
[2025-04-26T10:16:52.033+0000] {processor.py:179} INFO - Processing /opt/airflow/dags/kafka_stream.py took 0.097 seconds
[2025-04-26T10:17:22.229+0000] {processor.py:157} INFO - Started process (PID=410) to work on /opt/airflow/dags/kafka_stream.py
[2025-04-26T10:17:22.230+0000] {processor.py:829} INFO - Processing file /opt/airflow/dags/kafka_stream.py for tasks to queue
[2025-04-26T10:17:22.231+0000] {logging_mixin.py:151} INFO - [2025-04-26T10:17:22.231+0000] {dagbag.py:539} INFO - Filling up the DagBag from /opt/airflow/dags/kafka_stream.py
[2025-04-26T10:17:22.251+0000] {processor.py:839} INFO - DAG(s) dict_keys(['user_automation']) retrieved from /opt/airflow/dags/kafka_stream.py
[2025-04-26T10:17:22.272+0000] {logging_mixin.py:151} INFO - [2025-04-26T10:17:22.272+0000] {dag.py:2907} INFO - Sync 1 DAGs
[2025-04-26T10:17:22.291+0000] {logging_mixin.py:151} INFO - [2025-04-26T10:17:22.291+0000] {dag.py:3677} INFO - Setting next_dagrun for user_automation to 2025-04-26T00:00:00+00:00, run_after=2025-04-27T00:00:00+00:00
[2025-04-26T10:17:22.322+0000] {processor.py:179} INFO - Processing /opt/airflow/dags/kafka_stream.py took 0.096 seconds
[2025-04-26T10:17:52.520+0000] {processor.py:157} INFO - Started process (PID=411) to work on /opt/airflow/dags/kafka_stream.py
[2025-04-26T10:17:52.521+0000] {processor.py:829} INFO - Processing file /opt/airflow/dags/kafka_stream.py for tasks to queue
[2025-04-26T10:17:52.522+0000] {logging_mixin.py:151} INFO - [2025-04-26T10:17:52.522+0000] {dagbag.py:539} INFO - Filling up the DagBag from /opt/airflow/dags/kafka_stream.py
[2025-04-26T10:17:52.553+0000] {processor.py:839} INFO - DAG(s) dict_keys(['user_automation']) retrieved from /opt/airflow/dags/kafka_stream.py
[2025-04-26T10:17:52.576+0000] {logging_mixin.py:151} INFO - [2025-04-26T10:17:52.575+0000] {dag.py:2907} INFO - Sync 1 DAGs
[2025-04-26T10:17:52.597+0000] {logging_mixin.py:151} INFO - [2025-04-26T10:17:52.597+0000] {dag.py:3677} INFO - Setting next_dagrun for user_automation to 2025-04-26T00:00:00+00:00, run_after=2025-04-27T00:00:00+00:00
[2025-04-26T10:17:52.620+0000] {processor.py:179} INFO - Processing /opt/airflow/dags/kafka_stream.py took 0.104 seconds
[2025-04-26T10:18:22.822+0000] {processor.py:157} INFO - Started process (PID=412) to work on /opt/airflow/dags/kafka_stream.py
[2025-04-26T10:18:22.828+0000] {processor.py:829} INFO - Processing file /opt/airflow/dags/kafka_stream.py for tasks to queue
[2025-04-26T10:18:22.830+0000] {logging_mixin.py:151} INFO - [2025-04-26T10:18:22.829+0000] {dagbag.py:539} INFO - Filling up the DagBag from /opt/airflow/dags/kafka_stream.py
[2025-04-26T10:18:22.853+0000] {processor.py:839} INFO - DAG(s) dict_keys(['user_automation']) retrieved from /opt/airflow/dags/kafka_stream.py
[2025-04-26T10:18:22.877+0000] {logging_mixin.py:151} INFO - [2025-04-26T10:18:22.876+0000] {dag.py:2907} INFO - Sync 1 DAGs
[2025-04-26T10:18:22.898+0000] {logging_mixin.py:151} INFO - [2025-04-26T10:18:22.898+0000] {dag.py:3677} INFO - Setting next_dagrun for user_automation to 2025-04-26T00:00:00+00:00, run_after=2025-04-27T00:00:00+00:00
[2025-04-26T10:18:22.916+0000] {processor.py:179} INFO - Processing /opt/airflow/dags/kafka_stream.py took 0.098 seconds
[2025-04-26T10:18:53.086+0000] {processor.py:157} INFO - Started process (PID=413) to work on /opt/airflow/dags/kafka_stream.py
[2025-04-26T10:18:53.088+0000] {processor.py:829} INFO - Processing file /opt/airflow/dags/kafka_stream.py for tasks to queue
[2025-04-26T10:18:53.089+0000] {logging_mixin.py:151} INFO - [2025-04-26T10:18:53.089+0000] {dagbag.py:539} INFO - Filling up the DagBag from /opt/airflow/dags/kafka_stream.py
[2025-04-26T10:18:53.123+0000] {processor.py:839} INFO - DAG(s) dict_keys(['user_automation']) retrieved from /opt/airflow/dags/kafka_stream.py
[2025-04-26T10:18:53.146+0000] {logging_mixin.py:151} INFO - [2025-04-26T10:18:53.146+0000] {dag.py:2907} INFO - Sync 1 DAGs
[2025-04-26T10:18:53.165+0000] {logging_mixin.py:151} INFO - [2025-04-26T10:18:53.165+0000] {dag.py:3677} INFO - Setting next_dagrun for user_automation to 2025-04-26T00:00:00+00:00, run_after=2025-04-27T00:00:00+00:00
[2025-04-26T10:18:53.185+0000] {processor.py:179} INFO - Processing /opt/airflow/dags/kafka_stream.py took 0.102 seconds
[2025-04-26T10:19:23.341+0000] {processor.py:157} INFO - Started process (PID=414) to work on /opt/airflow/dags/kafka_stream.py
[2025-04-26T10:19:23.342+0000] {processor.py:829} INFO - Processing file /opt/airflow/dags/kafka_stream.py for tasks to queue
[2025-04-26T10:19:23.343+0000] {logging_mixin.py:151} INFO - [2025-04-26T10:19:23.342+0000] {dagbag.py:539} INFO - Filling up the DagBag from /opt/airflow/dags/kafka_stream.py
[2025-04-26T10:19:23.363+0000] {processor.py:839} INFO - DAG(s) dict_keys(['user_automation']) retrieved from /opt/airflow/dags/kafka_stream.py
[2025-04-26T10:19:23.385+0000] {logging_mixin.py:151} INFO - [2025-04-26T10:19:23.385+0000] {dag.py:2907} INFO - Sync 1 DAGs
[2025-04-26T10:19:23.404+0000] {logging_mixin.py:151} INFO - [2025-04-26T10:19:23.404+0000] {dag.py:3677} INFO - Setting next_dagrun for user_automation to 2025-04-26T00:00:00+00:00, run_after=2025-04-27T00:00:00+00:00
[2025-04-26T10:19:23.434+0000] {processor.py:179} INFO - Processing /opt/airflow/dags/kafka_stream.py took 0.096 seconds
[2025-04-26T10:19:53.625+0000] {processor.py:157} INFO - Started process (PID=415) to work on /opt/airflow/dags/kafka_stream.py
[2025-04-26T10:19:53.626+0000] {processor.py:829} INFO - Processing file /opt/airflow/dags/kafka_stream.py for tasks to queue
[2025-04-26T10:19:53.627+0000] {logging_mixin.py:151} INFO - [2025-04-26T10:19:53.627+0000] {dagbag.py:539} INFO - Filling up the DagBag from /opt/airflow/dags/kafka_stream.py
[2025-04-26T10:19:53.646+0000] {processor.py:839} INFO - DAG(s) dict_keys(['user_automation']) retrieved from /opt/airflow/dags/kafka_stream.py
[2025-04-26T10:19:53.668+0000] {logging_mixin.py:151} INFO - [2025-04-26T10:19:53.668+0000] {dag.py:2907} INFO - Sync 1 DAGs
[2025-04-26T10:19:53.685+0000] {logging_mixin.py:151} INFO - [2025-04-26T10:19:53.685+0000] {dag.py:3677} INFO - Setting next_dagrun for user_automation to 2025-04-26T00:00:00+00:00, run_after=2025-04-27T00:00:00+00:00
[2025-04-26T10:19:53.713+0000] {processor.py:179} INFO - Processing /opt/airflow/dags/kafka_stream.py took 0.091 seconds
[2025-04-26T10:20:23.878+0000] {processor.py:157} INFO - Started process (PID=416) to work on /opt/airflow/dags/kafka_stream.py
[2025-04-26T10:20:23.879+0000] {processor.py:829} INFO - Processing file /opt/airflow/dags/kafka_stream.py for tasks to queue
[2025-04-26T10:20:23.880+0000] {logging_mixin.py:151} INFO - [2025-04-26T10:20:23.880+0000] {dagbag.py:539} INFO - Filling up the DagBag from /opt/airflow/dags/kafka_stream.py
[2025-04-26T10:20:23.917+0000] {processor.py:839} INFO - DAG(s) dict_keys(['user_automation']) retrieved from /opt/airflow/dags/kafka_stream.py
[2025-04-26T10:20:23.941+0000] {logging_mixin.py:151} INFO - [2025-04-26T10:20:23.941+0000] {dag.py:2907} INFO - Sync 1 DAGs
[2025-04-26T10:20:23.960+0000] {logging_mixin.py:151} INFO - [2025-04-26T10:20:23.960+0000] {dag.py:3677} INFO - Setting next_dagrun for user_automation to 2025-04-26T00:00:00+00:00, run_after=2025-04-27T00:00:00+00:00
[2025-04-26T10:20:23.990+0000] {processor.py:179} INFO - Processing /opt/airflow/dags/kafka_stream.py took 0.115 seconds
[2025-04-26T10:20:54.171+0000] {processor.py:157} INFO - Started process (PID=417) to work on /opt/airflow/dags/kafka_stream.py
[2025-04-26T10:20:54.173+0000] {processor.py:829} INFO - Processing file /opt/airflow/dags/kafka_stream.py for tasks to queue
[2025-04-26T10:20:54.174+0000] {logging_mixin.py:151} INFO - [2025-04-26T10:20:54.174+0000] {dagbag.py:539} INFO - Filling up the DagBag from /opt/airflow/dags/kafka_stream.py
[2025-04-26T10:20:54.215+0000] {processor.py:839} INFO - DAG(s) dict_keys(['user_automation']) retrieved from /opt/airflow/dags/kafka_stream.py
[2025-04-26T10:20:54.239+0000] {logging_mixin.py:151} INFO - [2025-04-26T10:20:54.239+0000] {dag.py:2907} INFO - Sync 1 DAGs
[2025-04-26T10:20:54.260+0000] {logging_mixin.py:151} INFO - [2025-04-26T10:20:54.259+0000] {dag.py:3677} INFO - Setting next_dagrun for user_automation to 2025-04-26T00:00:00+00:00, run_after=2025-04-27T00:00:00+00:00
[2025-04-26T10:20:54.281+0000] {processor.py:179} INFO - Processing /opt/airflow/dags/kafka_stream.py took 0.114 seconds
[2025-04-26T10:21:24.477+0000] {processor.py:157} INFO - Started process (PID=418) to work on /opt/airflow/dags/kafka_stream.py
[2025-04-26T10:21:24.478+0000] {processor.py:829} INFO - Processing file /opt/airflow/dags/kafka_stream.py for tasks to queue
[2025-04-26T10:21:24.480+0000] {logging_mixin.py:151} INFO - [2025-04-26T10:21:24.479+0000] {dagbag.py:539} INFO - Filling up the DagBag from /opt/airflow/dags/kafka_stream.py
[2025-04-26T10:21:24.528+0000] {processor.py:839} INFO - DAG(s) dict_keys(['user_automation']) retrieved from /opt/airflow/dags/kafka_stream.py
[2025-04-26T10:21:24.549+0000] {logging_mixin.py:151} INFO - [2025-04-26T10:21:24.549+0000] {dag.py:2907} INFO - Sync 1 DAGs
[2025-04-26T10:21:24.566+0000] {logging_mixin.py:151} INFO - [2025-04-26T10:21:24.566+0000] {dag.py:3677} INFO - Setting next_dagrun for user_automation to 2025-04-26T00:00:00+00:00, run_after=2025-04-27T00:00:00+00:00
[2025-04-26T10:21:24.596+0000] {processor.py:179} INFO - Processing /opt/airflow/dags/kafka_stream.py took 0.122 seconds
[2025-04-26T10:21:54.731+0000] {processor.py:157} INFO - Started process (PID=419) to work on /opt/airflow/dags/kafka_stream.py
[2025-04-26T10:21:54.732+0000] {processor.py:829} INFO - Processing file /opt/airflow/dags/kafka_stream.py for tasks to queue
[2025-04-26T10:21:54.734+0000] {logging_mixin.py:151} INFO - [2025-04-26T10:21:54.733+0000] {dagbag.py:539} INFO - Filling up the DagBag from /opt/airflow/dags/kafka_stream.py
[2025-04-26T10:21:54.763+0000] {processor.py:839} INFO - DAG(s) dict_keys(['user_automation']) retrieved from /opt/airflow/dags/kafka_stream.py
[2025-04-26T10:21:54.795+0000] {logging_mixin.py:151} INFO - [2025-04-26T10:21:54.795+0000] {dag.py:2907} INFO - Sync 1 DAGs
[2025-04-26T10:21:54.815+0000] {logging_mixin.py:151} INFO - [2025-04-26T10:21:54.815+0000] {dag.py:3677} INFO - Setting next_dagrun for user_automation to 2025-04-26T00:00:00+00:00, run_after=2025-04-27T00:00:00+00:00
[2025-04-26T10:21:54.831+0000] {processor.py:179} INFO - Processing /opt/airflow/dags/kafka_stream.py took 0.103 seconds
[2025-04-26T10:22:25.062+0000] {processor.py:157} INFO - Started process (PID=420) to work on /opt/airflow/dags/kafka_stream.py
[2025-04-26T10:22:25.063+0000] {processor.py:829} INFO - Processing file /opt/airflow/dags/kafka_stream.py for tasks to queue
[2025-04-26T10:22:25.064+0000] {logging_mixin.py:151} INFO - [2025-04-26T10:22:25.064+0000] {dagbag.py:539} INFO - Filling up the DagBag from /opt/airflow/dags/kafka_stream.py
[2025-04-26T10:22:25.112+0000] {processor.py:839} INFO - DAG(s) dict_keys(['user_automation']) retrieved from /opt/airflow/dags/kafka_stream.py
[2025-04-26T10:22:25.132+0000] {logging_mixin.py:151} INFO - [2025-04-26T10:22:25.132+0000] {dag.py:2907} INFO - Sync 1 DAGs
[2025-04-26T10:22:25.148+0000] {logging_mixin.py:151} INFO - [2025-04-26T10:22:25.148+0000] {dag.py:3677} INFO - Setting next_dagrun for user_automation to 2025-04-26T00:00:00+00:00, run_after=2025-04-27T00:00:00+00:00
[2025-04-26T10:22:25.168+0000] {processor.py:179} INFO - Processing /opt/airflow/dags/kafka_stream.py took 0.108 seconds
[2025-04-26T10:22:55.286+0000] {processor.py:157} INFO - Started process (PID=421) to work on /opt/airflow/dags/kafka_stream.py
[2025-04-26T10:22:55.287+0000] {processor.py:829} INFO - Processing file /opt/airflow/dags/kafka_stream.py for tasks to queue
[2025-04-26T10:22:55.288+0000] {logging_mixin.py:151} INFO - [2025-04-26T10:22:55.287+0000] {dagbag.py:539} INFO - Filling up the DagBag from /opt/airflow/dags/kafka_stream.py
[2025-04-26T10:22:55.311+0000] {processor.py:839} INFO - DAG(s) dict_keys(['user_automation']) retrieved from /opt/airflow/dags/kafka_stream.py
[2025-04-26T10:22:55.335+0000] {logging_mixin.py:151} INFO - [2025-04-26T10:22:55.335+0000] {dag.py:2907} INFO - Sync 1 DAGs
[2025-04-26T10:22:55.355+0000] {logging_mixin.py:151} INFO - [2025-04-26T10:22:55.354+0000] {dag.py:3677} INFO - Setting next_dagrun for user_automation to 2025-04-26T00:00:00+00:00, run_after=2025-04-27T00:00:00+00:00
[2025-04-26T10:22:55.376+0000] {processor.py:179} INFO - Processing /opt/airflow/dags/kafka_stream.py took 0.094 seconds
[2025-04-26T10:23:25.678+0000] {processor.py:157} INFO - Started process (PID=422) to work on /opt/airflow/dags/kafka_stream.py
[2025-04-26T10:23:25.679+0000] {processor.py:829} INFO - Processing file /opt/airflow/dags/kafka_stream.py for tasks to queue
[2025-04-26T10:23:25.680+0000] {logging_mixin.py:151} INFO - [2025-04-26T10:23:25.680+0000] {dagbag.py:539} INFO - Filling up the DagBag from /opt/airflow/dags/kafka_stream.py
[2025-04-26T10:23:25.726+0000] {processor.py:839} INFO - DAG(s) dict_keys(['user_automation']) retrieved from /opt/airflow/dags/kafka_stream.py
[2025-04-26T10:23:25.749+0000] {logging_mixin.py:151} INFO - [2025-04-26T10:23:25.749+0000] {dag.py:2907} INFO - Sync 1 DAGs
[2025-04-26T10:23:25.768+0000] {logging_mixin.py:151} INFO - [2025-04-26T10:23:25.768+0000] {dag.py:3677} INFO - Setting next_dagrun for user_automation to 2025-04-26T00:00:00+00:00, run_after=2025-04-27T00:00:00+00:00
[2025-04-26T10:23:25.798+0000] {processor.py:179} INFO - Processing /opt/airflow/dags/kafka_stream.py took 0.122 seconds
[2025-04-26T10:23:55.937+0000] {processor.py:157} INFO - Started process (PID=423) to work on /opt/airflow/dags/kafka_stream.py
[2025-04-26T10:23:55.938+0000] {processor.py:829} INFO - Processing file /opt/airflow/dags/kafka_stream.py for tasks to queue
[2025-04-26T10:23:55.940+0000] {logging_mixin.py:151} INFO - [2025-04-26T10:23:55.939+0000] {dagbag.py:539} INFO - Filling up the DagBag from /opt/airflow/dags/kafka_stream.py
[2025-04-26T10:23:55.964+0000] {processor.py:839} INFO - DAG(s) dict_keys(['user_automation']) retrieved from /opt/airflow/dags/kafka_stream.py
[2025-04-26T10:23:55.994+0000] {logging_mixin.py:151} INFO - [2025-04-26T10:23:55.994+0000] {dag.py:2907} INFO - Sync 1 DAGs
[2025-04-26T10:23:56.013+0000] {logging_mixin.py:151} INFO - [2025-04-26T10:23:56.013+0000] {dag.py:3677} INFO - Setting next_dagrun for user_automation to 2025-04-26T00:00:00+00:00, run_after=2025-04-27T00:00:00+00:00
[2025-04-26T10:23:56.047+0000] {processor.py:179} INFO - Processing /opt/airflow/dags/kafka_stream.py took 0.114 seconds
[2025-04-26T10:24:26.296+0000] {processor.py:157} INFO - Started process (PID=424) to work on /opt/airflow/dags/kafka_stream.py
[2025-04-26T10:24:26.297+0000] {processor.py:829} INFO - Processing file /opt/airflow/dags/kafka_stream.py for tasks to queue
[2025-04-26T10:24:26.298+0000] {logging_mixin.py:151} INFO - [2025-04-26T10:24:26.298+0000] {dagbag.py:539} INFO - Filling up the DagBag from /opt/airflow/dags/kafka_stream.py
[2025-04-26T10:24:26.346+0000] {processor.py:839} INFO - DAG(s) dict_keys(['user_automation']) retrieved from /opt/airflow/dags/kafka_stream.py
[2025-04-26T10:24:26.370+0000] {logging_mixin.py:151} INFO - [2025-04-26T10:24:26.370+0000] {dag.py:2907} INFO - Sync 1 DAGs
[2025-04-26T10:24:26.386+0000] {logging_mixin.py:151} INFO - [2025-04-26T10:24:26.386+0000] {dag.py:3677} INFO - Setting next_dagrun for user_automation to 2025-04-26T00:00:00+00:00, run_after=2025-04-27T00:00:00+00:00
[2025-04-26T10:24:26.407+0000] {processor.py:179} INFO - Processing /opt/airflow/dags/kafka_stream.py took 0.113 seconds
[2025-04-26T10:24:56.562+0000] {processor.py:157} INFO - Started process (PID=425) to work on /opt/airflow/dags/kafka_stream.py
[2025-04-26T10:24:56.564+0000] {processor.py:829} INFO - Processing file /opt/airflow/dags/kafka_stream.py for tasks to queue
[2025-04-26T10:24:56.565+0000] {logging_mixin.py:151} INFO - [2025-04-26T10:24:56.565+0000] {dagbag.py:539} INFO - Filling up the DagBag from /opt/airflow/dags/kafka_stream.py
[2025-04-26T10:24:56.621+0000] {processor.py:839} INFO - DAG(s) dict_keys(['user_automation']) retrieved from /opt/airflow/dags/kafka_stream.py
[2025-04-26T10:24:56.641+0000] {logging_mixin.py:151} INFO - [2025-04-26T10:24:56.641+0000] {dag.py:2907} INFO - Sync 1 DAGs
[2025-04-26T10:24:56.659+0000] {logging_mixin.py:151} INFO - [2025-04-26T10:24:56.658+0000] {dag.py:3677} INFO - Setting next_dagrun for user_automation to 2025-04-26T00:00:00+00:00, run_after=2025-04-27T00:00:00+00:00
[2025-04-26T10:24:56.678+0000] {processor.py:179} INFO - Processing /opt/airflow/dags/kafka_stream.py took 0.119 seconds
[2025-04-26T10:25:26.871+0000] {processor.py:157} INFO - Started process (PID=426) to work on /opt/airflow/dags/kafka_stream.py
[2025-04-26T10:25:26.872+0000] {processor.py:829} INFO - Processing file /opt/airflow/dags/kafka_stream.py for tasks to queue
[2025-04-26T10:25:26.873+0000] {logging_mixin.py:151} INFO - [2025-04-26T10:25:26.872+0000] {dagbag.py:539} INFO - Filling up the DagBag from /opt/airflow/dags/kafka_stream.py
[2025-04-26T10:25:26.891+0000] {processor.py:839} INFO - DAG(s) dict_keys(['user_automation']) retrieved from /opt/airflow/dags/kafka_stream.py
[2025-04-26T10:25:26.910+0000] {logging_mixin.py:151} INFO - [2025-04-26T10:25:26.910+0000] {dag.py:2907} INFO - Sync 1 DAGs
[2025-04-26T10:25:26.927+0000] {logging_mixin.py:151} INFO - [2025-04-26T10:25:26.927+0000] {dag.py:3677} INFO - Setting next_dagrun for user_automation to 2025-04-26T00:00:00+00:00, run_after=2025-04-27T00:00:00+00:00
[2025-04-26T10:25:26.953+0000] {processor.py:179} INFO - Processing /opt/airflow/dags/kafka_stream.py took 0.085 seconds
[2025-04-26T10:25:57.169+0000] {processor.py:157} INFO - Started process (PID=427) to work on /opt/airflow/dags/kafka_stream.py
[2025-04-26T10:25:57.171+0000] {processor.py:829} INFO - Processing file /opt/airflow/dags/kafka_stream.py for tasks to queue
[2025-04-26T10:25:57.173+0000] {logging_mixin.py:151} INFO - [2025-04-26T10:25:57.172+0000] {dagbag.py:539} INFO - Filling up the DagBag from /opt/airflow/dags/kafka_stream.py
[2025-04-26T10:25:57.215+0000] {processor.py:839} INFO - DAG(s) dict_keys(['user_automation']) retrieved from /opt/airflow/dags/kafka_stream.py
[2025-04-26T10:25:57.236+0000] {logging_mixin.py:151} INFO - [2025-04-26T10:25:57.236+0000] {dag.py:2907} INFO - Sync 1 DAGs
[2025-04-26T10:25:57.253+0000] {logging_mixin.py:151} INFO - [2025-04-26T10:25:57.253+0000] {dag.py:3677} INFO - Setting next_dagrun for user_automation to 2025-04-26T00:00:00+00:00, run_after=2025-04-27T00:00:00+00:00
[2025-04-26T10:25:57.284+0000] {processor.py:179} INFO - Processing /opt/airflow/dags/kafka_stream.py took 0.117 seconds
[2025-04-26T10:26:27.428+0000] {processor.py:157} INFO - Started process (PID=428) to work on /opt/airflow/dags/kafka_stream.py
[2025-04-26T10:26:27.429+0000] {processor.py:829} INFO - Processing file /opt/airflow/dags/kafka_stream.py for tasks to queue
[2025-04-26T10:26:27.430+0000] {logging_mixin.py:151} INFO - [2025-04-26T10:26:27.430+0000] {dagbag.py:539} INFO - Filling up the DagBag from /opt/airflow/dags/kafka_stream.py
[2025-04-26T10:26:27.470+0000] {processor.py:839} INFO - DAG(s) dict_keys(['user_automation']) retrieved from /opt/airflow/dags/kafka_stream.py
[2025-04-26T10:26:27.493+0000] {logging_mixin.py:151} INFO - [2025-04-26T10:26:27.493+0000] {dag.py:2907} INFO - Sync 1 DAGs
[2025-04-26T10:26:27.512+0000] {logging_mixin.py:151} INFO - [2025-04-26T10:26:27.512+0000] {dag.py:3677} INFO - Setting next_dagrun for user_automation to 2025-04-26T00:00:00+00:00, run_after=2025-04-27T00:00:00+00:00
[2025-04-26T10:26:27.535+0000] {processor.py:179} INFO - Processing /opt/airflow/dags/kafka_stream.py took 0.110 seconds
[2025-04-26T10:26:57.691+0000] {processor.py:157} INFO - Started process (PID=429) to work on /opt/airflow/dags/kafka_stream.py
[2025-04-26T10:26:57.692+0000] {processor.py:829} INFO - Processing file /opt/airflow/dags/kafka_stream.py for tasks to queue
[2025-04-26T10:26:57.694+0000] {logging_mixin.py:151} INFO - [2025-04-26T10:26:57.693+0000] {dagbag.py:539} INFO - Filling up the DagBag from /opt/airflow/dags/kafka_stream.py
[2025-04-26T10:26:57.722+0000] {processor.py:839} INFO - DAG(s) dict_keys(['user_automation']) retrieved from /opt/airflow/dags/kafka_stream.py
[2025-04-26T10:26:57.745+0000] {logging_mixin.py:151} INFO - [2025-04-26T10:26:57.745+0000] {dag.py:2907} INFO - Sync 1 DAGs
[2025-04-26T10:26:57.766+0000] {logging_mixin.py:151} INFO - [2025-04-26T10:26:57.766+0000] {dag.py:3677} INFO - Setting next_dagrun for user_automation to 2025-04-26T00:00:00+00:00, run_after=2025-04-27T00:00:00+00:00
[2025-04-26T10:26:57.785+0000] {processor.py:179} INFO - Processing /opt/airflow/dags/kafka_stream.py took 0.096 seconds
[2025-04-26T10:27:27.947+0000] {processor.py:157} INFO - Started process (PID=430) to work on /opt/airflow/dags/kafka_stream.py
[2025-04-26T10:27:27.948+0000] {processor.py:829} INFO - Processing file /opt/airflow/dags/kafka_stream.py for tasks to queue
[2025-04-26T10:27:27.948+0000] {logging_mixin.py:151} INFO - [2025-04-26T10:27:27.948+0000] {dagbag.py:539} INFO - Filling up the DagBag from /opt/airflow/dags/kafka_stream.py
[2025-04-26T10:27:27.967+0000] {processor.py:839} INFO - DAG(s) dict_keys(['user_automation']) retrieved from /opt/airflow/dags/kafka_stream.py
[2025-04-26T10:27:27.987+0000] {logging_mixin.py:151} INFO - [2025-04-26T10:27:27.987+0000] {dag.py:2907} INFO - Sync 1 DAGs
[2025-04-26T10:27:28.005+0000] {logging_mixin.py:151} INFO - [2025-04-26T10:27:28.004+0000] {dag.py:3677} INFO - Setting next_dagrun for user_automation to 2025-04-26T00:00:00+00:00, run_after=2025-04-27T00:00:00+00:00
[2025-04-26T10:27:28.021+0000] {processor.py:179} INFO - Processing /opt/airflow/dags/kafka_stream.py took 0.077 seconds
[2025-04-26T10:27:58.146+0000] {processor.py:157} INFO - Started process (PID=431) to work on /opt/airflow/dags/kafka_stream.py
[2025-04-26T10:27:58.147+0000] {processor.py:829} INFO - Processing file /opt/airflow/dags/kafka_stream.py for tasks to queue
[2025-04-26T10:27:58.147+0000] {logging_mixin.py:151} INFO - [2025-04-26T10:27:58.147+0000] {dagbag.py:539} INFO - Filling up the DagBag from /opt/airflow/dags/kafka_stream.py
[2025-04-26T10:27:58.165+0000] {processor.py:839} INFO - DAG(s) dict_keys(['user_automation']) retrieved from /opt/airflow/dags/kafka_stream.py
[2025-04-26T10:27:58.184+0000] {logging_mixin.py:151} INFO - [2025-04-26T10:27:58.183+0000] {dag.py:2907} INFO - Sync 1 DAGs
[2025-04-26T10:27:58.201+0000] {logging_mixin.py:151} INFO - [2025-04-26T10:27:58.201+0000] {dag.py:3677} INFO - Setting next_dagrun for user_automation to 2025-04-26T00:00:00+00:00, run_after=2025-04-27T00:00:00+00:00
[2025-04-26T10:27:58.217+0000] {processor.py:179} INFO - Processing /opt/airflow/dags/kafka_stream.py took 0.074 seconds
[2025-04-26T10:28:28.334+0000] {processor.py:157} INFO - Started process (PID=432) to work on /opt/airflow/dags/kafka_stream.py
[2025-04-26T10:28:28.335+0000] {processor.py:829} INFO - Processing file /opt/airflow/dags/kafka_stream.py for tasks to queue
[2025-04-26T10:28:28.335+0000] {logging_mixin.py:151} INFO - [2025-04-26T10:28:28.335+0000] {dagbag.py:539} INFO - Filling up the DagBag from /opt/airflow/dags/kafka_stream.py
[2025-04-26T10:28:28.356+0000] {processor.py:839} INFO - DAG(s) dict_keys(['user_automation']) retrieved from /opt/airflow/dags/kafka_stream.py
[2025-04-26T10:28:28.374+0000] {logging_mixin.py:151} INFO - [2025-04-26T10:28:28.374+0000] {dag.py:2907} INFO - Sync 1 DAGs
[2025-04-26T10:28:28.391+0000] {logging_mixin.py:151} INFO - [2025-04-26T10:28:28.391+0000] {dag.py:3677} INFO - Setting next_dagrun for user_automation to 2025-04-26T00:00:00+00:00, run_after=2025-04-27T00:00:00+00:00
[2025-04-26T10:28:28.420+0000] {processor.py:179} INFO - Processing /opt/airflow/dags/kafka_stream.py took 0.088 seconds
[2025-04-26T10:28:58.539+0000] {processor.py:157} INFO - Started process (PID=433) to work on /opt/airflow/dags/kafka_stream.py
[2025-04-26T10:28:58.540+0000] {processor.py:829} INFO - Processing file /opt/airflow/dags/kafka_stream.py for tasks to queue
[2025-04-26T10:28:58.540+0000] {logging_mixin.py:151} INFO - [2025-04-26T10:28:58.540+0000] {dagbag.py:539} INFO - Filling up the DagBag from /opt/airflow/dags/kafka_stream.py
[2025-04-26T10:28:58.559+0000] {processor.py:839} INFO - DAG(s) dict_keys(['user_automation']) retrieved from /opt/airflow/dags/kafka_stream.py
[2025-04-26T10:28:58.579+0000] {logging_mixin.py:151} INFO - [2025-04-26T10:28:58.579+0000] {dag.py:2907} INFO - Sync 1 DAGs
[2025-04-26T10:28:58.598+0000] {logging_mixin.py:151} INFO - [2025-04-26T10:28:58.598+0000] {dag.py:3677} INFO - Setting next_dagrun for user_automation to 2025-04-26T00:00:00+00:00, run_after=2025-04-27T00:00:00+00:00
[2025-04-26T10:28:58.612+0000] {processor.py:179} INFO - Processing /opt/airflow/dags/kafka_stream.py took 0.076 seconds
[2025-04-26T10:29:28.748+0000] {processor.py:157} INFO - Started process (PID=434) to work on /opt/airflow/dags/kafka_stream.py
[2025-04-26T10:29:28.748+0000] {processor.py:829} INFO - Processing file /opt/airflow/dags/kafka_stream.py for tasks to queue
[2025-04-26T10:29:28.749+0000] {logging_mixin.py:151} INFO - [2025-04-26T10:29:28.749+0000] {dagbag.py:539} INFO - Filling up the DagBag from /opt/airflow/dags/kafka_stream.py
[2025-04-26T10:29:28.767+0000] {processor.py:839} INFO - DAG(s) dict_keys(['user_automation']) retrieved from /opt/airflow/dags/kafka_stream.py
[2025-04-26T10:29:28.787+0000] {logging_mixin.py:151} INFO - [2025-04-26T10:29:28.787+0000] {dag.py:2907} INFO - Sync 1 DAGs
[2025-04-26T10:29:28.804+0000] {logging_mixin.py:151} INFO - [2025-04-26T10:29:28.804+0000] {dag.py:3677} INFO - Setting next_dagrun for user_automation to 2025-04-26T00:00:00+00:00, run_after=2025-04-27T00:00:00+00:00
[2025-04-26T10:29:28.819+0000] {processor.py:179} INFO - Processing /opt/airflow/dags/kafka_stream.py took 0.074 seconds
[2025-04-26T10:29:59.025+0000] {processor.py:157} INFO - Started process (PID=435) to work on /opt/airflow/dags/kafka_stream.py
[2025-04-26T10:29:59.026+0000] {processor.py:829} INFO - Processing file /opt/airflow/dags/kafka_stream.py for tasks to queue
[2025-04-26T10:29:59.027+0000] {logging_mixin.py:151} INFO - [2025-04-26T10:29:59.027+0000] {dagbag.py:539} INFO - Filling up the DagBag from /opt/airflow/dags/kafka_stream.py
[2025-04-26T10:29:59.058+0000] {processor.py:839} INFO - DAG(s) dict_keys(['user_automation']) retrieved from /opt/airflow/dags/kafka_stream.py
[2025-04-26T10:29:59.082+0000] {logging_mixin.py:151} INFO - [2025-04-26T10:29:59.082+0000] {dag.py:2907} INFO - Sync 1 DAGs
[2025-04-26T10:29:59.104+0000] {logging_mixin.py:151} INFO - [2025-04-26T10:29:59.104+0000] {dag.py:3677} INFO - Setting next_dagrun for user_automation to 2025-04-26T00:00:00+00:00, run_after=2025-04-27T00:00:00+00:00
[2025-04-26T10:29:59.135+0000] {processor.py:179} INFO - Processing /opt/airflow/dags/kafka_stream.py took 0.112 seconds
[2025-04-26T10:30:29.338+0000] {processor.py:157} INFO - Started process (PID=436) to work on /opt/airflow/dags/kafka_stream.py
[2025-04-26T10:30:29.339+0000] {processor.py:829} INFO - Processing file /opt/airflow/dags/kafka_stream.py for tasks to queue
[2025-04-26T10:30:29.341+0000] {logging_mixin.py:151} INFO - [2025-04-26T10:30:29.340+0000] {dagbag.py:539} INFO - Filling up the DagBag from /opt/airflow/dags/kafka_stream.py
[2025-04-26T10:30:29.390+0000] {processor.py:839} INFO - DAG(s) dict_keys(['user_automation']) retrieved from /opt/airflow/dags/kafka_stream.py
[2025-04-26T10:30:29.412+0000] {logging_mixin.py:151} INFO - [2025-04-26T10:30:29.412+0000] {dag.py:2907} INFO - Sync 1 DAGs
[2025-04-26T10:30:29.429+0000] {logging_mixin.py:151} INFO - [2025-04-26T10:30:29.429+0000] {dag.py:3677} INFO - Setting next_dagrun for user_automation to 2025-04-26T00:00:00+00:00, run_after=2025-04-27T00:00:00+00:00
[2025-04-26T10:30:29.450+0000] {processor.py:179} INFO - Processing /opt/airflow/dags/kafka_stream.py took 0.115 seconds
[2025-04-26T10:30:59.683+0000] {processor.py:157} INFO - Started process (PID=437) to work on /opt/airflow/dags/kafka_stream.py
[2025-04-26T10:30:59.684+0000] {processor.py:829} INFO - Processing file /opt/airflow/dags/kafka_stream.py for tasks to queue
[2025-04-26T10:30:59.686+0000] {logging_mixin.py:151} INFO - [2025-04-26T10:30:59.685+0000] {dagbag.py:539} INFO - Filling up the DagBag from /opt/airflow/dags/kafka_stream.py
[2025-04-26T10:30:59.727+0000] {processor.py:839} INFO - DAG(s) dict_keys(['user_automation']) retrieved from /opt/airflow/dags/kafka_stream.py
[2025-04-26T10:30:59.747+0000] {logging_mixin.py:151} INFO - [2025-04-26T10:30:59.747+0000] {dag.py:2907} INFO - Sync 1 DAGs
[2025-04-26T10:30:59.763+0000] {logging_mixin.py:151} INFO - [2025-04-26T10:30:59.763+0000] {dag.py:3677} INFO - Setting next_dagrun for user_automation to 2025-04-26T00:00:00+00:00, run_after=2025-04-27T00:00:00+00:00
[2025-04-26T10:30:59.785+0000] {processor.py:179} INFO - Processing /opt/airflow/dags/kafka_stream.py took 0.104 seconds
[2025-04-26T10:31:29.913+0000] {processor.py:157} INFO - Started process (PID=438) to work on /opt/airflow/dags/kafka_stream.py
[2025-04-26T10:31:29.915+0000] {processor.py:829} INFO - Processing file /opt/airflow/dags/kafka_stream.py for tasks to queue
[2025-04-26T10:31:29.916+0000] {logging_mixin.py:151} INFO - [2025-04-26T10:31:29.916+0000] {dagbag.py:539} INFO - Filling up the DagBag from /opt/airflow/dags/kafka_stream.py
[2025-04-26T10:31:29.958+0000] {processor.py:839} INFO - DAG(s) dict_keys(['user_automation']) retrieved from /opt/airflow/dags/kafka_stream.py
[2025-04-26T10:31:29.982+0000] {logging_mixin.py:151} INFO - [2025-04-26T10:31:29.982+0000] {dag.py:2907} INFO - Sync 1 DAGs
[2025-04-26T10:31:29.999+0000] {logging_mixin.py:151} INFO - [2025-04-26T10:31:29.999+0000] {dag.py:3677} INFO - Setting next_dagrun for user_automation to 2025-04-26T00:00:00+00:00, run_after=2025-04-27T00:00:00+00:00
[2025-04-26T10:31:30.030+0000] {processor.py:179} INFO - Processing /opt/airflow/dags/kafka_stream.py took 0.120 seconds
[2025-04-26T10:32:00.288+0000] {processor.py:157} INFO - Started process (PID=439) to work on /opt/airflow/dags/kafka_stream.py
[2025-04-26T10:32:00.289+0000] {processor.py:829} INFO - Processing file /opt/airflow/dags/kafka_stream.py for tasks to queue
[2025-04-26T10:32:00.290+0000] {logging_mixin.py:151} INFO - [2025-04-26T10:32:00.290+0000] {dagbag.py:539} INFO - Filling up the DagBag from /opt/airflow/dags/kafka_stream.py
[2025-04-26T10:32:00.329+0000] {processor.py:839} INFO - DAG(s) dict_keys(['user_automation']) retrieved from /opt/airflow/dags/kafka_stream.py
[2025-04-26T10:32:00.350+0000] {logging_mixin.py:151} INFO - [2025-04-26T10:32:00.350+0000] {dag.py:2907} INFO - Sync 1 DAGs
[2025-04-26T10:32:00.371+0000] {logging_mixin.py:151} INFO - [2025-04-26T10:32:00.370+0000] {dag.py:3677} INFO - Setting next_dagrun for user_automation to 2025-04-26T00:00:00+00:00, run_after=2025-04-27T00:00:00+00:00
[2025-04-26T10:32:00.394+0000] {processor.py:179} INFO - Processing /opt/airflow/dags/kafka_stream.py took 0.108 seconds
[2025-04-26T10:32:30.538+0000] {processor.py:157} INFO - Started process (PID=440) to work on /opt/airflow/dags/kafka_stream.py
[2025-04-26T10:32:30.539+0000] {processor.py:829} INFO - Processing file /opt/airflow/dags/kafka_stream.py for tasks to queue
[2025-04-26T10:32:30.540+0000] {logging_mixin.py:151} INFO - [2025-04-26T10:32:30.540+0000] {dagbag.py:539} INFO - Filling up the DagBag from /opt/airflow/dags/kafka_stream.py
[2025-04-26T10:32:30.562+0000] {processor.py:839} INFO - DAG(s) dict_keys(['user_automation']) retrieved from /opt/airflow/dags/kafka_stream.py
[2025-04-26T10:32:30.581+0000] {logging_mixin.py:151} INFO - [2025-04-26T10:32:30.581+0000] {dag.py:2907} INFO - Sync 1 DAGs
[2025-04-26T10:32:30.597+0000] {logging_mixin.py:151} INFO - [2025-04-26T10:32:30.597+0000] {dag.py:3677} INFO - Setting next_dagrun for user_automation to 2025-04-26T00:00:00+00:00, run_after=2025-04-27T00:00:00+00:00
[2025-04-26T10:32:30.617+0000] {processor.py:179} INFO - Processing /opt/airflow/dags/kafka_stream.py took 0.083 seconds
[2025-04-26T10:33:00.919+0000] {processor.py:157} INFO - Started process (PID=441) to work on /opt/airflow/dags/kafka_stream.py
[2025-04-26T10:33:00.920+0000] {processor.py:829} INFO - Processing file /opt/airflow/dags/kafka_stream.py for tasks to queue
[2025-04-26T10:33:00.921+0000] {logging_mixin.py:151} INFO - [2025-04-26T10:33:00.921+0000] {dagbag.py:539} INFO - Filling up the DagBag from /opt/airflow/dags/kafka_stream.py
[2025-04-26T10:33:00.952+0000] {processor.py:839} INFO - DAG(s) dict_keys(['user_automation']) retrieved from /opt/airflow/dags/kafka_stream.py
[2025-04-26T10:33:00.975+0000] {logging_mixin.py:151} INFO - [2025-04-26T10:33:00.975+0000] {dag.py:2907} INFO - Sync 1 DAGs
[2025-04-26T10:33:00.992+0000] {logging_mixin.py:151} INFO - [2025-04-26T10:33:00.992+0000] {dag.py:3677} INFO - Setting next_dagrun for user_automation to 2025-04-26T00:00:00+00:00, run_after=2025-04-27T00:00:00+00:00
[2025-04-26T10:33:01.024+0000] {processor.py:179} INFO - Processing /opt/airflow/dags/kafka_stream.py took 0.109 seconds
[2025-04-26T10:33:31.170+0000] {processor.py:157} INFO - Started process (PID=442) to work on /opt/airflow/dags/kafka_stream.py
[2025-04-26T10:33:31.172+0000] {processor.py:829} INFO - Processing file /opt/airflow/dags/kafka_stream.py for tasks to queue
[2025-04-26T10:33:31.173+0000] {logging_mixin.py:151} INFO - [2025-04-26T10:33:31.173+0000] {dagbag.py:539} INFO - Filling up the DagBag from /opt/airflow/dags/kafka_stream.py
[2025-04-26T10:33:31.203+0000] {processor.py:839} INFO - DAG(s) dict_keys(['user_automation']) retrieved from /opt/airflow/dags/kafka_stream.py
[2025-04-26T10:33:31.227+0000] {logging_mixin.py:151} INFO - [2025-04-26T10:33:31.227+0000] {dag.py:2907} INFO - Sync 1 DAGs
[2025-04-26T10:33:31.247+0000] {logging_mixin.py:151} INFO - [2025-04-26T10:33:31.247+0000] {dag.py:3677} INFO - Setting next_dagrun for user_automation to 2025-04-26T00:00:00+00:00, run_after=2025-04-27T00:00:00+00:00
[2025-04-26T10:33:31.268+0000] {processor.py:179} INFO - Processing /opt/airflow/dags/kafka_stream.py took 0.101 seconds
[2025-04-26T10:34:01.459+0000] {processor.py:157} INFO - Started process (PID=443) to work on /opt/airflow/dags/kafka_stream.py
[2025-04-26T10:34:01.460+0000] {processor.py:829} INFO - Processing file /opt/airflow/dags/kafka_stream.py for tasks to queue
[2025-04-26T10:34:01.461+0000] {logging_mixin.py:151} INFO - [2025-04-26T10:34:01.461+0000] {dagbag.py:539} INFO - Filling up the DagBag from /opt/airflow/dags/kafka_stream.py
[2025-04-26T10:34:01.480+0000] {processor.py:839} INFO - DAG(s) dict_keys(['user_automation']) retrieved from /opt/airflow/dags/kafka_stream.py
[2025-04-26T10:34:01.501+0000] {logging_mixin.py:151} INFO - [2025-04-26T10:34:01.501+0000] {dag.py:2907} INFO - Sync 1 DAGs
[2025-04-26T10:34:01.520+0000] {logging_mixin.py:151} INFO - [2025-04-26T10:34:01.520+0000] {dag.py:3677} INFO - Setting next_dagrun for user_automation to 2025-04-26T00:00:00+00:00, run_after=2025-04-27T00:00:00+00:00
[2025-04-26T10:34:01.537+0000] {processor.py:179} INFO - Processing /opt/airflow/dags/kafka_stream.py took 0.081 seconds
[2025-04-26T10:34:31.742+0000] {processor.py:157} INFO - Started process (PID=444) to work on /opt/airflow/dags/kafka_stream.py
[2025-04-26T10:34:31.743+0000] {processor.py:829} INFO - Processing file /opt/airflow/dags/kafka_stream.py for tasks to queue
[2025-04-26T10:34:31.744+0000] {logging_mixin.py:151} INFO - [2025-04-26T10:34:31.744+0000] {dagbag.py:539} INFO - Filling up the DagBag from /opt/airflow/dags/kafka_stream.py
[2025-04-26T10:34:31.766+0000] {processor.py:839} INFO - DAG(s) dict_keys(['user_automation']) retrieved from /opt/airflow/dags/kafka_stream.py
[2025-04-26T10:34:31.788+0000] {logging_mixin.py:151} INFO - [2025-04-26T10:34:31.788+0000] {dag.py:2907} INFO - Sync 1 DAGs
[2025-04-26T10:34:31.806+0000] {logging_mixin.py:151} INFO - [2025-04-26T10:34:31.806+0000] {dag.py:3677} INFO - Setting next_dagrun for user_automation to 2025-04-26T00:00:00+00:00, run_after=2025-04-27T00:00:00+00:00
[2025-04-26T10:34:31.838+0000] {processor.py:179} INFO - Processing /opt/airflow/dags/kafka_stream.py took 0.098 seconds
[2025-04-26T10:35:01.993+0000] {processor.py:157} INFO - Started process (PID=445) to work on /opt/airflow/dags/kafka_stream.py
[2025-04-26T10:35:01.994+0000] {processor.py:829} INFO - Processing file /opt/airflow/dags/kafka_stream.py for tasks to queue
[2025-04-26T10:35:01.995+0000] {logging_mixin.py:151} INFO - [2025-04-26T10:35:01.995+0000] {dagbag.py:539} INFO - Filling up the DagBag from /opt/airflow/dags/kafka_stream.py
[2025-04-26T10:35:02.036+0000] {processor.py:839} INFO - DAG(s) dict_keys(['user_automation']) retrieved from /opt/airflow/dags/kafka_stream.py
[2025-04-26T10:35:02.055+0000] {logging_mixin.py:151} INFO - [2025-04-26T10:35:02.055+0000] {dag.py:2907} INFO - Sync 1 DAGs
[2025-04-26T10:35:02.072+0000] {logging_mixin.py:151} INFO - [2025-04-26T10:35:02.072+0000] {dag.py:3677} INFO - Setting next_dagrun for user_automation to 2025-04-26T00:00:00+00:00, run_after=2025-04-27T00:00:00+00:00
[2025-04-26T10:35:02.098+0000] {processor.py:179} INFO - Processing /opt/airflow/dags/kafka_stream.py took 0.108 seconds
[2025-04-26T10:35:32.286+0000] {processor.py:157} INFO - Started process (PID=446) to work on /opt/airflow/dags/kafka_stream.py
[2025-04-26T10:35:32.288+0000] {processor.py:829} INFO - Processing file /opt/airflow/dags/kafka_stream.py for tasks to queue
[2025-04-26T10:35:32.289+0000] {logging_mixin.py:151} INFO - [2025-04-26T10:35:32.289+0000] {dagbag.py:539} INFO - Filling up the DagBag from /opt/airflow/dags/kafka_stream.py
[2025-04-26T10:35:32.320+0000] {processor.py:839} INFO - DAG(s) dict_keys(['user_automation']) retrieved from /opt/airflow/dags/kafka_stream.py
[2025-04-26T10:35:32.341+0000] {logging_mixin.py:151} INFO - [2025-04-26T10:35:32.340+0000] {dag.py:2907} INFO - Sync 1 DAGs
[2025-04-26T10:35:32.360+0000] {logging_mixin.py:151} INFO - [2025-04-26T10:35:32.360+0000] {dag.py:3677} INFO - Setting next_dagrun for user_automation to 2025-04-26T00:00:00+00:00, run_after=2025-04-27T00:00:00+00:00
[2025-04-26T10:35:32.391+0000] {processor.py:179} INFO - Processing /opt/airflow/dags/kafka_stream.py took 0.107 seconds
[2025-04-26T10:36:02.564+0000] {processor.py:157} INFO - Started process (PID=447) to work on /opt/airflow/dags/kafka_stream.py
[2025-04-26T10:36:02.565+0000] {processor.py:829} INFO - Processing file /opt/airflow/dags/kafka_stream.py for tasks to queue
[2025-04-26T10:36:02.567+0000] {logging_mixin.py:151} INFO - [2025-04-26T10:36:02.566+0000] {dagbag.py:539} INFO - Filling up the DagBag from /opt/airflow/dags/kafka_stream.py
[2025-04-26T10:36:02.587+0000] {processor.py:839} INFO - DAG(s) dict_keys(['user_automation']) retrieved from /opt/airflow/dags/kafka_stream.py
[2025-04-26T10:36:02.607+0000] {logging_mixin.py:151} INFO - [2025-04-26T10:36:02.607+0000] {dag.py:2907} INFO - Sync 1 DAGs
[2025-04-26T10:36:02.624+0000] {logging_mixin.py:151} INFO - [2025-04-26T10:36:02.624+0000] {dag.py:3677} INFO - Setting next_dagrun for user_automation to 2025-04-26T00:00:00+00:00, run_after=2025-04-27T00:00:00+00:00
[2025-04-26T10:36:02.655+0000] {processor.py:179} INFO - Processing /opt/airflow/dags/kafka_stream.py took 0.094 seconds
[2025-04-26T10:36:32.820+0000] {processor.py:157} INFO - Started process (PID=448) to work on /opt/airflow/dags/kafka_stream.py
[2025-04-26T10:36:32.821+0000] {processor.py:829} INFO - Processing file /opt/airflow/dags/kafka_stream.py for tasks to queue
[2025-04-26T10:36:32.823+0000] {logging_mixin.py:151} INFO - [2025-04-26T10:36:32.823+0000] {dagbag.py:539} INFO - Filling up the DagBag from /opt/airflow/dags/kafka_stream.py
[2025-04-26T10:36:32.848+0000] {processor.py:839} INFO - DAG(s) dict_keys(['user_automation']) retrieved from /opt/airflow/dags/kafka_stream.py
[2025-04-26T10:36:32.868+0000] {logging_mixin.py:151} INFO - [2025-04-26T10:36:32.868+0000] {dag.py:2907} INFO - Sync 1 DAGs
[2025-04-26T10:36:32.887+0000] {logging_mixin.py:151} INFO - [2025-04-26T10:36:32.886+0000] {dag.py:3677} INFO - Setting next_dagrun for user_automation to 2025-04-26T00:00:00+00:00, run_after=2025-04-27T00:00:00+00:00
[2025-04-26T10:36:32.918+0000] {processor.py:179} INFO - Processing /opt/airflow/dags/kafka_stream.py took 0.100 seconds
[2025-04-26T10:37:03.076+0000] {processor.py:157} INFO - Started process (PID=449) to work on /opt/airflow/dags/kafka_stream.py
[2025-04-26T10:37:03.078+0000] {processor.py:829} INFO - Processing file /opt/airflow/dags/kafka_stream.py for tasks to queue
[2025-04-26T10:37:03.080+0000] {logging_mixin.py:151} INFO - [2025-04-26T10:37:03.079+0000] {dagbag.py:539} INFO - Filling up the DagBag from /opt/airflow/dags/kafka_stream.py
[2025-04-26T10:37:03.111+0000] {processor.py:839} INFO - DAG(s) dict_keys(['user_automation']) retrieved from /opt/airflow/dags/kafka_stream.py
[2025-04-26T10:37:03.149+0000] {logging_mixin.py:151} INFO - [2025-04-26T10:37:03.149+0000] {dag.py:2907} INFO - Sync 1 DAGs
[2025-04-26T10:37:03.183+0000] {logging_mixin.py:151} INFO - [2025-04-26T10:37:03.182+0000] {dag.py:3677} INFO - Setting next_dagrun for user_automation to 2025-04-26T00:00:00+00:00, run_after=2025-04-27T00:00:00+00:00
[2025-04-26T10:37:03.209+0000] {processor.py:179} INFO - Processing /opt/airflow/dags/kafka_stream.py took 0.139 seconds
[2025-04-26T10:37:33.335+0000] {processor.py:157} INFO - Started process (PID=450) to work on /opt/airflow/dags/kafka_stream.py
[2025-04-26T10:37:33.335+0000] {processor.py:829} INFO - Processing file /opt/airflow/dags/kafka_stream.py for tasks to queue
[2025-04-26T10:37:33.336+0000] {logging_mixin.py:151} INFO - [2025-04-26T10:37:33.336+0000] {dagbag.py:539} INFO - Filling up the DagBag from /opt/airflow/dags/kafka_stream.py
[2025-04-26T10:37:33.366+0000] {processor.py:839} INFO - DAG(s) dict_keys(['user_automation']) retrieved from /opt/airflow/dags/kafka_stream.py
[2025-04-26T10:37:33.387+0000] {logging_mixin.py:151} INFO - [2025-04-26T10:37:33.387+0000] {dag.py:2907} INFO - Sync 1 DAGs
[2025-04-26T10:37:33.405+0000] {logging_mixin.py:151} INFO - [2025-04-26T10:37:33.405+0000] {dag.py:3677} INFO - Setting next_dagrun for user_automation to 2025-04-26T00:00:00+00:00, run_after=2025-04-27T00:00:00+00:00
[2025-04-26T10:37:33.432+0000] {processor.py:179} INFO - Processing /opt/airflow/dags/kafka_stream.py took 0.101 seconds
[2025-04-26T10:38:03.760+0000] {processor.py:157} INFO - Started process (PID=451) to work on /opt/airflow/dags/kafka_stream.py
[2025-04-26T10:38:03.762+0000] {processor.py:829} INFO - Processing file /opt/airflow/dags/kafka_stream.py for tasks to queue
[2025-04-26T10:38:03.763+0000] {logging_mixin.py:151} INFO - [2025-04-26T10:38:03.763+0000] {dagbag.py:539} INFO - Filling up the DagBag from /opt/airflow/dags/kafka_stream.py
[2025-04-26T10:38:03.805+0000] {processor.py:839} INFO - DAG(s) dict_keys(['user_automation']) retrieved from /opt/airflow/dags/kafka_stream.py
[2025-04-26T10:38:03.826+0000] {logging_mixin.py:151} INFO - [2025-04-26T10:38:03.826+0000] {dag.py:2907} INFO - Sync 1 DAGs
[2025-04-26T10:38:03.845+0000] {logging_mixin.py:151} INFO - [2025-04-26T10:38:03.844+0000] {dag.py:3677} INFO - Setting next_dagrun for user_automation to 2025-04-26T00:00:00+00:00, run_after=2025-04-27T00:00:00+00:00
[2025-04-26T10:38:03.876+0000] {processor.py:179} INFO - Processing /opt/airflow/dags/kafka_stream.py took 0.118 seconds
[2025-04-26T10:38:33.989+0000] {processor.py:157} INFO - Started process (PID=452) to work on /opt/airflow/dags/kafka_stream.py
[2025-04-26T10:38:33.990+0000] {processor.py:829} INFO - Processing file /opt/airflow/dags/kafka_stream.py for tasks to queue
[2025-04-26T10:38:33.992+0000] {logging_mixin.py:151} INFO - [2025-04-26T10:38:33.992+0000] {dagbag.py:539} INFO - Filling up the DagBag from /opt/airflow/dags/kafka_stream.py
[2025-04-26T10:38:34.029+0000] {processor.py:839} INFO - DAG(s) dict_keys(['user_automation']) retrieved from /opt/airflow/dags/kafka_stream.py
[2025-04-26T10:38:34.051+0000] {logging_mixin.py:151} INFO - [2025-04-26T10:38:34.051+0000] {dag.py:2907} INFO - Sync 1 DAGs
[2025-04-26T10:38:34.071+0000] {logging_mixin.py:151} INFO - [2025-04-26T10:38:34.071+0000] {dag.py:3677} INFO - Setting next_dagrun for user_automation to 2025-04-26T00:00:00+00:00, run_after=2025-04-27T00:00:00+00:00
[2025-04-26T10:38:34.098+0000] {processor.py:179} INFO - Processing /opt/airflow/dags/kafka_stream.py took 0.112 seconds
[2025-04-26T10:39:04.300+0000] {processor.py:157} INFO - Started process (PID=453) to work on /opt/airflow/dags/kafka_stream.py
[2025-04-26T10:39:04.301+0000] {processor.py:829} INFO - Processing file /opt/airflow/dags/kafka_stream.py for tasks to queue
[2025-04-26T10:39:04.303+0000] {logging_mixin.py:151} INFO - [2025-04-26T10:39:04.302+0000] {dagbag.py:539} INFO - Filling up the DagBag from /opt/airflow/dags/kafka_stream.py
[2025-04-26T10:39:04.330+0000] {processor.py:839} INFO - DAG(s) dict_keys(['user_automation']) retrieved from /opt/airflow/dags/kafka_stream.py
[2025-04-26T10:39:04.355+0000] {logging_mixin.py:151} INFO - [2025-04-26T10:39:04.355+0000] {dag.py:2907} INFO - Sync 1 DAGs
[2025-04-26T10:39:04.374+0000] {logging_mixin.py:151} INFO - [2025-04-26T10:39:04.374+0000] {dag.py:3677} INFO - Setting next_dagrun for user_automation to 2025-04-26T00:00:00+00:00, run_after=2025-04-27T00:00:00+00:00
[2025-04-26T10:39:04.397+0000] {processor.py:179} INFO - Processing /opt/airflow/dags/kafka_stream.py took 0.100 seconds
[2025-04-26T10:39:34.556+0000] {processor.py:157} INFO - Started process (PID=454) to work on /opt/airflow/dags/kafka_stream.py
[2025-04-26T10:39:34.557+0000] {processor.py:829} INFO - Processing file /opt/airflow/dags/kafka_stream.py for tasks to queue
[2025-04-26T10:39:34.558+0000] {logging_mixin.py:151} INFO - [2025-04-26T10:39:34.558+0000] {dagbag.py:539} INFO - Filling up the DagBag from /opt/airflow/dags/kafka_stream.py
[2025-04-26T10:39:34.579+0000] {processor.py:839} INFO - DAG(s) dict_keys(['user_automation']) retrieved from /opt/airflow/dags/kafka_stream.py
[2025-04-26T10:39:34.600+0000] {logging_mixin.py:151} INFO - [2025-04-26T10:39:34.600+0000] {dag.py:2907} INFO - Sync 1 DAGs
[2025-04-26T10:39:34.619+0000] {logging_mixin.py:151} INFO - [2025-04-26T10:39:34.618+0000] {dag.py:3677} INFO - Setting next_dagrun for user_automation to 2025-04-26T00:00:00+00:00, run_after=2025-04-27T00:00:00+00:00
[2025-04-26T10:39:34.642+0000] {processor.py:179} INFO - Processing /opt/airflow/dags/kafka_stream.py took 0.088 seconds
[2025-04-26T10:40:04.853+0000] {processor.py:157} INFO - Started process (PID=455) to work on /opt/airflow/dags/kafka_stream.py
[2025-04-26T10:40:04.854+0000] {processor.py:829} INFO - Processing file /opt/airflow/dags/kafka_stream.py for tasks to queue
[2025-04-26T10:40:04.855+0000] {logging_mixin.py:151} INFO - [2025-04-26T10:40:04.855+0000] {dagbag.py:539} INFO - Filling up the DagBag from /opt/airflow/dags/kafka_stream.py
[2025-04-26T10:40:04.893+0000] {processor.py:839} INFO - DAG(s) dict_keys(['user_automation']) retrieved from /opt/airflow/dags/kafka_stream.py
[2025-04-26T10:40:04.919+0000] {logging_mixin.py:151} INFO - [2025-04-26T10:40:04.918+0000] {dag.py:2907} INFO - Sync 1 DAGs
[2025-04-26T10:40:04.940+0000] {logging_mixin.py:151} INFO - [2025-04-26T10:40:04.940+0000] {dag.py:3677} INFO - Setting next_dagrun for user_automation to 2025-04-26T00:00:00+00:00, run_after=2025-04-27T00:00:00+00:00
[2025-04-26T10:40:04.961+0000] {processor.py:179} INFO - Processing /opt/airflow/dags/kafka_stream.py took 0.111 seconds
[2025-04-26T10:40:35.093+0000] {processor.py:157} INFO - Started process (PID=456) to work on /opt/airflow/dags/kafka_stream.py
[2025-04-26T10:40:35.094+0000] {processor.py:829} INFO - Processing file /opt/airflow/dags/kafka_stream.py for tasks to queue
[2025-04-26T10:40:35.095+0000] {logging_mixin.py:151} INFO - [2025-04-26T10:40:35.095+0000] {dagbag.py:539} INFO - Filling up the DagBag from /opt/airflow/dags/kafka_stream.py
[2025-04-26T10:40:35.131+0000] {processor.py:839} INFO - DAG(s) dict_keys(['user_automation']) retrieved from /opt/airflow/dags/kafka_stream.py
[2025-04-26T10:40:35.154+0000] {logging_mixin.py:151} INFO - [2025-04-26T10:40:35.153+0000] {dag.py:2907} INFO - Sync 1 DAGs
[2025-04-26T10:40:35.175+0000] {logging_mixin.py:151} INFO - [2025-04-26T10:40:35.175+0000] {dag.py:3677} INFO - Setting next_dagrun for user_automation to 2025-04-26T00:00:00+00:00, run_after=2025-04-27T00:00:00+00:00
[2025-04-26T10:40:35.196+0000] {processor.py:179} INFO - Processing /opt/airflow/dags/kafka_stream.py took 0.107 seconds
[2025-04-26T10:41:05.419+0000] {processor.py:157} INFO - Started process (PID=457) to work on /opt/airflow/dags/kafka_stream.py
[2025-04-26T10:41:05.421+0000] {processor.py:829} INFO - Processing file /opt/airflow/dags/kafka_stream.py for tasks to queue
[2025-04-26T10:41:05.422+0000] {logging_mixin.py:151} INFO - [2025-04-26T10:41:05.422+0000] {dagbag.py:539} INFO - Filling up the DagBag from /opt/airflow/dags/kafka_stream.py
[2025-04-26T10:41:05.457+0000] {processor.py:839} INFO - DAG(s) dict_keys(['user_automation']) retrieved from /opt/airflow/dags/kafka_stream.py
[2025-04-26T10:41:05.477+0000] {logging_mixin.py:151} INFO - [2025-04-26T10:41:05.477+0000] {dag.py:2907} INFO - Sync 1 DAGs
[2025-04-26T10:41:05.494+0000] {logging_mixin.py:151} INFO - [2025-04-26T10:41:05.494+0000] {dag.py:3677} INFO - Setting next_dagrun for user_automation to 2025-04-26T00:00:00+00:00, run_after=2025-04-27T00:00:00+00:00
[2025-04-26T10:41:05.516+0000] {processor.py:179} INFO - Processing /opt/airflow/dags/kafka_stream.py took 0.099 seconds
[2025-04-26T10:41:35.676+0000] {processor.py:157} INFO - Started process (PID=458) to work on /opt/airflow/dags/kafka_stream.py
[2025-04-26T10:41:35.678+0000] {processor.py:829} INFO - Processing file /opt/airflow/dags/kafka_stream.py for tasks to queue
[2025-04-26T10:41:35.679+0000] {logging_mixin.py:151} INFO - [2025-04-26T10:41:35.679+0000] {dagbag.py:539} INFO - Filling up the DagBag from /opt/airflow/dags/kafka_stream.py
[2025-04-26T10:41:35.728+0000] {processor.py:839} INFO - DAG(s) dict_keys(['user_automation']) retrieved from /opt/airflow/dags/kafka_stream.py
[2025-04-26T10:41:35.750+0000] {logging_mixin.py:151} INFO - [2025-04-26T10:41:35.750+0000] {dag.py:2907} INFO - Sync 1 DAGs
[2025-04-26T10:41:35.767+0000] {logging_mixin.py:151} INFO - [2025-04-26T10:41:35.767+0000] {dag.py:3677} INFO - Setting next_dagrun for user_automation to 2025-04-26T00:00:00+00:00, run_after=2025-04-27T00:00:00+00:00
[2025-04-26T10:41:35.787+0000] {processor.py:179} INFO - Processing /opt/airflow/dags/kafka_stream.py took 0.115 seconds
[2025-04-26T10:42:05.960+0000] {processor.py:157} INFO - Started process (PID=459) to work on /opt/airflow/dags/kafka_stream.py
[2025-04-26T10:42:05.961+0000] {processor.py:829} INFO - Processing file /opt/airflow/dags/kafka_stream.py for tasks to queue
[2025-04-26T10:42:05.963+0000] {logging_mixin.py:151} INFO - [2025-04-26T10:42:05.962+0000] {dagbag.py:539} INFO - Filling up the DagBag from /opt/airflow/dags/kafka_stream.py
[2025-04-26T10:42:05.999+0000] {processor.py:839} INFO - DAG(s) dict_keys(['user_automation']) retrieved from /opt/airflow/dags/kafka_stream.py
[2025-04-26T10:42:06.020+0000] {logging_mixin.py:151} INFO - [2025-04-26T10:42:06.020+0000] {dag.py:2907} INFO - Sync 1 DAGs
[2025-04-26T10:42:06.036+0000] {logging_mixin.py:151} INFO - [2025-04-26T10:42:06.036+0000] {dag.py:3677} INFO - Setting next_dagrun for user_automation to 2025-04-26T00:00:00+00:00, run_after=2025-04-27T00:00:00+00:00
[2025-04-26T10:42:06.068+0000] {processor.py:179} INFO - Processing /opt/airflow/dags/kafka_stream.py took 0.111 seconds
[2025-04-26T10:42:36.249+0000] {processor.py:157} INFO - Started process (PID=460) to work on /opt/airflow/dags/kafka_stream.py
[2025-04-26T10:42:36.250+0000] {processor.py:829} INFO - Processing file /opt/airflow/dags/kafka_stream.py for tasks to queue
[2025-04-26T10:42:36.252+0000] {logging_mixin.py:151} INFO - [2025-04-26T10:42:36.251+0000] {dagbag.py:539} INFO - Filling up the DagBag from /opt/airflow/dags/kafka_stream.py
[2025-04-26T10:42:36.282+0000] {processor.py:839} INFO - DAG(s) dict_keys(['user_automation']) retrieved from /opt/airflow/dags/kafka_stream.py
[2025-04-26T10:42:36.309+0000] {logging_mixin.py:151} INFO - [2025-04-26T10:42:36.308+0000] {dag.py:2907} INFO - Sync 1 DAGs
[2025-04-26T10:42:36.332+0000] {logging_mixin.py:151} INFO - [2025-04-26T10:42:36.332+0000] {dag.py:3677} INFO - Setting next_dagrun for user_automation to 2025-04-26T00:00:00+00:00, run_after=2025-04-27T00:00:00+00:00
[2025-04-26T10:42:36.358+0000] {processor.py:179} INFO - Processing /opt/airflow/dags/kafka_stream.py took 0.112 seconds
[2025-04-26T10:43:06.571+0000] {processor.py:157} INFO - Started process (PID=461) to work on /opt/airflow/dags/kafka_stream.py
[2025-04-26T10:43:06.573+0000] {processor.py:829} INFO - Processing file /opt/airflow/dags/kafka_stream.py for tasks to queue
[2025-04-26T10:43:06.574+0000] {logging_mixin.py:151} INFO - [2025-04-26T10:43:06.573+0000] {dagbag.py:539} INFO - Filling up the DagBag from /opt/airflow/dags/kafka_stream.py
[2025-04-26T10:43:06.619+0000] {processor.py:839} INFO - DAG(s) dict_keys(['user_automation']) retrieved from /opt/airflow/dags/kafka_stream.py
[2025-04-26T10:43:06.639+0000] {logging_mixin.py:151} INFO - [2025-04-26T10:43:06.639+0000] {dag.py:2907} INFO - Sync 1 DAGs
[2025-04-26T10:43:06.656+0000] {logging_mixin.py:151} INFO - [2025-04-26T10:43:06.656+0000] {dag.py:3677} INFO - Setting next_dagrun for user_automation to 2025-04-26T00:00:00+00:00, run_after=2025-04-27T00:00:00+00:00
[2025-04-26T10:43:06.675+0000] {processor.py:179} INFO - Processing /opt/airflow/dags/kafka_stream.py took 0.106 seconds
[2025-04-26T10:43:36.812+0000] {processor.py:157} INFO - Started process (PID=462) to work on /opt/airflow/dags/kafka_stream.py
[2025-04-26T10:43:36.813+0000] {processor.py:829} INFO - Processing file /opt/airflow/dags/kafka_stream.py for tasks to queue
[2025-04-26T10:43:36.814+0000] {logging_mixin.py:151} INFO - [2025-04-26T10:43:36.814+0000] {dagbag.py:539} INFO - Filling up the DagBag from /opt/airflow/dags/kafka_stream.py
[2025-04-26T10:43:36.860+0000] {processor.py:839} INFO - DAG(s) dict_keys(['user_automation']) retrieved from /opt/airflow/dags/kafka_stream.py
[2025-04-26T10:43:36.882+0000] {logging_mixin.py:151} INFO - [2025-04-26T10:43:36.882+0000] {dag.py:2907} INFO - Sync 1 DAGs
[2025-04-26T10:43:36.899+0000] {logging_mixin.py:151} INFO - [2025-04-26T10:43:36.898+0000] {dag.py:3677} INFO - Setting next_dagrun for user_automation to 2025-04-26T00:00:00+00:00, run_after=2025-04-27T00:00:00+00:00
[2025-04-26T10:43:36.919+0000] {processor.py:179} INFO - Processing /opt/airflow/dags/kafka_stream.py took 0.110 seconds
[2025-04-26T10:44:07.106+0000] {processor.py:157} INFO - Started process (PID=463) to work on /opt/airflow/dags/kafka_stream.py
[2025-04-26T10:44:07.107+0000] {processor.py:829} INFO - Processing file /opt/airflow/dags/kafka_stream.py for tasks to queue
[2025-04-26T10:44:07.108+0000] {logging_mixin.py:151} INFO - [2025-04-26T10:44:07.108+0000] {dagbag.py:539} INFO - Filling up the DagBag from /opt/airflow/dags/kafka_stream.py
[2025-04-26T10:44:07.148+0000] {processor.py:839} INFO - DAG(s) dict_keys(['user_automation']) retrieved from /opt/airflow/dags/kafka_stream.py
[2025-04-26T10:44:07.169+0000] {logging_mixin.py:151} INFO - [2025-04-26T10:44:07.169+0000] {dag.py:2907} INFO - Sync 1 DAGs
[2025-04-26T10:44:07.186+0000] {logging_mixin.py:151} INFO - [2025-04-26T10:44:07.185+0000] {dag.py:3677} INFO - Setting next_dagrun for user_automation to 2025-04-26T00:00:00+00:00, run_after=2025-04-27T00:00:00+00:00
[2025-04-26T10:44:07.205+0000] {processor.py:179} INFO - Processing /opt/airflow/dags/kafka_stream.py took 0.103 seconds
[2025-04-26T10:44:37.356+0000] {processor.py:157} INFO - Started process (PID=464) to work on /opt/airflow/dags/kafka_stream.py
[2025-04-26T10:44:37.357+0000] {processor.py:829} INFO - Processing file /opt/airflow/dags/kafka_stream.py for tasks to queue
[2025-04-26T10:44:37.358+0000] {logging_mixin.py:151} INFO - [2025-04-26T10:44:37.358+0000] {dagbag.py:539} INFO - Filling up the DagBag from /opt/airflow/dags/kafka_stream.py
[2025-04-26T10:44:37.384+0000] {processor.py:839} INFO - DAG(s) dict_keys(['user_automation']) retrieved from /opt/airflow/dags/kafka_stream.py
[2025-04-26T10:44:37.409+0000] {logging_mixin.py:151} INFO - [2025-04-26T10:44:37.409+0000] {dag.py:2907} INFO - Sync 1 DAGs
[2025-04-26T10:44:37.433+0000] {logging_mixin.py:151} INFO - [2025-04-26T10:44:37.433+0000] {dag.py:3677} INFO - Setting next_dagrun for user_automation to 2025-04-26T00:00:00+00:00, run_after=2025-04-27T00:00:00+00:00
[2025-04-26T10:44:37.459+0000] {processor.py:179} INFO - Processing /opt/airflow/dags/kafka_stream.py took 0.106 seconds
[2025-04-26T10:45:07.663+0000] {processor.py:157} INFO - Started process (PID=465) to work on /opt/airflow/dags/kafka_stream.py
[2025-04-26T10:45:07.664+0000] {processor.py:829} INFO - Processing file /opt/airflow/dags/kafka_stream.py for tasks to queue
[2025-04-26T10:45:07.666+0000] {logging_mixin.py:151} INFO - [2025-04-26T10:45:07.665+0000] {dagbag.py:539} INFO - Filling up the DagBag from /opt/airflow/dags/kafka_stream.py
[2025-04-26T10:45:07.698+0000] {processor.py:839} INFO - DAG(s) dict_keys(['user_automation']) retrieved from /opt/airflow/dags/kafka_stream.py
[2025-04-26T10:45:07.722+0000] {logging_mixin.py:151} INFO - [2025-04-26T10:45:07.722+0000] {dag.py:2907} INFO - Sync 1 DAGs
[2025-04-26T10:45:07.747+0000] {logging_mixin.py:151} INFO - [2025-04-26T10:45:07.746+0000] {dag.py:3677} INFO - Setting next_dagrun for user_automation to 2025-04-26T00:00:00+00:00, run_after=2025-04-27T00:00:00+00:00
[2025-04-26T10:45:07.769+0000] {processor.py:179} INFO - Processing /opt/airflow/dags/kafka_stream.py took 0.110 seconds
[2025-04-26T10:45:37.917+0000] {processor.py:157} INFO - Started process (PID=466) to work on /opt/airflow/dags/kafka_stream.py
[2025-04-26T10:45:37.918+0000] {processor.py:829} INFO - Processing file /opt/airflow/dags/kafka_stream.py for tasks to queue
[2025-04-26T10:45:37.919+0000] {logging_mixin.py:151} INFO - [2025-04-26T10:45:37.919+0000] {dagbag.py:539} INFO - Filling up the DagBag from /opt/airflow/dags/kafka_stream.py
[2025-04-26T10:45:37.958+0000] {processor.py:839} INFO - DAG(s) dict_keys(['user_automation']) retrieved from /opt/airflow/dags/kafka_stream.py
[2025-04-26T10:45:37.981+0000] {logging_mixin.py:151} INFO - [2025-04-26T10:45:37.981+0000] {dag.py:2907} INFO - Sync 1 DAGs
[2025-04-26T10:45:37.999+0000] {logging_mixin.py:151} INFO - [2025-04-26T10:45:37.999+0000] {dag.py:3677} INFO - Setting next_dagrun for user_automation to 2025-04-26T00:00:00+00:00, run_after=2025-04-27T00:00:00+00:00
[2025-04-26T10:45:38.019+0000] {processor.py:179} INFO - Processing /opt/airflow/dags/kafka_stream.py took 0.105 seconds
[2025-04-26T10:46:08.230+0000] {processor.py:157} INFO - Started process (PID=467) to work on /opt/airflow/dags/kafka_stream.py
[2025-04-26T10:46:08.231+0000] {processor.py:829} INFO - Processing file /opt/airflow/dags/kafka_stream.py for tasks to queue
[2025-04-26T10:46:08.232+0000] {logging_mixin.py:151} INFO - [2025-04-26T10:46:08.232+0000] {dagbag.py:539} INFO - Filling up the DagBag from /opt/airflow/dags/kafka_stream.py
[2025-04-26T10:46:08.274+0000] {processor.py:839} INFO - DAG(s) dict_keys(['user_automation']) retrieved from /opt/airflow/dags/kafka_stream.py
[2025-04-26T10:46:08.293+0000] {logging_mixin.py:151} INFO - [2025-04-26T10:46:08.293+0000] {dag.py:2907} INFO - Sync 1 DAGs
[2025-04-26T10:46:08.311+0000] {logging_mixin.py:151} INFO - [2025-04-26T10:46:08.311+0000] {dag.py:3677} INFO - Setting next_dagrun for user_automation to 2025-04-26T00:00:00+00:00, run_after=2025-04-27T00:00:00+00:00
[2025-04-26T10:46:08.330+0000] {processor.py:179} INFO - Processing /opt/airflow/dags/kafka_stream.py took 0.103 seconds
[2025-04-26T10:46:38.471+0000] {processor.py:157} INFO - Started process (PID=468) to work on /opt/airflow/dags/kafka_stream.py
[2025-04-26T10:46:38.473+0000] {processor.py:829} INFO - Processing file /opt/airflow/dags/kafka_stream.py for tasks to queue
[2025-04-26T10:46:38.474+0000] {logging_mixin.py:151} INFO - [2025-04-26T10:46:38.474+0000] {dagbag.py:539} INFO - Filling up the DagBag from /opt/airflow/dags/kafka_stream.py
[2025-04-26T10:46:38.517+0000] {processor.py:839} INFO - DAG(s) dict_keys(['user_automation']) retrieved from /opt/airflow/dags/kafka_stream.py
[2025-04-26T10:46:38.539+0000] {logging_mixin.py:151} INFO - [2025-04-26T10:46:38.538+0000] {dag.py:2907} INFO - Sync 1 DAGs
[2025-04-26T10:46:38.556+0000] {logging_mixin.py:151} INFO - [2025-04-26T10:46:38.556+0000] {dag.py:3677} INFO - Setting next_dagrun for user_automation to 2025-04-26T00:00:00+00:00, run_after=2025-04-27T00:00:00+00:00
[2025-04-26T10:46:38.576+0000] {processor.py:179} INFO - Processing /opt/airflow/dags/kafka_stream.py took 0.107 seconds
[2025-04-26T10:47:08.775+0000] {processor.py:157} INFO - Started process (PID=469) to work on /opt/airflow/dags/kafka_stream.py
[2025-04-26T10:47:08.776+0000] {processor.py:829} INFO - Processing file /opt/airflow/dags/kafka_stream.py for tasks to queue
[2025-04-26T10:47:08.777+0000] {logging_mixin.py:151} INFO - [2025-04-26T10:47:08.776+0000] {dagbag.py:539} INFO - Filling up the DagBag from /opt/airflow/dags/kafka_stream.py
[2025-04-26T10:47:08.798+0000] {processor.py:839} INFO - DAG(s) dict_keys(['user_automation']) retrieved from /opt/airflow/dags/kafka_stream.py
[2025-04-26T10:47:08.817+0000] {logging_mixin.py:151} INFO - [2025-04-26T10:47:08.817+0000] {dag.py:2907} INFO - Sync 1 DAGs
[2025-04-26T10:47:08.836+0000] {logging_mixin.py:151} INFO - [2025-04-26T10:47:08.835+0000] {dag.py:3677} INFO - Setting next_dagrun for user_automation to 2025-04-26T00:00:00+00:00, run_after=2025-04-27T00:00:00+00:00
[2025-04-26T10:47:08.857+0000] {processor.py:179} INFO - Processing /opt/airflow/dags/kafka_stream.py took 0.084 seconds
[2025-04-26T10:47:39.034+0000] {processor.py:157} INFO - Started process (PID=470) to work on /opt/airflow/dags/kafka_stream.py
[2025-04-26T10:47:39.035+0000] {processor.py:829} INFO - Processing file /opt/airflow/dags/kafka_stream.py for tasks to queue
[2025-04-26T10:47:39.037+0000] {logging_mixin.py:151} INFO - [2025-04-26T10:47:39.036+0000] {dagbag.py:539} INFO - Filling up the DagBag from /opt/airflow/dags/kafka_stream.py
[2025-04-26T10:47:39.081+0000] {processor.py:839} INFO - DAG(s) dict_keys(['user_automation']) retrieved from /opt/airflow/dags/kafka_stream.py
[2025-04-26T10:47:39.101+0000] {logging_mixin.py:151} INFO - [2025-04-26T10:47:39.101+0000] {dag.py:2907} INFO - Sync 1 DAGs
[2025-04-26T10:47:39.121+0000] {logging_mixin.py:151} INFO - [2025-04-26T10:47:39.121+0000] {dag.py:3677} INFO - Setting next_dagrun for user_automation to 2025-04-26T00:00:00+00:00, run_after=2025-04-27T00:00:00+00:00
[2025-04-26T10:47:39.139+0000] {processor.py:179} INFO - Processing /opt/airflow/dags/kafka_stream.py took 0.107 seconds
[2025-04-26T10:48:09.422+0000] {processor.py:157} INFO - Started process (PID=471) to work on /opt/airflow/dags/kafka_stream.py
[2025-04-26T10:48:09.423+0000] {processor.py:829} INFO - Processing file /opt/airflow/dags/kafka_stream.py for tasks to queue
[2025-04-26T10:48:09.425+0000] {logging_mixin.py:151} INFO - [2025-04-26T10:48:09.424+0000] {dagbag.py:539} INFO - Filling up the DagBag from /opt/airflow/dags/kafka_stream.py
[2025-04-26T10:48:09.468+0000] {processor.py:839} INFO - DAG(s) dict_keys(['user_automation']) retrieved from /opt/airflow/dags/kafka_stream.py
[2025-04-26T10:48:09.488+0000] {logging_mixin.py:151} INFO - [2025-04-26T10:48:09.488+0000] {dag.py:2907} INFO - Sync 1 DAGs
[2025-04-26T10:48:09.504+0000] {logging_mixin.py:151} INFO - [2025-04-26T10:48:09.504+0000] {dag.py:3677} INFO - Setting next_dagrun for user_automation to 2025-04-26T00:00:00+00:00, run_after=2025-04-27T00:00:00+00:00
[2025-04-26T10:48:09.526+0000] {processor.py:179} INFO - Processing /opt/airflow/dags/kafka_stream.py took 0.106 seconds
[2025-04-26T10:48:39.687+0000] {processor.py:157} INFO - Started process (PID=472) to work on /opt/airflow/dags/kafka_stream.py
[2025-04-26T10:48:39.689+0000] {processor.py:829} INFO - Processing file /opt/airflow/dags/kafka_stream.py for tasks to queue
[2025-04-26T10:48:39.690+0000] {logging_mixin.py:151} INFO - [2025-04-26T10:48:39.690+0000] {dagbag.py:539} INFO - Filling up the DagBag from /opt/airflow/dags/kafka_stream.py
[2025-04-26T10:48:39.731+0000] {processor.py:839} INFO - DAG(s) dict_keys(['user_automation']) retrieved from /opt/airflow/dags/kafka_stream.py
[2025-04-26T10:48:39.751+0000] {logging_mixin.py:151} INFO - [2025-04-26T10:48:39.751+0000] {dag.py:2907} INFO - Sync 1 DAGs
[2025-04-26T10:48:39.769+0000] {logging_mixin.py:151} INFO - [2025-04-26T10:48:39.769+0000] {dag.py:3677} INFO - Setting next_dagrun for user_automation to 2025-04-26T00:00:00+00:00, run_after=2025-04-27T00:00:00+00:00
[2025-04-26T10:48:39.788+0000] {processor.py:179} INFO - Processing /opt/airflow/dags/kafka_stream.py took 0.103 seconds
[2025-04-26T10:49:10.026+0000] {processor.py:157} INFO - Started process (PID=473) to work on /opt/airflow/dags/kafka_stream.py
[2025-04-26T10:49:10.027+0000] {processor.py:829} INFO - Processing file /opt/airflow/dags/kafka_stream.py for tasks to queue
[2025-04-26T10:49:10.028+0000] {logging_mixin.py:151} INFO - [2025-04-26T10:49:10.028+0000] {dagbag.py:539} INFO - Filling up the DagBag from /opt/airflow/dags/kafka_stream.py
[2025-04-26T10:49:10.073+0000] {processor.py:839} INFO - DAG(s) dict_keys(['user_automation']) retrieved from /opt/airflow/dags/kafka_stream.py
[2025-04-26T10:49:10.092+0000] {logging_mixin.py:151} INFO - [2025-04-26T10:49:10.092+0000] {dag.py:2907} INFO - Sync 1 DAGs
[2025-04-26T10:49:10.109+0000] {logging_mixin.py:151} INFO - [2025-04-26T10:49:10.109+0000] {dag.py:3677} INFO - Setting next_dagrun for user_automation to 2025-04-26T00:00:00+00:00, run_after=2025-04-27T00:00:00+00:00
[2025-04-26T10:49:10.130+0000] {processor.py:179} INFO - Processing /opt/airflow/dags/kafka_stream.py took 0.107 seconds
[2025-04-26T10:49:40.265+0000] {processor.py:157} INFO - Started process (PID=474) to work on /opt/airflow/dags/kafka_stream.py
[2025-04-26T10:49:40.267+0000] {processor.py:829} INFO - Processing file /opt/airflow/dags/kafka_stream.py for tasks to queue
[2025-04-26T10:49:40.268+0000] {logging_mixin.py:151} INFO - [2025-04-26T10:49:40.268+0000] {dagbag.py:539} INFO - Filling up the DagBag from /opt/airflow/dags/kafka_stream.py
[2025-04-26T10:49:40.308+0000] {processor.py:839} INFO - DAG(s) dict_keys(['user_automation']) retrieved from /opt/airflow/dags/kafka_stream.py
[2025-04-26T10:49:40.331+0000] {logging_mixin.py:151} INFO - [2025-04-26T10:49:40.331+0000] {dag.py:2907} INFO - Sync 1 DAGs
[2025-04-26T10:49:40.349+0000] {logging_mixin.py:151} INFO - [2025-04-26T10:49:40.349+0000] {dag.py:3677} INFO - Setting next_dagrun for user_automation to 2025-04-26T00:00:00+00:00, run_after=2025-04-27T00:00:00+00:00
[2025-04-26T10:49:40.372+0000] {processor.py:179} INFO - Processing /opt/airflow/dags/kafka_stream.py took 0.109 seconds
[2025-04-26T10:50:10.665+0000] {processor.py:157} INFO - Started process (PID=475) to work on /opt/airflow/dags/kafka_stream.py
[2025-04-26T10:50:10.667+0000] {processor.py:829} INFO - Processing file /opt/airflow/dags/kafka_stream.py for tasks to queue
[2025-04-26T10:50:10.668+0000] {logging_mixin.py:151} INFO - [2025-04-26T10:50:10.667+0000] {dagbag.py:539} INFO - Filling up the DagBag from /opt/airflow/dags/kafka_stream.py
[2025-04-26T10:50:10.711+0000] {processor.py:839} INFO - DAG(s) dict_keys(['user_automation']) retrieved from /opt/airflow/dags/kafka_stream.py
[2025-04-26T10:50:10.734+0000] {logging_mixin.py:151} INFO - [2025-04-26T10:50:10.734+0000] {dag.py:2907} INFO - Sync 1 DAGs
[2025-04-26T10:50:10.754+0000] {logging_mixin.py:151} INFO - [2025-04-26T10:50:10.754+0000] {dag.py:3677} INFO - Setting next_dagrun for user_automation to 2025-04-26T00:00:00+00:00, run_after=2025-04-27T00:00:00+00:00
[2025-04-26T10:50:10.784+0000] {processor.py:179} INFO - Processing /opt/airflow/dags/kafka_stream.py took 0.121 seconds
[2025-04-26T10:50:40.901+0000] {processor.py:157} INFO - Started process (PID=476) to work on /opt/airflow/dags/kafka_stream.py
[2025-04-26T10:50:40.902+0000] {processor.py:829} INFO - Processing file /opt/airflow/dags/kafka_stream.py for tasks to queue
[2025-04-26T10:50:40.903+0000] {logging_mixin.py:151} INFO - [2025-04-26T10:50:40.903+0000] {dagbag.py:539} INFO - Filling up the DagBag from /opt/airflow/dags/kafka_stream.py
[2025-04-26T10:50:40.929+0000] {processor.py:839} INFO - DAG(s) dict_keys(['user_automation']) retrieved from /opt/airflow/dags/kafka_stream.py
[2025-04-26T10:50:40.955+0000] {logging_mixin.py:151} INFO - [2025-04-26T10:50:40.955+0000] {dag.py:2907} INFO - Sync 1 DAGs
[2025-04-26T10:50:40.975+0000] {logging_mixin.py:151} INFO - [2025-04-26T10:50:40.974+0000] {dag.py:3677} INFO - Setting next_dagrun for user_automation to 2025-04-26T00:00:00+00:00, run_after=2025-04-27T00:00:00+00:00
[2025-04-26T10:50:40.992+0000] {processor.py:179} INFO - Processing /opt/airflow/dags/kafka_stream.py took 0.094 seconds
[2025-04-26T10:51:11.189+0000] {processor.py:157} INFO - Started process (PID=477) to work on /opt/airflow/dags/kafka_stream.py
[2025-04-26T10:51:11.191+0000] {processor.py:829} INFO - Processing file /opt/airflow/dags/kafka_stream.py for tasks to queue
[2025-04-26T10:51:11.192+0000] {logging_mixin.py:151} INFO - [2025-04-26T10:51:11.192+0000] {dagbag.py:539} INFO - Filling up the DagBag from /opt/airflow/dags/kafka_stream.py
[2025-04-26T10:51:11.235+0000] {processor.py:839} INFO - DAG(s) dict_keys(['user_automation']) retrieved from /opt/airflow/dags/kafka_stream.py
[2025-04-26T10:51:11.254+0000] {logging_mixin.py:151} INFO - [2025-04-26T10:51:11.254+0000] {dag.py:2907} INFO - Sync 1 DAGs
[2025-04-26T10:51:11.270+0000] {logging_mixin.py:151} INFO - [2025-04-26T10:51:11.270+0000] {dag.py:3677} INFO - Setting next_dagrun for user_automation to 2025-04-26T00:00:00+00:00, run_after=2025-04-27T00:00:00+00:00
[2025-04-26T10:51:11.293+0000] {processor.py:179} INFO - Processing /opt/airflow/dags/kafka_stream.py took 0.106 seconds
[2025-04-26T10:51:41.529+0000] {processor.py:157} INFO - Started process (PID=478) to work on /opt/airflow/dags/kafka_stream.py
[2025-04-26T10:51:41.530+0000] {processor.py:829} INFO - Processing file /opt/airflow/dags/kafka_stream.py for tasks to queue
[2025-04-26T10:51:41.531+0000] {logging_mixin.py:151} INFO - [2025-04-26T10:51:41.531+0000] {dagbag.py:539} INFO - Filling up the DagBag from /opt/airflow/dags/kafka_stream.py
[2025-04-26T10:51:41.558+0000] {processor.py:839} INFO - DAG(s) dict_keys(['user_automation']) retrieved from /opt/airflow/dags/kafka_stream.py
[2025-04-26T10:51:41.579+0000] {logging_mixin.py:151} INFO - [2025-04-26T10:51:41.579+0000] {dag.py:2907} INFO - Sync 1 DAGs
[2025-04-26T10:51:41.595+0000] {logging_mixin.py:151} INFO - [2025-04-26T10:51:41.595+0000] {dag.py:3677} INFO - Setting next_dagrun for user_automation to 2025-04-26T00:00:00+00:00, run_after=2025-04-27T00:00:00+00:00
[2025-04-26T10:51:41.616+0000] {processor.py:179} INFO - Processing /opt/airflow/dags/kafka_stream.py took 0.090 seconds
[2025-04-26T10:52:11.838+0000] {processor.py:157} INFO - Started process (PID=479) to work on /opt/airflow/dags/kafka_stream.py
[2025-04-26T10:52:11.839+0000] {processor.py:829} INFO - Processing file /opt/airflow/dags/kafka_stream.py for tasks to queue
[2025-04-26T10:52:11.840+0000] {logging_mixin.py:151} INFO - [2025-04-26T10:52:11.840+0000] {dagbag.py:539} INFO - Filling up the DagBag from /opt/airflow/dags/kafka_stream.py
[2025-04-26T10:52:11.874+0000] {processor.py:839} INFO - DAG(s) dict_keys(['user_automation']) retrieved from /opt/airflow/dags/kafka_stream.py
[2025-04-26T10:52:11.893+0000] {logging_mixin.py:151} INFO - [2025-04-26T10:52:11.892+0000] {dag.py:2907} INFO - Sync 1 DAGs
[2025-04-26T10:52:11.910+0000] {logging_mixin.py:151} INFO - [2025-04-26T10:52:11.910+0000] {dag.py:3677} INFO - Setting next_dagrun for user_automation to 2025-04-26T00:00:00+00:00, run_after=2025-04-27T00:00:00+00:00
[2025-04-26T10:52:11.939+0000] {processor.py:179} INFO - Processing /opt/airflow/dags/kafka_stream.py took 0.104 seconds
[2025-04-26T10:52:42.154+0000] {processor.py:157} INFO - Started process (PID=480) to work on /opt/airflow/dags/kafka_stream.py
[2025-04-26T10:52:42.155+0000] {processor.py:829} INFO - Processing file /opt/airflow/dags/kafka_stream.py for tasks to queue
[2025-04-26T10:52:42.157+0000] {logging_mixin.py:151} INFO - [2025-04-26T10:52:42.157+0000] {dagbag.py:539} INFO - Filling up the DagBag from /opt/airflow/dags/kafka_stream.py
[2025-04-26T10:52:42.196+0000] {processor.py:839} INFO - DAG(s) dict_keys(['user_automation']) retrieved from /opt/airflow/dags/kafka_stream.py
[2025-04-26T10:52:42.215+0000] {logging_mixin.py:151} INFO - [2025-04-26T10:52:42.215+0000] {dag.py:2907} INFO - Sync 1 DAGs
[2025-04-26T10:52:42.232+0000] {logging_mixin.py:151} INFO - [2025-04-26T10:52:42.232+0000] {dag.py:3677} INFO - Setting next_dagrun for user_automation to 2025-04-26T00:00:00+00:00, run_after=2025-04-27T00:00:00+00:00
[2025-04-26T10:52:42.255+0000] {processor.py:179} INFO - Processing /opt/airflow/dags/kafka_stream.py took 0.103 seconds
[2025-04-26T10:53:12.509+0000] {processor.py:157} INFO - Started process (PID=481) to work on /opt/airflow/dags/kafka_stream.py
[2025-04-26T10:53:12.510+0000] {processor.py:829} INFO - Processing file /opt/airflow/dags/kafka_stream.py for tasks to queue
[2025-04-26T10:53:12.511+0000] {logging_mixin.py:151} INFO - [2025-04-26T10:53:12.510+0000] {dagbag.py:539} INFO - Filling up the DagBag from /opt/airflow/dags/kafka_stream.py
[2025-04-26T10:53:12.536+0000] {processor.py:839} INFO - DAG(s) dict_keys(['user_automation']) retrieved from /opt/airflow/dags/kafka_stream.py
[2025-04-26T10:53:12.561+0000] {logging_mixin.py:151} INFO - [2025-04-26T10:53:12.561+0000] {dag.py:2907} INFO - Sync 1 DAGs
[2025-04-26T10:53:12.583+0000] {logging_mixin.py:151} INFO - [2025-04-26T10:53:12.583+0000] {dag.py:3677} INFO - Setting next_dagrun for user_automation to 2025-04-26T00:00:00+00:00, run_after=2025-04-27T00:00:00+00:00
[2025-04-26T10:53:12.606+0000] {processor.py:179} INFO - Processing /opt/airflow/dags/kafka_stream.py took 0.100 seconds
[2025-04-26T10:53:42.796+0000] {processor.py:157} INFO - Started process (PID=482) to work on /opt/airflow/dags/kafka_stream.py
[2025-04-26T10:53:42.798+0000] {processor.py:829} INFO - Processing file /opt/airflow/dags/kafka_stream.py for tasks to queue
[2025-04-26T10:53:42.799+0000] {logging_mixin.py:151} INFO - [2025-04-26T10:53:42.799+0000] {dagbag.py:539} INFO - Filling up the DagBag from /opt/airflow/dags/kafka_stream.py
[2025-04-26T10:53:42.839+0000] {processor.py:839} INFO - DAG(s) dict_keys(['user_automation']) retrieved from /opt/airflow/dags/kafka_stream.py
[2025-04-26T10:53:42.859+0000] {logging_mixin.py:151} INFO - [2025-04-26T10:53:42.859+0000] {dag.py:2907} INFO - Sync 1 DAGs
[2025-04-26T10:53:42.877+0000] {logging_mixin.py:151} INFO - [2025-04-26T10:53:42.877+0000] {dag.py:3677} INFO - Setting next_dagrun for user_automation to 2025-04-26T00:00:00+00:00, run_after=2025-04-27T00:00:00+00:00
[2025-04-26T10:53:42.910+0000] {processor.py:179} INFO - Processing /opt/airflow/dags/kafka_stream.py took 0.116 seconds
[2025-04-26T10:54:13.104+0000] {processor.py:157} INFO - Started process (PID=483) to work on /opt/airflow/dags/kafka_stream.py
[2025-04-26T10:54:13.105+0000] {processor.py:829} INFO - Processing file /opt/airflow/dags/kafka_stream.py for tasks to queue
[2025-04-26T10:54:13.106+0000] {logging_mixin.py:151} INFO - [2025-04-26T10:54:13.106+0000] {dagbag.py:539} INFO - Filling up the DagBag from /opt/airflow/dags/kafka_stream.py
[2025-04-26T10:54:13.144+0000] {processor.py:839} INFO - DAG(s) dict_keys(['user_automation']) retrieved from /opt/airflow/dags/kafka_stream.py
[2025-04-26T10:54:13.164+0000] {logging_mixin.py:151} INFO - [2025-04-26T10:54:13.164+0000] {dag.py:2907} INFO - Sync 1 DAGs
[2025-04-26T10:54:13.181+0000] {logging_mixin.py:151} INFO - [2025-04-26T10:54:13.181+0000] {dag.py:3677} INFO - Setting next_dagrun for user_automation to 2025-04-26T00:00:00+00:00, run_after=2025-04-27T00:00:00+00:00
[2025-04-26T10:54:13.212+0000] {processor.py:179} INFO - Processing /opt/airflow/dags/kafka_stream.py took 0.110 seconds
[2025-04-26T10:54:43.454+0000] {processor.py:157} INFO - Started process (PID=484) to work on /opt/airflow/dags/kafka_stream.py
[2025-04-26T10:54:43.455+0000] {processor.py:829} INFO - Processing file /opt/airflow/dags/kafka_stream.py for tasks to queue
[2025-04-26T10:54:43.456+0000] {logging_mixin.py:151} INFO - [2025-04-26T10:54:43.456+0000] {dagbag.py:539} INFO - Filling up the DagBag from /opt/airflow/dags/kafka_stream.py
[2025-04-26T10:54:43.476+0000] {processor.py:839} INFO - DAG(s) dict_keys(['user_automation']) retrieved from /opt/airflow/dags/kafka_stream.py
[2025-04-26T10:54:43.495+0000] {logging_mixin.py:151} INFO - [2025-04-26T10:54:43.495+0000] {dag.py:2907} INFO - Sync 1 DAGs
[2025-04-26T10:54:43.512+0000] {logging_mixin.py:151} INFO - [2025-04-26T10:54:43.512+0000] {dag.py:3677} INFO - Setting next_dagrun for user_automation to 2025-04-26T00:00:00+00:00, run_after=2025-04-27T00:00:00+00:00
[2025-04-26T10:54:43.531+0000] {processor.py:179} INFO - Processing /opt/airflow/dags/kafka_stream.py took 0.079 seconds
[2025-04-26T10:55:13.751+0000] {processor.py:157} INFO - Started process (PID=485) to work on /opt/airflow/dags/kafka_stream.py
[2025-04-26T10:55:13.755+0000] {processor.py:829} INFO - Processing file /opt/airflow/dags/kafka_stream.py for tasks to queue
[2025-04-26T10:55:13.757+0000] {logging_mixin.py:151} INFO - [2025-04-26T10:55:13.757+0000] {dagbag.py:539} INFO - Filling up the DagBag from /opt/airflow/dags/kafka_stream.py
[2025-04-26T10:55:13.799+0000] {processor.py:839} INFO - DAG(s) dict_keys(['user_automation']) retrieved from /opt/airflow/dags/kafka_stream.py
[2025-04-26T10:55:13.834+0000] {logging_mixin.py:151} INFO - [2025-04-26T10:55:13.833+0000] {dag.py:2907} INFO - Sync 1 DAGs
[2025-04-26T10:55:13.874+0000] {logging_mixin.py:151} INFO - [2025-04-26T10:55:13.874+0000] {dag.py:3677} INFO - Setting next_dagrun for user_automation to 2025-04-26T00:00:00+00:00, run_after=2025-04-27T00:00:00+00:00
[2025-04-26T10:55:13.915+0000] {processor.py:179} INFO - Processing /opt/airflow/dags/kafka_stream.py took 0.168 seconds
[2025-04-26T10:55:44.138+0000] {processor.py:157} INFO - Started process (PID=486) to work on /opt/airflow/dags/kafka_stream.py
[2025-04-26T10:55:44.140+0000] {processor.py:829} INFO - Processing file /opt/airflow/dags/kafka_stream.py for tasks to queue
[2025-04-26T10:55:44.141+0000] {logging_mixin.py:151} INFO - [2025-04-26T10:55:44.141+0000] {dagbag.py:539} INFO - Filling up the DagBag from /opt/airflow/dags/kafka_stream.py
[2025-04-26T10:55:44.174+0000] {processor.py:839} INFO - DAG(s) dict_keys(['user_automation']) retrieved from /opt/airflow/dags/kafka_stream.py
[2025-04-26T10:55:44.195+0000] {logging_mixin.py:151} INFO - [2025-04-26T10:55:44.195+0000] {dag.py:2907} INFO - Sync 1 DAGs
[2025-04-26T10:55:44.211+0000] {logging_mixin.py:151} INFO - [2025-04-26T10:55:44.211+0000] {dag.py:3677} INFO - Setting next_dagrun for user_automation to 2025-04-26T00:00:00+00:00, run_after=2025-04-27T00:00:00+00:00
[2025-04-26T10:55:44.242+0000] {processor.py:179} INFO - Processing /opt/airflow/dags/kafka_stream.py took 0.108 seconds
[2025-04-26T10:56:14.491+0000] {processor.py:157} INFO - Started process (PID=487) to work on /opt/airflow/dags/kafka_stream.py
[2025-04-26T10:56:14.492+0000] {processor.py:829} INFO - Processing file /opt/airflow/dags/kafka_stream.py for tasks to queue
[2025-04-26T10:56:14.493+0000] {logging_mixin.py:151} INFO - [2025-04-26T10:56:14.493+0000] {dagbag.py:539} INFO - Filling up the DagBag from /opt/airflow/dags/kafka_stream.py
[2025-04-26T10:56:14.551+0000] {processor.py:839} INFO - DAG(s) dict_keys(['user_automation']) retrieved from /opt/airflow/dags/kafka_stream.py
[2025-04-26T10:56:14.572+0000] {logging_mixin.py:151} INFO - [2025-04-26T10:56:14.572+0000] {dag.py:2907} INFO - Sync 1 DAGs
[2025-04-26T10:56:14.587+0000] {logging_mixin.py:151} INFO - [2025-04-26T10:56:14.587+0000] {dag.py:3677} INFO - Setting next_dagrun for user_automation to 2025-04-26T00:00:00+00:00, run_after=2025-04-27T00:00:00+00:00
[2025-04-26T10:56:14.616+0000] {processor.py:179} INFO - Processing /opt/airflow/dags/kafka_stream.py took 0.127 seconds
[2025-04-26T10:56:44.802+0000] {processor.py:157} INFO - Started process (PID=488) to work on /opt/airflow/dags/kafka_stream.py
[2025-04-26T10:56:44.803+0000] {processor.py:829} INFO - Processing file /opt/airflow/dags/kafka_stream.py for tasks to queue
[2025-04-26T10:56:44.804+0000] {logging_mixin.py:151} INFO - [2025-04-26T10:56:44.804+0000] {dagbag.py:539} INFO - Filling up the DagBag from /opt/airflow/dags/kafka_stream.py
[2025-04-26T10:56:44.841+0000] {processor.py:839} INFO - DAG(s) dict_keys(['user_automation']) retrieved from /opt/airflow/dags/kafka_stream.py
[2025-04-26T10:56:44.860+0000] {logging_mixin.py:151} INFO - [2025-04-26T10:56:44.860+0000] {dag.py:2907} INFO - Sync 1 DAGs
[2025-04-26T10:56:44.877+0000] {logging_mixin.py:151} INFO - [2025-04-26T10:56:44.877+0000] {dag.py:3677} INFO - Setting next_dagrun for user_automation to 2025-04-26T00:00:00+00:00, run_after=2025-04-27T00:00:00+00:00
[2025-04-26T10:56:44.896+0000] {processor.py:179} INFO - Processing /opt/airflow/dags/kafka_stream.py took 0.097 seconds
[2025-04-26T10:57:15.217+0000] {processor.py:157} INFO - Started process (PID=489) to work on /opt/airflow/dags/kafka_stream.py
[2025-04-26T10:57:15.219+0000] {processor.py:829} INFO - Processing file /opt/airflow/dags/kafka_stream.py for tasks to queue
[2025-04-26T10:57:15.221+0000] {logging_mixin.py:151} INFO - [2025-04-26T10:57:15.220+0000] {dagbag.py:539} INFO - Filling up the DagBag from /opt/airflow/dags/kafka_stream.py
[2025-04-26T10:57:15.261+0000] {processor.py:839} INFO - DAG(s) dict_keys(['user_automation']) retrieved from /opt/airflow/dags/kafka_stream.py
[2025-04-26T10:57:15.285+0000] {logging_mixin.py:151} INFO - [2025-04-26T10:57:15.284+0000] {dag.py:2907} INFO - Sync 1 DAGs
[2025-04-26T10:57:15.306+0000] {logging_mixin.py:151} INFO - [2025-04-26T10:57:15.306+0000] {dag.py:3677} INFO - Setting next_dagrun for user_automation to 2025-04-26T00:00:00+00:00, run_after=2025-04-27T00:00:00+00:00
[2025-04-26T10:57:15.322+0000] {processor.py:179} INFO - Processing /opt/airflow/dags/kafka_stream.py took 0.108 seconds
[2025-04-26T10:57:45.542+0000] {processor.py:157} INFO - Started process (PID=490) to work on /opt/airflow/dags/kafka_stream.py
[2025-04-26T10:57:45.544+0000] {processor.py:829} INFO - Processing file /opt/airflow/dags/kafka_stream.py for tasks to queue
[2025-04-26T10:57:45.545+0000] {logging_mixin.py:151} INFO - [2025-04-26T10:57:45.544+0000] {dagbag.py:539} INFO - Filling up the DagBag from /opt/airflow/dags/kafka_stream.py
[2025-04-26T10:57:45.579+0000] {processor.py:839} INFO - DAG(s) dict_keys(['user_automation']) retrieved from /opt/airflow/dags/kafka_stream.py
[2025-04-26T10:57:45.599+0000] {logging_mixin.py:151} INFO - [2025-04-26T10:57:45.599+0000] {dag.py:2907} INFO - Sync 1 DAGs
[2025-04-26T10:57:45.616+0000] {logging_mixin.py:151} INFO - [2025-04-26T10:57:45.616+0000] {dag.py:3677} INFO - Setting next_dagrun for user_automation to 2025-04-26T00:00:00+00:00, run_after=2025-04-27T00:00:00+00:00
[2025-04-26T10:57:45.647+0000] {processor.py:179} INFO - Processing /opt/airflow/dags/kafka_stream.py took 0.108 seconds
[2025-04-26T10:58:16.006+0000] {processor.py:157} INFO - Started process (PID=491) to work on /opt/airflow/dags/kafka_stream.py
[2025-04-26T10:58:16.007+0000] {processor.py:829} INFO - Processing file /opt/airflow/dags/kafka_stream.py for tasks to queue
[2025-04-26T10:58:16.008+0000] {logging_mixin.py:151} INFO - [2025-04-26T10:58:16.008+0000] {dagbag.py:539} INFO - Filling up the DagBag from /opt/airflow/dags/kafka_stream.py
[2025-04-26T10:58:16.043+0000] {processor.py:839} INFO - DAG(s) dict_keys(['user_automation']) retrieved from /opt/airflow/dags/kafka_stream.py
[2025-04-26T10:58:16.061+0000] {logging_mixin.py:151} INFO - [2025-04-26T10:58:16.061+0000] {dag.py:2907} INFO - Sync 1 DAGs
[2025-04-26T10:58:16.077+0000] {logging_mixin.py:151} INFO - [2025-04-26T10:58:16.077+0000] {dag.py:3677} INFO - Setting next_dagrun for user_automation to 2025-04-26T00:00:00+00:00, run_after=2025-04-27T00:00:00+00:00
[2025-04-26T10:58:16.105+0000] {processor.py:179} INFO - Processing /opt/airflow/dags/kafka_stream.py took 0.102 seconds
[2025-04-26T10:58:46.296+0000] {processor.py:157} INFO - Started process (PID=492) to work on /opt/airflow/dags/kafka_stream.py
[2025-04-26T10:58:46.297+0000] {processor.py:829} INFO - Processing file /opt/airflow/dags/kafka_stream.py for tasks to queue
[2025-04-26T10:58:46.298+0000] {logging_mixin.py:151} INFO - [2025-04-26T10:58:46.298+0000] {dagbag.py:539} INFO - Filling up the DagBag from /opt/airflow/dags/kafka_stream.py
[2025-04-26T10:58:46.332+0000] {processor.py:839} INFO - DAG(s) dict_keys(['user_automation']) retrieved from /opt/airflow/dags/kafka_stream.py
[2025-04-26T10:58:46.352+0000] {logging_mixin.py:151} INFO - [2025-04-26T10:58:46.352+0000] {dag.py:2907} INFO - Sync 1 DAGs
[2025-04-26T10:58:46.369+0000] {logging_mixin.py:151} INFO - [2025-04-26T10:58:46.369+0000] {dag.py:3677} INFO - Setting next_dagrun for user_automation to 2025-04-26T00:00:00+00:00, run_after=2025-04-27T00:00:00+00:00
[2025-04-26T10:58:46.401+0000] {processor.py:179} INFO - Processing /opt/airflow/dags/kafka_stream.py took 0.108 seconds
[2025-04-26T10:59:16.597+0000] {processor.py:157} INFO - Started process (PID=493) to work on /opt/airflow/dags/kafka_stream.py
[2025-04-26T10:59:16.598+0000] {processor.py:829} INFO - Processing file /opt/airflow/dags/kafka_stream.py for tasks to queue
[2025-04-26T10:59:16.600+0000] {logging_mixin.py:151} INFO - [2025-04-26T10:59:16.599+0000] {dagbag.py:539} INFO - Filling up the DagBag from /opt/airflow/dags/kafka_stream.py
[2025-04-26T10:59:16.636+0000] {processor.py:839} INFO - DAG(s) dict_keys(['user_automation']) retrieved from /opt/airflow/dags/kafka_stream.py
[2025-04-26T10:59:16.657+0000] {logging_mixin.py:151} INFO - [2025-04-26T10:59:16.657+0000] {dag.py:2907} INFO - Sync 1 DAGs
[2025-04-26T10:59:16.677+0000] {logging_mixin.py:151} INFO - [2025-04-26T10:59:16.677+0000] {dag.py:3677} INFO - Setting next_dagrun for user_automation to 2025-04-26T00:00:00+00:00, run_after=2025-04-27T00:00:00+00:00
[2025-04-26T10:59:16.695+0000] {processor.py:179} INFO - Processing /opt/airflow/dags/kafka_stream.py took 0.101 seconds
[2025-04-26T10:59:46.892+0000] {processor.py:157} INFO - Started process (PID=494) to work on /opt/airflow/dags/kafka_stream.py
[2025-04-26T10:59:46.894+0000] {processor.py:829} INFO - Processing file /opt/airflow/dags/kafka_stream.py for tasks to queue
[2025-04-26T10:59:46.895+0000] {logging_mixin.py:151} INFO - [2025-04-26T10:59:46.895+0000] {dagbag.py:539} INFO - Filling up the DagBag from /opt/airflow/dags/kafka_stream.py
[2025-04-26T10:59:46.924+0000] {processor.py:839} INFO - DAG(s) dict_keys(['user_automation']) retrieved from /opt/airflow/dags/kafka_stream.py
[2025-04-26T10:59:46.951+0000] {logging_mixin.py:151} INFO - [2025-04-26T10:59:46.950+0000] {dag.py:2907} INFO - Sync 1 DAGs
[2025-04-26T10:59:46.972+0000] {logging_mixin.py:151} INFO - [2025-04-26T10:59:46.971+0000] {dag.py:3677} INFO - Setting next_dagrun for user_automation to 2025-04-26T00:00:00+00:00, run_after=2025-04-27T00:00:00+00:00
[2025-04-26T10:59:46.993+0000] {processor.py:179} INFO - Processing /opt/airflow/dags/kafka_stream.py took 0.104 seconds
[2025-04-26T11:00:17.265+0000] {processor.py:157} INFO - Started process (PID=495) to work on /opt/airflow/dags/kafka_stream.py
[2025-04-26T11:00:17.266+0000] {processor.py:829} INFO - Processing file /opt/airflow/dags/kafka_stream.py for tasks to queue
[2025-04-26T11:00:17.268+0000] {logging_mixin.py:151} INFO - [2025-04-26T11:00:17.268+0000] {dagbag.py:539} INFO - Filling up the DagBag from /opt/airflow/dags/kafka_stream.py
[2025-04-26T11:00:17.301+0000] {processor.py:839} INFO - DAG(s) dict_keys(['user_automation']) retrieved from /opt/airflow/dags/kafka_stream.py
[2025-04-26T11:00:17.323+0000] {logging_mixin.py:151} INFO - [2025-04-26T11:00:17.323+0000] {dag.py:2907} INFO - Sync 1 DAGs
[2025-04-26T11:00:17.341+0000] {logging_mixin.py:151} INFO - [2025-04-26T11:00:17.341+0000] {dag.py:3677} INFO - Setting next_dagrun for user_automation to 2025-04-26T00:00:00+00:00, run_after=2025-04-27T00:00:00+00:00
[2025-04-26T11:00:17.370+0000] {processor.py:179} INFO - Processing /opt/airflow/dags/kafka_stream.py took 0.108 seconds
[2025-04-26T11:00:47.551+0000] {processor.py:157} INFO - Started process (PID=496) to work on /opt/airflow/dags/kafka_stream.py
[2025-04-26T11:00:47.553+0000] {processor.py:829} INFO - Processing file /opt/airflow/dags/kafka_stream.py for tasks to queue
[2025-04-26T11:00:47.554+0000] {logging_mixin.py:151} INFO - [2025-04-26T11:00:47.554+0000] {dagbag.py:539} INFO - Filling up the DagBag from /opt/airflow/dags/kafka_stream.py
[2025-04-26T11:00:47.589+0000] {processor.py:839} INFO - DAG(s) dict_keys(['user_automation']) retrieved from /opt/airflow/dags/kafka_stream.py
[2025-04-26T11:00:47.608+0000] {logging_mixin.py:151} INFO - [2025-04-26T11:00:47.608+0000] {dag.py:2907} INFO - Sync 1 DAGs
[2025-04-26T11:00:47.626+0000] {logging_mixin.py:151} INFO - [2025-04-26T11:00:47.626+0000] {dag.py:3677} INFO - Setting next_dagrun for user_automation to 2025-04-26T00:00:00+00:00, run_after=2025-04-27T00:00:00+00:00
[2025-04-26T11:00:47.653+0000] {processor.py:179} INFO - Processing /opt/airflow/dags/kafka_stream.py took 0.104 seconds
[2025-04-26T11:01:17.922+0000] {processor.py:157} INFO - Started process (PID=497) to work on /opt/airflow/dags/kafka_stream.py
[2025-04-26T11:01:17.923+0000] {processor.py:829} INFO - Processing file /opt/airflow/dags/kafka_stream.py for tasks to queue
[2025-04-26T11:01:17.924+0000] {logging_mixin.py:151} INFO - [2025-04-26T11:01:17.924+0000] {dagbag.py:539} INFO - Filling up the DagBag from /opt/airflow/dags/kafka_stream.py
[2025-04-26T11:01:17.971+0000] {processor.py:839} INFO - DAG(s) dict_keys(['user_automation']) retrieved from /opt/airflow/dags/kafka_stream.py
[2025-04-26T11:01:17.992+0000] {logging_mixin.py:151} INFO - [2025-04-26T11:01:17.991+0000] {dag.py:2907} INFO - Sync 1 DAGs
[2025-04-26T11:01:18.009+0000] {logging_mixin.py:151} INFO - [2025-04-26T11:01:18.009+0000] {dag.py:3677} INFO - Setting next_dagrun for user_automation to 2025-04-26T00:00:00+00:00, run_after=2025-04-27T00:00:00+00:00
[2025-04-26T11:01:18.028+0000] {processor.py:179} INFO - Processing /opt/airflow/dags/kafka_stream.py took 0.110 seconds
[2025-04-26T11:01:48.290+0000] {processor.py:157} INFO - Started process (PID=498) to work on /opt/airflow/dags/kafka_stream.py
[2025-04-26T11:01:48.293+0000] {processor.py:829} INFO - Processing file /opt/airflow/dags/kafka_stream.py for tasks to queue
[2025-04-26T11:01:48.296+0000] {logging_mixin.py:151} INFO - [2025-04-26T11:01:48.295+0000] {dagbag.py:539} INFO - Filling up the DagBag from /opt/airflow/dags/kafka_stream.py
[2025-04-26T11:01:48.354+0000] {processor.py:839} INFO - DAG(s) dict_keys(['user_automation']) retrieved from /opt/airflow/dags/kafka_stream.py
[2025-04-26T11:01:48.402+0000] {logging_mixin.py:151} INFO - [2025-04-26T11:01:48.401+0000] {dag.py:2907} INFO - Sync 1 DAGs
[2025-04-26T11:01:48.443+0000] {logging_mixin.py:151} INFO - [2025-04-26T11:01:48.443+0000] {dag.py:3677} INFO - Setting next_dagrun for user_automation to 2025-04-26T00:00:00+00:00, run_after=2025-04-27T00:00:00+00:00
[2025-04-26T11:01:48.494+0000] {processor.py:179} INFO - Processing /opt/airflow/dags/kafka_stream.py took 0.213 seconds
[2025-04-26T11:02:19.046+0000] {processor.py:157} INFO - Started process (PID=499) to work on /opt/airflow/dags/kafka_stream.py
[2025-04-26T11:02:19.048+0000] {processor.py:829} INFO - Processing file /opt/airflow/dags/kafka_stream.py for tasks to queue
[2025-04-26T11:02:19.050+0000] {logging_mixin.py:151} INFO - [2025-04-26T11:02:19.049+0000] {dagbag.py:539} INFO - Filling up the DagBag from /opt/airflow/dags/kafka_stream.py
[2025-04-26T11:02:19.103+0000] {processor.py:839} INFO - DAG(s) dict_keys(['user_automation']) retrieved from /opt/airflow/dags/kafka_stream.py
[2025-04-26T11:02:19.148+0000] {logging_mixin.py:151} INFO - [2025-04-26T11:02:19.148+0000] {dag.py:2907} INFO - Sync 1 DAGs
[2025-04-26T11:02:19.180+0000] {logging_mixin.py:151} INFO - [2025-04-26T11:02:19.180+0000] {dag.py:3677} INFO - Setting next_dagrun for user_automation to 2025-04-26T00:00:00+00:00, run_after=2025-04-27T00:00:00+00:00
[2025-04-26T11:02:19.233+0000] {processor.py:179} INFO - Processing /opt/airflow/dags/kafka_stream.py took 0.192 seconds
[2025-04-26T11:02:49.546+0000] {processor.py:157} INFO - Started process (PID=500) to work on /opt/airflow/dags/kafka_stream.py
[2025-04-26T11:02:49.548+0000] {processor.py:829} INFO - Processing file /opt/airflow/dags/kafka_stream.py for tasks to queue
[2025-04-26T11:02:49.550+0000] {logging_mixin.py:151} INFO - [2025-04-26T11:02:49.549+0000] {dagbag.py:539} INFO - Filling up the DagBag from /opt/airflow/dags/kafka_stream.py
[2025-04-26T11:02:49.594+0000] {processor.py:839} INFO - DAG(s) dict_keys(['user_automation']) retrieved from /opt/airflow/dags/kafka_stream.py
[2025-04-26T11:02:49.639+0000] {logging_mixin.py:151} INFO - [2025-04-26T11:02:49.638+0000] {dag.py:2907} INFO - Sync 1 DAGs
[2025-04-26T11:02:49.676+0000] {logging_mixin.py:151} INFO - [2025-04-26T11:02:49.675+0000] {dag.py:3677} INFO - Setting next_dagrun for user_automation to 2025-04-26T00:00:00+00:00, run_after=2025-04-27T00:00:00+00:00
[2025-04-26T11:02:49.723+0000] {processor.py:179} INFO - Processing /opt/airflow/dags/kafka_stream.py took 0.183 seconds
[2025-04-26T11:03:19.936+0000] {processor.py:157} INFO - Started process (PID=501) to work on /opt/airflow/dags/kafka_stream.py
[2025-04-26T11:03:19.939+0000] {processor.py:829} INFO - Processing file /opt/airflow/dags/kafka_stream.py for tasks to queue
[2025-04-26T11:03:19.941+0000] {logging_mixin.py:151} INFO - [2025-04-26T11:03:19.941+0000] {dagbag.py:539} INFO - Filling up the DagBag from /opt/airflow/dags/kafka_stream.py
[2025-04-26T11:03:20.010+0000] {processor.py:839} INFO - DAG(s) dict_keys(['user_automation']) retrieved from /opt/airflow/dags/kafka_stream.py
[2025-04-26T11:03:20.060+0000] {logging_mixin.py:151} INFO - [2025-04-26T11:03:20.060+0000] {dag.py:2907} INFO - Sync 1 DAGs
[2025-04-26T11:03:20.099+0000] {logging_mixin.py:151} INFO - [2025-04-26T11:03:20.099+0000] {dag.py:3677} INFO - Setting next_dagrun for user_automation to 2025-04-26T00:00:00+00:00, run_after=2025-04-27T00:00:00+00:00
[2025-04-26T11:03:20.153+0000] {processor.py:179} INFO - Processing /opt/airflow/dags/kafka_stream.py took 0.224 seconds
[2025-04-26T11:03:50.510+0000] {processor.py:157} INFO - Started process (PID=502) to work on /opt/airflow/dags/kafka_stream.py
[2025-04-26T11:03:50.513+0000] {processor.py:829} INFO - Processing file /opt/airflow/dags/kafka_stream.py for tasks to queue
[2025-04-26T11:03:50.516+0000] {logging_mixin.py:151} INFO - [2025-04-26T11:03:50.515+0000] {dagbag.py:539} INFO - Filling up the DagBag from /opt/airflow/dags/kafka_stream.py
[2025-04-26T11:03:50.585+0000] {processor.py:839} INFO - DAG(s) dict_keys(['user_automation']) retrieved from /opt/airflow/dags/kafka_stream.py
[2025-04-26T11:03:50.646+0000] {logging_mixin.py:151} INFO - [2025-04-26T11:03:50.646+0000] {dag.py:2907} INFO - Sync 1 DAGs
[2025-04-26T11:03:50.684+0000] {logging_mixin.py:151} INFO - [2025-04-26T11:03:50.684+0000] {dag.py:3677} INFO - Setting next_dagrun for user_automation to 2025-04-26T00:00:00+00:00, run_after=2025-04-27T00:00:00+00:00
[2025-04-26T11:03:50.723+0000] {processor.py:179} INFO - Processing /opt/airflow/dags/kafka_stream.py took 0.219 seconds
[2025-04-26T11:04:20.821+0000] {processor.py:157} INFO - Started process (PID=503) to work on /opt/airflow/dags/kafka_stream.py
[2025-04-26T11:04:20.824+0000] {processor.py:829} INFO - Processing file /opt/airflow/dags/kafka_stream.py for tasks to queue
[2025-04-26T11:04:20.827+0000] {logging_mixin.py:151} INFO - [2025-04-26T11:04:20.826+0000] {dagbag.py:539} INFO - Filling up the DagBag from /opt/airflow/dags/kafka_stream.py
[2025-04-26T11:04:20.906+0000] {processor.py:839} INFO - DAG(s) dict_keys(['user_automation']) retrieved from /opt/airflow/dags/kafka_stream.py
[2025-04-26T11:04:20.938+0000] {logging_mixin.py:151} INFO - [2025-04-26T11:04:20.938+0000] {dag.py:2907} INFO - Sync 1 DAGs
[2025-04-26T11:04:20.964+0000] {logging_mixin.py:151} INFO - [2025-04-26T11:04:20.964+0000] {dag.py:3677} INFO - Setting next_dagrun for user_automation to 2025-04-26T00:00:00+00:00, run_after=2025-04-27T00:00:00+00:00
[2025-04-26T11:04:21.007+0000] {processor.py:179} INFO - Processing /opt/airflow/dags/kafka_stream.py took 0.197 seconds
[2025-04-26T11:04:51.437+0000] {processor.py:157} INFO - Started process (PID=504) to work on /opt/airflow/dags/kafka_stream.py
[2025-04-26T11:04:51.439+0000] {processor.py:829} INFO - Processing file /opt/airflow/dags/kafka_stream.py for tasks to queue
[2025-04-26T11:04:51.442+0000] {logging_mixin.py:151} INFO - [2025-04-26T11:04:51.441+0000] {dagbag.py:539} INFO - Filling up the DagBag from /opt/airflow/dags/kafka_stream.py
[2025-04-26T11:04:51.504+0000] {processor.py:839} INFO - DAG(s) dict_keys(['user_automation']) retrieved from /opt/airflow/dags/kafka_stream.py
[2025-04-26T11:04:51.554+0000] {logging_mixin.py:151} INFO - [2025-04-26T11:04:51.554+0000] {dag.py:2907} INFO - Sync 1 DAGs
[2025-04-26T11:04:51.606+0000] {logging_mixin.py:151} INFO - [2025-04-26T11:04:51.605+0000] {dag.py:3677} INFO - Setting next_dagrun for user_automation to 2025-04-26T00:00:00+00:00, run_after=2025-04-27T00:00:00+00:00
[2025-04-26T11:04:51.666+0000] {processor.py:179} INFO - Processing /opt/airflow/dags/kafka_stream.py took 0.235 seconds
[2025-04-26T11:05:21.943+0000] {processor.py:157} INFO - Started process (PID=505) to work on /opt/airflow/dags/kafka_stream.py
[2025-04-26T11:05:21.946+0000] {processor.py:829} INFO - Processing file /opt/airflow/dags/kafka_stream.py for tasks to queue
[2025-04-26T11:05:21.949+0000] {logging_mixin.py:151} INFO - [2025-04-26T11:05:21.948+0000] {dagbag.py:539} INFO - Filling up the DagBag from /opt/airflow/dags/kafka_stream.py
[2025-04-26T11:05:22.026+0000] {processor.py:839} INFO - DAG(s) dict_keys(['user_automation']) retrieved from /opt/airflow/dags/kafka_stream.py
[2025-04-26T11:05:22.070+0000] {logging_mixin.py:151} INFO - [2025-04-26T11:05:22.070+0000] {dag.py:2907} INFO - Sync 1 DAGs
[2025-04-26T11:05:22.127+0000] {logging_mixin.py:151} INFO - [2025-04-26T11:05:22.126+0000] {dag.py:3677} INFO - Setting next_dagrun for user_automation to 2025-04-26T00:00:00+00:00, run_after=2025-04-27T00:00:00+00:00
[2025-04-26T11:05:22.199+0000] {processor.py:179} INFO - Processing /opt/airflow/dags/kafka_stream.py took 0.263 seconds
[2025-04-26T11:05:52.413+0000] {processor.py:157} INFO - Started process (PID=506) to work on /opt/airflow/dags/kafka_stream.py
[2025-04-26T11:05:52.414+0000] {processor.py:829} INFO - Processing file /opt/airflow/dags/kafka_stream.py for tasks to queue
[2025-04-26T11:05:52.416+0000] {logging_mixin.py:151} INFO - [2025-04-26T11:05:52.416+0000] {dagbag.py:539} INFO - Filling up the DagBag from /opt/airflow/dags/kafka_stream.py
[2025-04-26T11:05:52.472+0000] {processor.py:839} INFO - DAG(s) dict_keys(['user_automation']) retrieved from /opt/airflow/dags/kafka_stream.py
[2025-04-26T11:05:52.504+0000] {logging_mixin.py:151} INFO - [2025-04-26T11:05:52.504+0000] {dag.py:2907} INFO - Sync 1 DAGs
[2025-04-26T11:05:52.535+0000] {logging_mixin.py:151} INFO - [2025-04-26T11:05:52.535+0000] {dag.py:3677} INFO - Setting next_dagrun for user_automation to 2025-04-26T00:00:00+00:00, run_after=2025-04-27T00:00:00+00:00
[2025-04-26T11:05:52.573+0000] {processor.py:179} INFO - Processing /opt/airflow/dags/kafka_stream.py took 0.165 seconds
[2025-04-26T11:06:22.980+0000] {processor.py:157} INFO - Started process (PID=507) to work on /opt/airflow/dags/kafka_stream.py
[2025-04-26T11:06:22.983+0000] {processor.py:829} INFO - Processing file /opt/airflow/dags/kafka_stream.py for tasks to queue
[2025-04-26T11:06:22.986+0000] {logging_mixin.py:151} INFO - [2025-04-26T11:06:22.985+0000] {dagbag.py:539} INFO - Filling up the DagBag from /opt/airflow/dags/kafka_stream.py
[2025-04-26T11:06:23.062+0000] {processor.py:839} INFO - DAG(s) dict_keys(['user_automation']) retrieved from /opt/airflow/dags/kafka_stream.py
[2025-04-26T11:06:23.118+0000] {logging_mixin.py:151} INFO - [2025-04-26T11:06:23.118+0000] {dag.py:2907} INFO - Sync 1 DAGs
[2025-04-26T11:06:23.170+0000] {logging_mixin.py:151} INFO - [2025-04-26T11:06:23.169+0000] {dag.py:3677} INFO - Setting next_dagrun for user_automation to 2025-04-26T00:00:00+00:00, run_after=2025-04-27T00:00:00+00:00
[2025-04-26T11:06:23.225+0000] {processor.py:179} INFO - Processing /opt/airflow/dags/kafka_stream.py took 0.251 seconds
[2025-04-26T11:06:53.414+0000] {processor.py:157} INFO - Started process (PID=508) to work on /opt/airflow/dags/kafka_stream.py
[2025-04-26T11:06:53.416+0000] {processor.py:829} INFO - Processing file /opt/airflow/dags/kafka_stream.py for tasks to queue
[2025-04-26T11:06:53.418+0000] {logging_mixin.py:151} INFO - [2025-04-26T11:06:53.418+0000] {dagbag.py:539} INFO - Filling up the DagBag from /opt/airflow/dags/kafka_stream.py
[2025-04-26T11:06:53.496+0000] {processor.py:839} INFO - DAG(s) dict_keys(['user_automation']) retrieved from /opt/airflow/dags/kafka_stream.py
[2025-04-26T11:06:53.538+0000] {logging_mixin.py:151} INFO - [2025-04-26T11:06:53.538+0000] {dag.py:2907} INFO - Sync 1 DAGs
[2025-04-26T11:06:53.578+0000] {logging_mixin.py:151} INFO - [2025-04-26T11:06:53.577+0000] {dag.py:3677} INFO - Setting next_dagrun for user_automation to 2025-04-26T00:00:00+00:00, run_after=2025-04-27T00:00:00+00:00
[2025-04-26T11:06:53.627+0000] {processor.py:179} INFO - Processing /opt/airflow/dags/kafka_stream.py took 0.218 seconds
[2025-04-26T11:07:24.045+0000] {processor.py:157} INFO - Started process (PID=509) to work on /opt/airflow/dags/kafka_stream.py
[2025-04-26T11:07:24.047+0000] {processor.py:829} INFO - Processing file /opt/airflow/dags/kafka_stream.py for tasks to queue
[2025-04-26T11:07:24.051+0000] {logging_mixin.py:151} INFO - [2025-04-26T11:07:24.050+0000] {dagbag.py:539} INFO - Filling up the DagBag from /opt/airflow/dags/kafka_stream.py
[2025-04-26T11:07:24.115+0000] {processor.py:839} INFO - DAG(s) dict_keys(['user_automation']) retrieved from /opt/airflow/dags/kafka_stream.py
[2025-04-26T11:07:24.153+0000] {logging_mixin.py:151} INFO - [2025-04-26T11:07:24.153+0000] {dag.py:2907} INFO - Sync 1 DAGs
[2025-04-26T11:07:24.179+0000] {logging_mixin.py:151} INFO - [2025-04-26T11:07:24.179+0000] {dag.py:3677} INFO - Setting next_dagrun for user_automation to 2025-04-26T00:00:00+00:00, run_after=2025-04-27T00:00:00+00:00
[2025-04-26T11:07:24.204+0000] {processor.py:179} INFO - Processing /opt/airflow/dags/kafka_stream.py took 0.167 seconds
[2025-04-26T11:07:54.489+0000] {processor.py:157} INFO - Started process (PID=510) to work on /opt/airflow/dags/kafka_stream.py
[2025-04-26T11:07:54.491+0000] {processor.py:829} INFO - Processing file /opt/airflow/dags/kafka_stream.py for tasks to queue
[2025-04-26T11:07:54.493+0000] {logging_mixin.py:151} INFO - [2025-04-26T11:07:54.492+0000] {dagbag.py:539} INFO - Filling up the DagBag from /opt/airflow/dags/kafka_stream.py
[2025-04-26T11:07:54.561+0000] {processor.py:839} INFO - DAG(s) dict_keys(['user_automation']) retrieved from /opt/airflow/dags/kafka_stream.py
[2025-04-26T11:07:54.605+0000] {logging_mixin.py:151} INFO - [2025-04-26T11:07:54.604+0000] {dag.py:2907} INFO - Sync 1 DAGs
[2025-04-26T11:07:54.647+0000] {logging_mixin.py:151} INFO - [2025-04-26T11:07:54.646+0000] {dag.py:3677} INFO - Setting next_dagrun for user_automation to 2025-04-26T00:00:00+00:00, run_after=2025-04-27T00:00:00+00:00
[2025-04-26T11:07:54.693+0000] {processor.py:179} INFO - Processing /opt/airflow/dags/kafka_stream.py took 0.211 seconds
[2025-04-26T11:08:25.050+0000] {processor.py:157} INFO - Started process (PID=511) to work on /opt/airflow/dags/kafka_stream.py
[2025-04-26T11:08:25.051+0000] {processor.py:829} INFO - Processing file /opt/airflow/dags/kafka_stream.py for tasks to queue
[2025-04-26T11:08:25.053+0000] {logging_mixin.py:151} INFO - [2025-04-26T11:08:25.052+0000] {dagbag.py:539} INFO - Filling up the DagBag from /opt/airflow/dags/kafka_stream.py
[2025-04-26T11:08:25.082+0000] {processor.py:839} INFO - DAG(s) dict_keys(['user_automation']) retrieved from /opt/airflow/dags/kafka_stream.py
[2025-04-26T11:08:25.114+0000] {logging_mixin.py:151} INFO - [2025-04-26T11:08:25.113+0000] {dag.py:2907} INFO - Sync 1 DAGs
[2025-04-26T11:08:25.142+0000] {logging_mixin.py:151} INFO - [2025-04-26T11:08:25.142+0000] {dag.py:3677} INFO - Setting next_dagrun for user_automation to 2025-04-26T00:00:00+00:00, run_after=2025-04-27T00:00:00+00:00
[2025-04-26T11:08:25.183+0000] {processor.py:179} INFO - Processing /opt/airflow/dags/kafka_stream.py took 0.136 seconds
[2025-04-26T11:08:55.418+0000] {processor.py:157} INFO - Started process (PID=512) to work on /opt/airflow/dags/kafka_stream.py
[2025-04-26T11:08:55.421+0000] {processor.py:829} INFO - Processing file /opt/airflow/dags/kafka_stream.py for tasks to queue
[2025-04-26T11:08:55.424+0000] {logging_mixin.py:151} INFO - [2025-04-26T11:08:55.423+0000] {dagbag.py:539} INFO - Filling up the DagBag from /opt/airflow/dags/kafka_stream.py
[2025-04-26T11:08:55.508+0000] {processor.py:839} INFO - DAG(s) dict_keys(['user_automation']) retrieved from /opt/airflow/dags/kafka_stream.py
[2025-04-26T11:08:55.586+0000] {logging_mixin.py:151} INFO - [2025-04-26T11:08:55.586+0000] {dag.py:2907} INFO - Sync 1 DAGs
[2025-04-26T11:08:55.633+0000] {logging_mixin.py:151} INFO - [2025-04-26T11:08:55.633+0000] {dag.py:3677} INFO - Setting next_dagrun for user_automation to 2025-04-26T00:00:00+00:00, run_after=2025-04-27T00:00:00+00:00
[2025-04-26T11:08:55.697+0000] {processor.py:179} INFO - Processing /opt/airflow/dags/kafka_stream.py took 0.286 seconds
[2025-04-26T11:09:25.884+0000] {processor.py:157} INFO - Started process (PID=513) to work on /opt/airflow/dags/kafka_stream.py
[2025-04-26T11:09:25.885+0000] {processor.py:829} INFO - Processing file /opt/airflow/dags/kafka_stream.py for tasks to queue
[2025-04-26T11:09:25.886+0000] {logging_mixin.py:151} INFO - [2025-04-26T11:09:25.886+0000] {dagbag.py:539} INFO - Filling up the DagBag from /opt/airflow/dags/kafka_stream.py
[2025-04-26T11:09:25.922+0000] {processor.py:839} INFO - DAG(s) dict_keys(['user_automation']) retrieved from /opt/airflow/dags/kafka_stream.py
[2025-04-26T11:09:25.958+0000] {logging_mixin.py:151} INFO - [2025-04-26T11:09:25.958+0000] {dag.py:2907} INFO - Sync 1 DAGs
[2025-04-26T11:09:26.008+0000] {logging_mixin.py:151} INFO - [2025-04-26T11:09:26.008+0000] {dag.py:3677} INFO - Setting next_dagrun for user_automation to 2025-04-26T00:00:00+00:00, run_after=2025-04-27T00:00:00+00:00
[2025-04-26T11:09:26.057+0000] {processor.py:179} INFO - Processing /opt/airflow/dags/kafka_stream.py took 0.177 seconds
[2025-04-26T11:09:56.319+0000] {processor.py:157} INFO - Started process (PID=514) to work on /opt/airflow/dags/kafka_stream.py
[2025-04-26T11:09:56.321+0000] {processor.py:829} INFO - Processing file /opt/airflow/dags/kafka_stream.py for tasks to queue
[2025-04-26T11:09:56.323+0000] {logging_mixin.py:151} INFO - [2025-04-26T11:09:56.323+0000] {dagbag.py:539} INFO - Filling up the DagBag from /opt/airflow/dags/kafka_stream.py
[2025-04-26T11:09:56.359+0000] {processor.py:839} INFO - DAG(s) dict_keys(['user_automation']) retrieved from /opt/airflow/dags/kafka_stream.py
[2025-04-26T11:09:56.396+0000] {logging_mixin.py:151} INFO - [2025-04-26T11:09:56.396+0000] {dag.py:2907} INFO - Sync 1 DAGs
[2025-04-26T11:09:56.433+0000] {logging_mixin.py:151} INFO - [2025-04-26T11:09:56.433+0000] {dag.py:3677} INFO - Setting next_dagrun for user_automation to 2025-04-26T00:00:00+00:00, run_after=2025-04-27T00:00:00+00:00
[2025-04-26T11:09:56.475+0000] {processor.py:179} INFO - Processing /opt/airflow/dags/kafka_stream.py took 0.160 seconds
[2025-04-26T11:10:26.691+0000] {processor.py:157} INFO - Started process (PID=515) to work on /opt/airflow/dags/kafka_stream.py
[2025-04-26T11:10:26.693+0000] {processor.py:829} INFO - Processing file /opt/airflow/dags/kafka_stream.py for tasks to queue
[2025-04-26T11:10:26.696+0000] {logging_mixin.py:151} INFO - [2025-04-26T11:10:26.695+0000] {dagbag.py:539} INFO - Filling up the DagBag from /opt/airflow/dags/kafka_stream.py
[2025-04-26T11:10:26.769+0000] {processor.py:839} INFO - DAG(s) dict_keys(['user_automation']) retrieved from /opt/airflow/dags/kafka_stream.py
[2025-04-26T11:10:26.819+0000] {logging_mixin.py:151} INFO - [2025-04-26T11:10:26.819+0000] {dag.py:2907} INFO - Sync 1 DAGs
[2025-04-26T11:10:26.864+0000] {logging_mixin.py:151} INFO - [2025-04-26T11:10:26.864+0000] {dag.py:3677} INFO - Setting next_dagrun for user_automation to 2025-04-26T00:00:00+00:00, run_after=2025-04-27T00:00:00+00:00
[2025-04-26T11:10:26.906+0000] {processor.py:179} INFO - Processing /opt/airflow/dags/kafka_stream.py took 0.222 seconds
[2025-04-26T11:10:57.128+0000] {processor.py:157} INFO - Started process (PID=516) to work on /opt/airflow/dags/kafka_stream.py
[2025-04-26T11:10:57.131+0000] {processor.py:829} INFO - Processing file /opt/airflow/dags/kafka_stream.py for tasks to queue
[2025-04-26T11:10:57.133+0000] {logging_mixin.py:151} INFO - [2025-04-26T11:10:57.132+0000] {dagbag.py:539} INFO - Filling up the DagBag from /opt/airflow/dags/kafka_stream.py
[2025-04-26T11:10:57.187+0000] {processor.py:839} INFO - DAG(s) dict_keys(['user_automation']) retrieved from /opt/airflow/dags/kafka_stream.py
[2025-04-26T11:10:57.229+0000] {logging_mixin.py:151} INFO - [2025-04-26T11:10:57.229+0000] {dag.py:2907} INFO - Sync 1 DAGs
[2025-04-26T11:10:57.262+0000] {logging_mixin.py:151} INFO - [2025-04-26T11:10:57.261+0000] {dag.py:3677} INFO - Setting next_dagrun for user_automation to 2025-04-26T00:00:00+00:00, run_after=2025-04-27T00:00:00+00:00
[2025-04-26T11:10:57.300+0000] {processor.py:179} INFO - Processing /opt/airflow/dags/kafka_stream.py took 0.179 seconds
[2025-04-26T11:11:27.572+0000] {processor.py:157} INFO - Started process (PID=517) to work on /opt/airflow/dags/kafka_stream.py
[2025-04-26T11:11:27.574+0000] {processor.py:829} INFO - Processing file /opt/airflow/dags/kafka_stream.py for tasks to queue
[2025-04-26T11:11:27.575+0000] {logging_mixin.py:151} INFO - [2025-04-26T11:11:27.575+0000] {dagbag.py:539} INFO - Filling up the DagBag from /opt/airflow/dags/kafka_stream.py
[2025-04-26T11:11:27.623+0000] {processor.py:839} INFO - DAG(s) dict_keys(['user_automation']) retrieved from /opt/airflow/dags/kafka_stream.py
[2025-04-26T11:11:27.661+0000] {logging_mixin.py:151} INFO - [2025-04-26T11:11:27.661+0000] {dag.py:2907} INFO - Sync 1 DAGs
[2025-04-26T11:11:27.702+0000] {logging_mixin.py:151} INFO - [2025-04-26T11:11:27.701+0000] {dag.py:3677} INFO - Setting next_dagrun for user_automation to 2025-04-26T00:00:00+00:00, run_after=2025-04-27T00:00:00+00:00
[2025-04-26T11:11:27.736+0000] {processor.py:179} INFO - Processing /opt/airflow/dags/kafka_stream.py took 0.169 seconds
[2025-04-26T11:11:57.948+0000] {processor.py:157} INFO - Started process (PID=518) to work on /opt/airflow/dags/kafka_stream.py
[2025-04-26T11:11:57.950+0000] {processor.py:829} INFO - Processing file /opt/airflow/dags/kafka_stream.py for tasks to queue
[2025-04-26T11:11:57.951+0000] {logging_mixin.py:151} INFO - [2025-04-26T11:11:57.951+0000] {dagbag.py:539} INFO - Filling up the DagBag from /opt/airflow/dags/kafka_stream.py
[2025-04-26T11:11:57.991+0000] {processor.py:839} INFO - DAG(s) dict_keys(['user_automation']) retrieved from /opt/airflow/dags/kafka_stream.py
[2025-04-26T11:11:58.031+0000] {logging_mixin.py:151} INFO - [2025-04-26T11:11:58.031+0000] {dag.py:2907} INFO - Sync 1 DAGs
[2025-04-26T11:11:58.071+0000] {logging_mixin.py:151} INFO - [2025-04-26T11:11:58.070+0000] {dag.py:3677} INFO - Setting next_dagrun for user_automation to 2025-04-26T00:00:00+00:00, run_after=2025-04-27T00:00:00+00:00
[2025-04-26T11:11:58.112+0000] {processor.py:179} INFO - Processing /opt/airflow/dags/kafka_stream.py took 0.171 seconds
[2025-04-26T11:12:28.352+0000] {processor.py:157} INFO - Started process (PID=519) to work on /opt/airflow/dags/kafka_stream.py
[2025-04-26T11:12:28.353+0000] {processor.py:829} INFO - Processing file /opt/airflow/dags/kafka_stream.py for tasks to queue
[2025-04-26T11:12:28.355+0000] {logging_mixin.py:151} INFO - [2025-04-26T11:12:28.355+0000] {dagbag.py:539} INFO - Filling up the DagBag from /opt/airflow/dags/kafka_stream.py
[2025-04-26T11:12:28.395+0000] {processor.py:839} INFO - DAG(s) dict_keys(['user_automation']) retrieved from /opt/airflow/dags/kafka_stream.py
[2025-04-26T11:12:28.433+0000] {logging_mixin.py:151} INFO - [2025-04-26T11:12:28.432+0000] {dag.py:2907} INFO - Sync 1 DAGs
[2025-04-26T11:12:28.480+0000] {logging_mixin.py:151} INFO - [2025-04-26T11:12:28.477+0000] {dag.py:3677} INFO - Setting next_dagrun for user_automation to 2025-04-26T00:00:00+00:00, run_after=2025-04-27T00:00:00+00:00
[2025-04-26T11:12:28.525+0000] {processor.py:179} INFO - Processing /opt/airflow/dags/kafka_stream.py took 0.178 seconds
[2025-04-26T11:12:58.765+0000] {processor.py:157} INFO - Started process (PID=520) to work on /opt/airflow/dags/kafka_stream.py
[2025-04-26T11:12:58.769+0000] {processor.py:829} INFO - Processing file /opt/airflow/dags/kafka_stream.py for tasks to queue
[2025-04-26T11:12:58.771+0000] {logging_mixin.py:151} INFO - [2025-04-26T11:12:58.771+0000] {dagbag.py:539} INFO - Filling up the DagBag from /opt/airflow/dags/kafka_stream.py
[2025-04-26T11:12:58.835+0000] {processor.py:839} INFO - DAG(s) dict_keys(['user_automation']) retrieved from /opt/airflow/dags/kafka_stream.py
[2025-04-26T11:12:58.886+0000] {logging_mixin.py:151} INFO - [2025-04-26T11:12:58.886+0000] {dag.py:2907} INFO - Sync 1 DAGs
[2025-04-26T11:12:58.928+0000] {logging_mixin.py:151} INFO - [2025-04-26T11:12:58.928+0000] {dag.py:3677} INFO - Setting next_dagrun for user_automation to 2025-04-26T00:00:00+00:00, run_after=2025-04-27T00:00:00+00:00
[2025-04-26T11:12:58.968+0000] {processor.py:179} INFO - Processing /opt/airflow/dags/kafka_stream.py took 0.211 seconds
[2025-04-26T11:13:29.272+0000] {processor.py:157} INFO - Started process (PID=521) to work on /opt/airflow/dags/kafka_stream.py
[2025-04-26T11:13:29.273+0000] {processor.py:829} INFO - Processing file /opt/airflow/dags/kafka_stream.py for tasks to queue
[2025-04-26T11:13:29.275+0000] {logging_mixin.py:151} INFO - [2025-04-26T11:13:29.275+0000] {dagbag.py:539} INFO - Filling up the DagBag from /opt/airflow/dags/kafka_stream.py
[2025-04-26T11:13:29.308+0000] {processor.py:839} INFO - DAG(s) dict_keys(['user_automation']) retrieved from /opt/airflow/dags/kafka_stream.py
[2025-04-26T11:13:29.328+0000] {logging_mixin.py:151} INFO - [2025-04-26T11:13:29.327+0000] {dag.py:2907} INFO - Sync 1 DAGs
[2025-04-26T11:13:29.345+0000] {logging_mixin.py:151} INFO - [2025-04-26T11:13:29.344+0000] {dag.py:3677} INFO - Setting next_dagrun for user_automation to 2025-04-26T00:00:00+00:00, run_after=2025-04-27T00:00:00+00:00
[2025-04-26T11:13:29.365+0000] {processor.py:179} INFO - Processing /opt/airflow/dags/kafka_stream.py took 0.095 seconds
[2025-04-26T11:13:59.529+0000] {processor.py:157} INFO - Started process (PID=522) to work on /opt/airflow/dags/kafka_stream.py
[2025-04-26T11:13:59.529+0000] {processor.py:829} INFO - Processing file /opt/airflow/dags/kafka_stream.py for tasks to queue
[2025-04-26T11:13:59.531+0000] {logging_mixin.py:151} INFO - [2025-04-26T11:13:59.530+0000] {dagbag.py:539} INFO - Filling up the DagBag from /opt/airflow/dags/kafka_stream.py
[2025-04-26T11:13:59.562+0000] {processor.py:839} INFO - DAG(s) dict_keys(['user_automation']) retrieved from /opt/airflow/dags/kafka_stream.py
[2025-04-26T11:13:59.583+0000] {logging_mixin.py:151} INFO - [2025-04-26T11:13:59.583+0000] {dag.py:2907} INFO - Sync 1 DAGs
[2025-04-26T11:13:59.601+0000] {logging_mixin.py:151} INFO - [2025-04-26T11:13:59.601+0000] {dag.py:3677} INFO - Setting next_dagrun for user_automation to 2025-04-26T00:00:00+00:00, run_after=2025-04-27T00:00:00+00:00
[2025-04-26T11:13:59.623+0000] {processor.py:179} INFO - Processing /opt/airflow/dags/kafka_stream.py took 0.097 seconds
[2025-04-26T11:14:29.835+0000] {processor.py:157} INFO - Started process (PID=523) to work on /opt/airflow/dags/kafka_stream.py
[2025-04-26T11:14:29.836+0000] {processor.py:829} INFO - Processing file /opt/airflow/dags/kafka_stream.py for tasks to queue
[2025-04-26T11:14:29.837+0000] {logging_mixin.py:151} INFO - [2025-04-26T11:14:29.837+0000] {dagbag.py:539} INFO - Filling up the DagBag from /opt/airflow/dags/kafka_stream.py
[2025-04-26T11:14:29.866+0000] {processor.py:839} INFO - DAG(s) dict_keys(['user_automation']) retrieved from /opt/airflow/dags/kafka_stream.py
[2025-04-26T11:14:29.887+0000] {logging_mixin.py:151} INFO - [2025-04-26T11:14:29.887+0000] {dag.py:2907} INFO - Sync 1 DAGs
[2025-04-26T11:14:29.904+0000] {logging_mixin.py:151} INFO - [2025-04-26T11:14:29.904+0000] {dag.py:3677} INFO - Setting next_dagrun for user_automation to 2025-04-26T00:00:00+00:00, run_after=2025-04-27T00:00:00+00:00
[2025-04-26T11:14:29.923+0000] {processor.py:179} INFO - Processing /opt/airflow/dags/kafka_stream.py took 0.090 seconds
[2025-04-26T11:15:00.127+0000] {processor.py:157} INFO - Started process (PID=524) to work on /opt/airflow/dags/kafka_stream.py
[2025-04-26T11:15:00.129+0000] {processor.py:829} INFO - Processing file /opt/airflow/dags/kafka_stream.py for tasks to queue
[2025-04-26T11:15:00.131+0000] {logging_mixin.py:151} INFO - [2025-04-26T11:15:00.130+0000] {dagbag.py:539} INFO - Filling up the DagBag from /opt/airflow/dags/kafka_stream.py
[2025-04-26T11:15:00.160+0000] {processor.py:839} INFO - DAG(s) dict_keys(['user_automation']) retrieved from /opt/airflow/dags/kafka_stream.py
[2025-04-26T11:15:00.185+0000] {logging_mixin.py:151} INFO - [2025-04-26T11:15:00.184+0000] {dag.py:2907} INFO - Sync 1 DAGs
[2025-04-26T11:15:00.209+0000] {logging_mixin.py:151} INFO - [2025-04-26T11:15:00.208+0000] {dag.py:3677} INFO - Setting next_dagrun for user_automation to 2025-04-26T00:00:00+00:00, run_after=2025-04-27T00:00:00+00:00
[2025-04-26T11:15:00.231+0000] {processor.py:179} INFO - Processing /opt/airflow/dags/kafka_stream.py took 0.107 seconds
[2025-04-26T11:15:30.401+0000] {processor.py:157} INFO - Started process (PID=525) to work on /opt/airflow/dags/kafka_stream.py
[2025-04-26T11:15:30.403+0000] {processor.py:829} INFO - Processing file /opt/airflow/dags/kafka_stream.py for tasks to queue
[2025-04-26T11:15:30.404+0000] {logging_mixin.py:151} INFO - [2025-04-26T11:15:30.403+0000] {dagbag.py:539} INFO - Filling up the DagBag from /opt/airflow/dags/kafka_stream.py
[2025-04-26T11:15:30.434+0000] {processor.py:839} INFO - DAG(s) dict_keys(['user_automation']) retrieved from /opt/airflow/dags/kafka_stream.py
[2025-04-26T11:15:30.456+0000] {logging_mixin.py:151} INFO - [2025-04-26T11:15:30.456+0000] {dag.py:2907} INFO - Sync 1 DAGs
[2025-04-26T11:15:30.472+0000] {logging_mixin.py:151} INFO - [2025-04-26T11:15:30.472+0000] {dag.py:3677} INFO - Setting next_dagrun for user_automation to 2025-04-26T00:00:00+00:00, run_after=2025-04-27T00:00:00+00:00
[2025-04-26T11:15:30.500+0000] {processor.py:179} INFO - Processing /opt/airflow/dags/kafka_stream.py took 0.103 seconds
[2025-04-26T11:16:00.778+0000] {processor.py:157} INFO - Started process (PID=526) to work on /opt/airflow/dags/kafka_stream.py
[2025-04-26T11:16:00.780+0000] {processor.py:829} INFO - Processing file /opt/airflow/dags/kafka_stream.py for tasks to queue
[2025-04-26T11:16:00.782+0000] {logging_mixin.py:151} INFO - [2025-04-26T11:16:00.782+0000] {dagbag.py:539} INFO - Filling up the DagBag from /opt/airflow/dags/kafka_stream.py
[2025-04-26T11:16:00.817+0000] {processor.py:839} INFO - DAG(s) dict_keys(['user_automation']) retrieved from /opt/airflow/dags/kafka_stream.py
[2025-04-26T11:16:00.837+0000] {logging_mixin.py:151} INFO - [2025-04-26T11:16:00.837+0000] {dag.py:2907} INFO - Sync 1 DAGs
[2025-04-26T11:16:00.856+0000] {logging_mixin.py:151} INFO - [2025-04-26T11:16:00.856+0000] {dag.py:3677} INFO - Setting next_dagrun for user_automation to 2025-04-26T00:00:00+00:00, run_after=2025-04-27T00:00:00+00:00
[2025-04-26T11:16:00.875+0000] {processor.py:179} INFO - Processing /opt/airflow/dags/kafka_stream.py took 0.102 seconds
[2025-04-26T11:16:31.066+0000] {processor.py:157} INFO - Started process (PID=527) to work on /opt/airflow/dags/kafka_stream.py
[2025-04-26T11:16:31.067+0000] {processor.py:829} INFO - Processing file /opt/airflow/dags/kafka_stream.py for tasks to queue
[2025-04-26T11:16:31.069+0000] {logging_mixin.py:151} INFO - [2025-04-26T11:16:31.068+0000] {dagbag.py:539} INFO - Filling up the DagBag from /opt/airflow/dags/kafka_stream.py
[2025-04-26T11:16:31.109+0000] {processor.py:839} INFO - DAG(s) dict_keys(['user_automation']) retrieved from /opt/airflow/dags/kafka_stream.py
[2025-04-26T11:16:31.130+0000] {logging_mixin.py:151} INFO - [2025-04-26T11:16:31.130+0000] {dag.py:2907} INFO - Sync 1 DAGs
[2025-04-26T11:16:31.146+0000] {logging_mixin.py:151} INFO - [2025-04-26T11:16:31.146+0000] {dag.py:3677} INFO - Setting next_dagrun for user_automation to 2025-04-26T00:00:00+00:00, run_after=2025-04-27T00:00:00+00:00
[2025-04-26T11:16:31.167+0000] {processor.py:179} INFO - Processing /opt/airflow/dags/kafka_stream.py took 0.105 seconds
[2025-04-26T11:17:01.388+0000] {processor.py:157} INFO - Started process (PID=528) to work on /opt/airflow/dags/kafka_stream.py
[2025-04-26T11:17:01.390+0000] {processor.py:829} INFO - Processing file /opt/airflow/dags/kafka_stream.py for tasks to queue
[2025-04-26T11:17:01.393+0000] {logging_mixin.py:151} INFO - [2025-04-26T11:17:01.392+0000] {dagbag.py:539} INFO - Filling up the DagBag from /opt/airflow/dags/kafka_stream.py
[2025-04-26T11:17:01.444+0000] {processor.py:839} INFO - DAG(s) dict_keys(['user_automation']) retrieved from /opt/airflow/dags/kafka_stream.py
[2025-04-26T11:17:01.465+0000] {logging_mixin.py:151} INFO - [2025-04-26T11:17:01.465+0000] {dag.py:2907} INFO - Sync 1 DAGs
[2025-04-26T11:17:01.483+0000] {logging_mixin.py:151} INFO - [2025-04-26T11:17:01.483+0000] {dag.py:3677} INFO - Setting next_dagrun for user_automation to 2025-04-26T00:00:00+00:00, run_after=2025-04-27T00:00:00+00:00
[2025-04-26T11:17:01.500+0000] {processor.py:179} INFO - Processing /opt/airflow/dags/kafka_stream.py took 0.117 seconds
[2025-04-26T11:17:31.693+0000] {processor.py:157} INFO - Started process (PID=529) to work on /opt/airflow/dags/kafka_stream.py
[2025-04-26T11:17:31.695+0000] {processor.py:829} INFO - Processing file /opt/airflow/dags/kafka_stream.py for tasks to queue
[2025-04-26T11:17:31.696+0000] {logging_mixin.py:151} INFO - [2025-04-26T11:17:31.696+0000] {dagbag.py:539} INFO - Filling up the DagBag from /opt/airflow/dags/kafka_stream.py
[2025-04-26T11:17:31.732+0000] {processor.py:839} INFO - DAG(s) dict_keys(['user_automation']) retrieved from /opt/airflow/dags/kafka_stream.py
[2025-04-26T11:17:31.753+0000] {logging_mixin.py:151} INFO - [2025-04-26T11:17:31.753+0000] {dag.py:2907} INFO - Sync 1 DAGs
[2025-04-26T11:17:31.770+0000] {logging_mixin.py:151} INFO - [2025-04-26T11:17:31.770+0000] {dag.py:3677} INFO - Setting next_dagrun for user_automation to 2025-04-26T00:00:00+00:00, run_after=2025-04-27T00:00:00+00:00
[2025-04-26T11:17:31.800+0000] {processor.py:179} INFO - Processing /opt/airflow/dags/kafka_stream.py took 0.110 seconds
[2025-04-26T11:18:01.997+0000] {processor.py:157} INFO - Started process (PID=530) to work on /opt/airflow/dags/kafka_stream.py
[2025-04-26T11:18:01.998+0000] {processor.py:829} INFO - Processing file /opt/airflow/dags/kafka_stream.py for tasks to queue
[2025-04-26T11:18:01.999+0000] {logging_mixin.py:151} INFO - [2025-04-26T11:18:01.999+0000] {dagbag.py:539} INFO - Filling up the DagBag from /opt/airflow/dags/kafka_stream.py
[2025-04-26T11:18:02.032+0000] {processor.py:839} INFO - DAG(s) dict_keys(['user_automation']) retrieved from /opt/airflow/dags/kafka_stream.py
[2025-04-26T11:18:02.053+0000] {logging_mixin.py:151} INFO - [2025-04-26T11:18:02.053+0000] {dag.py:2907} INFO - Sync 1 DAGs
[2025-04-26T11:18:02.071+0000] {logging_mixin.py:151} INFO - [2025-04-26T11:18:02.071+0000] {dag.py:3677} INFO - Setting next_dagrun for user_automation to 2025-04-26T00:00:00+00:00, run_after=2025-04-27T00:00:00+00:00
[2025-04-26T11:18:02.097+0000] {processor.py:179} INFO - Processing /opt/airflow/dags/kafka_stream.py took 0.103 seconds
[2025-04-26T11:18:32.383+0000] {processor.py:157} INFO - Started process (PID=531) to work on /opt/airflow/dags/kafka_stream.py
[2025-04-26T11:18:32.384+0000] {processor.py:829} INFO - Processing file /opt/airflow/dags/kafka_stream.py for tasks to queue
[2025-04-26T11:18:32.385+0000] {logging_mixin.py:151} INFO - [2025-04-26T11:18:32.385+0000] {dagbag.py:539} INFO - Filling up the DagBag from /opt/airflow/dags/kafka_stream.py
[2025-04-26T11:18:32.419+0000] {processor.py:839} INFO - DAG(s) dict_keys(['user_automation']) retrieved from /opt/airflow/dags/kafka_stream.py
[2025-04-26T11:18:32.439+0000] {logging_mixin.py:151} INFO - [2025-04-26T11:18:32.438+0000] {dag.py:2907} INFO - Sync 1 DAGs
[2025-04-26T11:18:32.458+0000] {logging_mixin.py:151} INFO - [2025-04-26T11:18:32.458+0000] {dag.py:3677} INFO - Setting next_dagrun for user_automation to 2025-04-26T00:00:00+00:00, run_after=2025-04-27T00:00:00+00:00
[2025-04-26T11:18:32.476+0000] {processor.py:179} INFO - Processing /opt/airflow/dags/kafka_stream.py took 0.096 seconds
[2025-04-26T11:19:02.648+0000] {processor.py:157} INFO - Started process (PID=532) to work on /opt/airflow/dags/kafka_stream.py
[2025-04-26T11:19:02.649+0000] {processor.py:829} INFO - Processing file /opt/airflow/dags/kafka_stream.py for tasks to queue
[2025-04-26T11:19:02.650+0000] {logging_mixin.py:151} INFO - [2025-04-26T11:19:02.650+0000] {dagbag.py:539} INFO - Filling up the DagBag from /opt/airflow/dags/kafka_stream.py
[2025-04-26T11:19:02.680+0000] {processor.py:839} INFO - DAG(s) dict_keys(['user_automation']) retrieved from /opt/airflow/dags/kafka_stream.py
[2025-04-26T11:19:02.702+0000] {logging_mixin.py:151} INFO - [2025-04-26T11:19:02.702+0000] {dag.py:2907} INFO - Sync 1 DAGs
[2025-04-26T11:19:02.719+0000] {logging_mixin.py:151} INFO - [2025-04-26T11:19:02.719+0000] {dag.py:3677} INFO - Setting next_dagrun for user_automation to 2025-04-26T00:00:00+00:00, run_after=2025-04-27T00:00:00+00:00
[2025-04-26T11:19:02.741+0000] {processor.py:179} INFO - Processing /opt/airflow/dags/kafka_stream.py took 0.097 seconds
[2025-04-26T11:19:33.006+0000] {processor.py:157} INFO - Started process (PID=533) to work on /opt/airflow/dags/kafka_stream.py
[2025-04-26T11:19:33.008+0000] {processor.py:829} INFO - Processing file /opt/airflow/dags/kafka_stream.py for tasks to queue
[2025-04-26T11:19:33.010+0000] {logging_mixin.py:151} INFO - [2025-04-26T11:19:33.009+0000] {dagbag.py:539} INFO - Filling up the DagBag from /opt/airflow/dags/kafka_stream.py
[2025-04-26T11:19:33.046+0000] {processor.py:839} INFO - DAG(s) dict_keys(['user_automation']) retrieved from /opt/airflow/dags/kafka_stream.py
[2025-04-26T11:19:33.070+0000] {logging_mixin.py:151} INFO - [2025-04-26T11:19:33.070+0000] {dag.py:2907} INFO - Sync 1 DAGs
[2025-04-26T11:19:33.089+0000] {logging_mixin.py:151} INFO - [2025-04-26T11:19:33.088+0000] {dag.py:3677} INFO - Setting next_dagrun for user_automation to 2025-04-26T00:00:00+00:00, run_after=2025-04-27T00:00:00+00:00
[2025-04-26T11:19:33.116+0000] {processor.py:179} INFO - Processing /opt/airflow/dags/kafka_stream.py took 0.114 seconds
[2025-04-26T11:20:03.269+0000] {processor.py:157} INFO - Started process (PID=534) to work on /opt/airflow/dags/kafka_stream.py
[2025-04-26T11:20:03.271+0000] {processor.py:829} INFO - Processing file /opt/airflow/dags/kafka_stream.py for tasks to queue
[2025-04-26T11:20:03.272+0000] {logging_mixin.py:151} INFO - [2025-04-26T11:20:03.272+0000] {dagbag.py:539} INFO - Filling up the DagBag from /opt/airflow/dags/kafka_stream.py
[2025-04-26T11:20:03.295+0000] {processor.py:839} INFO - DAG(s) dict_keys(['user_automation']) retrieved from /opt/airflow/dags/kafka_stream.py
[2025-04-26T11:20:03.330+0000] {logging_mixin.py:151} INFO - [2025-04-26T11:20:03.330+0000] {dag.py:2907} INFO - Sync 1 DAGs
[2025-04-26T11:20:03.356+0000] {logging_mixin.py:151} INFO - [2025-04-26T11:20:03.356+0000] {dag.py:3677} INFO - Setting next_dagrun for user_automation to 2025-04-26T00:00:00+00:00, run_after=2025-04-27T00:00:00+00:00
[2025-04-26T11:20:03.386+0000] {processor.py:179} INFO - Processing /opt/airflow/dags/kafka_stream.py took 0.120 seconds
[2025-04-26T11:20:33.686+0000] {processor.py:157} INFO - Started process (PID=535) to work on /opt/airflow/dags/kafka_stream.py
[2025-04-26T11:20:33.688+0000] {processor.py:829} INFO - Processing file /opt/airflow/dags/kafka_stream.py for tasks to queue
[2025-04-26T11:20:33.689+0000] {logging_mixin.py:151} INFO - [2025-04-26T11:20:33.689+0000] {dagbag.py:539} INFO - Filling up the DagBag from /opt/airflow/dags/kafka_stream.py
[2025-04-26T11:20:33.718+0000] {processor.py:839} INFO - DAG(s) dict_keys(['user_automation']) retrieved from /opt/airflow/dags/kafka_stream.py
[2025-04-26T11:20:33.736+0000] {logging_mixin.py:151} INFO - [2025-04-26T11:20:33.736+0000] {dag.py:2907} INFO - Sync 1 DAGs
[2025-04-26T11:20:33.752+0000] {logging_mixin.py:151} INFO - [2025-04-26T11:20:33.752+0000] {dag.py:3677} INFO - Setting next_dagrun for user_automation to 2025-04-26T00:00:00+00:00, run_after=2025-04-27T00:00:00+00:00
[2025-04-26T11:20:33.773+0000] {processor.py:179} INFO - Processing /opt/airflow/dags/kafka_stream.py took 0.090 seconds
[2025-04-26T11:21:03.961+0000] {processor.py:157} INFO - Started process (PID=536) to work on /opt/airflow/dags/kafka_stream.py
[2025-04-26T11:21:03.962+0000] {processor.py:829} INFO - Processing file /opt/airflow/dags/kafka_stream.py for tasks to queue
[2025-04-26T11:21:03.964+0000] {logging_mixin.py:151} INFO - [2025-04-26T11:21:03.964+0000] {dagbag.py:539} INFO - Filling up the DagBag from /opt/airflow/dags/kafka_stream.py
[2025-04-26T11:21:03.998+0000] {processor.py:839} INFO - DAG(s) dict_keys(['user_automation']) retrieved from /opt/airflow/dags/kafka_stream.py
[2025-04-26T11:21:04.018+0000] {logging_mixin.py:151} INFO - [2025-04-26T11:21:04.018+0000] {dag.py:2907} INFO - Sync 1 DAGs
[2025-04-26T11:21:04.039+0000] {logging_mixin.py:151} INFO - [2025-04-26T11:21:04.039+0000] {dag.py:3677} INFO - Setting next_dagrun for user_automation to 2025-04-26T00:00:00+00:00, run_after=2025-04-27T00:00:00+00:00
[2025-04-26T11:21:04.066+0000] {processor.py:179} INFO - Processing /opt/airflow/dags/kafka_stream.py took 0.108 seconds
[2025-04-26T11:21:34.282+0000] {processor.py:157} INFO - Started process (PID=537) to work on /opt/airflow/dags/kafka_stream.py
[2025-04-26T11:21:34.284+0000] {processor.py:829} INFO - Processing file /opt/airflow/dags/kafka_stream.py for tasks to queue
[2025-04-26T11:21:34.285+0000] {logging_mixin.py:151} INFO - [2025-04-26T11:21:34.285+0000] {dagbag.py:539} INFO - Filling up the DagBag from /opt/airflow/dags/kafka_stream.py
[2025-04-26T11:21:34.313+0000] {processor.py:839} INFO - DAG(s) dict_keys(['user_automation']) retrieved from /opt/airflow/dags/kafka_stream.py
[2025-04-26T11:21:34.337+0000] {logging_mixin.py:151} INFO - [2025-04-26T11:21:34.336+0000] {dag.py:2907} INFO - Sync 1 DAGs
[2025-04-26T11:21:34.359+0000] {logging_mixin.py:151} INFO - [2025-04-26T11:21:34.359+0000] {dag.py:3677} INFO - Setting next_dagrun for user_automation to 2025-04-26T00:00:00+00:00, run_after=2025-04-27T00:00:00+00:00
[2025-04-26T11:21:34.389+0000] {processor.py:179} INFO - Processing /opt/airflow/dags/kafka_stream.py took 0.109 seconds
[2025-04-26T11:22:04.549+0000] {processor.py:157} INFO - Started process (PID=538) to work on /opt/airflow/dags/kafka_stream.py
[2025-04-26T11:22:04.550+0000] {processor.py:829} INFO - Processing file /opt/airflow/dags/kafka_stream.py for tasks to queue
[2025-04-26T11:22:04.551+0000] {logging_mixin.py:151} INFO - [2025-04-26T11:22:04.551+0000] {dagbag.py:539} INFO - Filling up the DagBag from /opt/airflow/dags/kafka_stream.py
[2025-04-26T11:22:04.583+0000] {processor.py:839} INFO - DAG(s) dict_keys(['user_automation']) retrieved from /opt/airflow/dags/kafka_stream.py
[2025-04-26T11:22:04.605+0000] {logging_mixin.py:151} INFO - [2025-04-26T11:22:04.605+0000] {dag.py:2907} INFO - Sync 1 DAGs
[2025-04-26T11:22:04.623+0000] {logging_mixin.py:151} INFO - [2025-04-26T11:22:04.622+0000] {dag.py:3677} INFO - Setting next_dagrun for user_automation to 2025-04-26T00:00:00+00:00, run_after=2025-04-27T00:00:00+00:00
[2025-04-26T11:22:04.650+0000] {processor.py:179} INFO - Processing /opt/airflow/dags/kafka_stream.py took 0.105 seconds
[2025-04-26T11:22:34.862+0000] {processor.py:157} INFO - Started process (PID=539) to work on /opt/airflow/dags/kafka_stream.py
[2025-04-26T11:22:34.863+0000] {processor.py:829} INFO - Processing file /opt/airflow/dags/kafka_stream.py for tasks to queue
[2025-04-26T11:22:34.864+0000] {logging_mixin.py:151} INFO - [2025-04-26T11:22:34.864+0000] {dagbag.py:539} INFO - Filling up the DagBag from /opt/airflow/dags/kafka_stream.py
[2025-04-26T11:22:34.896+0000] {processor.py:839} INFO - DAG(s) dict_keys(['user_automation']) retrieved from /opt/airflow/dags/kafka_stream.py
[2025-04-26T11:22:34.916+0000] {logging_mixin.py:151} INFO - [2025-04-26T11:22:34.916+0000] {dag.py:2907} INFO - Sync 1 DAGs
[2025-04-26T11:22:34.932+0000] {logging_mixin.py:151} INFO - [2025-04-26T11:22:34.932+0000] {dag.py:3677} INFO - Setting next_dagrun for user_automation to 2025-04-26T00:00:00+00:00, run_after=2025-04-27T00:00:00+00:00
[2025-04-26T11:22:34.951+0000] {processor.py:179} INFO - Processing /opt/airflow/dags/kafka_stream.py took 0.092 seconds
[2025-04-26T11:23:05.189+0000] {processor.py:157} INFO - Started process (PID=540) to work on /opt/airflow/dags/kafka_stream.py
[2025-04-26T11:23:05.191+0000] {processor.py:829} INFO - Processing file /opt/airflow/dags/kafka_stream.py for tasks to queue
[2025-04-26T11:23:05.192+0000] {logging_mixin.py:151} INFO - [2025-04-26T11:23:05.192+0000] {dagbag.py:539} INFO - Filling up the DagBag from /opt/airflow/dags/kafka_stream.py
[2025-04-26T11:23:05.224+0000] {processor.py:839} INFO - DAG(s) dict_keys(['user_automation']) retrieved from /opt/airflow/dags/kafka_stream.py
[2025-04-26T11:23:05.243+0000] {logging_mixin.py:151} INFO - [2025-04-26T11:23:05.243+0000] {dag.py:2907} INFO - Sync 1 DAGs
[2025-04-26T11:23:05.262+0000] {logging_mixin.py:151} INFO - [2025-04-26T11:23:05.262+0000] {dag.py:3677} INFO - Setting next_dagrun for user_automation to 2025-04-26T00:00:00+00:00, run_after=2025-04-27T00:00:00+00:00
[2025-04-26T11:23:05.282+0000] {processor.py:179} INFO - Processing /opt/airflow/dags/kafka_stream.py took 0.095 seconds
[2025-04-26T11:23:35.486+0000] {processor.py:157} INFO - Started process (PID=541) to work on /opt/airflow/dags/kafka_stream.py
[2025-04-26T11:23:35.487+0000] {processor.py:829} INFO - Processing file /opt/airflow/dags/kafka_stream.py for tasks to queue
[2025-04-26T11:23:35.488+0000] {logging_mixin.py:151} INFO - [2025-04-26T11:23:35.488+0000] {dagbag.py:539} INFO - Filling up the DagBag from /opt/airflow/dags/kafka_stream.py
[2025-04-26T11:23:35.522+0000] {processor.py:839} INFO - DAG(s) dict_keys(['user_automation']) retrieved from /opt/airflow/dags/kafka_stream.py
[2025-04-26T11:23:35.542+0000] {logging_mixin.py:151} INFO - [2025-04-26T11:23:35.542+0000] {dag.py:2907} INFO - Sync 1 DAGs
[2025-04-26T11:23:35.560+0000] {logging_mixin.py:151} INFO - [2025-04-26T11:23:35.560+0000] {dag.py:3677} INFO - Setting next_dagrun for user_automation to 2025-04-26T00:00:00+00:00, run_after=2025-04-27T00:00:00+00:00
[2025-04-26T11:23:35.588+0000] {processor.py:179} INFO - Processing /opt/airflow/dags/kafka_stream.py took 0.105 seconds
[2025-04-26T11:24:05.753+0000] {processor.py:157} INFO - Started process (PID=542) to work on /opt/airflow/dags/kafka_stream.py
[2025-04-26T11:24:05.754+0000] {processor.py:829} INFO - Processing file /opt/airflow/dags/kafka_stream.py for tasks to queue
[2025-04-26T11:24:05.756+0000] {logging_mixin.py:151} INFO - [2025-04-26T11:24:05.756+0000] {dagbag.py:539} INFO - Filling up the DagBag from /opt/airflow/dags/kafka_stream.py
[2025-04-26T11:24:05.796+0000] {processor.py:839} INFO - DAG(s) dict_keys(['user_automation']) retrieved from /opt/airflow/dags/kafka_stream.py
[2025-04-26T11:24:05.818+0000] {logging_mixin.py:151} INFO - [2025-04-26T11:24:05.818+0000] {dag.py:2907} INFO - Sync 1 DAGs
[2025-04-26T11:24:05.837+0000] {logging_mixin.py:151} INFO - [2025-04-26T11:24:05.836+0000] {dag.py:3677} INFO - Setting next_dagrun for user_automation to 2025-04-26T00:00:00+00:00, run_after=2025-04-27T00:00:00+00:00
[2025-04-26T11:24:05.859+0000] {processor.py:179} INFO - Processing /opt/airflow/dags/kafka_stream.py took 0.112 seconds
[2025-04-26T11:24:36.100+0000] {processor.py:157} INFO - Started process (PID=543) to work on /opt/airflow/dags/kafka_stream.py
[2025-04-26T11:24:36.101+0000] {processor.py:829} INFO - Processing file /opt/airflow/dags/kafka_stream.py for tasks to queue
[2025-04-26T11:24:36.102+0000] {logging_mixin.py:151} INFO - [2025-04-26T11:24:36.102+0000] {dagbag.py:539} INFO - Filling up the DagBag from /opt/airflow/dags/kafka_stream.py
[2025-04-26T11:24:36.135+0000] {processor.py:839} INFO - DAG(s) dict_keys(['user_automation']) retrieved from /opt/airflow/dags/kafka_stream.py
[2025-04-26T11:24:36.160+0000] {logging_mixin.py:151} INFO - [2025-04-26T11:24:36.160+0000] {dag.py:2907} INFO - Sync 1 DAGs
[2025-04-26T11:24:36.179+0000] {logging_mixin.py:151} INFO - [2025-04-26T11:24:36.179+0000] {dag.py:3677} INFO - Setting next_dagrun for user_automation to 2025-04-26T00:00:00+00:00, run_after=2025-04-27T00:00:00+00:00
[2025-04-26T11:24:36.213+0000] {processor.py:179} INFO - Processing /opt/airflow/dags/kafka_stream.py took 0.116 seconds
[2025-04-26T11:25:06.405+0000] {processor.py:157} INFO - Started process (PID=544) to work on /opt/airflow/dags/kafka_stream.py
[2025-04-26T11:25:06.406+0000] {processor.py:829} INFO - Processing file /opt/airflow/dags/kafka_stream.py for tasks to queue
[2025-04-26T11:25:06.408+0000] {logging_mixin.py:151} INFO - [2025-04-26T11:25:06.407+0000] {dagbag.py:539} INFO - Filling up the DagBag from /opt/airflow/dags/kafka_stream.py
[2025-04-26T11:25:06.441+0000] {processor.py:839} INFO - DAG(s) dict_keys(['user_automation']) retrieved from /opt/airflow/dags/kafka_stream.py
[2025-04-26T11:25:06.462+0000] {logging_mixin.py:151} INFO - [2025-04-26T11:25:06.462+0000] {dag.py:2907} INFO - Sync 1 DAGs
[2025-04-26T11:25:06.477+0000] {logging_mixin.py:151} INFO - [2025-04-26T11:25:06.477+0000] {dag.py:3677} INFO - Setting next_dagrun for user_automation to 2025-04-26T00:00:00+00:00, run_after=2025-04-27T00:00:00+00:00
[2025-04-26T11:25:06.497+0000] {processor.py:179} INFO - Processing /opt/airflow/dags/kafka_stream.py took 0.095 seconds
[2025-04-26T11:25:36.762+0000] {processor.py:157} INFO - Started process (PID=545) to work on /opt/airflow/dags/kafka_stream.py
[2025-04-26T11:25:36.763+0000] {processor.py:829} INFO - Processing file /opt/airflow/dags/kafka_stream.py for tasks to queue
[2025-04-26T11:25:36.764+0000] {logging_mixin.py:151} INFO - [2025-04-26T11:25:36.763+0000] {dagbag.py:539} INFO - Filling up the DagBag from /opt/airflow/dags/kafka_stream.py
[2025-04-26T11:25:36.789+0000] {processor.py:839} INFO - DAG(s) dict_keys(['user_automation']) retrieved from /opt/airflow/dags/kafka_stream.py
[2025-04-26T11:25:36.809+0000] {logging_mixin.py:151} INFO - [2025-04-26T11:25:36.809+0000] {dag.py:2907} INFO - Sync 1 DAGs
[2025-04-26T11:25:36.826+0000] {logging_mixin.py:151} INFO - [2025-04-26T11:25:36.826+0000] {dag.py:3677} INFO - Setting next_dagrun for user_automation to 2025-04-26T00:00:00+00:00, run_after=2025-04-27T00:00:00+00:00
[2025-04-26T11:25:36.844+0000] {processor.py:179} INFO - Processing /opt/airflow/dags/kafka_stream.py took 0.085 seconds
[2025-04-26T11:26:07.029+0000] {processor.py:157} INFO - Started process (PID=546) to work on /opt/airflow/dags/kafka_stream.py
[2025-04-26T11:26:07.030+0000] {processor.py:829} INFO - Processing file /opt/airflow/dags/kafka_stream.py for tasks to queue
[2025-04-26T11:26:07.032+0000] {logging_mixin.py:151} INFO - [2025-04-26T11:26:07.031+0000] {dagbag.py:539} INFO - Filling up the DagBag from /opt/airflow/dags/kafka_stream.py
[2025-04-26T11:26:07.068+0000] {processor.py:839} INFO - DAG(s) dict_keys(['user_automation']) retrieved from /opt/airflow/dags/kafka_stream.py
[2025-04-26T11:26:07.087+0000] {logging_mixin.py:151} INFO - [2025-04-26T11:26:07.087+0000] {dag.py:2907} INFO - Sync 1 DAGs
[2025-04-26T11:26:07.103+0000] {logging_mixin.py:151} INFO - [2025-04-26T11:26:07.102+0000] {dag.py:3677} INFO - Setting next_dagrun for user_automation to 2025-04-26T00:00:00+00:00, run_after=2025-04-27T00:00:00+00:00
[2025-04-26T11:26:07.132+0000] {processor.py:179} INFO - Processing /opt/airflow/dags/kafka_stream.py took 0.106 seconds
[2025-04-26T11:26:37.352+0000] {processor.py:157} INFO - Started process (PID=547) to work on /opt/airflow/dags/kafka_stream.py
[2025-04-26T11:26:37.354+0000] {processor.py:829} INFO - Processing file /opt/airflow/dags/kafka_stream.py for tasks to queue
[2025-04-26T11:26:37.355+0000] {logging_mixin.py:151} INFO - [2025-04-26T11:26:37.355+0000] {dagbag.py:539} INFO - Filling up the DagBag from /opt/airflow/dags/kafka_stream.py
[2025-04-26T11:26:37.383+0000] {processor.py:839} INFO - DAG(s) dict_keys(['user_automation']) retrieved from /opt/airflow/dags/kafka_stream.py
[2025-04-26T11:26:37.403+0000] {logging_mixin.py:151} INFO - [2025-04-26T11:26:37.403+0000] {dag.py:2907} INFO - Sync 1 DAGs
[2025-04-26T11:26:37.422+0000] {logging_mixin.py:151} INFO - [2025-04-26T11:26:37.422+0000] {dag.py:3677} INFO - Setting next_dagrun for user_automation to 2025-04-26T00:00:00+00:00, run_after=2025-04-27T00:00:00+00:00
[2025-04-26T11:26:37.441+0000] {processor.py:179} INFO - Processing /opt/airflow/dags/kafka_stream.py took 0.091 seconds
[2025-04-26T11:27:07.639+0000] {processor.py:157} INFO - Started process (PID=548) to work on /opt/airflow/dags/kafka_stream.py
[2025-04-26T11:27:07.640+0000] {processor.py:829} INFO - Processing file /opt/airflow/dags/kafka_stream.py for tasks to queue
[2025-04-26T11:27:07.641+0000] {logging_mixin.py:151} INFO - [2025-04-26T11:27:07.641+0000] {dagbag.py:539} INFO - Filling up the DagBag from /opt/airflow/dags/kafka_stream.py
[2025-04-26T11:27:07.670+0000] {processor.py:839} INFO - DAG(s) dict_keys(['user_automation']) retrieved from /opt/airflow/dags/kafka_stream.py
[2025-04-26T11:27:07.691+0000] {logging_mixin.py:151} INFO - [2025-04-26T11:27:07.691+0000] {dag.py:2907} INFO - Sync 1 DAGs
[2025-04-26T11:27:07.712+0000] {logging_mixin.py:151} INFO - [2025-04-26T11:27:07.712+0000] {dag.py:3677} INFO - Setting next_dagrun for user_automation to 2025-04-26T00:00:00+00:00, run_after=2025-04-27T00:00:00+00:00
[2025-04-26T11:27:07.729+0000] {processor.py:179} INFO - Processing /opt/airflow/dags/kafka_stream.py took 0.093 seconds
[2025-04-26T11:27:37.929+0000] {processor.py:157} INFO - Started process (PID=549) to work on /opt/airflow/dags/kafka_stream.py
[2025-04-26T11:27:37.931+0000] {processor.py:829} INFO - Processing file /opt/airflow/dags/kafka_stream.py for tasks to queue
[2025-04-26T11:27:37.932+0000] {logging_mixin.py:151} INFO - [2025-04-26T11:27:37.932+0000] {dagbag.py:539} INFO - Filling up the DagBag from /opt/airflow/dags/kafka_stream.py
[2025-04-26T11:27:37.969+0000] {processor.py:839} INFO - DAG(s) dict_keys(['user_automation']) retrieved from /opt/airflow/dags/kafka_stream.py
[2025-04-26T11:27:37.991+0000] {logging_mixin.py:151} INFO - [2025-04-26T11:27:37.990+0000] {dag.py:2907} INFO - Sync 1 DAGs
[2025-04-26T11:27:38.008+0000] {logging_mixin.py:151} INFO - [2025-04-26T11:27:38.007+0000] {dag.py:3677} INFO - Setting next_dagrun for user_automation to 2025-04-26T00:00:00+00:00, run_after=2025-04-27T00:00:00+00:00
[2025-04-26T11:27:38.028+0000] {processor.py:179} INFO - Processing /opt/airflow/dags/kafka_stream.py took 0.102 seconds
[2025-04-26T11:28:08.325+0000] {processor.py:157} INFO - Started process (PID=550) to work on /opt/airflow/dags/kafka_stream.py
[2025-04-26T11:28:08.327+0000] {processor.py:829} INFO - Processing file /opt/airflow/dags/kafka_stream.py for tasks to queue
[2025-04-26T11:28:08.328+0000] {logging_mixin.py:151} INFO - [2025-04-26T11:28:08.328+0000] {dagbag.py:539} INFO - Filling up the DagBag from /opt/airflow/dags/kafka_stream.py
[2025-04-26T11:28:08.364+0000] {processor.py:839} INFO - DAG(s) dict_keys(['user_automation']) retrieved from /opt/airflow/dags/kafka_stream.py
[2025-04-26T11:28:08.386+0000] {logging_mixin.py:151} INFO - [2025-04-26T11:28:08.386+0000] {dag.py:2907} INFO - Sync 1 DAGs
[2025-04-26T11:28:08.404+0000] {logging_mixin.py:151} INFO - [2025-04-26T11:28:08.403+0000] {dag.py:3677} INFO - Setting next_dagrun for user_automation to 2025-04-26T00:00:00+00:00, run_after=2025-04-27T00:00:00+00:00
[2025-04-26T11:28:08.430+0000] {processor.py:179} INFO - Processing /opt/airflow/dags/kafka_stream.py took 0.108 seconds
[2025-04-26T11:28:38.611+0000] {processor.py:157} INFO - Started process (PID=551) to work on /opt/airflow/dags/kafka_stream.py
[2025-04-26T11:28:38.613+0000] {processor.py:829} INFO - Processing file /opt/airflow/dags/kafka_stream.py for tasks to queue
[2025-04-26T11:28:38.614+0000] {logging_mixin.py:151} INFO - [2025-04-26T11:28:38.614+0000] {dagbag.py:539} INFO - Filling up the DagBag from /opt/airflow/dags/kafka_stream.py
[2025-04-26T11:28:38.653+0000] {processor.py:839} INFO - DAG(s) dict_keys(['user_automation']) retrieved from /opt/airflow/dags/kafka_stream.py
[2025-04-26T11:28:38.674+0000] {logging_mixin.py:151} INFO - [2025-04-26T11:28:38.674+0000] {dag.py:2907} INFO - Sync 1 DAGs
[2025-04-26T11:28:38.695+0000] {logging_mixin.py:151} INFO - [2025-04-26T11:28:38.695+0000] {dag.py:3677} INFO - Setting next_dagrun for user_automation to 2025-04-26T00:00:00+00:00, run_after=2025-04-27T00:00:00+00:00
[2025-04-26T11:28:38.715+0000] {processor.py:179} INFO - Processing /opt/airflow/dags/kafka_stream.py took 0.106 seconds
[2025-04-26T11:29:08.929+0000] {processor.py:157} INFO - Started process (PID=552) to work on /opt/airflow/dags/kafka_stream.py
[2025-04-26T11:29:08.930+0000] {processor.py:829} INFO - Processing file /opt/airflow/dags/kafka_stream.py for tasks to queue
[2025-04-26T11:29:08.931+0000] {logging_mixin.py:151} INFO - [2025-04-26T11:29:08.931+0000] {dagbag.py:539} INFO - Filling up the DagBag from /opt/airflow/dags/kafka_stream.py
[2025-04-26T11:29:08.959+0000] {processor.py:839} INFO - DAG(s) dict_keys(['user_automation']) retrieved from /opt/airflow/dags/kafka_stream.py
[2025-04-26T11:29:08.978+0000] {logging_mixin.py:151} INFO - [2025-04-26T11:29:08.978+0000] {dag.py:2907} INFO - Sync 1 DAGs
[2025-04-26T11:29:08.998+0000] {logging_mixin.py:151} INFO - [2025-04-26T11:29:08.997+0000] {dag.py:3677} INFO - Setting next_dagrun for user_automation to 2025-04-26T00:00:00+00:00, run_after=2025-04-27T00:00:00+00:00
[2025-04-26T11:29:09.015+0000] {processor.py:179} INFO - Processing /opt/airflow/dags/kafka_stream.py took 0.089 seconds
[2025-04-26T11:29:39.210+0000] {processor.py:157} INFO - Started process (PID=553) to work on /opt/airflow/dags/kafka_stream.py
[2025-04-26T11:29:39.211+0000] {processor.py:829} INFO - Processing file /opt/airflow/dags/kafka_stream.py for tasks to queue
[2025-04-26T11:29:39.213+0000] {logging_mixin.py:151} INFO - [2025-04-26T11:29:39.213+0000] {dagbag.py:539} INFO - Filling up the DagBag from /opt/airflow/dags/kafka_stream.py
[2025-04-26T11:29:39.247+0000] {processor.py:839} INFO - DAG(s) dict_keys(['user_automation']) retrieved from /opt/airflow/dags/kafka_stream.py
[2025-04-26T11:29:39.269+0000] {logging_mixin.py:151} INFO - [2025-04-26T11:29:39.269+0000] {dag.py:2907} INFO - Sync 1 DAGs
[2025-04-26T11:29:39.287+0000] {logging_mixin.py:151} INFO - [2025-04-26T11:29:39.287+0000] {dag.py:3677} INFO - Setting next_dagrun for user_automation to 2025-04-26T00:00:00+00:00, run_after=2025-04-27T00:00:00+00:00
[2025-04-26T11:29:39.310+0000] {processor.py:179} INFO - Processing /opt/airflow/dags/kafka_stream.py took 0.103 seconds
[2025-04-26T11:30:09.525+0000] {processor.py:157} INFO - Started process (PID=554) to work on /opt/airflow/dags/kafka_stream.py
[2025-04-26T11:30:09.526+0000] {processor.py:829} INFO - Processing file /opt/airflow/dags/kafka_stream.py for tasks to queue
[2025-04-26T11:30:09.527+0000] {logging_mixin.py:151} INFO - [2025-04-26T11:30:09.527+0000] {dagbag.py:539} INFO - Filling up the DagBag from /opt/airflow/dags/kafka_stream.py
[2025-04-26T11:30:09.562+0000] {processor.py:839} INFO - DAG(s) dict_keys(['user_automation']) retrieved from /opt/airflow/dags/kafka_stream.py
[2025-04-26T11:30:09.585+0000] {logging_mixin.py:151} INFO - [2025-04-26T11:30:09.584+0000] {dag.py:2907} INFO - Sync 1 DAGs
[2025-04-26T11:30:09.605+0000] {logging_mixin.py:151} INFO - [2025-04-26T11:30:09.605+0000] {dag.py:3677} INFO - Setting next_dagrun for user_automation to 2025-04-26T00:00:00+00:00, run_after=2025-04-27T00:00:00+00:00
[2025-04-26T11:30:09.633+0000] {processor.py:179} INFO - Processing /opt/airflow/dags/kafka_stream.py took 0.111 seconds
[2025-04-26T11:30:39.859+0000] {processor.py:157} INFO - Started process (PID=555) to work on /opt/airflow/dags/kafka_stream.py
[2025-04-26T11:30:39.860+0000] {processor.py:829} INFO - Processing file /opt/airflow/dags/kafka_stream.py for tasks to queue
[2025-04-26T11:30:39.862+0000] {logging_mixin.py:151} INFO - [2025-04-26T11:30:39.861+0000] {dagbag.py:539} INFO - Filling up the DagBag from /opt/airflow/dags/kafka_stream.py
[2025-04-26T11:30:39.890+0000] {processor.py:839} INFO - DAG(s) dict_keys(['user_automation']) retrieved from /opt/airflow/dags/kafka_stream.py
[2025-04-26T11:30:39.909+0000] {logging_mixin.py:151} INFO - [2025-04-26T11:30:39.909+0000] {dag.py:2907} INFO - Sync 1 DAGs
[2025-04-26T11:30:39.926+0000] {logging_mixin.py:151} INFO - [2025-04-26T11:30:39.926+0000] {dag.py:3677} INFO - Setting next_dagrun for user_automation to 2025-04-26T00:00:00+00:00, run_after=2025-04-27T00:00:00+00:00
[2025-04-26T11:30:39.956+0000] {processor.py:179} INFO - Processing /opt/airflow/dags/kafka_stream.py took 0.102 seconds
[2025-04-26T11:31:10.188+0000] {processor.py:157} INFO - Started process (PID=556) to work on /opt/airflow/dags/kafka_stream.py
[2025-04-26T11:31:10.190+0000] {processor.py:829} INFO - Processing file /opt/airflow/dags/kafka_stream.py for tasks to queue
[2025-04-26T11:31:10.191+0000] {logging_mixin.py:151} INFO - [2025-04-26T11:31:10.191+0000] {dagbag.py:539} INFO - Filling up the DagBag from /opt/airflow/dags/kafka_stream.py
[2025-04-26T11:31:10.228+0000] {processor.py:839} INFO - DAG(s) dict_keys(['user_automation']) retrieved from /opt/airflow/dags/kafka_stream.py
[2025-04-26T11:31:10.248+0000] {logging_mixin.py:151} INFO - [2025-04-26T11:31:10.248+0000] {dag.py:2907} INFO - Sync 1 DAGs
[2025-04-26T11:31:10.264+0000] {logging_mixin.py:151} INFO - [2025-04-26T11:31:10.264+0000] {dag.py:3677} INFO - Setting next_dagrun for user_automation to 2025-04-26T00:00:00+00:00, run_after=2025-04-27T00:00:00+00:00
[2025-04-26T11:31:10.284+0000] {processor.py:179} INFO - Processing /opt/airflow/dags/kafka_stream.py took 0.099 seconds
[2025-04-26T11:31:40.475+0000] {processor.py:157} INFO - Started process (PID=557) to work on /opt/airflow/dags/kafka_stream.py
[2025-04-26T11:31:40.477+0000] {processor.py:829} INFO - Processing file /opt/airflow/dags/kafka_stream.py for tasks to queue
[2025-04-26T11:31:40.478+0000] {logging_mixin.py:151} INFO - [2025-04-26T11:31:40.478+0000] {dagbag.py:539} INFO - Filling up the DagBag from /opt/airflow/dags/kafka_stream.py
[2025-04-26T11:31:40.511+0000] {processor.py:839} INFO - DAG(s) dict_keys(['user_automation']) retrieved from /opt/airflow/dags/kafka_stream.py
[2025-04-26T11:31:40.530+0000] {logging_mixin.py:151} INFO - [2025-04-26T11:31:40.530+0000] {dag.py:2907} INFO - Sync 1 DAGs
[2025-04-26T11:31:40.547+0000] {logging_mixin.py:151} INFO - [2025-04-26T11:31:40.547+0000] {dag.py:3677} INFO - Setting next_dagrun for user_automation to 2025-04-26T00:00:00+00:00, run_after=2025-04-27T00:00:00+00:00
[2025-04-26T11:31:40.576+0000] {processor.py:179} INFO - Processing /opt/airflow/dags/kafka_stream.py took 0.105 seconds
[2025-04-26T11:32:10.794+0000] {processor.py:157} INFO - Started process (PID=558) to work on /opt/airflow/dags/kafka_stream.py
[2025-04-26T11:32:10.795+0000] {processor.py:829} INFO - Processing file /opt/airflow/dags/kafka_stream.py for tasks to queue
[2025-04-26T11:32:10.796+0000] {logging_mixin.py:151} INFO - [2025-04-26T11:32:10.796+0000] {dagbag.py:539} INFO - Filling up the DagBag from /opt/airflow/dags/kafka_stream.py
[2025-04-26T11:32:10.839+0000] {processor.py:839} INFO - DAG(s) dict_keys(['user_automation']) retrieved from /opt/airflow/dags/kafka_stream.py
[2025-04-26T11:32:10.864+0000] {logging_mixin.py:151} INFO - [2025-04-26T11:32:10.863+0000] {dag.py:2907} INFO - Sync 1 DAGs
[2025-04-26T11:32:10.888+0000] {logging_mixin.py:151} INFO - [2025-04-26T11:32:10.888+0000] {dag.py:3677} INFO - Setting next_dagrun for user_automation to 2025-04-26T00:00:00+00:00, run_after=2025-04-27T00:00:00+00:00
[2025-04-26T11:32:10.921+0000] {processor.py:179} INFO - Processing /opt/airflow/dags/kafka_stream.py took 0.130 seconds
[2025-04-26T11:32:41.079+0000] {processor.py:157} INFO - Started process (PID=559) to work on /opt/airflow/dags/kafka_stream.py
[2025-04-26T11:32:41.080+0000] {processor.py:829} INFO - Processing file /opt/airflow/dags/kafka_stream.py for tasks to queue
[2025-04-26T11:32:41.081+0000] {logging_mixin.py:151} INFO - [2025-04-26T11:32:41.081+0000] {dagbag.py:539} INFO - Filling up the DagBag from /opt/airflow/dags/kafka_stream.py
[2025-04-26T11:32:41.105+0000] {processor.py:839} INFO - DAG(s) dict_keys(['user_automation']) retrieved from /opt/airflow/dags/kafka_stream.py
[2025-04-26T11:32:41.126+0000] {logging_mixin.py:151} INFO - [2025-04-26T11:32:41.126+0000] {dag.py:2907} INFO - Sync 1 DAGs
[2025-04-26T11:32:41.144+0000] {logging_mixin.py:151} INFO - [2025-04-26T11:32:41.144+0000] {dag.py:3677} INFO - Setting next_dagrun for user_automation to 2025-04-26T00:00:00+00:00, run_after=2025-04-27T00:00:00+00:00
[2025-04-26T11:32:41.174+0000] {processor.py:179} INFO - Processing /opt/airflow/dags/kafka_stream.py took 0.097 seconds
[2025-04-26T11:33:11.519+0000] {processor.py:157} INFO - Started process (PID=560) to work on /opt/airflow/dags/kafka_stream.py
[2025-04-26T11:33:11.521+0000] {processor.py:829} INFO - Processing file /opt/airflow/dags/kafka_stream.py for tasks to queue
[2025-04-26T11:33:11.522+0000] {logging_mixin.py:151} INFO - [2025-04-26T11:33:11.522+0000] {dagbag.py:539} INFO - Filling up the DagBag from /opt/airflow/dags/kafka_stream.py
[2025-04-26T11:33:11.548+0000] {processor.py:839} INFO - DAG(s) dict_keys(['user_automation']) retrieved from /opt/airflow/dags/kafka_stream.py
[2025-04-26T11:33:11.570+0000] {logging_mixin.py:151} INFO - [2025-04-26T11:33:11.570+0000] {dag.py:2907} INFO - Sync 1 DAGs
[2025-04-26T11:33:11.588+0000] {logging_mixin.py:151} INFO - [2025-04-26T11:33:11.588+0000] {dag.py:3677} INFO - Setting next_dagrun for user_automation to 2025-04-26T00:00:00+00:00, run_after=2025-04-27T00:00:00+00:00
[2025-04-26T11:33:11.611+0000] {processor.py:179} INFO - Processing /opt/airflow/dags/kafka_stream.py took 0.095 seconds
[2025-04-26T11:33:41.785+0000] {processor.py:157} INFO - Started process (PID=561) to work on /opt/airflow/dags/kafka_stream.py
[2025-04-26T11:33:41.786+0000] {processor.py:829} INFO - Processing file /opt/airflow/dags/kafka_stream.py for tasks to queue
[2025-04-26T11:33:41.788+0000] {logging_mixin.py:151} INFO - [2025-04-26T11:33:41.787+0000] {dagbag.py:539} INFO - Filling up the DagBag from /opt/airflow/dags/kafka_stream.py
[2025-04-26T11:33:41.825+0000] {processor.py:839} INFO - DAG(s) dict_keys(['user_automation']) retrieved from /opt/airflow/dags/kafka_stream.py
[2025-04-26T11:33:41.847+0000] {logging_mixin.py:151} INFO - [2025-04-26T11:33:41.847+0000] {dag.py:2907} INFO - Sync 1 DAGs
[2025-04-26T11:33:41.866+0000] {logging_mixin.py:151} INFO - [2025-04-26T11:33:41.866+0000] {dag.py:3677} INFO - Setting next_dagrun for user_automation to 2025-04-26T00:00:00+00:00, run_after=2025-04-27T00:00:00+00:00
[2025-04-26T11:33:41.891+0000] {processor.py:179} INFO - Processing /opt/airflow/dags/kafka_stream.py took 0.109 seconds
[2025-04-26T11:34:12.125+0000] {processor.py:157} INFO - Started process (PID=562) to work on /opt/airflow/dags/kafka_stream.py
[2025-04-26T11:34:12.126+0000] {processor.py:829} INFO - Processing file /opt/airflow/dags/kafka_stream.py for tasks to queue
[2025-04-26T11:34:12.128+0000] {logging_mixin.py:151} INFO - [2025-04-26T11:34:12.127+0000] {dagbag.py:539} INFO - Filling up the DagBag from /opt/airflow/dags/kafka_stream.py
[2025-04-26T11:34:12.161+0000] {processor.py:839} INFO - DAG(s) dict_keys(['user_automation']) retrieved from /opt/airflow/dags/kafka_stream.py
[2025-04-26T11:34:12.182+0000] {logging_mixin.py:151} INFO - [2025-04-26T11:34:12.182+0000] {dag.py:2907} INFO - Sync 1 DAGs
[2025-04-26T11:34:12.202+0000] {logging_mixin.py:151} INFO - [2025-04-26T11:34:12.202+0000] {dag.py:3677} INFO - Setting next_dagrun for user_automation to 2025-04-26T00:00:00+00:00, run_after=2025-04-27T00:00:00+00:00
[2025-04-26T11:34:12.229+0000] {processor.py:179} INFO - Processing /opt/airflow/dags/kafka_stream.py took 0.107 seconds
[2025-04-26T11:34:42.389+0000] {processor.py:157} INFO - Started process (PID=563) to work on /opt/airflow/dags/kafka_stream.py
[2025-04-26T11:34:42.390+0000] {processor.py:829} INFO - Processing file /opt/airflow/dags/kafka_stream.py for tasks to queue
[2025-04-26T11:34:42.391+0000] {logging_mixin.py:151} INFO - [2025-04-26T11:34:42.391+0000] {dagbag.py:539} INFO - Filling up the DagBag from /opt/airflow/dags/kafka_stream.py
[2025-04-26T11:34:42.418+0000] {processor.py:839} INFO - DAG(s) dict_keys(['user_automation']) retrieved from /opt/airflow/dags/kafka_stream.py
[2025-04-26T11:34:42.439+0000] {logging_mixin.py:151} INFO - [2025-04-26T11:34:42.439+0000] {dag.py:2907} INFO - Sync 1 DAGs
[2025-04-26T11:34:42.458+0000] {logging_mixin.py:151} INFO - [2025-04-26T11:34:42.458+0000] {dag.py:3677} INFO - Setting next_dagrun for user_automation to 2025-04-26T00:00:00+00:00, run_after=2025-04-27T00:00:00+00:00
[2025-04-26T11:34:42.478+0000] {processor.py:179} INFO - Processing /opt/airflow/dags/kafka_stream.py took 0.092 seconds
[2025-04-26T11:35:12.777+0000] {processor.py:157} INFO - Started process (PID=564) to work on /opt/airflow/dags/kafka_stream.py
[2025-04-26T11:35:12.779+0000] {processor.py:829} INFO - Processing file /opt/airflow/dags/kafka_stream.py for tasks to queue
[2025-04-26T11:35:12.780+0000] {logging_mixin.py:151} INFO - [2025-04-26T11:35:12.780+0000] {dagbag.py:539} INFO - Filling up the DagBag from /opt/airflow/dags/kafka_stream.py
[2025-04-26T11:35:12.824+0000] {processor.py:839} INFO - DAG(s) dict_keys(['user_automation']) retrieved from /opt/airflow/dags/kafka_stream.py
[2025-04-26T11:35:12.848+0000] {logging_mixin.py:151} INFO - [2025-04-26T11:35:12.848+0000] {dag.py:2907} INFO - Sync 1 DAGs
[2025-04-26T11:35:12.868+0000] {logging_mixin.py:151} INFO - [2025-04-26T11:35:12.867+0000] {dag.py:3677} INFO - Setting next_dagrun for user_automation to 2025-04-26T00:00:00+00:00, run_after=2025-04-27T00:00:00+00:00
[2025-04-26T11:35:12.888+0000] {processor.py:179} INFO - Processing /opt/airflow/dags/kafka_stream.py took 0.113 seconds
[2025-04-26T11:35:43.062+0000] {processor.py:157} INFO - Started process (PID=565) to work on /opt/airflow/dags/kafka_stream.py
[2025-04-26T11:35:43.063+0000] {processor.py:829} INFO - Processing file /opt/airflow/dags/kafka_stream.py for tasks to queue
[2025-04-26T11:35:43.064+0000] {logging_mixin.py:151} INFO - [2025-04-26T11:35:43.064+0000] {dagbag.py:539} INFO - Filling up the DagBag from /opt/airflow/dags/kafka_stream.py
[2025-04-26T11:35:43.097+0000] {processor.py:839} INFO - DAG(s) dict_keys(['user_automation']) retrieved from /opt/airflow/dags/kafka_stream.py
[2025-04-26T11:35:43.124+0000] {logging_mixin.py:151} INFO - [2025-04-26T11:35:43.124+0000] {dag.py:2907} INFO - Sync 1 DAGs
[2025-04-26T11:35:43.144+0000] {logging_mixin.py:151} INFO - [2025-04-26T11:35:43.143+0000] {dag.py:3677} INFO - Setting next_dagrun for user_automation to 2025-04-26T00:00:00+00:00, run_after=2025-04-27T00:00:00+00:00
[2025-04-26T11:35:43.165+0000] {processor.py:179} INFO - Processing /opt/airflow/dags/kafka_stream.py took 0.107 seconds
[2025-04-26T11:36:13.387+0000] {processor.py:157} INFO - Started process (PID=566) to work on /opt/airflow/dags/kafka_stream.py
[2025-04-26T11:36:13.388+0000] {processor.py:829} INFO - Processing file /opt/airflow/dags/kafka_stream.py for tasks to queue
[2025-04-26T11:36:13.389+0000] {logging_mixin.py:151} INFO - [2025-04-26T11:36:13.389+0000] {dagbag.py:539} INFO - Filling up the DagBag from /opt/airflow/dags/kafka_stream.py
[2025-04-26T11:36:13.424+0000] {processor.py:839} INFO - DAG(s) dict_keys(['user_automation']) retrieved from /opt/airflow/dags/kafka_stream.py
[2025-04-26T11:36:13.443+0000] {logging_mixin.py:151} INFO - [2025-04-26T11:36:13.443+0000] {dag.py:2907} INFO - Sync 1 DAGs
[2025-04-26T11:36:13.461+0000] {logging_mixin.py:151} INFO - [2025-04-26T11:36:13.461+0000] {dag.py:3677} INFO - Setting next_dagrun for user_automation to 2025-04-26T00:00:00+00:00, run_after=2025-04-27T00:00:00+00:00
[2025-04-26T11:36:13.490+0000] {processor.py:179} INFO - Processing /opt/airflow/dags/kafka_stream.py took 0.106 seconds
[2025-04-26T11:36:43.657+0000] {processor.py:157} INFO - Started process (PID=567) to work on /opt/airflow/dags/kafka_stream.py
[2025-04-26T11:36:43.659+0000] {processor.py:829} INFO - Processing file /opt/airflow/dags/kafka_stream.py for tasks to queue
[2025-04-26T11:36:43.660+0000] {logging_mixin.py:151} INFO - [2025-04-26T11:36:43.660+0000] {dagbag.py:539} INFO - Filling up the DagBag from /opt/airflow/dags/kafka_stream.py
[2025-04-26T11:36:43.703+0000] {processor.py:839} INFO - DAG(s) dict_keys(['user_automation']) retrieved from /opt/airflow/dags/kafka_stream.py
[2025-04-26T11:36:43.725+0000] {logging_mixin.py:151} INFO - [2025-04-26T11:36:43.724+0000] {dag.py:2907} INFO - Sync 1 DAGs
[2025-04-26T11:36:43.746+0000] {logging_mixin.py:151} INFO - [2025-04-26T11:36:43.746+0000] {dag.py:3677} INFO - Setting next_dagrun for user_automation to 2025-04-26T00:00:00+00:00, run_after=2025-04-27T00:00:00+00:00
[2025-04-26T11:36:43.773+0000] {processor.py:179} INFO - Processing /opt/airflow/dags/kafka_stream.py took 0.118 seconds
[2025-04-26T11:37:14.009+0000] {processor.py:157} INFO - Started process (PID=568) to work on /opt/airflow/dags/kafka_stream.py
[2025-04-26T11:37:14.010+0000] {processor.py:829} INFO - Processing file /opt/airflow/dags/kafka_stream.py for tasks to queue
[2025-04-26T11:37:14.012+0000] {logging_mixin.py:151} INFO - [2025-04-26T11:37:14.011+0000] {dagbag.py:539} INFO - Filling up the DagBag from /opt/airflow/dags/kafka_stream.py
[2025-04-26T11:37:14.040+0000] {processor.py:839} INFO - DAG(s) dict_keys(['user_automation']) retrieved from /opt/airflow/dags/kafka_stream.py
[2025-04-26T11:37:14.065+0000] {logging_mixin.py:151} INFO - [2025-04-26T11:37:14.064+0000] {dag.py:2907} INFO - Sync 1 DAGs
[2025-04-26T11:37:14.088+0000] {logging_mixin.py:151} INFO - [2025-04-26T11:37:14.088+0000] {dag.py:3677} INFO - Setting next_dagrun for user_automation to 2025-04-26T00:00:00+00:00, run_after=2025-04-27T00:00:00+00:00
[2025-04-26T11:37:14.119+0000] {processor.py:179} INFO - Processing /opt/airflow/dags/kafka_stream.py took 0.113 seconds
[2025-04-26T11:37:44.297+0000] {processor.py:157} INFO - Started process (PID=569) to work on /opt/airflow/dags/kafka_stream.py
[2025-04-26T11:37:44.298+0000] {processor.py:829} INFO - Processing file /opt/airflow/dags/kafka_stream.py for tasks to queue
[2025-04-26T11:37:44.299+0000] {logging_mixin.py:151} INFO - [2025-04-26T11:37:44.299+0000] {dagbag.py:539} INFO - Filling up the DagBag from /opt/airflow/dags/kafka_stream.py
[2025-04-26T11:37:44.333+0000] {processor.py:839} INFO - DAG(s) dict_keys(['user_automation']) retrieved from /opt/airflow/dags/kafka_stream.py
[2025-04-26T11:37:44.353+0000] {logging_mixin.py:151} INFO - [2025-04-26T11:37:44.353+0000] {dag.py:2907} INFO - Sync 1 DAGs
[2025-04-26T11:37:44.369+0000] {logging_mixin.py:151} INFO - [2025-04-26T11:37:44.369+0000] {dag.py:3677} INFO - Setting next_dagrun for user_automation to 2025-04-26T00:00:00+00:00, run_after=2025-04-27T00:00:00+00:00
[2025-04-26T11:37:44.388+0000] {processor.py:179} INFO - Processing /opt/airflow/dags/kafka_stream.py took 0.094 seconds
[2025-04-26T11:38:14.699+0000] {processor.py:157} INFO - Started process (PID=570) to work on /opt/airflow/dags/kafka_stream.py
[2025-04-26T11:38:14.701+0000] {processor.py:829} INFO - Processing file /opt/airflow/dags/kafka_stream.py for tasks to queue
[2025-04-26T11:38:14.702+0000] {logging_mixin.py:151} INFO - [2025-04-26T11:38:14.702+0000] {dagbag.py:539} INFO - Filling up the DagBag from /opt/airflow/dags/kafka_stream.py
[2025-04-26T11:38:14.736+0000] {processor.py:839} INFO - DAG(s) dict_keys(['user_automation']) retrieved from /opt/airflow/dags/kafka_stream.py
[2025-04-26T11:38:14.757+0000] {logging_mixin.py:151} INFO - [2025-04-26T11:38:14.757+0000] {dag.py:2907} INFO - Sync 1 DAGs
[2025-04-26T11:38:14.775+0000] {logging_mixin.py:151} INFO - [2025-04-26T11:38:14.775+0000] {dag.py:3677} INFO - Setting next_dagrun for user_automation to 2025-04-26T00:00:00+00:00, run_after=2025-04-27T00:00:00+00:00
[2025-04-26T11:38:14.793+0000] {processor.py:179} INFO - Processing /opt/airflow/dags/kafka_stream.py took 0.097 seconds
[2025-04-26T11:38:44.931+0000] {processor.py:157} INFO - Started process (PID=571) to work on /opt/airflow/dags/kafka_stream.py
[2025-04-26T11:38:44.932+0000] {processor.py:829} INFO - Processing file /opt/airflow/dags/kafka_stream.py for tasks to queue
[2025-04-26T11:38:44.933+0000] {logging_mixin.py:151} INFO - [2025-04-26T11:38:44.933+0000] {dagbag.py:539} INFO - Filling up the DagBag from /opt/airflow/dags/kafka_stream.py
[2025-04-26T11:38:44.963+0000] {processor.py:839} INFO - DAG(s) dict_keys(['user_automation']) retrieved from /opt/airflow/dags/kafka_stream.py
[2025-04-26T11:38:44.988+0000] {logging_mixin.py:151} INFO - [2025-04-26T11:38:44.988+0000] {dag.py:2907} INFO - Sync 1 DAGs
[2025-04-26T11:38:45.007+0000] {logging_mixin.py:151} INFO - [2025-04-26T11:38:45.007+0000] {dag.py:3677} INFO - Setting next_dagrun for user_automation to 2025-04-26T00:00:00+00:00, run_after=2025-04-27T00:00:00+00:00
[2025-04-26T11:38:45.026+0000] {processor.py:179} INFO - Processing /opt/airflow/dags/kafka_stream.py took 0.098 seconds
[2025-04-26T11:39:15.255+0000] {processor.py:157} INFO - Started process (PID=572) to work on /opt/airflow/dags/kafka_stream.py
[2025-04-26T11:39:15.256+0000] {processor.py:829} INFO - Processing file /opt/airflow/dags/kafka_stream.py for tasks to queue
[2025-04-26T11:39:15.258+0000] {logging_mixin.py:151} INFO - [2025-04-26T11:39:15.258+0000] {dagbag.py:539} INFO - Filling up the DagBag from /opt/airflow/dags/kafka_stream.py
[2025-04-26T11:39:15.303+0000] {processor.py:839} INFO - DAG(s) dict_keys(['user_automation']) retrieved from /opt/airflow/dags/kafka_stream.py
[2025-04-26T11:39:15.329+0000] {logging_mixin.py:151} INFO - [2025-04-26T11:39:15.328+0000] {dag.py:2907} INFO - Sync 1 DAGs
[2025-04-26T11:39:15.348+0000] {logging_mixin.py:151} INFO - [2025-04-26T11:39:15.348+0000] {dag.py:3677} INFO - Setting next_dagrun for user_automation to 2025-04-26T00:00:00+00:00, run_after=2025-04-27T00:00:00+00:00
[2025-04-26T11:39:15.369+0000] {processor.py:179} INFO - Processing /opt/airflow/dags/kafka_stream.py took 0.117 seconds
[2025-04-26T11:39:45.478+0000] {processor.py:157} INFO - Started process (PID=573) to work on /opt/airflow/dags/kafka_stream.py
[2025-04-26T11:39:45.479+0000] {processor.py:829} INFO - Processing file /opt/airflow/dags/kafka_stream.py for tasks to queue
[2025-04-26T11:39:45.480+0000] {logging_mixin.py:151} INFO - [2025-04-26T11:39:45.480+0000] {dagbag.py:539} INFO - Filling up the DagBag from /opt/airflow/dags/kafka_stream.py
[2025-04-26T11:39:45.508+0000] {processor.py:839} INFO - DAG(s) dict_keys(['user_automation']) retrieved from /opt/airflow/dags/kafka_stream.py
[2025-04-26T11:39:45.527+0000] {logging_mixin.py:151} INFO - [2025-04-26T11:39:45.527+0000] {dag.py:2907} INFO - Sync 1 DAGs
[2025-04-26T11:39:45.543+0000] {logging_mixin.py:151} INFO - [2025-04-26T11:39:45.543+0000] {dag.py:3677} INFO - Setting next_dagrun for user_automation to 2025-04-26T00:00:00+00:00, run_after=2025-04-27T00:00:00+00:00
[2025-04-26T11:39:45.562+0000] {processor.py:179} INFO - Processing /opt/airflow/dags/kafka_stream.py took 0.087 seconds
[2025-04-26T11:40:15.727+0000] {processor.py:157} INFO - Started process (PID=574) to work on /opt/airflow/dags/kafka_stream.py
[2025-04-26T11:40:15.729+0000] {processor.py:829} INFO - Processing file /opt/airflow/dags/kafka_stream.py for tasks to queue
[2025-04-26T11:40:15.730+0000] {logging_mixin.py:151} INFO - [2025-04-26T11:40:15.730+0000] {dagbag.py:539} INFO - Filling up the DagBag from /opt/airflow/dags/kafka_stream.py
[2025-04-26T11:40:15.760+0000] {processor.py:839} INFO - DAG(s) dict_keys(['user_automation']) retrieved from /opt/airflow/dags/kafka_stream.py
[2025-04-26T11:40:15.781+0000] {logging_mixin.py:151} INFO - [2025-04-26T11:40:15.780+0000] {dag.py:2907} INFO - Sync 1 DAGs
[2025-04-26T11:40:15.795+0000] {logging_mixin.py:151} INFO - [2025-04-26T11:40:15.795+0000] {dag.py:3677} INFO - Setting next_dagrun for user_automation to 2025-04-26T00:00:00+00:00, run_after=2025-04-27T00:00:00+00:00
[2025-04-26T11:40:15.813+0000] {processor.py:179} INFO - Processing /opt/airflow/dags/kafka_stream.py took 0.088 seconds
[2025-04-26T11:40:46.110+0000] {processor.py:157} INFO - Started process (PID=575) to work on /opt/airflow/dags/kafka_stream.py
[2025-04-26T11:40:46.112+0000] {processor.py:829} INFO - Processing file /opt/airflow/dags/kafka_stream.py for tasks to queue
[2025-04-26T11:40:46.113+0000] {logging_mixin.py:151} INFO - [2025-04-26T11:40:46.112+0000] {dagbag.py:539} INFO - Filling up the DagBag from /opt/airflow/dags/kafka_stream.py
[2025-04-26T11:40:46.138+0000] {processor.py:839} INFO - DAG(s) dict_keys(['user_automation']) retrieved from /opt/airflow/dags/kafka_stream.py
[2025-04-26T11:40:46.160+0000] {logging_mixin.py:151} INFO - [2025-04-26T11:40:46.160+0000] {dag.py:2907} INFO - Sync 1 DAGs
[2025-04-26T11:40:46.176+0000] {logging_mixin.py:151} INFO - [2025-04-26T11:40:46.176+0000] {dag.py:3677} INFO - Setting next_dagrun for user_automation to 2025-04-26T00:00:00+00:00, run_after=2025-04-27T00:00:00+00:00
[2025-04-26T11:40:46.197+0000] {processor.py:179} INFO - Processing /opt/airflow/dags/kafka_stream.py took 0.089 seconds
[2025-04-26T11:41:16.391+0000] {processor.py:157} INFO - Started process (PID=576) to work on /opt/airflow/dags/kafka_stream.py
[2025-04-26T11:41:16.392+0000] {processor.py:829} INFO - Processing file /opt/airflow/dags/kafka_stream.py for tasks to queue
[2025-04-26T11:41:16.393+0000] {logging_mixin.py:151} INFO - [2025-04-26T11:41:16.393+0000] {dagbag.py:539} INFO - Filling up the DagBag from /opt/airflow/dags/kafka_stream.py
[2025-04-26T11:41:16.424+0000] {processor.py:839} INFO - DAG(s) dict_keys(['user_automation']) retrieved from /opt/airflow/dags/kafka_stream.py
[2025-04-26T11:41:16.444+0000] {logging_mixin.py:151} INFO - [2025-04-26T11:41:16.444+0000] {dag.py:2907} INFO - Sync 1 DAGs
[2025-04-26T11:41:16.462+0000] {logging_mixin.py:151} INFO - [2025-04-26T11:41:16.462+0000] {dag.py:3677} INFO - Setting next_dagrun for user_automation to 2025-04-26T00:00:00+00:00, run_after=2025-04-27T00:00:00+00:00
[2025-04-26T11:41:16.484+0000] {processor.py:179} INFO - Processing /opt/airflow/dags/kafka_stream.py took 0.096 seconds
[2025-04-26T11:41:46.737+0000] {processor.py:157} INFO - Started process (PID=577) to work on /opt/airflow/dags/kafka_stream.py
[2025-04-26T11:41:46.738+0000] {processor.py:829} INFO - Processing file /opt/airflow/dags/kafka_stream.py for tasks to queue
[2025-04-26T11:41:46.739+0000] {logging_mixin.py:151} INFO - [2025-04-26T11:41:46.739+0000] {dagbag.py:539} INFO - Filling up the DagBag from /opt/airflow/dags/kafka_stream.py
[2025-04-26T11:41:46.778+0000] {processor.py:839} INFO - DAG(s) dict_keys(['user_automation']) retrieved from /opt/airflow/dags/kafka_stream.py
[2025-04-26T11:41:46.809+0000] {logging_mixin.py:151} INFO - [2025-04-26T11:41:46.809+0000] {dag.py:2907} INFO - Sync 1 DAGs
[2025-04-26T11:41:46.830+0000] {logging_mixin.py:151} INFO - [2025-04-26T11:41:46.829+0000] {dag.py:3677} INFO - Setting next_dagrun for user_automation to 2025-04-26T00:00:00+00:00, run_after=2025-04-27T00:00:00+00:00
[2025-04-26T11:41:46.853+0000] {processor.py:179} INFO - Processing /opt/airflow/dags/kafka_stream.py took 0.119 seconds
[2025-04-26T11:42:17.014+0000] {processor.py:157} INFO - Started process (PID=578) to work on /opt/airflow/dags/kafka_stream.py
[2025-04-26T11:42:17.015+0000] {processor.py:829} INFO - Processing file /opt/airflow/dags/kafka_stream.py for tasks to queue
[2025-04-26T11:42:17.017+0000] {logging_mixin.py:151} INFO - [2025-04-26T11:42:17.016+0000] {dagbag.py:539} INFO - Filling up the DagBag from /opt/airflow/dags/kafka_stream.py
[2025-04-26T11:42:17.052+0000] {processor.py:839} INFO - DAG(s) dict_keys(['user_automation']) retrieved from /opt/airflow/dags/kafka_stream.py
[2025-04-26T11:42:17.072+0000] {logging_mixin.py:151} INFO - [2025-04-26T11:42:17.072+0000] {dag.py:2907} INFO - Sync 1 DAGs
[2025-04-26T11:42:17.091+0000] {logging_mixin.py:151} INFO - [2025-04-26T11:42:17.091+0000] {dag.py:3677} INFO - Setting next_dagrun for user_automation to 2025-04-26T00:00:00+00:00, run_after=2025-04-27T00:00:00+00:00
[2025-04-26T11:42:17.112+0000] {processor.py:179} INFO - Processing /opt/airflow/dags/kafka_stream.py took 0.102 seconds
[2025-04-26T11:42:47.376+0000] {processor.py:157} INFO - Started process (PID=579) to work on /opt/airflow/dags/kafka_stream.py
[2025-04-26T11:42:47.377+0000] {processor.py:829} INFO - Processing file /opt/airflow/dags/kafka_stream.py for tasks to queue
[2025-04-26T11:42:47.379+0000] {logging_mixin.py:151} INFO - [2025-04-26T11:42:47.379+0000] {dagbag.py:539} INFO - Filling up the DagBag from /opt/airflow/dags/kafka_stream.py
[2025-04-26T11:42:47.429+0000] {processor.py:839} INFO - DAG(s) dict_keys(['user_automation']) retrieved from /opt/airflow/dags/kafka_stream.py
[2025-04-26T11:42:47.458+0000] {logging_mixin.py:151} INFO - [2025-04-26T11:42:47.457+0000] {dag.py:2907} INFO - Sync 1 DAGs
[2025-04-26T11:42:47.478+0000] {logging_mixin.py:151} INFO - [2025-04-26T11:42:47.478+0000] {dag.py:3677} INFO - Setting next_dagrun for user_automation to 2025-04-26T00:00:00+00:00, run_after=2025-04-27T00:00:00+00:00
[2025-04-26T11:42:47.512+0000] {processor.py:179} INFO - Processing /opt/airflow/dags/kafka_stream.py took 0.141 seconds
[2025-04-26T11:43:17.644+0000] {processor.py:157} INFO - Started process (PID=580) to work on /opt/airflow/dags/kafka_stream.py
[2025-04-26T11:43:17.645+0000] {processor.py:829} INFO - Processing file /opt/airflow/dags/kafka_stream.py for tasks to queue
[2025-04-26T11:43:17.647+0000] {logging_mixin.py:151} INFO - [2025-04-26T11:43:17.646+0000] {dagbag.py:539} INFO - Filling up the DagBag from /opt/airflow/dags/kafka_stream.py
[2025-04-26T11:43:17.673+0000] {processor.py:839} INFO - DAG(s) dict_keys(['user_automation']) retrieved from /opt/airflow/dags/kafka_stream.py
[2025-04-26T11:43:17.694+0000] {logging_mixin.py:151} INFO - [2025-04-26T11:43:17.694+0000] {dag.py:2907} INFO - Sync 1 DAGs
[2025-04-26T11:43:17.711+0000] {logging_mixin.py:151} INFO - [2025-04-26T11:43:17.711+0000] {dag.py:3677} INFO - Setting next_dagrun for user_automation to 2025-04-26T00:00:00+00:00, run_after=2025-04-27T00:00:00+00:00
[2025-04-26T11:43:17.738+0000] {processor.py:179} INFO - Processing /opt/airflow/dags/kafka_stream.py took 0.097 seconds
[2025-04-26T11:43:47.900+0000] {processor.py:157} INFO - Started process (PID=581) to work on /opt/airflow/dags/kafka_stream.py
[2025-04-26T11:43:47.901+0000] {processor.py:829} INFO - Processing file /opt/airflow/dags/kafka_stream.py for tasks to queue
[2025-04-26T11:43:47.902+0000] {logging_mixin.py:151} INFO - [2025-04-26T11:43:47.902+0000] {dagbag.py:539} INFO - Filling up the DagBag from /opt/airflow/dags/kafka_stream.py
[2025-04-26T11:43:47.931+0000] {processor.py:839} INFO - DAG(s) dict_keys(['user_automation']) retrieved from /opt/airflow/dags/kafka_stream.py
[2025-04-26T11:43:47.951+0000] {logging_mixin.py:151} INFO - [2025-04-26T11:43:47.951+0000] {dag.py:2907} INFO - Sync 1 DAGs
[2025-04-26T11:43:47.968+0000] {logging_mixin.py:151} INFO - [2025-04-26T11:43:47.968+0000] {dag.py:3677} INFO - Setting next_dagrun for user_automation to 2025-04-26T00:00:00+00:00, run_after=2025-04-27T00:00:00+00:00
[2025-04-26T11:43:47.994+0000] {processor.py:179} INFO - Processing /opt/airflow/dags/kafka_stream.py took 0.098 seconds
[2025-04-26T11:44:18.251+0000] {processor.py:157} INFO - Started process (PID=582) to work on /opt/airflow/dags/kafka_stream.py
[2025-04-26T11:44:18.253+0000] {processor.py:829} INFO - Processing file /opt/airflow/dags/kafka_stream.py for tasks to queue
[2025-04-26T11:44:18.254+0000] {logging_mixin.py:151} INFO - [2025-04-26T11:44:18.254+0000] {dagbag.py:539} INFO - Filling up the DagBag from /opt/airflow/dags/kafka_stream.py
[2025-04-26T11:44:18.287+0000] {processor.py:839} INFO - DAG(s) dict_keys(['user_automation']) retrieved from /opt/airflow/dags/kafka_stream.py
[2025-04-26T11:44:18.307+0000] {logging_mixin.py:151} INFO - [2025-04-26T11:44:18.307+0000] {dag.py:2907} INFO - Sync 1 DAGs
[2025-04-26T11:44:18.325+0000] {logging_mixin.py:151} INFO - [2025-04-26T11:44:18.325+0000] {dag.py:3677} INFO - Setting next_dagrun for user_automation to 2025-04-26T00:00:00+00:00, run_after=2025-04-27T00:00:00+00:00
[2025-04-26T11:44:18.345+0000] {processor.py:179} INFO - Processing /opt/airflow/dags/kafka_stream.py took 0.096 seconds
[2025-04-26T11:44:48.488+0000] {processor.py:157} INFO - Started process (PID=583) to work on /opt/airflow/dags/kafka_stream.py
[2025-04-26T11:44:48.489+0000] {processor.py:829} INFO - Processing file /opt/airflow/dags/kafka_stream.py for tasks to queue
[2025-04-26T11:44:48.491+0000] {logging_mixin.py:151} INFO - [2025-04-26T11:44:48.490+0000] {dagbag.py:539} INFO - Filling up the DagBag from /opt/airflow/dags/kafka_stream.py
[2025-04-26T11:44:48.522+0000] {processor.py:839} INFO - DAG(s) dict_keys(['user_automation']) retrieved from /opt/airflow/dags/kafka_stream.py
[2025-04-26T11:44:48.545+0000] {logging_mixin.py:151} INFO - [2025-04-26T11:44:48.544+0000] {dag.py:2907} INFO - Sync 1 DAGs
[2025-04-26T11:44:48.566+0000] {logging_mixin.py:151} INFO - [2025-04-26T11:44:48.566+0000] {dag.py:3677} INFO - Setting next_dagrun for user_automation to 2025-04-26T00:00:00+00:00, run_after=2025-04-27T00:00:00+00:00
[2025-04-26T11:44:48.586+0000] {processor.py:179} INFO - Processing /opt/airflow/dags/kafka_stream.py took 0.101 seconds
[2025-04-26T11:45:18.808+0000] {processor.py:157} INFO - Started process (PID=584) to work on /opt/airflow/dags/kafka_stream.py
[2025-04-26T11:45:18.809+0000] {processor.py:829} INFO - Processing file /opt/airflow/dags/kafka_stream.py for tasks to queue
[2025-04-26T11:45:18.810+0000] {logging_mixin.py:151} INFO - [2025-04-26T11:45:18.810+0000] {dagbag.py:539} INFO - Filling up the DagBag from /opt/airflow/dags/kafka_stream.py
[2025-04-26T11:45:18.850+0000] {processor.py:839} INFO - DAG(s) dict_keys(['user_automation']) retrieved from /opt/airflow/dags/kafka_stream.py
[2025-04-26T11:45:18.874+0000] {logging_mixin.py:151} INFO - [2025-04-26T11:45:18.874+0000] {dag.py:2907} INFO - Sync 1 DAGs
[2025-04-26T11:45:18.893+0000] {logging_mixin.py:151} INFO - [2025-04-26T11:45:18.893+0000] {dag.py:3677} INFO - Setting next_dagrun for user_automation to 2025-04-26T00:00:00+00:00, run_after=2025-04-27T00:00:00+00:00
[2025-04-26T11:45:18.913+0000] {processor.py:179} INFO - Processing /opt/airflow/dags/kafka_stream.py took 0.109 seconds
[2025-04-26T11:45:49.053+0000] {processor.py:157} INFO - Started process (PID=585) to work on /opt/airflow/dags/kafka_stream.py
[2025-04-26T11:45:49.054+0000] {processor.py:829} INFO - Processing file /opt/airflow/dags/kafka_stream.py for tasks to queue
[2025-04-26T11:45:49.055+0000] {logging_mixin.py:151} INFO - [2025-04-26T11:45:49.055+0000] {dagbag.py:539} INFO - Filling up the DagBag from /opt/airflow/dags/kafka_stream.py
[2025-04-26T11:45:49.084+0000] {processor.py:839} INFO - DAG(s) dict_keys(['user_automation']) retrieved from /opt/airflow/dags/kafka_stream.py
[2025-04-26T11:45:49.105+0000] {logging_mixin.py:151} INFO - [2025-04-26T11:45:49.105+0000] {dag.py:2907} INFO - Sync 1 DAGs
[2025-04-26T11:45:49.123+0000] {logging_mixin.py:151} INFO - [2025-04-26T11:45:49.123+0000] {dag.py:3677} INFO - Setting next_dagrun for user_automation to 2025-04-26T00:00:00+00:00, run_after=2025-04-27T00:00:00+00:00
[2025-04-26T11:45:49.140+0000] {processor.py:179} INFO - Processing /opt/airflow/dags/kafka_stream.py took 0.091 seconds
[2025-04-26T11:46:19.319+0000] {processor.py:157} INFO - Started process (PID=586) to work on /opt/airflow/dags/kafka_stream.py
[2025-04-26T11:46:19.320+0000] {processor.py:829} INFO - Processing file /opt/airflow/dags/kafka_stream.py for tasks to queue
[2025-04-26T11:46:19.321+0000] {logging_mixin.py:151} INFO - [2025-04-26T11:46:19.321+0000] {dagbag.py:539} INFO - Filling up the DagBag from /opt/airflow/dags/kafka_stream.py
[2025-04-26T11:46:19.351+0000] {processor.py:839} INFO - DAG(s) dict_keys(['user_automation']) retrieved from /opt/airflow/dags/kafka_stream.py
[2025-04-26T11:46:19.370+0000] {logging_mixin.py:151} INFO - [2025-04-26T11:46:19.370+0000] {dag.py:2907} INFO - Sync 1 DAGs
[2025-04-26T11:46:19.387+0000] {logging_mixin.py:151} INFO - [2025-04-26T11:46:19.387+0000] {dag.py:3677} INFO - Setting next_dagrun for user_automation to 2025-04-26T00:00:00+00:00, run_after=2025-04-27T00:00:00+00:00
[2025-04-26T11:46:19.413+0000] {processor.py:179} INFO - Processing /opt/airflow/dags/kafka_stream.py took 0.097 seconds
[2025-04-26T11:46:49.523+0000] {processor.py:157} INFO - Started process (PID=587) to work on /opt/airflow/dags/kafka_stream.py
[2025-04-26T11:46:49.524+0000] {processor.py:829} INFO - Processing file /opt/airflow/dags/kafka_stream.py for tasks to queue
[2025-04-26T11:46:49.525+0000] {logging_mixin.py:151} INFO - [2025-04-26T11:46:49.525+0000] {dagbag.py:539} INFO - Filling up the DagBag from /opt/airflow/dags/kafka_stream.py
[2025-04-26T11:46:49.558+0000] {processor.py:839} INFO - DAG(s) dict_keys(['user_automation']) retrieved from /opt/airflow/dags/kafka_stream.py
[2025-04-26T11:46:49.587+0000] {logging_mixin.py:151} INFO - [2025-04-26T11:46:49.587+0000] {dag.py:2907} INFO - Sync 1 DAGs
[2025-04-26T11:46:49.607+0000] {logging_mixin.py:151} INFO - [2025-04-26T11:46:49.606+0000] {dag.py:3677} INFO - Setting next_dagrun for user_automation to 2025-04-26T00:00:00+00:00, run_after=2025-04-27T00:00:00+00:00
[2025-04-26T11:46:49.626+0000] {processor.py:179} INFO - Processing /opt/airflow/dags/kafka_stream.py took 0.106 seconds
[2025-04-26T11:47:19.798+0000] {processor.py:157} INFO - Started process (PID=588) to work on /opt/airflow/dags/kafka_stream.py
[2025-04-26T11:47:19.799+0000] {processor.py:829} INFO - Processing file /opt/airflow/dags/kafka_stream.py for tasks to queue
[2025-04-26T11:47:19.801+0000] {logging_mixin.py:151} INFO - [2025-04-26T11:47:19.800+0000] {dagbag.py:539} INFO - Filling up the DagBag from /opt/airflow/dags/kafka_stream.py
[2025-04-26T11:47:19.827+0000] {processor.py:839} INFO - DAG(s) dict_keys(['user_automation']) retrieved from /opt/airflow/dags/kafka_stream.py
[2025-04-26T11:47:19.847+0000] {logging_mixin.py:151} INFO - [2025-04-26T11:47:19.846+0000] {dag.py:2907} INFO - Sync 1 DAGs
[2025-04-26T11:47:19.865+0000] {logging_mixin.py:151} INFO - [2025-04-26T11:47:19.864+0000] {dag.py:3677} INFO - Setting next_dagrun for user_automation to 2025-04-26T00:00:00+00:00, run_after=2025-04-27T00:00:00+00:00
[2025-04-26T11:47:19.893+0000] {processor.py:179} INFO - Processing /opt/airflow/dags/kafka_stream.py took 0.099 seconds
[2025-04-26T11:47:50.146+0000] {processor.py:157} INFO - Started process (PID=589) to work on /opt/airflow/dags/kafka_stream.py
[2025-04-26T11:47:50.147+0000] {processor.py:829} INFO - Processing file /opt/airflow/dags/kafka_stream.py for tasks to queue
[2025-04-26T11:47:50.148+0000] {logging_mixin.py:151} INFO - [2025-04-26T11:47:50.148+0000] {dagbag.py:539} INFO - Filling up the DagBag from /opt/airflow/dags/kafka_stream.py
[2025-04-26T11:47:50.178+0000] {processor.py:839} INFO - DAG(s) dict_keys(['user_automation']) retrieved from /opt/airflow/dags/kafka_stream.py
[2025-04-26T11:47:50.199+0000] {logging_mixin.py:151} INFO - [2025-04-26T11:47:50.199+0000] {dag.py:2907} INFO - Sync 1 DAGs
[2025-04-26T11:47:50.219+0000] {logging_mixin.py:151} INFO - [2025-04-26T11:47:50.219+0000] {dag.py:3677} INFO - Setting next_dagrun for user_automation to 2025-04-26T00:00:00+00:00, run_after=2025-04-27T00:00:00+00:00
[2025-04-26T11:47:50.238+0000] {processor.py:179} INFO - Processing /opt/airflow/dags/kafka_stream.py took 0.094 seconds
[2025-04-26T11:48:20.413+0000] {processor.py:157} INFO - Started process (PID=590) to work on /opt/airflow/dags/kafka_stream.py
[2025-04-26T11:48:20.416+0000] {processor.py:829} INFO - Processing file /opt/airflow/dags/kafka_stream.py for tasks to queue
[2025-04-26T11:48:20.419+0000] {logging_mixin.py:151} INFO - [2025-04-26T11:48:20.418+0000] {dagbag.py:539} INFO - Filling up the DagBag from /opt/airflow/dags/kafka_stream.py
[2025-04-26T11:48:20.459+0000] {processor.py:839} INFO - DAG(s) dict_keys(['user_automation']) retrieved from /opt/airflow/dags/kafka_stream.py
[2025-04-26T11:48:20.487+0000] {logging_mixin.py:151} INFO - [2025-04-26T11:48:20.487+0000] {dag.py:2907} INFO - Sync 1 DAGs
[2025-04-26T11:48:20.506+0000] {logging_mixin.py:151} INFO - [2025-04-26T11:48:20.505+0000] {dag.py:3677} INFO - Setting next_dagrun for user_automation to 2025-04-26T00:00:00+00:00, run_after=2025-04-27T00:00:00+00:00
[2025-04-26T11:48:20.526+0000] {processor.py:179} INFO - Processing /opt/airflow/dags/kafka_stream.py took 0.122 seconds
[2025-04-26T11:48:50.676+0000] {processor.py:157} INFO - Started process (PID=591) to work on /opt/airflow/dags/kafka_stream.py
[2025-04-26T11:48:50.678+0000] {processor.py:829} INFO - Processing file /opt/airflow/dags/kafka_stream.py for tasks to queue
[2025-04-26T11:48:50.680+0000] {logging_mixin.py:151} INFO - [2025-04-26T11:48:50.680+0000] {dagbag.py:539} INFO - Filling up the DagBag from /opt/airflow/dags/kafka_stream.py
[2025-04-26T11:48:50.719+0000] {processor.py:839} INFO - DAG(s) dict_keys(['user_automation']) retrieved from /opt/airflow/dags/kafka_stream.py
[2025-04-26T11:48:50.759+0000] {logging_mixin.py:151} INFO - [2025-04-26T11:48:50.759+0000] {dag.py:2907} INFO - Sync 1 DAGs
[2025-04-26T11:48:50.796+0000] {logging_mixin.py:151} INFO - [2025-04-26T11:48:50.796+0000] {dag.py:3677} INFO - Setting next_dagrun for user_automation to 2025-04-26T00:00:00+00:00, run_after=2025-04-27T00:00:00+00:00
[2025-04-26T11:48:50.830+0000] {processor.py:179} INFO - Processing /opt/airflow/dags/kafka_stream.py took 0.159 seconds
[2025-04-26T11:49:20.982+0000] {processor.py:157} INFO - Started process (PID=592) to work on /opt/airflow/dags/kafka_stream.py
[2025-04-26T11:49:20.983+0000] {processor.py:829} INFO - Processing file /opt/airflow/dags/kafka_stream.py for tasks to queue
[2025-04-26T11:49:20.985+0000] {logging_mixin.py:151} INFO - [2025-04-26T11:49:20.984+0000] {dagbag.py:539} INFO - Filling up the DagBag from /opt/airflow/dags/kafka_stream.py
[2025-04-26T11:49:21.015+0000] {processor.py:839} INFO - DAG(s) dict_keys(['user_automation']) retrieved from /opt/airflow/dags/kafka_stream.py
[2025-04-26T11:49:21.036+0000] {logging_mixin.py:151} INFO - [2025-04-26T11:49:21.036+0000] {dag.py:2907} INFO - Sync 1 DAGs
[2025-04-26T11:49:21.052+0000] {logging_mixin.py:151} INFO - [2025-04-26T11:49:21.052+0000] {dag.py:3677} INFO - Setting next_dagrun for user_automation to 2025-04-26T00:00:00+00:00, run_after=2025-04-27T00:00:00+00:00
[2025-04-26T11:49:21.081+0000] {processor.py:179} INFO - Processing /opt/airflow/dags/kafka_stream.py took 0.102 seconds
[2025-04-26T11:49:51.381+0000] {processor.py:157} INFO - Started process (PID=593) to work on /opt/airflow/dags/kafka_stream.py
[2025-04-26T11:49:51.383+0000] {processor.py:829} INFO - Processing file /opt/airflow/dags/kafka_stream.py for tasks to queue
[2025-04-26T11:49:51.384+0000] {logging_mixin.py:151} INFO - [2025-04-26T11:49:51.383+0000] {dagbag.py:539} INFO - Filling up the DagBag from /opt/airflow/dags/kafka_stream.py
[2025-04-26T11:49:51.414+0000] {processor.py:839} INFO - DAG(s) dict_keys(['user_automation']) retrieved from /opt/airflow/dags/kafka_stream.py
[2025-04-26T11:49:51.435+0000] {logging_mixin.py:151} INFO - [2025-04-26T11:49:51.435+0000] {dag.py:2907} INFO - Sync 1 DAGs
[2025-04-26T11:49:51.456+0000] {logging_mixin.py:151} INFO - [2025-04-26T11:49:51.456+0000] {dag.py:3677} INFO - Setting next_dagrun for user_automation to 2025-04-26T00:00:00+00:00, run_after=2025-04-27T00:00:00+00:00
[2025-04-26T11:49:51.475+0000] {processor.py:179} INFO - Processing /opt/airflow/dags/kafka_stream.py took 0.097 seconds
[2025-04-26T11:50:21.657+0000] {processor.py:157} INFO - Started process (PID=594) to work on /opt/airflow/dags/kafka_stream.py
[2025-04-26T11:50:21.659+0000] {processor.py:829} INFO - Processing file /opt/airflow/dags/kafka_stream.py for tasks to queue
[2025-04-26T11:50:21.660+0000] {logging_mixin.py:151} INFO - [2025-04-26T11:50:21.660+0000] {dagbag.py:539} INFO - Filling up the DagBag from /opt/airflow/dags/kafka_stream.py
[2025-04-26T11:50:21.701+0000] {processor.py:839} INFO - DAG(s) dict_keys(['user_automation']) retrieved from /opt/airflow/dags/kafka_stream.py
[2025-04-26T11:50:21.721+0000] {logging_mixin.py:151} INFO - [2025-04-26T11:50:21.721+0000] {dag.py:2907} INFO - Sync 1 DAGs
[2025-04-26T11:50:21.737+0000] {logging_mixin.py:151} INFO - [2025-04-26T11:50:21.736+0000] {dag.py:3677} INFO - Setting next_dagrun for user_automation to 2025-04-26T00:00:00+00:00, run_after=2025-04-27T00:00:00+00:00
[2025-04-26T11:50:21.763+0000] {processor.py:179} INFO - Processing /opt/airflow/dags/kafka_stream.py took 0.110 seconds
[2025-04-26T11:50:52.005+0000] {processor.py:157} INFO - Started process (PID=595) to work on /opt/airflow/dags/kafka_stream.py
[2025-04-26T11:50:52.006+0000] {processor.py:829} INFO - Processing file /opt/airflow/dags/kafka_stream.py for tasks to queue
[2025-04-26T11:50:52.008+0000] {logging_mixin.py:151} INFO - [2025-04-26T11:50:52.007+0000] {dagbag.py:539} INFO - Filling up the DagBag from /opt/airflow/dags/kafka_stream.py
[2025-04-26T11:50:52.037+0000] {processor.py:839} INFO - DAG(s) dict_keys(['user_automation']) retrieved from /opt/airflow/dags/kafka_stream.py
[2025-04-26T11:50:52.056+0000] {logging_mixin.py:151} INFO - [2025-04-26T11:50:52.056+0000] {dag.py:2907} INFO - Sync 1 DAGs
[2025-04-26T11:50:52.073+0000] {logging_mixin.py:151} INFO - [2025-04-26T11:50:52.073+0000] {dag.py:3677} INFO - Setting next_dagrun for user_automation to 2025-04-26T00:00:00+00:00, run_after=2025-04-27T00:00:00+00:00
[2025-04-26T11:50:52.090+0000] {processor.py:179} INFO - Processing /opt/airflow/dags/kafka_stream.py took 0.088 seconds
[2025-04-26T11:51:22.288+0000] {processor.py:157} INFO - Started process (PID=596) to work on /opt/airflow/dags/kafka_stream.py
[2025-04-26T11:51:22.290+0000] {processor.py:829} INFO - Processing file /opt/airflow/dags/kafka_stream.py for tasks to queue
[2025-04-26T11:51:22.291+0000] {logging_mixin.py:151} INFO - [2025-04-26T11:51:22.291+0000] {dagbag.py:539} INFO - Filling up the DagBag from /opt/airflow/dags/kafka_stream.py
[2025-04-26T11:51:22.328+0000] {processor.py:839} INFO - DAG(s) dict_keys(['user_automation']) retrieved from /opt/airflow/dags/kafka_stream.py
[2025-04-26T11:51:22.351+0000] {logging_mixin.py:151} INFO - [2025-04-26T11:51:22.351+0000] {dag.py:2907} INFO - Sync 1 DAGs
[2025-04-26T11:51:22.371+0000] {logging_mixin.py:151} INFO - [2025-04-26T11:51:22.371+0000] {dag.py:3677} INFO - Setting next_dagrun for user_automation to 2025-04-26T00:00:00+00:00, run_after=2025-04-27T00:00:00+00:00
[2025-04-26T11:51:22.405+0000] {processor.py:179} INFO - Processing /opt/airflow/dags/kafka_stream.py took 0.121 seconds
[2025-04-26T11:51:52.556+0000] {processor.py:157} INFO - Started process (PID=597) to work on /opt/airflow/dags/kafka_stream.py
[2025-04-26T11:51:52.557+0000] {processor.py:829} INFO - Processing file /opt/airflow/dags/kafka_stream.py for tasks to queue
[2025-04-26T11:51:52.558+0000] {logging_mixin.py:151} INFO - [2025-04-26T11:51:52.558+0000] {dagbag.py:539} INFO - Filling up the DagBag from /opt/airflow/dags/kafka_stream.py
[2025-04-26T11:51:52.588+0000] {processor.py:839} INFO - DAG(s) dict_keys(['user_automation']) retrieved from /opt/airflow/dags/kafka_stream.py
[2025-04-26T11:51:52.608+0000] {logging_mixin.py:151} INFO - [2025-04-26T11:51:52.608+0000] {dag.py:2907} INFO - Sync 1 DAGs
[2025-04-26T11:51:52.627+0000] {logging_mixin.py:151} INFO - [2025-04-26T11:51:52.627+0000] {dag.py:3677} INFO - Setting next_dagrun for user_automation to 2025-04-26T00:00:00+00:00, run_after=2025-04-27T00:00:00+00:00
[2025-04-26T11:51:52.644+0000] {processor.py:179} INFO - Processing /opt/airflow/dags/kafka_stream.py took 0.091 seconds
[2025-04-26T11:52:22.823+0000] {processor.py:157} INFO - Started process (PID=598) to work on /opt/airflow/dags/kafka_stream.py
[2025-04-26T11:52:22.825+0000] {processor.py:829} INFO - Processing file /opt/airflow/dags/kafka_stream.py for tasks to queue
[2025-04-26T11:52:22.827+0000] {logging_mixin.py:151} INFO - [2025-04-26T11:52:22.827+0000] {dagbag.py:539} INFO - Filling up the DagBag from /opt/airflow/dags/kafka_stream.py
[2025-04-26T11:52:22.878+0000] {processor.py:839} INFO - DAG(s) dict_keys(['user_automation']) retrieved from /opt/airflow/dags/kafka_stream.py
[2025-04-26T11:52:22.919+0000] {logging_mixin.py:151} INFO - [2025-04-26T11:52:22.918+0000] {dag.py:2907} INFO - Sync 1 DAGs
[2025-04-26T11:52:22.950+0000] {logging_mixin.py:151} INFO - [2025-04-26T11:52:22.950+0000] {dag.py:3677} INFO - Setting next_dagrun for user_automation to 2025-04-26T00:00:00+00:00, run_after=2025-04-27T00:00:00+00:00
[2025-04-26T11:52:22.986+0000] {processor.py:179} INFO - Processing /opt/airflow/dags/kafka_stream.py took 0.170 seconds
[2025-04-26T11:52:53.061+0000] {processor.py:157} INFO - Started process (PID=599) to work on /opt/airflow/dags/kafka_stream.py
[2025-04-26T11:52:53.063+0000] {processor.py:829} INFO - Processing file /opt/airflow/dags/kafka_stream.py for tasks to queue
[2025-04-26T11:52:53.064+0000] {logging_mixin.py:151} INFO - [2025-04-26T11:52:53.064+0000] {dagbag.py:539} INFO - Filling up the DagBag from /opt/airflow/dags/kafka_stream.py
[2025-04-26T11:52:53.090+0000] {processor.py:839} INFO - DAG(s) dict_keys(['user_automation']) retrieved from /opt/airflow/dags/kafka_stream.py
[2025-04-26T11:52:53.118+0000] {logging_mixin.py:151} INFO - [2025-04-26T11:52:53.118+0000] {dag.py:2907} INFO - Sync 1 DAGs
[2025-04-26T11:52:53.141+0000] {logging_mixin.py:151} INFO - [2025-04-26T11:52:53.141+0000] {dag.py:3677} INFO - Setting next_dagrun for user_automation to 2025-04-26T00:00:00+00:00, run_after=2025-04-27T00:00:00+00:00
[2025-04-26T11:52:53.168+0000] {processor.py:179} INFO - Processing /opt/airflow/dags/kafka_stream.py took 0.109 seconds
[2025-04-26T11:53:23.461+0000] {processor.py:157} INFO - Started process (PID=600) to work on /opt/airflow/dags/kafka_stream.py
[2025-04-26T11:53:23.462+0000] {processor.py:829} INFO - Processing file /opt/airflow/dags/kafka_stream.py for tasks to queue
[2025-04-26T11:53:23.464+0000] {logging_mixin.py:151} INFO - [2025-04-26T11:53:23.463+0000] {dagbag.py:539} INFO - Filling up the DagBag from /opt/airflow/dags/kafka_stream.py
[2025-04-26T11:53:23.512+0000] {processor.py:839} INFO - DAG(s) dict_keys(['user_automation']) retrieved from /opt/airflow/dags/kafka_stream.py
[2025-04-26T11:53:23.536+0000] {logging_mixin.py:151} INFO - [2025-04-26T11:53:23.536+0000] {dag.py:2907} INFO - Sync 1 DAGs
[2025-04-26T11:53:23.555+0000] {logging_mixin.py:151} INFO - [2025-04-26T11:53:23.555+0000] {dag.py:3677} INFO - Setting next_dagrun for user_automation to 2025-04-26T00:00:00+00:00, run_after=2025-04-27T00:00:00+00:00
[2025-04-26T11:53:23.579+0000] {processor.py:179} INFO - Processing /opt/airflow/dags/kafka_stream.py took 0.121 seconds
[2025-04-26T11:53:53.677+0000] {processor.py:157} INFO - Started process (PID=601) to work on /opt/airflow/dags/kafka_stream.py
[2025-04-26T11:53:53.678+0000] {processor.py:829} INFO - Processing file /opt/airflow/dags/kafka_stream.py for tasks to queue
[2025-04-26T11:53:53.680+0000] {logging_mixin.py:151} INFO - [2025-04-26T11:53:53.680+0000] {dagbag.py:539} INFO - Filling up the DagBag from /opt/airflow/dags/kafka_stream.py
[2025-04-26T11:53:53.711+0000] {processor.py:839} INFO - DAG(s) dict_keys(['user_automation']) retrieved from /opt/airflow/dags/kafka_stream.py
[2025-04-26T11:53:53.735+0000] {logging_mixin.py:151} INFO - [2025-04-26T11:53:53.735+0000] {dag.py:2907} INFO - Sync 1 DAGs
[2025-04-26T11:53:53.762+0000] {logging_mixin.py:151} INFO - [2025-04-26T11:53:53.762+0000] {dag.py:3677} INFO - Setting next_dagrun for user_automation to 2025-04-26T00:00:00+00:00, run_after=2025-04-27T00:00:00+00:00
[2025-04-26T11:53:53.782+0000] {processor.py:179} INFO - Processing /opt/airflow/dags/kafka_stream.py took 0.109 seconds
[2025-04-26T11:54:24.050+0000] {processor.py:157} INFO - Started process (PID=602) to work on /opt/airflow/dags/kafka_stream.py
[2025-04-26T11:54:24.051+0000] {processor.py:829} INFO - Processing file /opt/airflow/dags/kafka_stream.py for tasks to queue
[2025-04-26T11:54:24.052+0000] {logging_mixin.py:151} INFO - [2025-04-26T11:54:24.052+0000] {dagbag.py:539} INFO - Filling up the DagBag from /opt/airflow/dags/kafka_stream.py
[2025-04-26T11:54:24.088+0000] {processor.py:839} INFO - DAG(s) dict_keys(['user_automation']) retrieved from /opt/airflow/dags/kafka_stream.py
[2025-04-26T11:54:24.109+0000] {logging_mixin.py:151} INFO - [2025-04-26T11:54:24.109+0000] {dag.py:2907} INFO - Sync 1 DAGs
[2025-04-26T11:54:24.131+0000] {logging_mixin.py:151} INFO - [2025-04-26T11:54:24.131+0000] {dag.py:3677} INFO - Setting next_dagrun for user_automation to 2025-04-26T00:00:00+00:00, run_after=2025-04-27T00:00:00+00:00
[2025-04-26T11:54:24.167+0000] {processor.py:179} INFO - Processing /opt/airflow/dags/kafka_stream.py took 0.120 seconds
[2025-04-26T11:54:54.324+0000] {processor.py:157} INFO - Started process (PID=603) to work on /opt/airflow/dags/kafka_stream.py
[2025-04-26T11:54:54.325+0000] {processor.py:829} INFO - Processing file /opt/airflow/dags/kafka_stream.py for tasks to queue
[2025-04-26T11:54:54.326+0000] {logging_mixin.py:151} INFO - [2025-04-26T11:54:54.326+0000] {dagbag.py:539} INFO - Filling up the DagBag from /opt/airflow/dags/kafka_stream.py
[2025-04-26T11:54:54.362+0000] {processor.py:839} INFO - DAG(s) dict_keys(['user_automation']) retrieved from /opt/airflow/dags/kafka_stream.py
[2025-04-26T11:54:54.390+0000] {logging_mixin.py:151} INFO - [2025-04-26T11:54:54.389+0000] {dag.py:2907} INFO - Sync 1 DAGs
[2025-04-26T11:54:54.418+0000] {logging_mixin.py:151} INFO - [2025-04-26T11:54:54.418+0000] {dag.py:3677} INFO - Setting next_dagrun for user_automation to 2025-04-26T00:00:00+00:00, run_after=2025-04-27T00:00:00+00:00
[2025-04-26T11:54:54.450+0000] {processor.py:179} INFO - Processing /opt/airflow/dags/kafka_stream.py took 0.129 seconds
[2025-04-26T11:55:24.715+0000] {processor.py:157} INFO - Started process (PID=604) to work on /opt/airflow/dags/kafka_stream.py
[2025-04-26T11:55:24.716+0000] {processor.py:829} INFO - Processing file /opt/airflow/dags/kafka_stream.py for tasks to queue
[2025-04-26T11:55:24.717+0000] {logging_mixin.py:151} INFO - [2025-04-26T11:55:24.717+0000] {dagbag.py:539} INFO - Filling up the DagBag from /opt/airflow/dags/kafka_stream.py
[2025-04-26T11:55:24.748+0000] {processor.py:839} INFO - DAG(s) dict_keys(['user_automation']) retrieved from /opt/airflow/dags/kafka_stream.py
[2025-04-26T11:55:24.772+0000] {logging_mixin.py:151} INFO - [2025-04-26T11:55:24.772+0000] {dag.py:2907} INFO - Sync 1 DAGs
[2025-04-26T11:55:24.793+0000] {logging_mixin.py:151} INFO - [2025-04-26T11:55:24.793+0000] {dag.py:3677} INFO - Setting next_dagrun for user_automation to 2025-04-26T00:00:00+00:00, run_after=2025-04-27T00:00:00+00:00
[2025-04-26T11:55:24.813+0000] {processor.py:179} INFO - Processing /opt/airflow/dags/kafka_stream.py took 0.102 seconds
[2025-04-26T11:55:54.976+0000] {processor.py:157} INFO - Started process (PID=605) to work on /opt/airflow/dags/kafka_stream.py
[2025-04-26T11:55:54.977+0000] {processor.py:829} INFO - Processing file /opt/airflow/dags/kafka_stream.py for tasks to queue
[2025-04-26T11:55:54.978+0000] {logging_mixin.py:151} INFO - [2025-04-26T11:55:54.978+0000] {dagbag.py:539} INFO - Filling up the DagBag from /opt/airflow/dags/kafka_stream.py
[2025-04-26T11:55:55.013+0000] {processor.py:839} INFO - DAG(s) dict_keys(['user_automation']) retrieved from /opt/airflow/dags/kafka_stream.py
[2025-04-26T11:55:55.035+0000] {logging_mixin.py:151} INFO - [2025-04-26T11:55:55.035+0000] {dag.py:2907} INFO - Sync 1 DAGs
[2025-04-26T11:55:55.055+0000] {logging_mixin.py:151} INFO - [2025-04-26T11:55:55.054+0000] {dag.py:3677} INFO - Setting next_dagrun for user_automation to 2025-04-26T00:00:00+00:00, run_after=2025-04-27T00:00:00+00:00
[2025-04-26T11:55:55.081+0000] {processor.py:179} INFO - Processing /opt/airflow/dags/kafka_stream.py took 0.109 seconds
[2025-04-26T11:56:25.265+0000] {processor.py:157} INFO - Started process (PID=606) to work on /opt/airflow/dags/kafka_stream.py
[2025-04-26T11:56:25.266+0000] {processor.py:829} INFO - Processing file /opt/airflow/dags/kafka_stream.py for tasks to queue
[2025-04-26T11:56:25.268+0000] {logging_mixin.py:151} INFO - [2025-04-26T11:56:25.267+0000] {dagbag.py:539} INFO - Filling up the DagBag from /opt/airflow/dags/kafka_stream.py
[2025-04-26T11:56:25.296+0000] {processor.py:839} INFO - DAG(s) dict_keys(['user_automation']) retrieved from /opt/airflow/dags/kafka_stream.py
[2025-04-26T11:56:25.319+0000] {logging_mixin.py:151} INFO - [2025-04-26T11:56:25.319+0000] {dag.py:2907} INFO - Sync 1 DAGs
[2025-04-26T11:56:25.338+0000] {logging_mixin.py:151} INFO - [2025-04-26T11:56:25.338+0000] {dag.py:3677} INFO - Setting next_dagrun for user_automation to 2025-04-26T00:00:00+00:00, run_after=2025-04-27T00:00:00+00:00
[2025-04-26T11:56:25.356+0000] {processor.py:179} INFO - Processing /opt/airflow/dags/kafka_stream.py took 0.094 seconds
[2025-04-26T11:56:55.539+0000] {processor.py:157} INFO - Started process (PID=607) to work on /opt/airflow/dags/kafka_stream.py
[2025-04-26T11:56:55.540+0000] {processor.py:829} INFO - Processing file /opt/airflow/dags/kafka_stream.py for tasks to queue
[2025-04-26T11:56:55.541+0000] {logging_mixin.py:151} INFO - [2025-04-26T11:56:55.541+0000] {dagbag.py:539} INFO - Filling up the DagBag from /opt/airflow/dags/kafka_stream.py
[2025-04-26T11:56:55.592+0000] {processor.py:839} INFO - DAG(s) dict_keys(['user_automation']) retrieved from /opt/airflow/dags/kafka_stream.py
[2025-04-26T11:56:55.618+0000] {logging_mixin.py:151} INFO - [2025-04-26T11:56:55.618+0000] {dag.py:2907} INFO - Sync 1 DAGs
[2025-04-26T11:56:55.638+0000] {logging_mixin.py:151} INFO - [2025-04-26T11:56:55.637+0000] {dag.py:3677} INFO - Setting next_dagrun for user_automation to 2025-04-26T00:00:00+00:00, run_after=2025-04-27T00:00:00+00:00
[2025-04-26T11:56:55.659+0000] {processor.py:179} INFO - Processing /opt/airflow/dags/kafka_stream.py took 0.123 seconds
[2025-04-26T11:57:25.780+0000] {processor.py:157} INFO - Started process (PID=608) to work on /opt/airflow/dags/kafka_stream.py
[2025-04-26T11:57:25.781+0000] {processor.py:829} INFO - Processing file /opt/airflow/dags/kafka_stream.py for tasks to queue
[2025-04-26T11:57:25.782+0000] {logging_mixin.py:151} INFO - [2025-04-26T11:57:25.782+0000] {dagbag.py:539} INFO - Filling up the DagBag from /opt/airflow/dags/kafka_stream.py
[2025-04-26T11:57:25.809+0000] {processor.py:839} INFO - DAG(s) dict_keys(['user_automation']) retrieved from /opt/airflow/dags/kafka_stream.py
[2025-04-26T11:57:25.831+0000] {logging_mixin.py:151} INFO - [2025-04-26T11:57:25.830+0000] {dag.py:2907} INFO - Sync 1 DAGs
[2025-04-26T11:57:25.852+0000] {logging_mixin.py:151} INFO - [2025-04-26T11:57:25.852+0000] {dag.py:3677} INFO - Setting next_dagrun for user_automation to 2025-04-26T00:00:00+00:00, run_after=2025-04-27T00:00:00+00:00
[2025-04-26T11:57:25.871+0000] {processor.py:179} INFO - Processing /opt/airflow/dags/kafka_stream.py took 0.094 seconds
[2025-04-26T11:57:56.133+0000] {processor.py:157} INFO - Started process (PID=609) to work on /opt/airflow/dags/kafka_stream.py
[2025-04-26T11:57:56.134+0000] {processor.py:829} INFO - Processing file /opt/airflow/dags/kafka_stream.py for tasks to queue
[2025-04-26T11:57:56.135+0000] {logging_mixin.py:151} INFO - [2025-04-26T11:57:56.135+0000] {dagbag.py:539} INFO - Filling up the DagBag from /opt/airflow/dags/kafka_stream.py
[2025-04-26T11:57:56.167+0000] {processor.py:839} INFO - DAG(s) dict_keys(['user_automation']) retrieved from /opt/airflow/dags/kafka_stream.py
[2025-04-26T11:57:56.188+0000] {logging_mixin.py:151} INFO - [2025-04-26T11:57:56.188+0000] {dag.py:2907} INFO - Sync 1 DAGs
[2025-04-26T11:57:56.206+0000] {logging_mixin.py:151} INFO - [2025-04-26T11:57:56.206+0000] {dag.py:3677} INFO - Setting next_dagrun for user_automation to 2025-04-26T00:00:00+00:00, run_after=2025-04-27T00:00:00+00:00
[2025-04-26T11:57:56.225+0000] {processor.py:179} INFO - Processing /opt/airflow/dags/kafka_stream.py took 0.094 seconds
[2025-04-26T11:58:26.368+0000] {processor.py:157} INFO - Started process (PID=610) to work on /opt/airflow/dags/kafka_stream.py
[2025-04-26T11:58:26.369+0000] {processor.py:829} INFO - Processing file /opt/airflow/dags/kafka_stream.py for tasks to queue
[2025-04-26T11:58:26.370+0000] {logging_mixin.py:151} INFO - [2025-04-26T11:58:26.370+0000] {dagbag.py:539} INFO - Filling up the DagBag from /opt/airflow/dags/kafka_stream.py
[2025-04-26T11:58:26.394+0000] {processor.py:839} INFO - DAG(s) dict_keys(['user_automation']) retrieved from /opt/airflow/dags/kafka_stream.py
[2025-04-26T11:58:26.415+0000] {logging_mixin.py:151} INFO - [2025-04-26T11:58:26.415+0000] {dag.py:2907} INFO - Sync 1 DAGs
[2025-04-26T11:58:26.437+0000] {logging_mixin.py:151} INFO - [2025-04-26T11:58:26.437+0000] {dag.py:3677} INFO - Setting next_dagrun for user_automation to 2025-04-26T00:00:00+00:00, run_after=2025-04-27T00:00:00+00:00
[2025-04-26T11:58:26.460+0000] {processor.py:179} INFO - Processing /opt/airflow/dags/kafka_stream.py took 0.095 seconds
[2025-04-26T11:58:56.589+0000] {processor.py:157} INFO - Started process (PID=611) to work on /opt/airflow/dags/kafka_stream.py
[2025-04-26T11:58:56.590+0000] {processor.py:829} INFO - Processing file /opt/airflow/dags/kafka_stream.py for tasks to queue
[2025-04-26T11:58:56.592+0000] {logging_mixin.py:151} INFO - [2025-04-26T11:58:56.592+0000] {dagbag.py:539} INFO - Filling up the DagBag from /opt/airflow/dags/kafka_stream.py
[2025-04-26T11:58:56.624+0000] {processor.py:839} INFO - DAG(s) dict_keys(['user_automation']) retrieved from /opt/airflow/dags/kafka_stream.py
[2025-04-26T11:58:56.644+0000] {logging_mixin.py:151} INFO - [2025-04-26T11:58:56.644+0000] {dag.py:2907} INFO - Sync 1 DAGs
[2025-04-26T11:58:56.663+0000] {logging_mixin.py:151} INFO - [2025-04-26T11:58:56.663+0000] {dag.py:3677} INFO - Setting next_dagrun for user_automation to 2025-04-26T00:00:00+00:00, run_after=2025-04-27T00:00:00+00:00
[2025-04-26T11:58:56.680+0000] {processor.py:179} INFO - Processing /opt/airflow/dags/kafka_stream.py took 0.094 seconds
[2025-04-26T11:59:26.885+0000] {processor.py:157} INFO - Started process (PID=612) to work on /opt/airflow/dags/kafka_stream.py
[2025-04-26T11:59:26.886+0000] {processor.py:829} INFO - Processing file /opt/airflow/dags/kafka_stream.py for tasks to queue
[2025-04-26T11:59:26.887+0000] {logging_mixin.py:151} INFO - [2025-04-26T11:59:26.887+0000] {dagbag.py:539} INFO - Filling up the DagBag from /opt/airflow/dags/kafka_stream.py
[2025-04-26T11:59:26.918+0000] {processor.py:839} INFO - DAG(s) dict_keys(['user_automation']) retrieved from /opt/airflow/dags/kafka_stream.py
[2025-04-26T11:59:26.938+0000] {logging_mixin.py:151} INFO - [2025-04-26T11:59:26.938+0000] {dag.py:2907} INFO - Sync 1 DAGs
[2025-04-26T11:59:26.956+0000] {logging_mixin.py:151} INFO - [2025-04-26T11:59:26.956+0000] {dag.py:3677} INFO - Setting next_dagrun for user_automation to 2025-04-26T00:00:00+00:00, run_after=2025-04-27T00:00:00+00:00
[2025-04-26T11:59:26.983+0000] {processor.py:179} INFO - Processing /opt/airflow/dags/kafka_stream.py took 0.100 seconds
[2025-04-26T11:59:57.136+0000] {processor.py:157} INFO - Started process (PID=613) to work on /opt/airflow/dags/kafka_stream.py
[2025-04-26T11:59:57.137+0000] {processor.py:829} INFO - Processing file /opt/airflow/dags/kafka_stream.py for tasks to queue
[2025-04-26T11:59:57.138+0000] {logging_mixin.py:151} INFO - [2025-04-26T11:59:57.138+0000] {dagbag.py:539} INFO - Filling up the DagBag from /opt/airflow/dags/kafka_stream.py
[2025-04-26T11:59:57.166+0000] {processor.py:839} INFO - DAG(s) dict_keys(['user_automation']) retrieved from /opt/airflow/dags/kafka_stream.py
[2025-04-26T11:59:57.187+0000] {logging_mixin.py:151} INFO - [2025-04-26T11:59:57.187+0000] {dag.py:2907} INFO - Sync 1 DAGs
[2025-04-26T11:59:57.209+0000] {logging_mixin.py:151} INFO - [2025-04-26T11:59:57.209+0000] {dag.py:3677} INFO - Setting next_dagrun for user_automation to 2025-04-26T00:00:00+00:00, run_after=2025-04-27T00:00:00+00:00
[2025-04-26T11:59:57.241+0000] {processor.py:179} INFO - Processing /opt/airflow/dags/kafka_stream.py took 0.108 seconds
[2025-04-26T12:00:27.438+0000] {processor.py:157} INFO - Started process (PID=614) to work on /opt/airflow/dags/kafka_stream.py
[2025-04-26T12:00:27.440+0000] {processor.py:829} INFO - Processing file /opt/airflow/dags/kafka_stream.py for tasks to queue
[2025-04-26T12:00:27.441+0000] {logging_mixin.py:151} INFO - [2025-04-26T12:00:27.441+0000] {dagbag.py:539} INFO - Filling up the DagBag from /opt/airflow/dags/kafka_stream.py
[2025-04-26T12:00:27.476+0000] {processor.py:839} INFO - DAG(s) dict_keys(['user_automation']) retrieved from /opt/airflow/dags/kafka_stream.py
[2025-04-26T12:00:27.499+0000] {logging_mixin.py:151} INFO - [2025-04-26T12:00:27.498+0000] {dag.py:2907} INFO - Sync 1 DAGs
[2025-04-26T12:00:27.520+0000] {logging_mixin.py:151} INFO - [2025-04-26T12:00:27.519+0000] {dag.py:3677} INFO - Setting next_dagrun for user_automation to 2025-04-26T00:00:00+00:00, run_after=2025-04-27T00:00:00+00:00
[2025-04-26T12:00:27.538+0000] {processor.py:179} INFO - Processing /opt/airflow/dags/kafka_stream.py took 0.103 seconds
[2025-04-26T12:00:57.695+0000] {processor.py:157} INFO - Started process (PID=615) to work on /opt/airflow/dags/kafka_stream.py
[2025-04-26T12:00:57.696+0000] {processor.py:829} INFO - Processing file /opt/airflow/dags/kafka_stream.py for tasks to queue
[2025-04-26T12:00:57.697+0000] {logging_mixin.py:151} INFO - [2025-04-26T12:00:57.697+0000] {dagbag.py:539} INFO - Filling up the DagBag from /opt/airflow/dags/kafka_stream.py
[2025-04-26T12:00:57.729+0000] {processor.py:839} INFO - DAG(s) dict_keys(['user_automation']) retrieved from /opt/airflow/dags/kafka_stream.py
[2025-04-26T12:00:57.753+0000] {logging_mixin.py:151} INFO - [2025-04-26T12:00:57.752+0000] {dag.py:2907} INFO - Sync 1 DAGs
[2025-04-26T12:00:57.773+0000] {logging_mixin.py:151} INFO - [2025-04-26T12:00:57.773+0000] {dag.py:3677} INFO - Setting next_dagrun for user_automation to 2025-04-26T00:00:00+00:00, run_after=2025-04-27T00:00:00+00:00
[2025-04-26T12:00:57.793+0000] {processor.py:179} INFO - Processing /opt/airflow/dags/kafka_stream.py took 0.102 seconds
[2025-04-26T12:01:27.980+0000] {processor.py:157} INFO - Started process (PID=616) to work on /opt/airflow/dags/kafka_stream.py
[2025-04-26T12:01:27.981+0000] {processor.py:829} INFO - Processing file /opt/airflow/dags/kafka_stream.py for tasks to queue
[2025-04-26T12:01:27.983+0000] {logging_mixin.py:151} INFO - [2025-04-26T12:01:27.983+0000] {dagbag.py:539} INFO - Filling up the DagBag from /opt/airflow/dags/kafka_stream.py
[2025-04-26T12:01:28.019+0000] {processor.py:839} INFO - DAG(s) dict_keys(['user_automation']) retrieved from /opt/airflow/dags/kafka_stream.py
[2025-04-26T12:01:28.044+0000] {logging_mixin.py:151} INFO - [2025-04-26T12:01:28.043+0000] {dag.py:2907} INFO - Sync 1 DAGs
[2025-04-26T12:01:28.063+0000] {logging_mixin.py:151} INFO - [2025-04-26T12:01:28.063+0000] {dag.py:3677} INFO - Setting next_dagrun for user_automation to 2025-04-26T00:00:00+00:00, run_after=2025-04-27T00:00:00+00:00
[2025-04-26T12:01:28.091+0000] {processor.py:179} INFO - Processing /opt/airflow/dags/kafka_stream.py took 0.114 seconds
[2025-04-26T12:01:58.229+0000] {processor.py:157} INFO - Started process (PID=617) to work on /opt/airflow/dags/kafka_stream.py
[2025-04-26T12:01:58.230+0000] {processor.py:829} INFO - Processing file /opt/airflow/dags/kafka_stream.py for tasks to queue
[2025-04-26T12:01:58.231+0000] {logging_mixin.py:151} INFO - [2025-04-26T12:01:58.231+0000] {dagbag.py:539} INFO - Filling up the DagBag from /opt/airflow/dags/kafka_stream.py
[2025-04-26T12:01:58.264+0000] {processor.py:839} INFO - DAG(s) dict_keys(['user_automation']) retrieved from /opt/airflow/dags/kafka_stream.py
[2025-04-26T12:01:58.287+0000] {logging_mixin.py:151} INFO - [2025-04-26T12:01:58.287+0000] {dag.py:2907} INFO - Sync 1 DAGs
[2025-04-26T12:01:58.308+0000] {logging_mixin.py:151} INFO - [2025-04-26T12:01:58.308+0000] {dag.py:3677} INFO - Setting next_dagrun for user_automation to 2025-04-26T00:00:00+00:00, run_after=2025-04-27T00:00:00+00:00
[2025-04-26T12:01:58.336+0000] {processor.py:179} INFO - Processing /opt/airflow/dags/kafka_stream.py took 0.111 seconds
[2025-04-26T12:02:28.544+0000] {processor.py:157} INFO - Started process (PID=618) to work on /opt/airflow/dags/kafka_stream.py
[2025-04-26T12:02:28.545+0000] {processor.py:829} INFO - Processing file /opt/airflow/dags/kafka_stream.py for tasks to queue
[2025-04-26T12:02:28.546+0000] {logging_mixin.py:151} INFO - [2025-04-26T12:02:28.546+0000] {dagbag.py:539} INFO - Filling up the DagBag from /opt/airflow/dags/kafka_stream.py
[2025-04-26T12:02:28.574+0000] {processor.py:839} INFO - DAG(s) dict_keys(['user_automation']) retrieved from /opt/airflow/dags/kafka_stream.py
[2025-04-26T12:02:28.596+0000] {logging_mixin.py:151} INFO - [2025-04-26T12:02:28.596+0000] {dag.py:2907} INFO - Sync 1 DAGs
[2025-04-26T12:02:28.616+0000] {logging_mixin.py:151} INFO - [2025-04-26T12:02:28.616+0000] {dag.py:3677} INFO - Setting next_dagrun for user_automation to 2025-04-26T00:00:00+00:00, run_after=2025-04-27T00:00:00+00:00
[2025-04-26T12:02:28.643+0000] {processor.py:179} INFO - Processing /opt/airflow/dags/kafka_stream.py took 0.102 seconds
[2025-04-26T12:02:58.766+0000] {processor.py:157} INFO - Started process (PID=619) to work on /opt/airflow/dags/kafka_stream.py
[2025-04-26T12:02:58.768+0000] {processor.py:829} INFO - Processing file /opt/airflow/dags/kafka_stream.py for tasks to queue
[2025-04-26T12:02:58.770+0000] {logging_mixin.py:151} INFO - [2025-04-26T12:02:58.769+0000] {dagbag.py:539} INFO - Filling up the DagBag from /opt/airflow/dags/kafka_stream.py
[2025-04-26T12:02:58.808+0000] {processor.py:839} INFO - DAG(s) dict_keys(['user_automation']) retrieved from /opt/airflow/dags/kafka_stream.py
[2025-04-26T12:02:58.831+0000] {logging_mixin.py:151} INFO - [2025-04-26T12:02:58.831+0000] {dag.py:2907} INFO - Sync 1 DAGs
[2025-04-26T12:02:58.853+0000] {logging_mixin.py:151} INFO - [2025-04-26T12:02:58.853+0000] {dag.py:3677} INFO - Setting next_dagrun for user_automation to 2025-04-26T00:00:00+00:00, run_after=2025-04-27T00:00:00+00:00
[2025-04-26T12:02:58.876+0000] {processor.py:179} INFO - Processing /opt/airflow/dags/kafka_stream.py took 0.114 seconds
[2025-04-26T12:03:29.047+0000] {processor.py:157} INFO - Started process (PID=620) to work on /opt/airflow/dags/kafka_stream.py
[2025-04-26T12:03:29.048+0000] {processor.py:829} INFO - Processing file /opt/airflow/dags/kafka_stream.py for tasks to queue
[2025-04-26T12:03:29.050+0000] {logging_mixin.py:151} INFO - [2025-04-26T12:03:29.049+0000] {dagbag.py:539} INFO - Filling up the DagBag from /opt/airflow/dags/kafka_stream.py
[2025-04-26T12:03:29.078+0000] {processor.py:839} INFO - DAG(s) dict_keys(['user_automation']) retrieved from /opt/airflow/dags/kafka_stream.py
[2025-04-26T12:03:29.098+0000] {logging_mixin.py:151} INFO - [2025-04-26T12:03:29.098+0000] {dag.py:2907} INFO - Sync 1 DAGs
[2025-04-26T12:03:29.120+0000] {logging_mixin.py:151} INFO - [2025-04-26T12:03:29.120+0000] {dag.py:3677} INFO - Setting next_dagrun for user_automation to 2025-04-26T00:00:00+00:00, run_after=2025-04-27T00:00:00+00:00
[2025-04-26T12:03:29.143+0000] {processor.py:179} INFO - Processing /opt/airflow/dags/kafka_stream.py took 0.098 seconds
[2025-04-26T12:03:59.301+0000] {processor.py:157} INFO - Started process (PID=621) to work on /opt/airflow/dags/kafka_stream.py
[2025-04-26T12:03:59.302+0000] {processor.py:829} INFO - Processing file /opt/airflow/dags/kafka_stream.py for tasks to queue
[2025-04-26T12:03:59.302+0000] {logging_mixin.py:151} INFO - [2025-04-26T12:03:59.302+0000] {dagbag.py:539} INFO - Filling up the DagBag from /opt/airflow/dags/kafka_stream.py
[2025-04-26T12:03:59.325+0000] {processor.py:839} INFO - DAG(s) dict_keys(['user_automation']) retrieved from /opt/airflow/dags/kafka_stream.py
[2025-04-26T12:03:59.345+0000] {logging_mixin.py:151} INFO - [2025-04-26T12:03:59.345+0000] {dag.py:2907} INFO - Sync 1 DAGs
[2025-04-26T12:03:59.364+0000] {logging_mixin.py:151} INFO - [2025-04-26T12:03:59.363+0000] {dag.py:3677} INFO - Setting next_dagrun for user_automation to 2025-04-26T00:00:00+00:00, run_after=2025-04-27T00:00:00+00:00
[2025-04-26T12:03:59.382+0000] {processor.py:179} INFO - Processing /opt/airflow/dags/kafka_stream.py took 0.085 seconds
[2025-04-26T12:04:29.593+0000] {processor.py:157} INFO - Started process (PID=622) to work on /opt/airflow/dags/kafka_stream.py
[2025-04-26T12:04:29.594+0000] {processor.py:829} INFO - Processing file /opt/airflow/dags/kafka_stream.py for tasks to queue
[2025-04-26T12:04:29.595+0000] {logging_mixin.py:151} INFO - [2025-04-26T12:04:29.595+0000] {dagbag.py:539} INFO - Filling up the DagBag from /opt/airflow/dags/kafka_stream.py
[2025-04-26T12:04:29.625+0000] {processor.py:839} INFO - DAG(s) dict_keys(['user_automation']) retrieved from /opt/airflow/dags/kafka_stream.py
[2025-04-26T12:04:29.645+0000] {logging_mixin.py:151} INFO - [2025-04-26T12:04:29.645+0000] {dag.py:2907} INFO - Sync 1 DAGs
[2025-04-26T12:04:29.663+0000] {logging_mixin.py:151} INFO - [2025-04-26T12:04:29.663+0000] {dag.py:3677} INFO - Setting next_dagrun for user_automation to 2025-04-26T00:00:00+00:00, run_after=2025-04-27T00:00:00+00:00
[2025-04-26T12:04:29.689+0000] {processor.py:179} INFO - Processing /opt/airflow/dags/kafka_stream.py took 0.099 seconds
[2025-04-26T12:04:59.845+0000] {processor.py:157} INFO - Started process (PID=623) to work on /opt/airflow/dags/kafka_stream.py
[2025-04-26T12:04:59.846+0000] {processor.py:829} INFO - Processing file /opt/airflow/dags/kafka_stream.py for tasks to queue
[2025-04-26T12:04:59.848+0000] {logging_mixin.py:151} INFO - [2025-04-26T12:04:59.847+0000] {dagbag.py:539} INFO - Filling up the DagBag from /opt/airflow/dags/kafka_stream.py
[2025-04-26T12:04:59.882+0000] {processor.py:839} INFO - DAG(s) dict_keys(['user_automation']) retrieved from /opt/airflow/dags/kafka_stream.py
[2025-04-26T12:04:59.902+0000] {logging_mixin.py:151} INFO - [2025-04-26T12:04:59.901+0000] {dag.py:2907} INFO - Sync 1 DAGs
[2025-04-26T12:04:59.922+0000] {logging_mixin.py:151} INFO - [2025-04-26T12:04:59.921+0000] {dag.py:3677} INFO - Setting next_dagrun for user_automation to 2025-04-26T00:00:00+00:00, run_after=2025-04-27T00:00:00+00:00
[2025-04-26T12:04:59.944+0000] {processor.py:179} INFO - Processing /opt/airflow/dags/kafka_stream.py took 0.101 seconds
[2025-04-26T12:05:30.131+0000] {processor.py:157} INFO - Started process (PID=624) to work on /opt/airflow/dags/kafka_stream.py
[2025-04-26T12:05:30.133+0000] {processor.py:829} INFO - Processing file /opt/airflow/dags/kafka_stream.py for tasks to queue
[2025-04-26T12:05:30.134+0000] {logging_mixin.py:151} INFO - [2025-04-26T12:05:30.134+0000] {dagbag.py:539} INFO - Filling up the DagBag from /opt/airflow/dags/kafka_stream.py
[2025-04-26T12:05:30.165+0000] {processor.py:839} INFO - DAG(s) dict_keys(['user_automation']) retrieved from /opt/airflow/dags/kafka_stream.py
[2025-04-26T12:05:30.184+0000] {logging_mixin.py:151} INFO - [2025-04-26T12:05:30.184+0000] {dag.py:2907} INFO - Sync 1 DAGs
[2025-04-26T12:05:30.203+0000] {logging_mixin.py:151} INFO - [2025-04-26T12:05:30.203+0000] {dag.py:3677} INFO - Setting next_dagrun for user_automation to 2025-04-26T00:00:00+00:00, run_after=2025-04-27T00:00:00+00:00
[2025-04-26T12:05:30.232+0000] {processor.py:179} INFO - Processing /opt/airflow/dags/kafka_stream.py took 0.103 seconds
[2025-04-26T12:06:00.365+0000] {processor.py:157} INFO - Started process (PID=625) to work on /opt/airflow/dags/kafka_stream.py
[2025-04-26T12:06:00.366+0000] {processor.py:829} INFO - Processing file /opt/airflow/dags/kafka_stream.py for tasks to queue
[2025-04-26T12:06:00.367+0000] {logging_mixin.py:151} INFO - [2025-04-26T12:06:00.367+0000] {dagbag.py:539} INFO - Filling up the DagBag from /opt/airflow/dags/kafka_stream.py
[2025-04-26T12:06:00.398+0000] {processor.py:839} INFO - DAG(s) dict_keys(['user_automation']) retrieved from /opt/airflow/dags/kafka_stream.py
[2025-04-26T12:06:00.419+0000] {logging_mixin.py:151} INFO - [2025-04-26T12:06:00.419+0000] {dag.py:2907} INFO - Sync 1 DAGs
[2025-04-26T12:06:00.437+0000] {logging_mixin.py:151} INFO - [2025-04-26T12:06:00.437+0000] {dag.py:3677} INFO - Setting next_dagrun for user_automation to 2025-04-26T00:00:00+00:00, run_after=2025-04-27T00:00:00+00:00
[2025-04-26T12:06:00.456+0000] {processor.py:179} INFO - Processing /opt/airflow/dags/kafka_stream.py took 0.094 seconds
[2025-04-26T12:06:30.637+0000] {processor.py:157} INFO - Started process (PID=626) to work on /opt/airflow/dags/kafka_stream.py
[2025-04-26T12:06:30.638+0000] {processor.py:829} INFO - Processing file /opt/airflow/dags/kafka_stream.py for tasks to queue
[2025-04-26T12:06:30.639+0000] {logging_mixin.py:151} INFO - [2025-04-26T12:06:30.639+0000] {dagbag.py:539} INFO - Filling up the DagBag from /opt/airflow/dags/kafka_stream.py
[2025-04-26T12:06:30.669+0000] {processor.py:839} INFO - DAG(s) dict_keys(['user_automation']) retrieved from /opt/airflow/dags/kafka_stream.py
[2025-04-26T12:06:30.689+0000] {logging_mixin.py:151} INFO - [2025-04-26T12:06:30.689+0000] {dag.py:2907} INFO - Sync 1 DAGs
[2025-04-26T12:06:30.707+0000] {logging_mixin.py:151} INFO - [2025-04-26T12:06:30.707+0000] {dag.py:3677} INFO - Setting next_dagrun for user_automation to 2025-04-26T00:00:00+00:00, run_after=2025-04-27T00:00:00+00:00
[2025-04-26T12:06:30.734+0000] {processor.py:179} INFO - Processing /opt/airflow/dags/kafka_stream.py took 0.099 seconds
[2025-04-26T12:07:00.861+0000] {processor.py:157} INFO - Started process (PID=627) to work on /opt/airflow/dags/kafka_stream.py
[2025-04-26T12:07:00.862+0000] {processor.py:829} INFO - Processing file /opt/airflow/dags/kafka_stream.py for tasks to queue
[2025-04-26T12:07:00.863+0000] {logging_mixin.py:151} INFO - [2025-04-26T12:07:00.863+0000] {dagbag.py:539} INFO - Filling up the DagBag from /opt/airflow/dags/kafka_stream.py
[2025-04-26T12:07:00.897+0000] {processor.py:839} INFO - DAG(s) dict_keys(['user_automation']) retrieved from /opt/airflow/dags/kafka_stream.py
[2025-04-26T12:07:00.917+0000] {logging_mixin.py:151} INFO - [2025-04-26T12:07:00.917+0000] {dag.py:2907} INFO - Sync 1 DAGs
[2025-04-26T12:07:00.934+0000] {logging_mixin.py:151} INFO - [2025-04-26T12:07:00.934+0000] {dag.py:3677} INFO - Setting next_dagrun for user_automation to 2025-04-26T00:00:00+00:00, run_after=2025-04-27T00:00:00+00:00
[2025-04-26T12:07:00.951+0000] {processor.py:179} INFO - Processing /opt/airflow/dags/kafka_stream.py took 0.093 seconds
[2025-04-26T12:07:31.182+0000] {processor.py:157} INFO - Started process (PID=628) to work on /opt/airflow/dags/kafka_stream.py
[2025-04-26T12:07:31.183+0000] {processor.py:829} INFO - Processing file /opt/airflow/dags/kafka_stream.py for tasks to queue
[2025-04-26T12:07:31.184+0000] {logging_mixin.py:151} INFO - [2025-04-26T12:07:31.184+0000] {dagbag.py:539} INFO - Filling up the DagBag from /opt/airflow/dags/kafka_stream.py
[2025-04-26T12:07:31.212+0000] {processor.py:839} INFO - DAG(s) dict_keys(['user_automation']) retrieved from /opt/airflow/dags/kafka_stream.py
[2025-04-26T12:07:31.231+0000] {logging_mixin.py:151} INFO - [2025-04-26T12:07:31.231+0000] {dag.py:2907} INFO - Sync 1 DAGs
[2025-04-26T12:07:31.250+0000] {logging_mixin.py:151} INFO - [2025-04-26T12:07:31.250+0000] {dag.py:3677} INFO - Setting next_dagrun for user_automation to 2025-04-26T00:00:00+00:00, run_after=2025-04-27T00:00:00+00:00
[2025-04-26T12:07:31.271+0000] {processor.py:179} INFO - Processing /opt/airflow/dags/kafka_stream.py took 0.091 seconds
[2025-04-26T12:08:01.448+0000] {processor.py:157} INFO - Started process (PID=629) to work on /opt/airflow/dags/kafka_stream.py
[2025-04-26T12:08:01.449+0000] {processor.py:829} INFO - Processing file /opt/airflow/dags/kafka_stream.py for tasks to queue
[2025-04-26T12:08:01.451+0000] {logging_mixin.py:151} INFO - [2025-04-26T12:08:01.450+0000] {dagbag.py:539} INFO - Filling up the DagBag from /opt/airflow/dags/kafka_stream.py
[2025-04-26T12:08:01.485+0000] {processor.py:839} INFO - DAG(s) dict_keys(['user_automation']) retrieved from /opt/airflow/dags/kafka_stream.py
[2025-04-26T12:08:01.508+0000] {logging_mixin.py:151} INFO - [2025-04-26T12:08:01.508+0000] {dag.py:2907} INFO - Sync 1 DAGs
[2025-04-26T12:08:01.527+0000] {logging_mixin.py:151} INFO - [2025-04-26T12:08:01.527+0000] {dag.py:3677} INFO - Setting next_dagrun for user_automation to 2025-04-26T00:00:00+00:00, run_after=2025-04-27T00:00:00+00:00
[2025-04-26T12:08:01.555+0000] {processor.py:179} INFO - Processing /opt/airflow/dags/kafka_stream.py took 0.111 seconds
[2025-04-26T12:08:31.779+0000] {processor.py:157} INFO - Started process (PID=630) to work on /opt/airflow/dags/kafka_stream.py
[2025-04-26T12:08:31.780+0000] {processor.py:829} INFO - Processing file /opt/airflow/dags/kafka_stream.py for tasks to queue
[2025-04-26T12:08:31.781+0000] {logging_mixin.py:151} INFO - [2025-04-26T12:08:31.781+0000] {dagbag.py:539} INFO - Filling up the DagBag from /opt/airflow/dags/kafka_stream.py
[2025-04-26T12:08:31.811+0000] {processor.py:839} INFO - DAG(s) dict_keys(['user_automation']) retrieved from /opt/airflow/dags/kafka_stream.py
[2025-04-26T12:08:31.831+0000] {logging_mixin.py:151} INFO - [2025-04-26T12:08:31.831+0000] {dag.py:2907} INFO - Sync 1 DAGs
[2025-04-26T12:08:31.850+0000] {logging_mixin.py:151} INFO - [2025-04-26T12:08:31.850+0000] {dag.py:3677} INFO - Setting next_dagrun for user_automation to 2025-04-26T00:00:00+00:00, run_after=2025-04-27T00:00:00+00:00
[2025-04-26T12:08:31.870+0000] {processor.py:179} INFO - Processing /opt/airflow/dags/kafka_stream.py took 0.094 seconds
[2025-04-26T12:09:02.011+0000] {processor.py:157} INFO - Started process (PID=631) to work on /opt/airflow/dags/kafka_stream.py
[2025-04-26T12:09:02.012+0000] {processor.py:829} INFO - Processing file /opt/airflow/dags/kafka_stream.py for tasks to queue
[2025-04-26T12:09:02.014+0000] {logging_mixin.py:151} INFO - [2025-04-26T12:09:02.013+0000] {dagbag.py:539} INFO - Filling up the DagBag from /opt/airflow/dags/kafka_stream.py
[2025-04-26T12:09:02.045+0000] {processor.py:839} INFO - DAG(s) dict_keys(['user_automation']) retrieved from /opt/airflow/dags/kafka_stream.py
[2025-04-26T12:09:02.066+0000] {logging_mixin.py:151} INFO - [2025-04-26T12:09:02.066+0000] {dag.py:2907} INFO - Sync 1 DAGs
[2025-04-26T12:09:02.083+0000] {logging_mixin.py:151} INFO - [2025-04-26T12:09:02.083+0000] {dag.py:3677} INFO - Setting next_dagrun for user_automation to 2025-04-26T00:00:00+00:00, run_after=2025-04-27T00:00:00+00:00
[2025-04-26T12:09:02.109+0000] {processor.py:179} INFO - Processing /opt/airflow/dags/kafka_stream.py took 0.100 seconds
[2025-04-26T12:09:32.314+0000] {processor.py:157} INFO - Started process (PID=632) to work on /opt/airflow/dags/kafka_stream.py
[2025-04-26T12:09:32.315+0000] {processor.py:829} INFO - Processing file /opt/airflow/dags/kafka_stream.py for tasks to queue
[2025-04-26T12:09:32.316+0000] {logging_mixin.py:151} INFO - [2025-04-26T12:09:32.316+0000] {dagbag.py:539} INFO - Filling up the DagBag from /opt/airflow/dags/kafka_stream.py
[2025-04-26T12:09:32.343+0000] {processor.py:839} INFO - DAG(s) dict_keys(['user_automation']) retrieved from /opt/airflow/dags/kafka_stream.py
[2025-04-26T12:09:32.364+0000] {logging_mixin.py:151} INFO - [2025-04-26T12:09:32.364+0000] {dag.py:2907} INFO - Sync 1 DAGs
[2025-04-26T12:09:32.383+0000] {logging_mixin.py:151} INFO - [2025-04-26T12:09:32.383+0000] {dag.py:3677} INFO - Setting next_dagrun for user_automation to 2025-04-26T00:00:00+00:00, run_after=2025-04-27T00:00:00+00:00
[2025-04-26T12:09:32.409+0000] {processor.py:179} INFO - Processing /opt/airflow/dags/kafka_stream.py took 0.098 seconds
[2025-04-26T12:10:02.535+0000] {processor.py:157} INFO - Started process (PID=633) to work on /opt/airflow/dags/kafka_stream.py
[2025-04-26T12:10:02.537+0000] {processor.py:829} INFO - Processing file /opt/airflow/dags/kafka_stream.py for tasks to queue
[2025-04-26T12:10:02.538+0000] {logging_mixin.py:151} INFO - [2025-04-26T12:10:02.538+0000] {dagbag.py:539} INFO - Filling up the DagBag from /opt/airflow/dags/kafka_stream.py
[2025-04-26T12:10:02.568+0000] {processor.py:839} INFO - DAG(s) dict_keys(['user_automation']) retrieved from /opt/airflow/dags/kafka_stream.py
[2025-04-26T12:10:02.588+0000] {logging_mixin.py:151} INFO - [2025-04-26T12:10:02.588+0000] {dag.py:2907} INFO - Sync 1 DAGs
[2025-04-26T12:10:02.606+0000] {logging_mixin.py:151} INFO - [2025-04-26T12:10:02.606+0000] {dag.py:3677} INFO - Setting next_dagrun for user_automation to 2025-04-26T00:00:00+00:00, run_after=2025-04-27T00:00:00+00:00
[2025-04-26T12:10:02.624+0000] {processor.py:179} INFO - Processing /opt/airflow/dags/kafka_stream.py took 0.091 seconds
[2025-04-26T12:10:32.856+0000] {processor.py:157} INFO - Started process (PID=634) to work on /opt/airflow/dags/kafka_stream.py
[2025-04-26T12:10:32.857+0000] {processor.py:829} INFO - Processing file /opt/airflow/dags/kafka_stream.py for tasks to queue
[2025-04-26T12:10:32.859+0000] {logging_mixin.py:151} INFO - [2025-04-26T12:10:32.858+0000] {dagbag.py:539} INFO - Filling up the DagBag from /opt/airflow/dags/kafka_stream.py
[2025-04-26T12:10:32.884+0000] {processor.py:839} INFO - DAG(s) dict_keys(['user_automation']) retrieved from /opt/airflow/dags/kafka_stream.py
[2025-04-26T12:10:32.904+0000] {logging_mixin.py:151} INFO - [2025-04-26T12:10:32.904+0000] {dag.py:2907} INFO - Sync 1 DAGs
[2025-04-26T12:10:32.923+0000] {logging_mixin.py:151} INFO - [2025-04-26T12:10:32.923+0000] {dag.py:3677} INFO - Setting next_dagrun for user_automation to 2025-04-26T00:00:00+00:00, run_after=2025-04-27T00:00:00+00:00
[2025-04-26T12:10:32.953+0000] {processor.py:179} INFO - Processing /opt/airflow/dags/kafka_stream.py took 0.099 seconds
[2025-04-26T12:11:03.080+0000] {processor.py:157} INFO - Started process (PID=635) to work on /opt/airflow/dags/kafka_stream.py
[2025-04-26T12:11:03.081+0000] {processor.py:829} INFO - Processing file /opt/airflow/dags/kafka_stream.py for tasks to queue
[2025-04-26T12:11:03.082+0000] {logging_mixin.py:151} INFO - [2025-04-26T12:11:03.082+0000] {dagbag.py:539} INFO - Filling up the DagBag from /opt/airflow/dags/kafka_stream.py
[2025-04-26T12:11:03.108+0000] {processor.py:839} INFO - DAG(s) dict_keys(['user_automation']) retrieved from /opt/airflow/dags/kafka_stream.py
[2025-04-26T12:11:03.130+0000] {logging_mixin.py:151} INFO - [2025-04-26T12:11:03.129+0000] {dag.py:2907} INFO - Sync 1 DAGs
[2025-04-26T12:11:03.151+0000] {logging_mixin.py:151} INFO - [2025-04-26T12:11:03.150+0000] {dag.py:3677} INFO - Setting next_dagrun for user_automation to 2025-04-26T00:00:00+00:00, run_after=2025-04-27T00:00:00+00:00
[2025-04-26T12:11:03.179+0000] {processor.py:179} INFO - Processing /opt/airflow/dags/kafka_stream.py took 0.103 seconds
[2025-04-26T12:11:33.419+0000] {processor.py:157} INFO - Started process (PID=636) to work on /opt/airflow/dags/kafka_stream.py
[2025-04-26T12:11:33.420+0000] {processor.py:829} INFO - Processing file /opt/airflow/dags/kafka_stream.py for tasks to queue
[2025-04-26T12:11:33.422+0000] {logging_mixin.py:151} INFO - [2025-04-26T12:11:33.421+0000] {dagbag.py:539} INFO - Filling up the DagBag from /opt/airflow/dags/kafka_stream.py
[2025-04-26T12:11:33.448+0000] {processor.py:839} INFO - DAG(s) dict_keys(['user_automation']) retrieved from /opt/airflow/dags/kafka_stream.py
[2025-04-26T12:11:33.469+0000] {logging_mixin.py:151} INFO - [2025-04-26T12:11:33.469+0000] {dag.py:2907} INFO - Sync 1 DAGs
[2025-04-26T12:11:33.496+0000] {logging_mixin.py:151} INFO - [2025-04-26T12:11:33.496+0000] {dag.py:3677} INFO - Setting next_dagrun for user_automation to 2025-04-26T00:00:00+00:00, run_after=2025-04-27T00:00:00+00:00
[2025-04-26T12:11:33.526+0000] {processor.py:179} INFO - Processing /opt/airflow/dags/kafka_stream.py took 0.109 seconds
[2025-04-26T12:12:03.634+0000] {processor.py:157} INFO - Started process (PID=637) to work on /opt/airflow/dags/kafka_stream.py
[2025-04-26T12:12:03.635+0000] {processor.py:829} INFO - Processing file /opt/airflow/dags/kafka_stream.py for tasks to queue
[2025-04-26T12:12:03.636+0000] {logging_mixin.py:151} INFO - [2025-04-26T12:12:03.636+0000] {dagbag.py:539} INFO - Filling up the DagBag from /opt/airflow/dags/kafka_stream.py
[2025-04-26T12:12:03.666+0000] {processor.py:839} INFO - DAG(s) dict_keys(['user_automation']) retrieved from /opt/airflow/dags/kafka_stream.py
[2025-04-26T12:12:03.686+0000] {logging_mixin.py:151} INFO - [2025-04-26T12:12:03.686+0000] {dag.py:2907} INFO - Sync 1 DAGs
[2025-04-26T12:12:03.704+0000] {logging_mixin.py:151} INFO - [2025-04-26T12:12:03.703+0000] {dag.py:3677} INFO - Setting next_dagrun for user_automation to 2025-04-26T00:00:00+00:00, run_after=2025-04-27T00:00:00+00:00
[2025-04-26T12:12:03.723+0000] {processor.py:179} INFO - Processing /opt/airflow/dags/kafka_stream.py took 0.092 seconds
[2025-04-26T12:12:33.943+0000] {processor.py:157} INFO - Started process (PID=638) to work on /opt/airflow/dags/kafka_stream.py
[2025-04-26T12:12:33.944+0000] {processor.py:829} INFO - Processing file /opt/airflow/dags/kafka_stream.py for tasks to queue
[2025-04-26T12:12:33.945+0000] {logging_mixin.py:151} INFO - [2025-04-26T12:12:33.945+0000] {dagbag.py:539} INFO - Filling up the DagBag from /opt/airflow/dags/kafka_stream.py
[2025-04-26T12:12:33.978+0000] {processor.py:839} INFO - DAG(s) dict_keys(['user_automation']) retrieved from /opt/airflow/dags/kafka_stream.py
[2025-04-26T12:12:33.999+0000] {logging_mixin.py:151} INFO - [2025-04-26T12:12:33.999+0000] {dag.py:2907} INFO - Sync 1 DAGs
[2025-04-26T12:12:34.017+0000] {logging_mixin.py:151} INFO - [2025-04-26T12:12:34.017+0000] {dag.py:3677} INFO - Setting next_dagrun for user_automation to 2025-04-26T00:00:00+00:00, run_after=2025-04-27T00:00:00+00:00
[2025-04-26T12:12:34.040+0000] {processor.py:179} INFO - Processing /opt/airflow/dags/kafka_stream.py took 0.099 seconds
[2025-04-26T12:13:04.144+0000] {processor.py:157} INFO - Started process (PID=639) to work on /opt/airflow/dags/kafka_stream.py
[2025-04-26T12:13:04.145+0000] {processor.py:829} INFO - Processing file /opt/airflow/dags/kafka_stream.py for tasks to queue
[2025-04-26T12:13:04.147+0000] {logging_mixin.py:151} INFO - [2025-04-26T12:13:04.146+0000] {dagbag.py:539} INFO - Filling up the DagBag from /opt/airflow/dags/kafka_stream.py
[2025-04-26T12:13:04.179+0000] {processor.py:839} INFO - DAG(s) dict_keys(['user_automation']) retrieved from /opt/airflow/dags/kafka_stream.py
[2025-04-26T12:13:04.202+0000] {logging_mixin.py:151} INFO - [2025-04-26T12:13:04.202+0000] {dag.py:2907} INFO - Sync 1 DAGs
[2025-04-26T12:13:04.223+0000] {logging_mixin.py:151} INFO - [2025-04-26T12:13:04.223+0000] {dag.py:3677} INFO - Setting next_dagrun for user_automation to 2025-04-26T00:00:00+00:00, run_after=2025-04-27T00:00:00+00:00
[2025-04-26T12:13:04.252+0000] {processor.py:179} INFO - Processing /opt/airflow/dags/kafka_stream.py took 0.111 seconds
[2025-04-26T12:13:34.505+0000] {processor.py:157} INFO - Started process (PID=640) to work on /opt/airflow/dags/kafka_stream.py
[2025-04-26T12:13:34.507+0000] {processor.py:829} INFO - Processing file /opt/airflow/dags/kafka_stream.py for tasks to queue
[2025-04-26T12:13:34.508+0000] {logging_mixin.py:151} INFO - [2025-04-26T12:13:34.507+0000] {dagbag.py:539} INFO - Filling up the DagBag from /opt/airflow/dags/kafka_stream.py
[2025-04-26T12:13:34.545+0000] {processor.py:839} INFO - DAG(s) dict_keys(['user_automation']) retrieved from /opt/airflow/dags/kafka_stream.py
[2025-04-26T12:13:34.566+0000] {logging_mixin.py:151} INFO - [2025-04-26T12:13:34.565+0000] {dag.py:2907} INFO - Sync 1 DAGs
[2025-04-26T12:13:34.585+0000] {logging_mixin.py:151} INFO - [2025-04-26T12:13:34.585+0000] {dag.py:3677} INFO - Setting next_dagrun for user_automation to 2025-04-26T00:00:00+00:00, run_after=2025-04-27T00:00:00+00:00
[2025-04-26T12:13:34.614+0000] {processor.py:179} INFO - Processing /opt/airflow/dags/kafka_stream.py took 0.111 seconds
[2025-04-26T12:14:04.744+0000] {processor.py:157} INFO - Started process (PID=641) to work on /opt/airflow/dags/kafka_stream.py
[2025-04-26T12:14:04.746+0000] {processor.py:829} INFO - Processing file /opt/airflow/dags/kafka_stream.py for tasks to queue
[2025-04-26T12:14:04.747+0000] {logging_mixin.py:151} INFO - [2025-04-26T12:14:04.747+0000] {dagbag.py:539} INFO - Filling up the DagBag from /opt/airflow/dags/kafka_stream.py
[2025-04-26T12:14:04.774+0000] {processor.py:839} INFO - DAG(s) dict_keys(['user_automation']) retrieved from /opt/airflow/dags/kafka_stream.py
[2025-04-26T12:14:04.797+0000] {logging_mixin.py:151} INFO - [2025-04-26T12:14:04.797+0000] {dag.py:2907} INFO - Sync 1 DAGs
[2025-04-26T12:14:04.818+0000] {logging_mixin.py:151} INFO - [2025-04-26T12:14:04.818+0000] {dag.py:3677} INFO - Setting next_dagrun for user_automation to 2025-04-26T00:00:00+00:00, run_after=2025-04-27T00:00:00+00:00
[2025-04-26T12:14:04.838+0000] {processor.py:179} INFO - Processing /opt/airflow/dags/kafka_stream.py took 0.097 seconds
[2025-04-26T12:14:35.034+0000] {processor.py:157} INFO - Started process (PID=642) to work on /opt/airflow/dags/kafka_stream.py
[2025-04-26T12:14:35.035+0000] {processor.py:829} INFO - Processing file /opt/airflow/dags/kafka_stream.py for tasks to queue
[2025-04-26T12:14:35.036+0000] {logging_mixin.py:151} INFO - [2025-04-26T12:14:35.036+0000] {dagbag.py:539} INFO - Filling up the DagBag from /opt/airflow/dags/kafka_stream.py
[2025-04-26T12:14:35.073+0000] {processor.py:839} INFO - DAG(s) dict_keys(['user_automation']) retrieved from /opt/airflow/dags/kafka_stream.py
[2025-04-26T12:14:35.095+0000] {logging_mixin.py:151} INFO - [2025-04-26T12:14:35.095+0000] {dag.py:2907} INFO - Sync 1 DAGs
[2025-04-26T12:14:35.116+0000] {logging_mixin.py:151} INFO - [2025-04-26T12:14:35.115+0000] {dag.py:3677} INFO - Setting next_dagrun for user_automation to 2025-04-26T00:00:00+00:00, run_after=2025-04-27T00:00:00+00:00
[2025-04-26T12:14:35.137+0000] {processor.py:179} INFO - Processing /opt/airflow/dags/kafka_stream.py took 0.106 seconds
[2025-04-26T12:15:05.275+0000] {processor.py:157} INFO - Started process (PID=643) to work on /opt/airflow/dags/kafka_stream.py
[2025-04-26T12:15:05.276+0000] {processor.py:829} INFO - Processing file /opt/airflow/dags/kafka_stream.py for tasks to queue
[2025-04-26T12:15:05.278+0000] {logging_mixin.py:151} INFO - [2025-04-26T12:15:05.277+0000] {dagbag.py:539} INFO - Filling up the DagBag from /opt/airflow/dags/kafka_stream.py
[2025-04-26T12:15:05.308+0000] {processor.py:839} INFO - DAG(s) dict_keys(['user_automation']) retrieved from /opt/airflow/dags/kafka_stream.py
[2025-04-26T12:15:05.331+0000] {logging_mixin.py:151} INFO - [2025-04-26T12:15:05.331+0000] {dag.py:2907} INFO - Sync 1 DAGs
[2025-04-26T12:15:05.349+0000] {logging_mixin.py:151} INFO - [2025-04-26T12:15:05.349+0000] {dag.py:3677} INFO - Setting next_dagrun for user_automation to 2025-04-26T00:00:00+00:00, run_after=2025-04-27T00:00:00+00:00
[2025-04-26T12:15:05.370+0000] {processor.py:179} INFO - Processing /opt/airflow/dags/kafka_stream.py took 0.098 seconds
[2025-04-26T12:15:36.372+0000] {processor.py:157} INFO - Started process (PID=644) to work on /opt/airflow/dags/kafka_stream.py
[2025-04-26T12:15:36.376+0000] {processor.py:829} INFO - Processing file /opt/airflow/dags/kafka_stream.py for tasks to queue
[2025-04-26T12:15:36.378+0000] {logging_mixin.py:151} INFO - [2025-04-26T12:15:36.378+0000] {dagbag.py:539} INFO - Filling up the DagBag from /opt/airflow/dags/kafka_stream.py
[2025-04-26T12:15:36.453+0000] {processor.py:839} INFO - DAG(s) dict_keys(['user_automation']) retrieved from /opt/airflow/dags/kafka_stream.py
[2025-04-26T12:15:36.485+0000] {logging_mixin.py:151} INFO - [2025-04-26T12:15:36.485+0000] {dag.py:2907} INFO - Sync 1 DAGs
[2025-04-26T12:15:36.512+0000] {logging_mixin.py:151} INFO - [2025-04-26T12:15:36.512+0000] {dag.py:3677} INFO - Setting next_dagrun for user_automation to 2025-04-26T00:00:00+00:00, run_after=2025-04-27T00:00:00+00:00
[2025-04-26T12:15:36.541+0000] {processor.py:179} INFO - Processing /opt/airflow/dags/kafka_stream.py took 0.177 seconds
[2025-04-26T12:16:06.703+0000] {processor.py:157} INFO - Started process (PID=645) to work on /opt/airflow/dags/kafka_stream.py
[2025-04-26T12:16:06.704+0000] {processor.py:829} INFO - Processing file /opt/airflow/dags/kafka_stream.py for tasks to queue
[2025-04-26T12:16:06.705+0000] {logging_mixin.py:151} INFO - [2025-04-26T12:16:06.705+0000] {dagbag.py:539} INFO - Filling up the DagBag from /opt/airflow/dags/kafka_stream.py
[2025-04-26T12:16:06.748+0000] {processor.py:839} INFO - DAG(s) dict_keys(['user_automation']) retrieved from /opt/airflow/dags/kafka_stream.py
[2025-04-26T12:16:06.778+0000] {logging_mixin.py:151} INFO - [2025-04-26T12:16:06.778+0000] {dag.py:2907} INFO - Sync 1 DAGs
[2025-04-26T12:16:06.821+0000] {logging_mixin.py:151} INFO - [2025-04-26T12:16:06.821+0000] {dag.py:3677} INFO - Setting next_dagrun for user_automation to 2025-04-26T00:00:00+00:00, run_after=2025-04-27T00:00:00+00:00
[2025-04-26T12:16:06.855+0000] {processor.py:179} INFO - Processing /opt/airflow/dags/kafka_stream.py took 0.158 seconds
[2025-04-26T12:16:37.154+0000] {processor.py:157} INFO - Started process (PID=646) to work on /opt/airflow/dags/kafka_stream.py
[2025-04-26T12:16:37.163+0000] {processor.py:829} INFO - Processing file /opt/airflow/dags/kafka_stream.py for tasks to queue
[2025-04-26T12:16:37.183+0000] {logging_mixin.py:151} INFO - [2025-04-26T12:16:37.182+0000] {dagbag.py:539} INFO - Filling up the DagBag from /opt/airflow/dags/kafka_stream.py
[2025-04-26T12:16:37.399+0000] {processor.py:839} INFO - DAG(s) dict_keys(['user_automation']) retrieved from /opt/airflow/dags/kafka_stream.py
[2025-04-26T12:16:37.456+0000] {logging_mixin.py:151} INFO - [2025-04-26T12:16:37.456+0000] {dag.py:2907} INFO - Sync 1 DAGs
[2025-04-26T12:16:37.511+0000] {logging_mixin.py:151} INFO - [2025-04-26T12:16:37.510+0000] {dag.py:3677} INFO - Setting next_dagrun for user_automation to 2025-04-26T00:00:00+00:00, run_after=2025-04-27T00:00:00+00:00
[2025-04-26T12:16:37.641+0000] {processor.py:179} INFO - Processing /opt/airflow/dags/kafka_stream.py took 0.492 seconds
[2025-04-26T12:17:08.090+0000] {processor.py:157} INFO - Started process (PID=647) to work on /opt/airflow/dags/kafka_stream.py
[2025-04-26T12:17:08.091+0000] {processor.py:829} INFO - Processing file /opt/airflow/dags/kafka_stream.py for tasks to queue
[2025-04-26T12:17:08.092+0000] {logging_mixin.py:151} INFO - [2025-04-26T12:17:08.092+0000] {dagbag.py:539} INFO - Filling up the DagBag from /opt/airflow/dags/kafka_stream.py
[2025-04-26T12:17:08.125+0000] {processor.py:839} INFO - DAG(s) dict_keys(['user_automation']) retrieved from /opt/airflow/dags/kafka_stream.py
[2025-04-26T12:17:08.145+0000] {logging_mixin.py:151} INFO - [2025-04-26T12:17:08.145+0000] {dag.py:2907} INFO - Sync 1 DAGs
[2025-04-26T12:17:08.163+0000] {logging_mixin.py:151} INFO - [2025-04-26T12:17:08.163+0000] {dag.py:3677} INFO - Setting next_dagrun for user_automation to 2025-04-26T00:00:00+00:00, run_after=2025-04-27T00:00:00+00:00
[2025-04-26T12:17:08.182+0000] {processor.py:179} INFO - Processing /opt/airflow/dags/kafka_stream.py took 0.095 seconds
[2025-04-26T12:17:38.319+0000] {processor.py:157} INFO - Started process (PID=648) to work on /opt/airflow/dags/kafka_stream.py
[2025-04-26T12:17:38.320+0000] {processor.py:829} INFO - Processing file /opt/airflow/dags/kafka_stream.py for tasks to queue
[2025-04-26T12:17:38.322+0000] {logging_mixin.py:151} INFO - [2025-04-26T12:17:38.321+0000] {dagbag.py:539} INFO - Filling up the DagBag from /opt/airflow/dags/kafka_stream.py
[2025-04-26T12:17:38.354+0000] {processor.py:839} INFO - DAG(s) dict_keys(['user_automation']) retrieved from /opt/airflow/dags/kafka_stream.py
[2025-04-26T12:17:38.377+0000] {logging_mixin.py:151} INFO - [2025-04-26T12:17:38.377+0000] {dag.py:2907} INFO - Sync 1 DAGs
[2025-04-26T12:17:38.395+0000] {logging_mixin.py:151} INFO - [2025-04-26T12:17:38.395+0000] {dag.py:3677} INFO - Setting next_dagrun for user_automation to 2025-04-26T00:00:00+00:00, run_after=2025-04-27T00:00:00+00:00
[2025-04-26T12:17:38.422+0000] {processor.py:179} INFO - Processing /opt/airflow/dags/kafka_stream.py took 0.106 seconds
[2025-04-26T12:18:08.668+0000] {processor.py:157} INFO - Started process (PID=649) to work on /opt/airflow/dags/kafka_stream.py
[2025-04-26T12:18:08.670+0000] {processor.py:829} INFO - Processing file /opt/airflow/dags/kafka_stream.py for tasks to queue
[2025-04-26T12:18:08.672+0000] {logging_mixin.py:151} INFO - [2025-04-26T12:18:08.672+0000] {dagbag.py:539} INFO - Filling up the DagBag from /opt/airflow/dags/kafka_stream.py
[2025-04-26T12:18:08.709+0000] {processor.py:839} INFO - DAG(s) dict_keys(['user_automation']) retrieved from /opt/airflow/dags/kafka_stream.py
[2025-04-26T12:18:08.737+0000] {logging_mixin.py:151} INFO - [2025-04-26T12:18:08.737+0000] {dag.py:2907} INFO - Sync 1 DAGs
[2025-04-26T12:18:08.757+0000] {logging_mixin.py:151} INFO - [2025-04-26T12:18:08.757+0000] {dag.py:3677} INFO - Setting next_dagrun for user_automation to 2025-04-26T00:00:00+00:00, run_after=2025-04-27T00:00:00+00:00
[2025-04-26T12:18:08.785+0000] {processor.py:179} INFO - Processing /opt/airflow/dags/kafka_stream.py took 0.121 seconds
[2025-04-26T12:18:38.908+0000] {processor.py:157} INFO - Started process (PID=650) to work on /opt/airflow/dags/kafka_stream.py
[2025-04-26T12:18:38.910+0000] {processor.py:829} INFO - Processing file /opt/airflow/dags/kafka_stream.py for tasks to queue
[2025-04-26T12:18:38.911+0000] {logging_mixin.py:151} INFO - [2025-04-26T12:18:38.910+0000] {dagbag.py:539} INFO - Filling up the DagBag from /opt/airflow/dags/kafka_stream.py
[2025-04-26T12:18:38.945+0000] {processor.py:839} INFO - DAG(s) dict_keys(['user_automation']) retrieved from /opt/airflow/dags/kafka_stream.py
[2025-04-26T12:18:38.965+0000] {logging_mixin.py:151} INFO - [2025-04-26T12:18:38.965+0000] {dag.py:2907} INFO - Sync 1 DAGs
[2025-04-26T12:18:38.983+0000] {logging_mixin.py:151} INFO - [2025-04-26T12:18:38.983+0000] {dag.py:3677} INFO - Setting next_dagrun for user_automation to 2025-04-26T00:00:00+00:00, run_after=2025-04-27T00:00:00+00:00
[2025-04-26T12:18:39.002+0000] {processor.py:179} INFO - Processing /opt/airflow/dags/kafka_stream.py took 0.096 seconds
[2025-04-26T12:19:09.216+0000] {processor.py:157} INFO - Started process (PID=651) to work on /opt/airflow/dags/kafka_stream.py
[2025-04-26T12:19:09.217+0000] {processor.py:829} INFO - Processing file /opt/airflow/dags/kafka_stream.py for tasks to queue
[2025-04-26T12:19:09.219+0000] {logging_mixin.py:151} INFO - [2025-04-26T12:19:09.218+0000] {dagbag.py:539} INFO - Filling up the DagBag from /opt/airflow/dags/kafka_stream.py
[2025-04-26T12:19:09.254+0000] {processor.py:839} INFO - DAG(s) dict_keys(['user_automation']) retrieved from /opt/airflow/dags/kafka_stream.py
[2025-04-26T12:19:09.274+0000] {logging_mixin.py:151} INFO - [2025-04-26T12:19:09.274+0000] {dag.py:2907} INFO - Sync 1 DAGs
[2025-04-26T12:19:09.293+0000] {logging_mixin.py:151} INFO - [2025-04-26T12:19:09.293+0000] {dag.py:3677} INFO - Setting next_dagrun for user_automation to 2025-04-26T00:00:00+00:00, run_after=2025-04-27T00:00:00+00:00
[2025-04-26T12:19:09.313+0000] {processor.py:179} INFO - Processing /opt/airflow/dags/kafka_stream.py took 0.100 seconds
[2025-04-26T12:19:39.469+0000] {processor.py:157} INFO - Started process (PID=652) to work on /opt/airflow/dags/kafka_stream.py
[2025-04-26T12:19:39.471+0000] {processor.py:829} INFO - Processing file /opt/airflow/dags/kafka_stream.py for tasks to queue
[2025-04-26T12:19:39.472+0000] {logging_mixin.py:151} INFO - [2025-04-26T12:19:39.472+0000] {dagbag.py:539} INFO - Filling up the DagBag from /opt/airflow/dags/kafka_stream.py
[2025-04-26T12:19:39.503+0000] {processor.py:839} INFO - DAG(s) dict_keys(['user_automation']) retrieved from /opt/airflow/dags/kafka_stream.py
[2025-04-26T12:19:39.523+0000] {logging_mixin.py:151} INFO - [2025-04-26T12:19:39.523+0000] {dag.py:2907} INFO - Sync 1 DAGs
[2025-04-26T12:19:39.541+0000] {logging_mixin.py:151} INFO - [2025-04-26T12:19:39.541+0000] {dag.py:3677} INFO - Setting next_dagrun for user_automation to 2025-04-26T00:00:00+00:00, run_after=2025-04-27T00:00:00+00:00
[2025-04-26T12:19:39.565+0000] {processor.py:179} INFO - Processing /opt/airflow/dags/kafka_stream.py took 0.098 seconds
[2025-04-26T15:41:32.502+0000] {processor.py:157} INFO - Started process (PID=655) to work on /opt/airflow/dags/kafka_stream.py
[2025-04-26T15:41:32.507+0000] {processor.py:829} INFO - Processing file /opt/airflow/dags/kafka_stream.py for tasks to queue
[2025-04-26T15:41:32.540+0000] {logging_mixin.py:151} INFO - [2025-04-26T15:41:32.528+0000] {dagbag.py:539} INFO - Filling up the DagBag from /opt/airflow/dags/kafka_stream.py
[2025-04-26T15:41:35.807+0000] {processor.py:839} INFO - DAG(s) dict_keys(['user_automation']) retrieved from /opt/airflow/dags/kafka_stream.py
[2025-04-26T15:41:35.999+0000] {logging_mixin.py:151} INFO - [2025-04-26T15:41:35.999+0000] {dag.py:2907} INFO - Sync 1 DAGs
[2025-04-26T15:41:36.120+0000] {logging_mixin.py:151} INFO - [2025-04-26T15:41:36.119+0000] {dag.py:3677} INFO - Setting next_dagrun for user_automation to 2025-04-26T00:00:00+00:00, run_after=2025-04-27T00:00:00+00:00
[2025-04-26T15:41:36.517+0000] {processor.py:179} INFO - Processing /opt/airflow/dags/kafka_stream.py took 4.053 seconds
[2025-04-26T15:42:07.405+0000] {processor.py:157} INFO - Started process (PID=656) to work on /opt/airflow/dags/kafka_stream.py
[2025-04-26T15:42:07.407+0000] {processor.py:829} INFO - Processing file /opt/airflow/dags/kafka_stream.py for tasks to queue
[2025-04-26T15:42:07.410+0000] {logging_mixin.py:151} INFO - [2025-04-26T15:42:07.409+0000] {dagbag.py:539} INFO - Filling up the DagBag from /opt/airflow/dags/kafka_stream.py
[2025-04-26T15:42:07.473+0000] {processor.py:839} INFO - DAG(s) dict_keys(['user_automation']) retrieved from /opt/airflow/dags/kafka_stream.py
[2025-04-26T15:42:07.541+0000] {logging_mixin.py:151} INFO - [2025-04-26T15:42:07.540+0000] {dag.py:2907} INFO - Sync 1 DAGs
[2025-04-26T15:42:07.608+0000] {logging_mixin.py:151} INFO - [2025-04-26T15:42:07.607+0000] {dag.py:3677} INFO - Setting next_dagrun for user_automation to 2025-04-26T00:00:00+00:00, run_after=2025-04-27T00:00:00+00:00
[2025-04-26T15:42:07.678+0000] {processor.py:179} INFO - Processing /opt/airflow/dags/kafka_stream.py took 0.284 seconds
[2025-04-26T15:42:37.766+0000] {processor.py:157} INFO - Started process (PID=657) to work on /opt/airflow/dags/kafka_stream.py
[2025-04-26T15:42:37.768+0000] {processor.py:829} INFO - Processing file /opt/airflow/dags/kafka_stream.py for tasks to queue
[2025-04-26T15:42:37.770+0000] {logging_mixin.py:151} INFO - [2025-04-26T15:42:37.770+0000] {dagbag.py:539} INFO - Filling up the DagBag from /opt/airflow/dags/kafka_stream.py
[2025-04-26T15:42:37.829+0000] {processor.py:839} INFO - DAG(s) dict_keys(['user_automation']) retrieved from /opt/airflow/dags/kafka_stream.py
[2025-04-26T15:42:37.876+0000] {logging_mixin.py:151} INFO - [2025-04-26T15:42:37.875+0000] {dag.py:2907} INFO - Sync 1 DAGs
[2025-04-26T15:42:37.919+0000] {logging_mixin.py:151} INFO - [2025-04-26T15:42:37.919+0000] {dag.py:3677} INFO - Setting next_dagrun for user_automation to 2025-04-26T00:00:00+00:00, run_after=2025-04-27T00:00:00+00:00
[2025-04-26T15:42:37.964+0000] {processor.py:179} INFO - Processing /opt/airflow/dags/kafka_stream.py took 0.206 seconds
[2025-04-26T15:43:08.085+0000] {processor.py:157} INFO - Started process (PID=658) to work on /opt/airflow/dags/kafka_stream.py
[2025-04-26T15:43:08.088+0000] {processor.py:829} INFO - Processing file /opt/airflow/dags/kafka_stream.py for tasks to queue
[2025-04-26T15:43:08.091+0000] {logging_mixin.py:151} INFO - [2025-04-26T15:43:08.090+0000] {dagbag.py:539} INFO - Filling up the DagBag from /opt/airflow/dags/kafka_stream.py
[2025-04-26T15:43:08.151+0000] {processor.py:839} INFO - DAG(s) dict_keys(['user_automation']) retrieved from /opt/airflow/dags/kafka_stream.py
[2025-04-26T15:43:08.205+0000] {logging_mixin.py:151} INFO - [2025-04-26T15:43:08.205+0000] {dag.py:2907} INFO - Sync 1 DAGs
[2025-04-26T15:43:08.248+0000] {logging_mixin.py:151} INFO - [2025-04-26T15:43:08.247+0000] {dag.py:3677} INFO - Setting next_dagrun for user_automation to 2025-04-26T00:00:00+00:00, run_after=2025-04-27T00:00:00+00:00
[2025-04-26T15:43:08.287+0000] {processor.py:179} INFO - Processing /opt/airflow/dags/kafka_stream.py took 0.209 seconds
[2025-04-26T15:43:38.669+0000] {processor.py:157} INFO - Started process (PID=659) to work on /opt/airflow/dags/kafka_stream.py
[2025-04-26T15:43:38.673+0000] {processor.py:829} INFO - Processing file /opt/airflow/dags/kafka_stream.py for tasks to queue
[2025-04-26T15:43:38.678+0000] {logging_mixin.py:151} INFO - [2025-04-26T15:43:38.675+0000] {dagbag.py:539} INFO - Filling up the DagBag from /opt/airflow/dags/kafka_stream.py
[2025-04-26T15:43:38.747+0000] {processor.py:839} INFO - DAG(s) dict_keys(['user_automation']) retrieved from /opt/airflow/dags/kafka_stream.py
[2025-04-26T15:43:38.834+0000] {logging_mixin.py:151} INFO - [2025-04-26T15:43:38.834+0000] {dag.py:2907} INFO - Sync 1 DAGs
[2025-04-26T15:43:38.899+0000] {logging_mixin.py:151} INFO - [2025-04-26T15:43:38.899+0000] {dag.py:3677} INFO - Setting next_dagrun for user_automation to 2025-04-26T00:00:00+00:00, run_after=2025-04-27T00:00:00+00:00
[2025-04-26T15:43:38.935+0000] {processor.py:179} INFO - Processing /opt/airflow/dags/kafka_stream.py took 0.293 seconds
[2025-04-26T15:44:09.074+0000] {processor.py:157} INFO - Started process (PID=660) to work on /opt/airflow/dags/kafka_stream.py
[2025-04-26T15:44:09.077+0000] {processor.py:829} INFO - Processing file /opt/airflow/dags/kafka_stream.py for tasks to queue
[2025-04-26T15:44:09.080+0000] {logging_mixin.py:151} INFO - [2025-04-26T15:44:09.079+0000] {dagbag.py:539} INFO - Filling up the DagBag from /opt/airflow/dags/kafka_stream.py
[2025-04-26T15:44:09.155+0000] {processor.py:839} INFO - DAG(s) dict_keys(['user_automation']) retrieved from /opt/airflow/dags/kafka_stream.py
[2025-04-26T15:44:09.206+0000] {logging_mixin.py:151} INFO - [2025-04-26T15:44:09.206+0000] {dag.py:2907} INFO - Sync 1 DAGs
[2025-04-26T15:44:09.257+0000] {logging_mixin.py:151} INFO - [2025-04-26T15:44:09.257+0000] {dag.py:3677} INFO - Setting next_dagrun for user_automation to 2025-04-26T00:00:00+00:00, run_after=2025-04-27T00:00:00+00:00
[2025-04-26T15:44:09.314+0000] {processor.py:179} INFO - Processing /opt/airflow/dags/kafka_stream.py took 0.248 seconds
[2025-04-26T15:44:39.639+0000] {processor.py:157} INFO - Started process (PID=661) to work on /opt/airflow/dags/kafka_stream.py
[2025-04-26T15:44:39.642+0000] {processor.py:829} INFO - Processing file /opt/airflow/dags/kafka_stream.py for tasks to queue
[2025-04-26T15:44:39.644+0000] {logging_mixin.py:151} INFO - [2025-04-26T15:44:39.644+0000] {dagbag.py:539} INFO - Filling up the DagBag from /opt/airflow/dags/kafka_stream.py
[2025-04-26T15:44:39.721+0000] {processor.py:839} INFO - DAG(s) dict_keys(['user_automation']) retrieved from /opt/airflow/dags/kafka_stream.py
[2025-04-26T15:44:39.777+0000] {logging_mixin.py:151} INFO - [2025-04-26T15:44:39.777+0000] {dag.py:2907} INFO - Sync 1 DAGs
[2025-04-26T15:44:39.825+0000] {logging_mixin.py:151} INFO - [2025-04-26T15:44:39.825+0000] {dag.py:3677} INFO - Setting next_dagrun for user_automation to 2025-04-26T00:00:00+00:00, run_after=2025-04-27T00:00:00+00:00
[2025-04-26T15:44:39.879+0000] {processor.py:179} INFO - Processing /opt/airflow/dags/kafka_stream.py took 0.246 seconds
[2025-04-26T15:45:10.064+0000] {processor.py:157} INFO - Started process (PID=662) to work on /opt/airflow/dags/kafka_stream.py
[2025-04-26T15:45:10.067+0000] {processor.py:829} INFO - Processing file /opt/airflow/dags/kafka_stream.py for tasks to queue
[2025-04-26T15:45:10.069+0000] {logging_mixin.py:151} INFO - [2025-04-26T15:45:10.069+0000] {dagbag.py:539} INFO - Filling up the DagBag from /opt/airflow/dags/kafka_stream.py
[2025-04-26T15:45:10.141+0000] {processor.py:839} INFO - DAG(s) dict_keys(['user_automation']) retrieved from /opt/airflow/dags/kafka_stream.py
[2025-04-26T15:45:10.187+0000] {logging_mixin.py:151} INFO - [2025-04-26T15:45:10.187+0000] {dag.py:2907} INFO - Sync 1 DAGs
[2025-04-26T15:45:10.224+0000] {logging_mixin.py:151} INFO - [2025-04-26T15:45:10.224+0000] {dag.py:3677} INFO - Setting next_dagrun for user_automation to 2025-04-26T00:00:00+00:00, run_after=2025-04-27T00:00:00+00:00
[2025-04-26T15:45:10.277+0000] {processor.py:179} INFO - Processing /opt/airflow/dags/kafka_stream.py took 0.218 seconds
[2025-04-26T15:45:40.562+0000] {processor.py:157} INFO - Started process (PID=663) to work on /opt/airflow/dags/kafka_stream.py
[2025-04-26T15:45:40.565+0000] {processor.py:829} INFO - Processing file /opt/airflow/dags/kafka_stream.py for tasks to queue
[2025-04-26T15:45:40.567+0000] {logging_mixin.py:151} INFO - [2025-04-26T15:45:40.566+0000] {dagbag.py:539} INFO - Filling up the DagBag from /opt/airflow/dags/kafka_stream.py
[2025-04-26T15:45:40.632+0000] {processor.py:839} INFO - DAG(s) dict_keys(['user_automation']) retrieved from /opt/airflow/dags/kafka_stream.py
[2025-04-26T15:45:40.684+0000] {logging_mixin.py:151} INFO - [2025-04-26T15:45:40.684+0000] {dag.py:2907} INFO - Sync 1 DAGs
[2025-04-26T15:45:40.731+0000] {logging_mixin.py:151} INFO - [2025-04-26T15:45:40.730+0000] {dag.py:3677} INFO - Setting next_dagrun for user_automation to 2025-04-26T00:00:00+00:00, run_after=2025-04-27T00:00:00+00:00
[2025-04-26T15:45:40.784+0000] {processor.py:179} INFO - Processing /opt/airflow/dags/kafka_stream.py took 0.227 seconds
[2025-04-26T15:46:11.004+0000] {processor.py:157} INFO - Started process (PID=664) to work on /opt/airflow/dags/kafka_stream.py
[2025-04-26T15:46:11.006+0000] {processor.py:829} INFO - Processing file /opt/airflow/dags/kafka_stream.py for tasks to queue
[2025-04-26T15:46:11.008+0000] {logging_mixin.py:151} INFO - [2025-04-26T15:46:11.008+0000] {dagbag.py:539} INFO - Filling up the DagBag from /opt/airflow/dags/kafka_stream.py
[2025-04-26T15:46:11.094+0000] {processor.py:839} INFO - DAG(s) dict_keys(['user_automation']) retrieved from /opt/airflow/dags/kafka_stream.py
[2025-04-26T15:46:11.139+0000] {logging_mixin.py:151} INFO - [2025-04-26T15:46:11.138+0000] {dag.py:2907} INFO - Sync 1 DAGs
[2025-04-26T15:46:11.192+0000] {logging_mixin.py:151} INFO - [2025-04-26T15:46:11.191+0000] {dag.py:3677} INFO - Setting next_dagrun for user_automation to 2025-04-26T00:00:00+00:00, run_after=2025-04-27T00:00:00+00:00
[2025-04-26T15:46:11.248+0000] {processor.py:179} INFO - Processing /opt/airflow/dags/kafka_stream.py took 0.250 seconds
[2025-04-26T15:46:41.608+0000] {processor.py:157} INFO - Started process (PID=665) to work on /opt/airflow/dags/kafka_stream.py
[2025-04-26T15:46:41.611+0000] {processor.py:829} INFO - Processing file /opt/airflow/dags/kafka_stream.py for tasks to queue
[2025-04-26T15:46:41.613+0000] {logging_mixin.py:151} INFO - [2025-04-26T15:46:41.613+0000] {dagbag.py:539} INFO - Filling up the DagBag from /opt/airflow/dags/kafka_stream.py
[2025-04-26T15:46:41.683+0000] {processor.py:839} INFO - DAG(s) dict_keys(['user_automation']) retrieved from /opt/airflow/dags/kafka_stream.py
[2025-04-26T15:46:41.739+0000] {logging_mixin.py:151} INFO - [2025-04-26T15:46:41.739+0000] {dag.py:2907} INFO - Sync 1 DAGs
[2025-04-26T15:46:41.810+0000] {logging_mixin.py:151} INFO - [2025-04-26T15:46:41.809+0000] {dag.py:3677} INFO - Setting next_dagrun for user_automation to 2025-04-26T00:00:00+00:00, run_after=2025-04-27T00:00:00+00:00
[2025-04-26T15:46:41.862+0000] {processor.py:179} INFO - Processing /opt/airflow/dags/kafka_stream.py took 0.260 seconds
[2025-04-26T15:47:12.179+0000] {processor.py:157} INFO - Started process (PID=666) to work on /opt/airflow/dags/kafka_stream.py
[2025-04-26T15:47:12.181+0000] {processor.py:829} INFO - Processing file /opt/airflow/dags/kafka_stream.py for tasks to queue
[2025-04-26T15:47:12.183+0000] {logging_mixin.py:151} INFO - [2025-04-26T15:47:12.182+0000] {dagbag.py:539} INFO - Filling up the DagBag from /opt/airflow/dags/kafka_stream.py
[2025-04-26T15:47:12.256+0000] {processor.py:839} INFO - DAG(s) dict_keys(['user_automation']) retrieved from /opt/airflow/dags/kafka_stream.py
[2025-04-26T15:47:12.331+0000] {logging_mixin.py:151} INFO - [2025-04-26T15:47:12.330+0000] {dag.py:2907} INFO - Sync 1 DAGs
[2025-04-26T15:47:12.389+0000] {logging_mixin.py:151} INFO - [2025-04-26T15:47:12.389+0000] {dag.py:3677} INFO - Setting next_dagrun for user_automation to 2025-04-26T00:00:00+00:00, run_after=2025-04-27T00:00:00+00:00
[2025-04-26T15:47:12.450+0000] {processor.py:179} INFO - Processing /opt/airflow/dags/kafka_stream.py took 0.276 seconds
[2025-04-26T15:47:42.790+0000] {processor.py:157} INFO - Started process (PID=667) to work on /opt/airflow/dags/kafka_stream.py
[2025-04-26T15:47:42.792+0000] {processor.py:829} INFO - Processing file /opt/airflow/dags/kafka_stream.py for tasks to queue
[2025-04-26T15:47:42.794+0000] {logging_mixin.py:151} INFO - [2025-04-26T15:47:42.793+0000] {dagbag.py:539} INFO - Filling up the DagBag from /opt/airflow/dags/kafka_stream.py
[2025-04-26T15:47:42.840+0000] {processor.py:839} INFO - DAG(s) dict_keys(['user_automation']) retrieved from /opt/airflow/dags/kafka_stream.py
[2025-04-26T15:47:42.874+0000] {logging_mixin.py:151} INFO - [2025-04-26T15:47:42.874+0000] {dag.py:2907} INFO - Sync 1 DAGs
[2025-04-26T15:47:42.912+0000] {logging_mixin.py:151} INFO - [2025-04-26T15:47:42.912+0000] {dag.py:3677} INFO - Setting next_dagrun for user_automation to 2025-04-26T00:00:00+00:00, run_after=2025-04-27T00:00:00+00:00
[2025-04-26T15:47:42.966+0000] {processor.py:179} INFO - Processing /opt/airflow/dags/kafka_stream.py took 0.180 seconds
[2025-04-26T15:48:13.153+0000] {processor.py:157} INFO - Started process (PID=668) to work on /opt/airflow/dags/kafka_stream.py
[2025-04-26T15:48:13.156+0000] {processor.py:829} INFO - Processing file /opt/airflow/dags/kafka_stream.py for tasks to queue
[2025-04-26T15:48:13.159+0000] {logging_mixin.py:151} INFO - [2025-04-26T15:48:13.158+0000] {dagbag.py:539} INFO - Filling up the DagBag from /opt/airflow/dags/kafka_stream.py
[2025-04-26T15:48:13.227+0000] {processor.py:839} INFO - DAG(s) dict_keys(['user_automation']) retrieved from /opt/airflow/dags/kafka_stream.py
[2025-04-26T15:48:13.284+0000] {logging_mixin.py:151} INFO - [2025-04-26T15:48:13.283+0000] {dag.py:2907} INFO - Sync 1 DAGs
[2025-04-26T15:48:13.360+0000] {logging_mixin.py:151} INFO - [2025-04-26T15:48:13.359+0000] {dag.py:3677} INFO - Setting next_dagrun for user_automation to 2025-04-26T00:00:00+00:00, run_after=2025-04-27T00:00:00+00:00
[2025-04-26T15:48:13.438+0000] {processor.py:179} INFO - Processing /opt/airflow/dags/kafka_stream.py took 0.291 seconds
[2025-04-26T15:48:43.673+0000] {processor.py:157} INFO - Started process (PID=669) to work on /opt/airflow/dags/kafka_stream.py
[2025-04-26T15:48:43.675+0000] {processor.py:829} INFO - Processing file /opt/airflow/dags/kafka_stream.py for tasks to queue
[2025-04-26T15:48:43.677+0000] {logging_mixin.py:151} INFO - [2025-04-26T15:48:43.676+0000] {dagbag.py:539} INFO - Filling up the DagBag from /opt/airflow/dags/kafka_stream.py
[2025-04-26T15:48:43.728+0000] {processor.py:839} INFO - DAG(s) dict_keys(['user_automation']) retrieved from /opt/airflow/dags/kafka_stream.py
[2025-04-26T15:48:43.773+0000] {logging_mixin.py:151} INFO - [2025-04-26T15:48:43.772+0000] {dag.py:2907} INFO - Sync 1 DAGs
[2025-04-26T15:48:43.814+0000] {logging_mixin.py:151} INFO - [2025-04-26T15:48:43.814+0000] {dag.py:3677} INFO - Setting next_dagrun for user_automation to 2025-04-26T00:00:00+00:00, run_after=2025-04-27T00:00:00+00:00
[2025-04-26T15:48:43.859+0000] {processor.py:179} INFO - Processing /opt/airflow/dags/kafka_stream.py took 0.192 seconds
[2025-04-26T15:49:14.132+0000] {processor.py:157} INFO - Started process (PID=670) to work on /opt/airflow/dags/kafka_stream.py
[2025-04-26T15:49:14.135+0000] {processor.py:829} INFO - Processing file /opt/airflow/dags/kafka_stream.py for tasks to queue
[2025-04-26T15:49:14.138+0000] {logging_mixin.py:151} INFO - [2025-04-26T15:49:14.137+0000] {dagbag.py:539} INFO - Filling up the DagBag from /opt/airflow/dags/kafka_stream.py
[2025-04-26T15:49:14.213+0000] {processor.py:839} INFO - DAG(s) dict_keys(['user_automation']) retrieved from /opt/airflow/dags/kafka_stream.py
[2025-04-26T15:49:14.271+0000] {logging_mixin.py:151} INFO - [2025-04-26T15:49:14.270+0000] {dag.py:2907} INFO - Sync 1 DAGs
[2025-04-26T15:49:14.309+0000] {logging_mixin.py:151} INFO - [2025-04-26T15:49:14.309+0000] {dag.py:3677} INFO - Setting next_dagrun for user_automation to 2025-04-26T00:00:00+00:00, run_after=2025-04-27T00:00:00+00:00
[2025-04-26T15:49:14.359+0000] {processor.py:179} INFO - Processing /opt/airflow/dags/kafka_stream.py took 0.235 seconds
[2025-04-26T15:49:44.559+0000] {processor.py:157} INFO - Started process (PID=671) to work on /opt/airflow/dags/kafka_stream.py
[2025-04-26T15:49:44.562+0000] {processor.py:829} INFO - Processing file /opt/airflow/dags/kafka_stream.py for tasks to queue
[2025-04-26T15:49:44.566+0000] {logging_mixin.py:151} INFO - [2025-04-26T15:49:44.565+0000] {dagbag.py:539} INFO - Filling up the DagBag from /opt/airflow/dags/kafka_stream.py
[2025-04-26T15:49:44.652+0000] {processor.py:839} INFO - DAG(s) dict_keys(['user_automation']) retrieved from /opt/airflow/dags/kafka_stream.py
[2025-04-26T15:49:44.700+0000] {logging_mixin.py:151} INFO - [2025-04-26T15:49:44.700+0000] {dag.py:2907} INFO - Sync 1 DAGs
[2025-04-26T15:49:44.738+0000] {logging_mixin.py:151} INFO - [2025-04-26T15:49:44.738+0000] {dag.py:3677} INFO - Setting next_dagrun for user_automation to 2025-04-26T00:00:00+00:00, run_after=2025-04-27T00:00:00+00:00
[2025-04-26T15:49:44.779+0000] {processor.py:179} INFO - Processing /opt/airflow/dags/kafka_stream.py took 0.228 seconds
[2025-04-26T15:50:15.045+0000] {processor.py:157} INFO - Started process (PID=672) to work on /opt/airflow/dags/kafka_stream.py
[2025-04-26T15:50:15.047+0000] {processor.py:829} INFO - Processing file /opt/airflow/dags/kafka_stream.py for tasks to queue
[2025-04-26T15:50:15.049+0000] {logging_mixin.py:151} INFO - [2025-04-26T15:50:15.048+0000] {dagbag.py:539} INFO - Filling up the DagBag from /opt/airflow/dags/kafka_stream.py
[2025-04-26T15:50:15.105+0000] {processor.py:839} INFO - DAG(s) dict_keys(['user_automation']) retrieved from /opt/airflow/dags/kafka_stream.py
[2025-04-26T15:50:15.147+0000] {logging_mixin.py:151} INFO - [2025-04-26T15:50:15.146+0000] {dag.py:2907} INFO - Sync 1 DAGs
[2025-04-26T15:50:15.192+0000] {logging_mixin.py:151} INFO - [2025-04-26T15:50:15.192+0000] {dag.py:3677} INFO - Setting next_dagrun for user_automation to 2025-04-26T00:00:00+00:00, run_after=2025-04-27T00:00:00+00:00
[2025-04-26T15:50:15.229+0000] {processor.py:179} INFO - Processing /opt/airflow/dags/kafka_stream.py took 0.191 seconds
[2025-04-26T15:50:45.516+0000] {processor.py:157} INFO - Started process (PID=673) to work on /opt/airflow/dags/kafka_stream.py
[2025-04-26T15:50:45.519+0000] {processor.py:829} INFO - Processing file /opt/airflow/dags/kafka_stream.py for tasks to queue
[2025-04-26T15:50:45.523+0000] {logging_mixin.py:151} INFO - [2025-04-26T15:50:45.522+0000] {dagbag.py:539} INFO - Filling up the DagBag from /opt/airflow/dags/kafka_stream.py
[2025-04-26T15:50:45.600+0000] {processor.py:839} INFO - DAG(s) dict_keys(['user_automation']) retrieved from /opt/airflow/dags/kafka_stream.py
[2025-04-26T15:50:45.658+0000] {logging_mixin.py:151} INFO - [2025-04-26T15:50:45.657+0000] {dag.py:2907} INFO - Sync 1 DAGs
[2025-04-26T15:50:45.697+0000] {logging_mixin.py:151} INFO - [2025-04-26T15:50:45.697+0000] {dag.py:3677} INFO - Setting next_dagrun for user_automation to 2025-04-26T00:00:00+00:00, run_after=2025-04-27T00:00:00+00:00
[2025-04-26T15:50:45.746+0000] {processor.py:179} INFO - Processing /opt/airflow/dags/kafka_stream.py took 0.236 seconds
[2025-04-26T15:51:16.017+0000] {processor.py:157} INFO - Started process (PID=674) to work on /opt/airflow/dags/kafka_stream.py
[2025-04-26T15:51:16.020+0000] {processor.py:829} INFO - Processing file /opt/airflow/dags/kafka_stream.py for tasks to queue
[2025-04-26T15:51:16.024+0000] {logging_mixin.py:151} INFO - [2025-04-26T15:51:16.023+0000] {dagbag.py:539} INFO - Filling up the DagBag from /opt/airflow/dags/kafka_stream.py
[2025-04-26T15:51:16.106+0000] {processor.py:839} INFO - DAG(s) dict_keys(['user_automation']) retrieved from /opt/airflow/dags/kafka_stream.py
[2025-04-26T15:51:16.163+0000] {logging_mixin.py:151} INFO - [2025-04-26T15:51:16.162+0000] {dag.py:2907} INFO - Sync 1 DAGs
[2025-04-26T15:51:16.218+0000] {logging_mixin.py:151} INFO - [2025-04-26T15:51:16.217+0000] {dag.py:3677} INFO - Setting next_dagrun for user_automation to 2025-04-26T00:00:00+00:00, run_after=2025-04-27T00:00:00+00:00
[2025-04-26T15:51:16.276+0000] {processor.py:179} INFO - Processing /opt/airflow/dags/kafka_stream.py took 0.267 seconds
[2025-04-26T15:51:46.437+0000] {processor.py:157} INFO - Started process (PID=675) to work on /opt/airflow/dags/kafka_stream.py
[2025-04-26T15:51:46.439+0000] {processor.py:829} INFO - Processing file /opt/airflow/dags/kafka_stream.py for tasks to queue
[2025-04-26T15:51:46.443+0000] {logging_mixin.py:151} INFO - [2025-04-26T15:51:46.442+0000] {dagbag.py:539} INFO - Filling up the DagBag from /opt/airflow/dags/kafka_stream.py
[2025-04-26T15:51:46.511+0000] {processor.py:839} INFO - DAG(s) dict_keys(['user_automation']) retrieved from /opt/airflow/dags/kafka_stream.py
[2025-04-26T15:51:46.563+0000] {logging_mixin.py:151} INFO - [2025-04-26T15:51:46.563+0000] {dag.py:2907} INFO - Sync 1 DAGs
[2025-04-26T15:51:46.609+0000] {logging_mixin.py:151} INFO - [2025-04-26T15:51:46.608+0000] {dag.py:3677} INFO - Setting next_dagrun for user_automation to 2025-04-26T00:00:00+00:00, run_after=2025-04-27T00:00:00+00:00
[2025-04-26T15:51:46.657+0000] {processor.py:179} INFO - Processing /opt/airflow/dags/kafka_stream.py took 0.228 seconds
[2025-04-26T15:52:16.758+0000] {processor.py:157} INFO - Started process (PID=676) to work on /opt/airflow/dags/kafka_stream.py
[2025-04-26T15:52:16.760+0000] {processor.py:829} INFO - Processing file /opt/airflow/dags/kafka_stream.py for tasks to queue
[2025-04-26T15:52:16.762+0000] {logging_mixin.py:151} INFO - [2025-04-26T15:52:16.762+0000] {dagbag.py:539} INFO - Filling up the DagBag from /opt/airflow/dags/kafka_stream.py
[2025-04-26T15:52:16.841+0000] {processor.py:839} INFO - DAG(s) dict_keys(['user_automation']) retrieved from /opt/airflow/dags/kafka_stream.py
[2025-04-26T15:52:16.893+0000] {logging_mixin.py:151} INFO - [2025-04-26T15:52:16.892+0000] {dag.py:2907} INFO - Sync 1 DAGs
[2025-04-26T15:52:16.939+0000] {logging_mixin.py:151} INFO - [2025-04-26T15:52:16.939+0000] {dag.py:3677} INFO - Setting next_dagrun for user_automation to 2025-04-26T00:00:00+00:00, run_after=2025-04-27T00:00:00+00:00
[2025-04-26T15:52:16.985+0000] {processor.py:179} INFO - Processing /opt/airflow/dags/kafka_stream.py took 0.233 seconds
[2025-04-26T15:52:47.370+0000] {processor.py:157} INFO - Started process (PID=677) to work on /opt/airflow/dags/kafka_stream.py
[2025-04-26T15:52:47.372+0000] {processor.py:829} INFO - Processing file /opt/airflow/dags/kafka_stream.py for tasks to queue
[2025-04-26T15:52:47.374+0000] {logging_mixin.py:151} INFO - [2025-04-26T15:52:47.374+0000] {dagbag.py:539} INFO - Filling up the DagBag from /opt/airflow/dags/kafka_stream.py
[2025-04-26T15:52:47.438+0000] {processor.py:839} INFO - DAG(s) dict_keys(['user_automation']) retrieved from /opt/airflow/dags/kafka_stream.py
[2025-04-26T15:52:47.483+0000] {logging_mixin.py:151} INFO - [2025-04-26T15:52:47.482+0000] {dag.py:2907} INFO - Sync 1 DAGs
[2025-04-26T15:52:47.533+0000] {logging_mixin.py:151} INFO - [2025-04-26T15:52:47.532+0000] {dag.py:3677} INFO - Setting next_dagrun for user_automation to 2025-04-26T00:00:00+00:00, run_after=2025-04-27T00:00:00+00:00
[2025-04-26T15:52:47.585+0000] {processor.py:179} INFO - Processing /opt/airflow/dags/kafka_stream.py took 0.221 seconds
[2025-04-26T15:53:17.835+0000] {processor.py:157} INFO - Started process (PID=678) to work on /opt/airflow/dags/kafka_stream.py
[2025-04-26T15:53:17.837+0000] {processor.py:829} INFO - Processing file /opt/airflow/dags/kafka_stream.py for tasks to queue
[2025-04-26T15:53:17.840+0000] {logging_mixin.py:151} INFO - [2025-04-26T15:53:17.839+0000] {dagbag.py:539} INFO - Filling up the DagBag from /opt/airflow/dags/kafka_stream.py
[2025-04-26T15:53:17.913+0000] {processor.py:839} INFO - DAG(s) dict_keys(['user_automation']) retrieved from /opt/airflow/dags/kafka_stream.py
[2025-04-26T15:53:17.966+0000] {logging_mixin.py:151} INFO - [2025-04-26T15:53:17.966+0000] {dag.py:2907} INFO - Sync 1 DAGs
[2025-04-26T15:53:18.019+0000] {logging_mixin.py:151} INFO - [2025-04-26T15:53:18.018+0000] {dag.py:3677} INFO - Setting next_dagrun for user_automation to 2025-04-26T00:00:00+00:00, run_after=2025-04-27T00:00:00+00:00
[2025-04-26T15:53:18.067+0000] {processor.py:179} INFO - Processing /opt/airflow/dags/kafka_stream.py took 0.238 seconds
[2025-04-26T15:53:48.260+0000] {processor.py:157} INFO - Started process (PID=679) to work on /opt/airflow/dags/kafka_stream.py
[2025-04-26T15:53:48.263+0000] {processor.py:829} INFO - Processing file /opt/airflow/dags/kafka_stream.py for tasks to queue
[2025-04-26T15:53:48.265+0000] {logging_mixin.py:151} INFO - [2025-04-26T15:53:48.264+0000] {dagbag.py:539} INFO - Filling up the DagBag from /opt/airflow/dags/kafka_stream.py
[2025-04-26T15:53:48.328+0000] {processor.py:839} INFO - DAG(s) dict_keys(['user_automation']) retrieved from /opt/airflow/dags/kafka_stream.py
[2025-04-26T15:53:48.374+0000] {logging_mixin.py:151} INFO - [2025-04-26T15:53:48.373+0000] {dag.py:2907} INFO - Sync 1 DAGs
[2025-04-26T15:53:48.409+0000] {logging_mixin.py:151} INFO - [2025-04-26T15:53:48.408+0000] {dag.py:3677} INFO - Setting next_dagrun for user_automation to 2025-04-26T00:00:00+00:00, run_after=2025-04-27T00:00:00+00:00
[2025-04-26T15:53:48.440+0000] {processor.py:179} INFO - Processing /opt/airflow/dags/kafka_stream.py took 0.185 seconds
[2025-04-26T15:54:18.591+0000] {processor.py:157} INFO - Started process (PID=680) to work on /opt/airflow/dags/kafka_stream.py
[2025-04-26T15:54:18.593+0000] {processor.py:829} INFO - Processing file /opt/airflow/dags/kafka_stream.py for tasks to queue
[2025-04-26T15:54:18.595+0000] {logging_mixin.py:151} INFO - [2025-04-26T15:54:18.594+0000] {dagbag.py:539} INFO - Filling up the DagBag from /opt/airflow/dags/kafka_stream.py
[2025-04-26T15:54:18.642+0000] {processor.py:839} INFO - DAG(s) dict_keys(['user_automation']) retrieved from /opt/airflow/dags/kafka_stream.py
[2025-04-26T15:54:18.683+0000] {logging_mixin.py:151} INFO - [2025-04-26T15:54:18.682+0000] {dag.py:2907} INFO - Sync 1 DAGs
[2025-04-26T15:54:18.715+0000] {logging_mixin.py:151} INFO - [2025-04-26T15:54:18.715+0000] {dag.py:3677} INFO - Setting next_dagrun for user_automation to 2025-04-26T00:00:00+00:00, run_after=2025-04-27T00:00:00+00:00
[2025-04-26T15:54:18.759+0000] {processor.py:179} INFO - Processing /opt/airflow/dags/kafka_stream.py took 0.174 seconds
[2025-04-26T15:54:49.120+0000] {processor.py:157} INFO - Started process (PID=681) to work on /opt/airflow/dags/kafka_stream.py
[2025-04-26T15:54:49.121+0000] {processor.py:829} INFO - Processing file /opt/airflow/dags/kafka_stream.py for tasks to queue
[2025-04-26T15:54:49.123+0000] {logging_mixin.py:151} INFO - [2025-04-26T15:54:49.123+0000] {dagbag.py:539} INFO - Filling up the DagBag from /opt/airflow/dags/kafka_stream.py
[2025-04-26T15:54:49.182+0000] {processor.py:839} INFO - DAG(s) dict_keys(['user_automation']) retrieved from /opt/airflow/dags/kafka_stream.py
[2025-04-26T15:54:49.228+0000] {logging_mixin.py:151} INFO - [2025-04-26T15:54:49.228+0000] {dag.py:2907} INFO - Sync 1 DAGs
[2025-04-26T15:54:49.268+0000] {logging_mixin.py:151} INFO - [2025-04-26T15:54:49.268+0000] {dag.py:3677} INFO - Setting next_dagrun for user_automation to 2025-04-26T00:00:00+00:00, run_after=2025-04-27T00:00:00+00:00
[2025-04-26T15:54:49.314+0000] {processor.py:179} INFO - Processing /opt/airflow/dags/kafka_stream.py took 0.200 seconds
[2025-04-26T15:55:19.460+0000] {processor.py:157} INFO - Started process (PID=682) to work on /opt/airflow/dags/kafka_stream.py
[2025-04-26T15:55:19.462+0000] {processor.py:829} INFO - Processing file /opt/airflow/dags/kafka_stream.py for tasks to queue
[2025-04-26T15:55:19.464+0000] {logging_mixin.py:151} INFO - [2025-04-26T15:55:19.463+0000] {dagbag.py:539} INFO - Filling up the DagBag from /opt/airflow/dags/kafka_stream.py
[2025-04-26T15:55:19.521+0000] {processor.py:839} INFO - DAG(s) dict_keys(['user_automation']) retrieved from /opt/airflow/dags/kafka_stream.py
[2025-04-26T15:55:19.570+0000] {logging_mixin.py:151} INFO - [2025-04-26T15:55:19.570+0000] {dag.py:2907} INFO - Sync 1 DAGs
[2025-04-26T15:55:19.602+0000] {logging_mixin.py:151} INFO - [2025-04-26T15:55:19.602+0000] {dag.py:3677} INFO - Setting next_dagrun for user_automation to 2025-04-26T00:00:00+00:00, run_after=2025-04-27T00:00:00+00:00
[2025-04-26T15:55:19.631+0000] {processor.py:179} INFO - Processing /opt/airflow/dags/kafka_stream.py took 0.177 seconds
[2025-04-26T15:55:49.985+0000] {processor.py:157} INFO - Started process (PID=683) to work on /opt/airflow/dags/kafka_stream.py
[2025-04-26T15:55:49.987+0000] {processor.py:829} INFO - Processing file /opt/airflow/dags/kafka_stream.py for tasks to queue
[2025-04-26T15:55:49.989+0000] {logging_mixin.py:151} INFO - [2025-04-26T15:55:49.988+0000] {dagbag.py:539} INFO - Filling up the DagBag from /opt/airflow/dags/kafka_stream.py
[2025-04-26T15:55:50.031+0000] {processor.py:839} INFO - DAG(s) dict_keys(['user_automation']) retrieved from /opt/airflow/dags/kafka_stream.py
[2025-04-26T15:55:50.071+0000] {logging_mixin.py:151} INFO - [2025-04-26T15:55:50.071+0000] {dag.py:2907} INFO - Sync 1 DAGs
[2025-04-26T15:55:50.110+0000] {logging_mixin.py:151} INFO - [2025-04-26T15:55:50.110+0000] {dag.py:3677} INFO - Setting next_dagrun for user_automation to 2025-04-26T00:00:00+00:00, run_after=2025-04-27T00:00:00+00:00
[2025-04-26T15:55:50.152+0000] {processor.py:179} INFO - Processing /opt/airflow/dags/kafka_stream.py took 0.172 seconds
[2025-04-26T15:56:20.327+0000] {processor.py:157} INFO - Started process (PID=684) to work on /opt/airflow/dags/kafka_stream.py
[2025-04-26T15:56:20.329+0000] {processor.py:829} INFO - Processing file /opt/airflow/dags/kafka_stream.py for tasks to queue
[2025-04-26T15:56:20.331+0000] {logging_mixin.py:151} INFO - [2025-04-26T15:56:20.330+0000] {dagbag.py:539} INFO - Filling up the DagBag from /opt/airflow/dags/kafka_stream.py
[2025-04-26T15:56:20.393+0000] {processor.py:839} INFO - DAG(s) dict_keys(['user_automation']) retrieved from /opt/airflow/dags/kafka_stream.py
[2025-04-26T15:56:20.431+0000] {logging_mixin.py:151} INFO - [2025-04-26T15:56:20.431+0000] {dag.py:2907} INFO - Sync 1 DAGs
[2025-04-26T15:56:20.462+0000] {logging_mixin.py:151} INFO - [2025-04-26T15:56:20.462+0000] {dag.py:3677} INFO - Setting next_dagrun for user_automation to 2025-04-26T00:00:00+00:00, run_after=2025-04-27T00:00:00+00:00
[2025-04-26T15:56:20.498+0000] {processor.py:179} INFO - Processing /opt/airflow/dags/kafka_stream.py took 0.176 seconds
[2025-04-26T15:56:50.978+0000] {processor.py:157} INFO - Started process (PID=685) to work on /opt/airflow/dags/kafka_stream.py
[2025-04-26T15:56:50.980+0000] {processor.py:829} INFO - Processing file /opt/airflow/dags/kafka_stream.py for tasks to queue
[2025-04-26T15:56:50.982+0000] {logging_mixin.py:151} INFO - [2025-04-26T15:56:50.982+0000] {dagbag.py:539} INFO - Filling up the DagBag from /opt/airflow/dags/kafka_stream.py
[2025-04-26T15:56:51.081+0000] {processor.py:839} INFO - DAG(s) dict_keys(['user_automation']) retrieved from /opt/airflow/dags/kafka_stream.py
[2025-04-26T15:56:51.132+0000] {logging_mixin.py:151} INFO - [2025-04-26T15:56:51.132+0000] {dag.py:2907} INFO - Sync 1 DAGs
[2025-04-26T15:56:51.179+0000] {logging_mixin.py:151} INFO - [2025-04-26T15:56:51.179+0000] {dag.py:3677} INFO - Setting next_dagrun for user_automation to 2025-04-26T00:00:00+00:00, run_after=2025-04-27T00:00:00+00:00
[2025-04-26T15:56:51.245+0000] {processor.py:179} INFO - Processing /opt/airflow/dags/kafka_stream.py took 0.273 seconds
[2025-04-26T15:57:21.401+0000] {processor.py:157} INFO - Started process (PID=686) to work on /opt/airflow/dags/kafka_stream.py
[2025-04-26T15:57:21.403+0000] {processor.py:829} INFO - Processing file /opt/airflow/dags/kafka_stream.py for tasks to queue
[2025-04-26T15:57:21.405+0000] {logging_mixin.py:151} INFO - [2025-04-26T15:57:21.404+0000] {dagbag.py:539} INFO - Filling up the DagBag from /opt/airflow/dags/kafka_stream.py
[2025-04-26T15:57:21.445+0000] {processor.py:839} INFO - DAG(s) dict_keys(['user_automation']) retrieved from /opt/airflow/dags/kafka_stream.py
[2025-04-26T15:57:21.485+0000] {logging_mixin.py:151} INFO - [2025-04-26T15:57:21.485+0000] {dag.py:2907} INFO - Sync 1 DAGs
[2025-04-26T15:57:21.514+0000] {logging_mixin.py:151} INFO - [2025-04-26T15:57:21.514+0000] {dag.py:3677} INFO - Setting next_dagrun for user_automation to 2025-04-26T00:00:00+00:00, run_after=2025-04-27T00:00:00+00:00
[2025-04-26T15:57:21.545+0000] {processor.py:179} INFO - Processing /opt/airflow/dags/kafka_stream.py took 0.149 seconds
[2025-04-26T15:57:51.777+0000] {processor.py:157} INFO - Started process (PID=687) to work on /opt/airflow/dags/kafka_stream.py
[2025-04-26T15:57:51.779+0000] {processor.py:829} INFO - Processing file /opt/airflow/dags/kafka_stream.py for tasks to queue
[2025-04-26T15:57:51.781+0000] {logging_mixin.py:151} INFO - [2025-04-26T15:57:51.780+0000] {dagbag.py:539} INFO - Filling up the DagBag from /opt/airflow/dags/kafka_stream.py
[2025-04-26T15:57:51.829+0000] {processor.py:839} INFO - DAG(s) dict_keys(['user_automation']) retrieved from /opt/airflow/dags/kafka_stream.py
[2025-04-26T15:57:51.862+0000] {logging_mixin.py:151} INFO - [2025-04-26T15:57:51.862+0000] {dag.py:2907} INFO - Sync 1 DAGs
[2025-04-26T15:57:51.895+0000] {logging_mixin.py:151} INFO - [2025-04-26T15:57:51.895+0000] {dag.py:3677} INFO - Setting next_dagrun for user_automation to 2025-04-26T00:00:00+00:00, run_after=2025-04-27T00:00:00+00:00
[2025-04-26T15:57:51.931+0000] {processor.py:179} INFO - Processing /opt/airflow/dags/kafka_stream.py took 0.159 seconds
[2025-04-26T15:58:22.201+0000] {processor.py:157} INFO - Started process (PID=688) to work on /opt/airflow/dags/kafka_stream.py
[2025-04-26T15:58:22.203+0000] {processor.py:829} INFO - Processing file /opt/airflow/dags/kafka_stream.py for tasks to queue
[2025-04-26T15:58:22.206+0000] {logging_mixin.py:151} INFO - [2025-04-26T15:58:22.205+0000] {dagbag.py:539} INFO - Filling up the DagBag from /opt/airflow/dags/kafka_stream.py
[2025-04-26T15:58:22.267+0000] {processor.py:839} INFO - DAG(s) dict_keys(['user_automation']) retrieved from /opt/airflow/dags/kafka_stream.py
[2025-04-26T15:58:22.319+0000] {logging_mixin.py:151} INFO - [2025-04-26T15:58:22.319+0000] {dag.py:2907} INFO - Sync 1 DAGs
[2025-04-26T15:58:22.361+0000] {logging_mixin.py:151} INFO - [2025-04-26T15:58:22.360+0000] {dag.py:3677} INFO - Setting next_dagrun for user_automation to 2025-04-26T00:00:00+00:00, run_after=2025-04-27T00:00:00+00:00
[2025-04-26T15:58:22.420+0000] {processor.py:179} INFO - Processing /opt/airflow/dags/kafka_stream.py took 0.225 seconds
[2025-04-26T15:58:52.647+0000] {processor.py:157} INFO - Started process (PID=689) to work on /opt/airflow/dags/kafka_stream.py
[2025-04-26T15:58:52.649+0000] {processor.py:829} INFO - Processing file /opt/airflow/dags/kafka_stream.py for tasks to queue
[2025-04-26T15:58:52.651+0000] {logging_mixin.py:151} INFO - [2025-04-26T15:58:52.650+0000] {dagbag.py:539} INFO - Filling up the DagBag from /opt/airflow/dags/kafka_stream.py
[2025-04-26T15:58:52.714+0000] {processor.py:839} INFO - DAG(s) dict_keys(['user_automation']) retrieved from /opt/airflow/dags/kafka_stream.py
[2025-04-26T15:58:52.750+0000] {logging_mixin.py:151} INFO - [2025-04-26T15:58:52.750+0000] {dag.py:2907} INFO - Sync 1 DAGs
[2025-04-26T15:58:52.790+0000] {logging_mixin.py:151} INFO - [2025-04-26T15:58:52.789+0000] {dag.py:3677} INFO - Setting next_dagrun for user_automation to 2025-04-26T00:00:00+00:00, run_after=2025-04-27T00:00:00+00:00
[2025-04-26T15:58:52.832+0000] {processor.py:179} INFO - Processing /opt/airflow/dags/kafka_stream.py took 0.190 seconds
[2025-04-26T15:59:23.207+0000] {processor.py:157} INFO - Started process (PID=690) to work on /opt/airflow/dags/kafka_stream.py
[2025-04-26T15:59:23.209+0000] {processor.py:829} INFO - Processing file /opt/airflow/dags/kafka_stream.py for tasks to queue
[2025-04-26T15:59:23.211+0000] {logging_mixin.py:151} INFO - [2025-04-26T15:59:23.211+0000] {dagbag.py:539} INFO - Filling up the DagBag from /opt/airflow/dags/kafka_stream.py
[2025-04-26T15:59:23.280+0000] {processor.py:839} INFO - DAG(s) dict_keys(['user_automation']) retrieved from /opt/airflow/dags/kafka_stream.py
[2025-04-26T15:59:23.320+0000] {logging_mixin.py:151} INFO - [2025-04-26T15:59:23.320+0000] {dag.py:2907} INFO - Sync 1 DAGs
[2025-04-26T15:59:23.360+0000] {logging_mixin.py:151} INFO - [2025-04-26T15:59:23.360+0000] {dag.py:3677} INFO - Setting next_dagrun for user_automation to 2025-04-26T00:00:00+00:00, run_after=2025-04-27T00:00:00+00:00
[2025-04-26T15:59:23.400+0000] {processor.py:179} INFO - Processing /opt/airflow/dags/kafka_stream.py took 0.199 seconds
[2025-04-26T15:59:53.623+0000] {processor.py:157} INFO - Started process (PID=691) to work on /opt/airflow/dags/kafka_stream.py
[2025-04-26T15:59:53.625+0000] {processor.py:829} INFO - Processing file /opt/airflow/dags/kafka_stream.py for tasks to queue
[2025-04-26T15:59:53.627+0000] {logging_mixin.py:151} INFO - [2025-04-26T15:59:53.626+0000] {dagbag.py:539} INFO - Filling up the DagBag from /opt/airflow/dags/kafka_stream.py
[2025-04-26T15:59:53.682+0000] {processor.py:839} INFO - DAG(s) dict_keys(['user_automation']) retrieved from /opt/airflow/dags/kafka_stream.py
[2025-04-26T15:59:53.730+0000] {logging_mixin.py:151} INFO - [2025-04-26T15:59:53.729+0000] {dag.py:2907} INFO - Sync 1 DAGs
[2025-04-26T15:59:53.774+0000] {logging_mixin.py:151} INFO - [2025-04-26T15:59:53.773+0000] {dag.py:3677} INFO - Setting next_dagrun for user_automation to 2025-04-26T00:00:00+00:00, run_after=2025-04-27T00:00:00+00:00
[2025-04-26T15:59:53.813+0000] {processor.py:179} INFO - Processing /opt/airflow/dags/kafka_stream.py took 0.196 seconds
[2025-04-26T16:00:24.073+0000] {processor.py:157} INFO - Started process (PID=692) to work on /opt/airflow/dags/kafka_stream.py
[2025-04-26T16:00:24.075+0000] {processor.py:829} INFO - Processing file /opt/airflow/dags/kafka_stream.py for tasks to queue
[2025-04-26T16:00:24.077+0000] {logging_mixin.py:151} INFO - [2025-04-26T16:00:24.077+0000] {dagbag.py:539} INFO - Filling up the DagBag from /opt/airflow/dags/kafka_stream.py
[2025-04-26T16:00:24.140+0000] {processor.py:839} INFO - DAG(s) dict_keys(['user_automation']) retrieved from /opt/airflow/dags/kafka_stream.py
[2025-04-26T16:00:24.182+0000] {logging_mixin.py:151} INFO - [2025-04-26T16:00:24.181+0000] {dag.py:2907} INFO - Sync 1 DAGs
[2025-04-26T16:00:24.220+0000] {logging_mixin.py:151} INFO - [2025-04-26T16:00:24.219+0000] {dag.py:3677} INFO - Setting next_dagrun for user_automation to 2025-04-26T00:00:00+00:00, run_after=2025-04-27T00:00:00+00:00
[2025-04-26T16:00:24.269+0000] {processor.py:179} INFO - Processing /opt/airflow/dags/kafka_stream.py took 0.202 seconds
[2025-04-26T16:00:54.476+0000] {processor.py:157} INFO - Started process (PID=693) to work on /opt/airflow/dags/kafka_stream.py
[2025-04-26T16:00:54.478+0000] {processor.py:829} INFO - Processing file /opt/airflow/dags/kafka_stream.py for tasks to queue
[2025-04-26T16:00:54.481+0000] {logging_mixin.py:151} INFO - [2025-04-26T16:00:54.480+0000] {dagbag.py:539} INFO - Filling up the DagBag from /opt/airflow/dags/kafka_stream.py
[2025-04-26T16:00:54.539+0000] {processor.py:839} INFO - DAG(s) dict_keys(['user_automation']) retrieved from /opt/airflow/dags/kafka_stream.py
[2025-04-26T16:00:54.584+0000] {logging_mixin.py:151} INFO - [2025-04-26T16:00:54.584+0000] {dag.py:2907} INFO - Sync 1 DAGs
[2025-04-26T16:00:54.617+0000] {logging_mixin.py:151} INFO - [2025-04-26T16:00:54.617+0000] {dag.py:3677} INFO - Setting next_dagrun for user_automation to 2025-04-26T00:00:00+00:00, run_after=2025-04-27T00:00:00+00:00
[2025-04-26T16:00:54.651+0000] {processor.py:179} INFO - Processing /opt/airflow/dags/kafka_stream.py took 0.181 seconds
[2025-04-26T16:01:24.998+0000] {processor.py:157} INFO - Started process (PID=694) to work on /opt/airflow/dags/kafka_stream.py
[2025-04-26T16:01:25.000+0000] {processor.py:829} INFO - Processing file /opt/airflow/dags/kafka_stream.py for tasks to queue
[2025-04-26T16:01:25.002+0000] {logging_mixin.py:151} INFO - [2025-04-26T16:01:25.002+0000] {dagbag.py:539} INFO - Filling up the DagBag from /opt/airflow/dags/kafka_stream.py
[2025-04-26T16:01:25.082+0000] {processor.py:839} INFO - DAG(s) dict_keys(['user_automation']) retrieved from /opt/airflow/dags/kafka_stream.py
[2025-04-26T16:01:25.129+0000] {logging_mixin.py:151} INFO - [2025-04-26T16:01:25.129+0000] {dag.py:2907} INFO - Sync 1 DAGs
[2025-04-26T16:01:25.169+0000] {logging_mixin.py:151} INFO - [2025-04-26T16:01:25.168+0000] {dag.py:3677} INFO - Setting next_dagrun for user_automation to 2025-04-26T00:00:00+00:00, run_after=2025-04-27T00:00:00+00:00
[2025-04-26T16:01:25.205+0000] {processor.py:179} INFO - Processing /opt/airflow/dags/kafka_stream.py took 0.212 seconds
[2025-04-26T16:01:55.441+0000] {processor.py:157} INFO - Started process (PID=695) to work on /opt/airflow/dags/kafka_stream.py
[2025-04-26T16:01:55.444+0000] {processor.py:829} INFO - Processing file /opt/airflow/dags/kafka_stream.py for tasks to queue
[2025-04-26T16:01:55.446+0000] {logging_mixin.py:151} INFO - [2025-04-26T16:01:55.445+0000] {dagbag.py:539} INFO - Filling up the DagBag from /opt/airflow/dags/kafka_stream.py
[2025-04-26T16:01:55.508+0000] {processor.py:839} INFO - DAG(s) dict_keys(['user_automation']) retrieved from /opt/airflow/dags/kafka_stream.py
[2025-04-26T16:01:55.559+0000] {logging_mixin.py:151} INFO - [2025-04-26T16:01:55.559+0000] {dag.py:2907} INFO - Sync 1 DAGs
[2025-04-26T16:01:55.601+0000] {logging_mixin.py:151} INFO - [2025-04-26T16:01:55.600+0000] {dag.py:3677} INFO - Setting next_dagrun for user_automation to 2025-04-26T00:00:00+00:00, run_after=2025-04-27T00:00:00+00:00
[2025-04-26T16:01:55.645+0000] {processor.py:179} INFO - Processing /opt/airflow/dags/kafka_stream.py took 0.210 seconds
[2025-04-26T16:02:25.871+0000] {processor.py:157} INFO - Started process (PID=696) to work on /opt/airflow/dags/kafka_stream.py
[2025-04-26T16:02:25.873+0000] {processor.py:829} INFO - Processing file /opt/airflow/dags/kafka_stream.py for tasks to queue
[2025-04-26T16:02:25.875+0000] {logging_mixin.py:151} INFO - [2025-04-26T16:02:25.875+0000] {dagbag.py:539} INFO - Filling up the DagBag from /opt/airflow/dags/kafka_stream.py
[2025-04-26T16:02:25.935+0000] {processor.py:839} INFO - DAG(s) dict_keys(['user_automation']) retrieved from /opt/airflow/dags/kafka_stream.py
[2025-04-26T16:02:25.982+0000] {logging_mixin.py:151} INFO - [2025-04-26T16:02:25.982+0000] {dag.py:2907} INFO - Sync 1 DAGs
[2025-04-26T16:02:26.029+0000] {logging_mixin.py:151} INFO - [2025-04-26T16:02:26.029+0000] {dag.py:3677} INFO - Setting next_dagrun for user_automation to 2025-04-26T00:00:00+00:00, run_after=2025-04-27T00:00:00+00:00
[2025-04-26T16:02:26.081+0000] {processor.py:179} INFO - Processing /opt/airflow/dags/kafka_stream.py took 0.216 seconds
[2025-04-26T16:02:56.324+0000] {processor.py:157} INFO - Started process (PID=697) to work on /opt/airflow/dags/kafka_stream.py
[2025-04-26T16:02:56.326+0000] {processor.py:829} INFO - Processing file /opt/airflow/dags/kafka_stream.py for tasks to queue
[2025-04-26T16:02:56.329+0000] {logging_mixin.py:151} INFO - [2025-04-26T16:02:56.328+0000] {dagbag.py:539} INFO - Filling up the DagBag from /opt/airflow/dags/kafka_stream.py
[2025-04-26T16:02:56.391+0000] {processor.py:839} INFO - DAG(s) dict_keys(['user_automation']) retrieved from /opt/airflow/dags/kafka_stream.py
[2025-04-26T16:02:56.439+0000] {logging_mixin.py:151} INFO - [2025-04-26T16:02:56.439+0000] {dag.py:2907} INFO - Sync 1 DAGs
[2025-04-26T16:02:56.483+0000] {logging_mixin.py:151} INFO - [2025-04-26T16:02:56.482+0000] {dag.py:3677} INFO - Setting next_dagrun for user_automation to 2025-04-26T00:00:00+00:00, run_after=2025-04-27T00:00:00+00:00
[2025-04-26T16:02:56.522+0000] {processor.py:179} INFO - Processing /opt/airflow/dags/kafka_stream.py took 0.205 seconds
[2025-04-26T16:03:26.916+0000] {processor.py:157} INFO - Started process (PID=698) to work on /opt/airflow/dags/kafka_stream.py
[2025-04-26T16:03:26.919+0000] {processor.py:829} INFO - Processing file /opt/airflow/dags/kafka_stream.py for tasks to queue
[2025-04-26T16:03:26.921+0000] {logging_mixin.py:151} INFO - [2025-04-26T16:03:26.920+0000] {dagbag.py:539} INFO - Filling up the DagBag from /opt/airflow/dags/kafka_stream.py
[2025-04-26T16:03:26.977+0000] {processor.py:839} INFO - DAG(s) dict_keys(['user_automation']) retrieved from /opt/airflow/dags/kafka_stream.py
[2025-04-26T16:03:27.021+0000] {logging_mixin.py:151} INFO - [2025-04-26T16:03:27.021+0000] {dag.py:2907} INFO - Sync 1 DAGs
[2025-04-26T16:03:27.058+0000] {logging_mixin.py:151} INFO - [2025-04-26T16:03:27.058+0000] {dag.py:3677} INFO - Setting next_dagrun for user_automation to 2025-04-26T00:00:00+00:00, run_after=2025-04-27T00:00:00+00:00
[2025-04-26T16:03:27.106+0000] {processor.py:179} INFO - Processing /opt/airflow/dags/kafka_stream.py took 0.197 seconds
[2025-04-26T16:03:57.240+0000] {processor.py:157} INFO - Started process (PID=699) to work on /opt/airflow/dags/kafka_stream.py
[2025-04-26T16:03:57.242+0000] {processor.py:829} INFO - Processing file /opt/airflow/dags/kafka_stream.py for tasks to queue
[2025-04-26T16:03:57.244+0000] {logging_mixin.py:151} INFO - [2025-04-26T16:03:57.244+0000] {dagbag.py:539} INFO - Filling up the DagBag from /opt/airflow/dags/kafka_stream.py
[2025-04-26T16:03:57.305+0000] {processor.py:839} INFO - DAG(s) dict_keys(['user_automation']) retrieved from /opt/airflow/dags/kafka_stream.py
[2025-04-26T16:03:57.355+0000] {logging_mixin.py:151} INFO - [2025-04-26T16:03:57.354+0000] {dag.py:2907} INFO - Sync 1 DAGs
[2025-04-26T16:03:57.396+0000] {logging_mixin.py:151} INFO - [2025-04-26T16:03:57.396+0000] {dag.py:3677} INFO - Setting next_dagrun for user_automation to 2025-04-26T00:00:00+00:00, run_after=2025-04-27T00:00:00+00:00
[2025-04-26T16:03:57.434+0000] {processor.py:179} INFO - Processing /opt/airflow/dags/kafka_stream.py took 0.199 seconds
[2025-04-26T16:04:27.795+0000] {processor.py:157} INFO - Started process (PID=700) to work on /opt/airflow/dags/kafka_stream.py
[2025-04-26T16:04:27.798+0000] {processor.py:829} INFO - Processing file /opt/airflow/dags/kafka_stream.py for tasks to queue
[2025-04-26T16:04:27.800+0000] {logging_mixin.py:151} INFO - [2025-04-26T16:04:27.800+0000] {dagbag.py:539} INFO - Filling up the DagBag from /opt/airflow/dags/kafka_stream.py
[2025-04-26T16:04:27.871+0000] {processor.py:839} INFO - DAG(s) dict_keys(['user_automation']) retrieved from /opt/airflow/dags/kafka_stream.py
[2025-04-26T16:04:27.923+0000] {logging_mixin.py:151} INFO - [2025-04-26T16:04:27.922+0000] {dag.py:2907} INFO - Sync 1 DAGs
[2025-04-26T16:04:27.975+0000] {logging_mixin.py:151} INFO - [2025-04-26T16:04:27.974+0000] {dag.py:3677} INFO - Setting next_dagrun for user_automation to 2025-04-26T00:00:00+00:00, run_after=2025-04-27T00:00:00+00:00
[2025-04-26T16:04:28.023+0000] {processor.py:179} INFO - Processing /opt/airflow/dags/kafka_stream.py took 0.233 seconds
[2025-04-26T16:04:58.147+0000] {processor.py:157} INFO - Started process (PID=701) to work on /opt/airflow/dags/kafka_stream.py
[2025-04-26T16:04:58.149+0000] {processor.py:829} INFO - Processing file /opt/airflow/dags/kafka_stream.py for tasks to queue
[2025-04-26T16:04:58.150+0000] {logging_mixin.py:151} INFO - [2025-04-26T16:04:58.150+0000] {dagbag.py:539} INFO - Filling up the DagBag from /opt/airflow/dags/kafka_stream.py
[2025-04-26T16:04:58.197+0000] {processor.py:839} INFO - DAG(s) dict_keys(['user_automation']) retrieved from /opt/airflow/dags/kafka_stream.py
[2025-04-26T16:04:58.244+0000] {logging_mixin.py:151} INFO - [2025-04-26T16:04:58.244+0000] {dag.py:2907} INFO - Sync 1 DAGs
[2025-04-26T16:04:58.278+0000] {logging_mixin.py:151} INFO - [2025-04-26T16:04:58.278+0000] {dag.py:3677} INFO - Setting next_dagrun for user_automation to 2025-04-26T00:00:00+00:00, run_after=2025-04-27T00:00:00+00:00
[2025-04-26T16:04:58.304+0000] {processor.py:179} INFO - Processing /opt/airflow/dags/kafka_stream.py took 0.161 seconds
[2025-04-26T16:05:28.451+0000] {processor.py:157} INFO - Started process (PID=702) to work on /opt/airflow/dags/kafka_stream.py
[2025-04-26T16:05:28.452+0000] {processor.py:829} INFO - Processing file /opt/airflow/dags/kafka_stream.py for tasks to queue
[2025-04-26T16:05:28.454+0000] {logging_mixin.py:151} INFO - [2025-04-26T16:05:28.454+0000] {dagbag.py:539} INFO - Filling up the DagBag from /opt/airflow/dags/kafka_stream.py
[2025-04-26T16:05:28.503+0000] {processor.py:839} INFO - DAG(s) dict_keys(['user_automation']) retrieved from /opt/airflow/dags/kafka_stream.py
[2025-04-26T16:05:28.542+0000] {logging_mixin.py:151} INFO - [2025-04-26T16:05:28.541+0000] {dag.py:2907} INFO - Sync 1 DAGs
[2025-04-26T16:05:28.577+0000] {logging_mixin.py:151} INFO - [2025-04-26T16:05:28.577+0000] {dag.py:3677} INFO - Setting next_dagrun for user_automation to 2025-04-26T00:00:00+00:00, run_after=2025-04-27T00:00:00+00:00
[2025-04-26T16:05:28.623+0000] {processor.py:179} INFO - Processing /opt/airflow/dags/kafka_stream.py took 0.177 seconds
[2025-04-26T16:05:58.928+0000] {processor.py:157} INFO - Started process (PID=703) to work on /opt/airflow/dags/kafka_stream.py
[2025-04-26T16:05:58.933+0000] {processor.py:829} INFO - Processing file /opt/airflow/dags/kafka_stream.py for tasks to queue
[2025-04-26T16:05:58.935+0000] {logging_mixin.py:151} INFO - [2025-04-26T16:05:58.934+0000] {dagbag.py:539} INFO - Filling up the DagBag from /opt/airflow/dags/kafka_stream.py
[2025-04-26T16:05:58.969+0000] {processor.py:839} INFO - DAG(s) dict_keys(['user_automation']) retrieved from /opt/airflow/dags/kafka_stream.py
[2025-04-26T16:05:59.003+0000] {logging_mixin.py:151} INFO - [2025-04-26T16:05:59.003+0000] {dag.py:2907} INFO - Sync 1 DAGs
[2025-04-26T16:05:59.036+0000] {logging_mixin.py:151} INFO - [2025-04-26T16:05:59.036+0000] {dag.py:3677} INFO - Setting next_dagrun for user_automation to 2025-04-26T00:00:00+00:00, run_after=2025-04-27T00:00:00+00:00
[2025-04-26T16:05:59.068+0000] {processor.py:179} INFO - Processing /opt/airflow/dags/kafka_stream.py took 0.143 seconds
[2025-04-26T16:06:29.293+0000] {processor.py:157} INFO - Started process (PID=704) to work on /opt/airflow/dags/kafka_stream.py
[2025-04-26T16:06:29.295+0000] {processor.py:829} INFO - Processing file /opt/airflow/dags/kafka_stream.py for tasks to queue
[2025-04-26T16:06:29.296+0000] {logging_mixin.py:151} INFO - [2025-04-26T16:06:29.295+0000] {dagbag.py:539} INFO - Filling up the DagBag from /opt/airflow/dags/kafka_stream.py
[2025-04-26T16:06:29.328+0000] {processor.py:839} INFO - DAG(s) dict_keys(['user_automation']) retrieved from /opt/airflow/dags/kafka_stream.py
[2025-04-26T16:06:29.364+0000] {logging_mixin.py:151} INFO - [2025-04-26T16:06:29.364+0000] {dag.py:2907} INFO - Sync 1 DAGs
[2025-04-26T16:06:29.390+0000] {logging_mixin.py:151} INFO - [2025-04-26T16:06:29.390+0000] {dag.py:3677} INFO - Setting next_dagrun for user_automation to 2025-04-26T00:00:00+00:00, run_after=2025-04-27T00:00:00+00:00
[2025-04-26T16:06:29.425+0000] {processor.py:179} INFO - Processing /opt/airflow/dags/kafka_stream.py took 0.136 seconds
[2025-04-26T16:06:59.795+0000] {processor.py:157} INFO - Started process (PID=705) to work on /opt/airflow/dags/kafka_stream.py
[2025-04-26T16:06:59.796+0000] {processor.py:829} INFO - Processing file /opt/airflow/dags/kafka_stream.py for tasks to queue
[2025-04-26T16:06:59.798+0000] {logging_mixin.py:151} INFO - [2025-04-26T16:06:59.797+0000] {dagbag.py:539} INFO - Filling up the DagBag from /opt/airflow/dags/kafka_stream.py
[2025-04-26T16:06:59.841+0000] {processor.py:839} INFO - DAG(s) dict_keys(['user_automation']) retrieved from /opt/airflow/dags/kafka_stream.py
[2025-04-26T16:06:59.880+0000] {logging_mixin.py:151} INFO - [2025-04-26T16:06:59.880+0000] {dag.py:2907} INFO - Sync 1 DAGs
[2025-04-26T16:06:59.912+0000] {logging_mixin.py:151} INFO - [2025-04-26T16:06:59.912+0000] {dag.py:3677} INFO - Setting next_dagrun for user_automation to 2025-04-26T00:00:00+00:00, run_after=2025-04-27T00:00:00+00:00
[2025-04-26T16:06:59.940+0000] {processor.py:179} INFO - Processing /opt/airflow/dags/kafka_stream.py took 0.148 seconds
[2025-04-26T16:07:30.163+0000] {processor.py:157} INFO - Started process (PID=706) to work on /opt/airflow/dags/kafka_stream.py
[2025-04-26T16:07:30.165+0000] {processor.py:829} INFO - Processing file /opt/airflow/dags/kafka_stream.py for tasks to queue
[2025-04-26T16:07:30.167+0000] {logging_mixin.py:151} INFO - [2025-04-26T16:07:30.167+0000] {dagbag.py:539} INFO - Filling up the DagBag from /opt/airflow/dags/kafka_stream.py
[2025-04-26T16:07:30.230+0000] {processor.py:839} INFO - DAG(s) dict_keys(['user_automation']) retrieved from /opt/airflow/dags/kafka_stream.py
[2025-04-26T16:07:30.284+0000] {logging_mixin.py:151} INFO - [2025-04-26T16:07:30.283+0000] {dag.py:2907} INFO - Sync 1 DAGs
[2025-04-26T16:07:30.322+0000] {logging_mixin.py:151} INFO - [2025-04-26T16:07:30.322+0000] {dag.py:3677} INFO - Setting next_dagrun for user_automation to 2025-04-26T00:00:00+00:00, run_after=2025-04-27T00:00:00+00:00
[2025-04-26T16:07:30.348+0000] {processor.py:179} INFO - Processing /opt/airflow/dags/kafka_stream.py took 0.191 seconds
[2025-04-26T16:08:00.603+0000] {processor.py:157} INFO - Started process (PID=707) to work on /opt/airflow/dags/kafka_stream.py
[2025-04-26T16:08:00.605+0000] {processor.py:829} INFO - Processing file /opt/airflow/dags/kafka_stream.py for tasks to queue
[2025-04-26T16:08:00.607+0000] {logging_mixin.py:151} INFO - [2025-04-26T16:08:00.607+0000] {dagbag.py:539} INFO - Filling up the DagBag from /opt/airflow/dags/kafka_stream.py
[2025-04-26T16:08:00.661+0000] {processor.py:839} INFO - DAG(s) dict_keys(['user_automation']) retrieved from /opt/airflow/dags/kafka_stream.py
[2025-04-26T16:08:00.704+0000] {logging_mixin.py:151} INFO - [2025-04-26T16:08:00.704+0000] {dag.py:2907} INFO - Sync 1 DAGs
[2025-04-26T16:08:00.745+0000] {logging_mixin.py:151} INFO - [2025-04-26T16:08:00.745+0000] {dag.py:3677} INFO - Setting next_dagrun for user_automation to 2025-04-26T00:00:00+00:00, run_after=2025-04-27T00:00:00+00:00
[2025-04-26T16:08:00.785+0000] {processor.py:179} INFO - Processing /opt/airflow/dags/kafka_stream.py took 0.188 seconds
[2025-04-26T16:08:31.006+0000] {processor.py:157} INFO - Started process (PID=708) to work on /opt/airflow/dags/kafka_stream.py
[2025-04-26T16:08:31.008+0000] {processor.py:829} INFO - Processing file /opt/airflow/dags/kafka_stream.py for tasks to queue
[2025-04-26T16:08:31.010+0000] {logging_mixin.py:151} INFO - [2025-04-26T16:08:31.010+0000] {dagbag.py:539} INFO - Filling up the DagBag from /opt/airflow/dags/kafka_stream.py
[2025-04-26T16:08:31.070+0000] {processor.py:839} INFO - DAG(s) dict_keys(['user_automation']) retrieved from /opt/airflow/dags/kafka_stream.py
[2025-04-26T16:08:31.114+0000] {logging_mixin.py:151} INFO - [2025-04-26T16:08:31.114+0000] {dag.py:2907} INFO - Sync 1 DAGs
[2025-04-26T16:08:31.147+0000] {logging_mixin.py:151} INFO - [2025-04-26T16:08:31.147+0000] {dag.py:3677} INFO - Setting next_dagrun for user_automation to 2025-04-26T00:00:00+00:00, run_after=2025-04-27T00:00:00+00:00
[2025-04-26T16:08:31.178+0000] {processor.py:179} INFO - Processing /opt/airflow/dags/kafka_stream.py took 0.178 seconds
[2025-04-26T16:09:01.468+0000] {processor.py:157} INFO - Started process (PID=709) to work on /opt/airflow/dags/kafka_stream.py
[2025-04-26T16:09:01.471+0000] {processor.py:829} INFO - Processing file /opt/airflow/dags/kafka_stream.py for tasks to queue
[2025-04-26T16:09:01.474+0000] {logging_mixin.py:151} INFO - [2025-04-26T16:09:01.473+0000] {dagbag.py:539} INFO - Filling up the DagBag from /opt/airflow/dags/kafka_stream.py
[2025-04-26T16:09:01.537+0000] {processor.py:839} INFO - DAG(s) dict_keys(['user_automation']) retrieved from /opt/airflow/dags/kafka_stream.py
[2025-04-26T16:09:01.595+0000] {logging_mixin.py:151} INFO - [2025-04-26T16:09:01.594+0000] {dag.py:2907} INFO - Sync 1 DAGs
[2025-04-26T16:09:01.647+0000] {logging_mixin.py:151} INFO - [2025-04-26T16:09:01.646+0000] {dag.py:3677} INFO - Setting next_dagrun for user_automation to 2025-04-26T00:00:00+00:00, run_after=2025-04-27T00:00:00+00:00
[2025-04-26T16:09:01.691+0000] {processor.py:179} INFO - Processing /opt/airflow/dags/kafka_stream.py took 0.229 seconds
[2025-04-26T16:09:31.832+0000] {processor.py:157} INFO - Started process (PID=710) to work on /opt/airflow/dags/kafka_stream.py
[2025-04-26T16:09:31.834+0000] {processor.py:829} INFO - Processing file /opt/airflow/dags/kafka_stream.py for tasks to queue
[2025-04-26T16:09:31.837+0000] {logging_mixin.py:151} INFO - [2025-04-26T16:09:31.836+0000] {dagbag.py:539} INFO - Filling up the DagBag from /opt/airflow/dags/kafka_stream.py
[2025-04-26T16:09:31.893+0000] {processor.py:839} INFO - DAG(s) dict_keys(['user_automation']) retrieved from /opt/airflow/dags/kafka_stream.py
[2025-04-26T16:09:31.942+0000] {logging_mixin.py:151} INFO - [2025-04-26T16:09:31.942+0000] {dag.py:2907} INFO - Sync 1 DAGs
[2025-04-26T16:09:31.989+0000] {logging_mixin.py:151} INFO - [2025-04-26T16:09:31.989+0000] {dag.py:3677} INFO - Setting next_dagrun for user_automation to 2025-04-26T00:00:00+00:00, run_after=2025-04-27T00:00:00+00:00
[2025-04-26T16:09:32.028+0000] {processor.py:179} INFO - Processing /opt/airflow/dags/kafka_stream.py took 0.202 seconds
[2025-04-26T16:10:02.351+0000] {processor.py:157} INFO - Started process (PID=711) to work on /opt/airflow/dags/kafka_stream.py
[2025-04-26T16:10:02.354+0000] {processor.py:829} INFO - Processing file /opt/airflow/dags/kafka_stream.py for tasks to queue
[2025-04-26T16:10:02.356+0000] {logging_mixin.py:151} INFO - [2025-04-26T16:10:02.355+0000] {dagbag.py:539} INFO - Filling up the DagBag from /opt/airflow/dags/kafka_stream.py
[2025-04-26T16:10:02.420+0000] {processor.py:839} INFO - DAG(s) dict_keys(['user_automation']) retrieved from /opt/airflow/dags/kafka_stream.py
[2025-04-26T16:10:02.480+0000] {logging_mixin.py:151} INFO - [2025-04-26T16:10:02.480+0000] {dag.py:2907} INFO - Sync 1 DAGs
[2025-04-26T16:10:02.519+0000] {logging_mixin.py:151} INFO - [2025-04-26T16:10:02.519+0000] {dag.py:3677} INFO - Setting next_dagrun for user_automation to 2025-04-26T00:00:00+00:00, run_after=2025-04-27T00:00:00+00:00
[2025-04-26T16:10:02.559+0000] {processor.py:179} INFO - Processing /opt/airflow/dags/kafka_stream.py took 0.213 seconds
[2025-04-26T16:10:32.687+0000] {processor.py:157} INFO - Started process (PID=712) to work on /opt/airflow/dags/kafka_stream.py
[2025-04-26T16:10:32.689+0000] {processor.py:829} INFO - Processing file /opt/airflow/dags/kafka_stream.py for tasks to queue
[2025-04-26T16:10:32.691+0000] {logging_mixin.py:151} INFO - [2025-04-26T16:10:32.691+0000] {dagbag.py:539} INFO - Filling up the DagBag from /opt/airflow/dags/kafka_stream.py
[2025-04-26T16:10:32.747+0000] {processor.py:839} INFO - DAG(s) dict_keys(['user_automation']) retrieved from /opt/airflow/dags/kafka_stream.py
[2025-04-26T16:10:32.793+0000] {logging_mixin.py:151} INFO - [2025-04-26T16:10:32.793+0000] {dag.py:2907} INFO - Sync 1 DAGs
[2025-04-26T16:10:32.829+0000] {logging_mixin.py:151} INFO - [2025-04-26T16:10:32.828+0000] {dag.py:3677} INFO - Setting next_dagrun for user_automation to 2025-04-26T00:00:00+00:00, run_after=2025-04-27T00:00:00+00:00
[2025-04-26T16:10:32.868+0000] {processor.py:179} INFO - Processing /opt/airflow/dags/kafka_stream.py took 0.186 seconds
[2025-04-26T16:11:03.241+0000] {processor.py:157} INFO - Started process (PID=713) to work on /opt/airflow/dags/kafka_stream.py
[2025-04-26T16:11:03.243+0000] {processor.py:829} INFO - Processing file /opt/airflow/dags/kafka_stream.py for tasks to queue
[2025-04-26T16:11:03.245+0000] {logging_mixin.py:151} INFO - [2025-04-26T16:11:03.245+0000] {dagbag.py:539} INFO - Filling up the DagBag from /opt/airflow/dags/kafka_stream.py
[2025-04-26T16:11:03.309+0000] {processor.py:839} INFO - DAG(s) dict_keys(['user_automation']) retrieved from /opt/airflow/dags/kafka_stream.py
[2025-04-26T16:11:03.357+0000] {logging_mixin.py:151} INFO - [2025-04-26T16:11:03.357+0000] {dag.py:2907} INFO - Sync 1 DAGs
[2025-04-26T16:11:03.394+0000] {logging_mixin.py:151} INFO - [2025-04-26T16:11:03.394+0000] {dag.py:3677} INFO - Setting next_dagrun for user_automation to 2025-04-26T00:00:00+00:00, run_after=2025-04-27T00:00:00+00:00
[2025-04-26T16:11:03.432+0000] {processor.py:179} INFO - Processing /opt/airflow/dags/kafka_stream.py took 0.197 seconds
[2025-04-26T16:11:33.584+0000] {processor.py:157} INFO - Started process (PID=714) to work on /opt/airflow/dags/kafka_stream.py
[2025-04-26T16:11:33.586+0000] {processor.py:829} INFO - Processing file /opt/airflow/dags/kafka_stream.py for tasks to queue
[2025-04-26T16:11:33.589+0000] {logging_mixin.py:151} INFO - [2025-04-26T16:11:33.588+0000] {dagbag.py:539} INFO - Filling up the DagBag from /opt/airflow/dags/kafka_stream.py
[2025-04-26T16:11:33.640+0000] {processor.py:839} INFO - DAG(s) dict_keys(['user_automation']) retrieved from /opt/airflow/dags/kafka_stream.py
[2025-04-26T16:11:33.679+0000] {logging_mixin.py:151} INFO - [2025-04-26T16:11:33.679+0000] {dag.py:2907} INFO - Sync 1 DAGs
[2025-04-26T16:11:33.713+0000] {logging_mixin.py:151} INFO - [2025-04-26T16:11:33.712+0000] {dag.py:3677} INFO - Setting next_dagrun for user_automation to 2025-04-26T00:00:00+00:00, run_after=2025-04-27T00:00:00+00:00
[2025-04-26T16:11:33.747+0000] {processor.py:179} INFO - Processing /opt/airflow/dags/kafka_stream.py took 0.171 seconds
[2025-04-26T16:12:04.111+0000] {processor.py:157} INFO - Started process (PID=715) to work on /opt/airflow/dags/kafka_stream.py
[2025-04-26T16:12:04.112+0000] {processor.py:829} INFO - Processing file /opt/airflow/dags/kafka_stream.py for tasks to queue
[2025-04-26T16:12:04.114+0000] {logging_mixin.py:151} INFO - [2025-04-26T16:12:04.113+0000] {dagbag.py:539} INFO - Filling up the DagBag from /opt/airflow/dags/kafka_stream.py
[2025-04-26T16:12:04.162+0000] {processor.py:839} INFO - DAG(s) dict_keys(['user_automation']) retrieved from /opt/airflow/dags/kafka_stream.py
[2025-04-26T16:12:04.199+0000] {logging_mixin.py:151} INFO - [2025-04-26T16:12:04.199+0000] {dag.py:2907} INFO - Sync 1 DAGs
[2025-04-26T16:12:04.240+0000] {logging_mixin.py:151} INFO - [2025-04-26T16:12:04.240+0000] {dag.py:3677} INFO - Setting next_dagrun for user_automation to 2025-04-26T00:00:00+00:00, run_after=2025-04-27T00:00:00+00:00
[2025-04-26T16:12:04.276+0000] {processor.py:179} INFO - Processing /opt/airflow/dags/kafka_stream.py took 0.170 seconds
[2025-04-26T16:12:34.479+0000] {processor.py:157} INFO - Started process (PID=716) to work on /opt/airflow/dags/kafka_stream.py
[2025-04-26T16:12:34.481+0000] {processor.py:829} INFO - Processing file /opt/airflow/dags/kafka_stream.py for tasks to queue
[2025-04-26T16:12:34.484+0000] {logging_mixin.py:151} INFO - [2025-04-26T16:12:34.483+0000] {dagbag.py:539} INFO - Filling up the DagBag from /opt/airflow/dags/kafka_stream.py
[2025-04-26T16:12:34.546+0000] {processor.py:839} INFO - DAG(s) dict_keys(['user_automation']) retrieved from /opt/airflow/dags/kafka_stream.py
[2025-04-26T16:12:34.597+0000] {logging_mixin.py:151} INFO - [2025-04-26T16:12:34.596+0000] {dag.py:2907} INFO - Sync 1 DAGs
[2025-04-26T16:12:34.635+0000] {logging_mixin.py:151} INFO - [2025-04-26T16:12:34.634+0000] {dag.py:3677} INFO - Setting next_dagrun for user_automation to 2025-04-26T00:00:00+00:00, run_after=2025-04-27T00:00:00+00:00
[2025-04-26T16:12:34.673+0000] {processor.py:179} INFO - Processing /opt/airflow/dags/kafka_stream.py took 0.200 seconds
[2025-04-26T16:13:04.952+0000] {processor.py:157} INFO - Started process (PID=717) to work on /opt/airflow/dags/kafka_stream.py
[2025-04-26T16:13:04.955+0000] {processor.py:829} INFO - Processing file /opt/airflow/dags/kafka_stream.py for tasks to queue
[2025-04-26T16:13:04.960+0000] {logging_mixin.py:151} INFO - [2025-04-26T16:13:04.959+0000] {dagbag.py:539} INFO - Filling up the DagBag from /opt/airflow/dags/kafka_stream.py
[2025-04-26T16:13:05.041+0000] {processor.py:839} INFO - DAG(s) dict_keys(['user_automation']) retrieved from /opt/airflow/dags/kafka_stream.py
[2025-04-26T16:13:05.105+0000] {logging_mixin.py:151} INFO - [2025-04-26T16:13:05.104+0000] {dag.py:2907} INFO - Sync 1 DAGs
[2025-04-26T16:13:05.172+0000] {logging_mixin.py:151} INFO - [2025-04-26T16:13:05.172+0000] {dag.py:3677} INFO - Setting next_dagrun for user_automation to 2025-04-26T00:00:00+00:00, run_after=2025-04-27T00:00:00+00:00
[2025-04-26T16:13:05.232+0000] {processor.py:179} INFO - Processing /opt/airflow/dags/kafka_stream.py took 0.287 seconds
[2025-04-26T16:13:35.387+0000] {processor.py:157} INFO - Started process (PID=718) to work on /opt/airflow/dags/kafka_stream.py
[2025-04-26T16:13:35.390+0000] {processor.py:829} INFO - Processing file /opt/airflow/dags/kafka_stream.py for tasks to queue
[2025-04-26T16:13:35.394+0000] {logging_mixin.py:151} INFO - [2025-04-26T16:13:35.393+0000] {dagbag.py:539} INFO - Filling up the DagBag from /opt/airflow/dags/kafka_stream.py
[2025-04-26T16:13:35.473+0000] {processor.py:839} INFO - DAG(s) dict_keys(['user_automation']) retrieved from /opt/airflow/dags/kafka_stream.py
[2025-04-26T16:13:35.524+0000] {logging_mixin.py:151} INFO - [2025-04-26T16:13:35.524+0000] {dag.py:2907} INFO - Sync 1 DAGs
[2025-04-26T16:13:35.556+0000] {logging_mixin.py:151} INFO - [2025-04-26T16:13:35.556+0000] {dag.py:3677} INFO - Setting next_dagrun for user_automation to 2025-04-26T00:00:00+00:00, run_after=2025-04-27T00:00:00+00:00
[2025-04-26T16:13:35.597+0000] {processor.py:179} INFO - Processing /opt/airflow/dags/kafka_stream.py took 0.217 seconds
[2025-04-26T16:14:06.069+0000] {processor.py:157} INFO - Started process (PID=719) to work on /opt/airflow/dags/kafka_stream.py
[2025-04-26T16:14:06.071+0000] {processor.py:829} INFO - Processing file /opt/airflow/dags/kafka_stream.py for tasks to queue
[2025-04-26T16:14:06.074+0000] {logging_mixin.py:151} INFO - [2025-04-26T16:14:06.073+0000] {dagbag.py:539} INFO - Filling up the DagBag from /opt/airflow/dags/kafka_stream.py
[2025-04-26T16:14:06.143+0000] {processor.py:839} INFO - DAG(s) dict_keys(['user_automation']) retrieved from /opt/airflow/dags/kafka_stream.py
[2025-04-26T16:14:06.191+0000] {logging_mixin.py:151} INFO - [2025-04-26T16:14:06.191+0000] {dag.py:2907} INFO - Sync 1 DAGs
[2025-04-26T16:14:06.232+0000] {logging_mixin.py:151} INFO - [2025-04-26T16:14:06.232+0000] {dag.py:3677} INFO - Setting next_dagrun for user_automation to 2025-04-26T00:00:00+00:00, run_after=2025-04-27T00:00:00+00:00
[2025-04-26T16:14:06.309+0000] {processor.py:179} INFO - Processing /opt/airflow/dags/kafka_stream.py took 0.247 seconds
[2025-04-26T16:14:36.777+0000] {processor.py:157} INFO - Started process (PID=720) to work on /opt/airflow/dags/kafka_stream.py
[2025-04-26T16:14:36.779+0000] {processor.py:829} INFO - Processing file /opt/airflow/dags/kafka_stream.py for tasks to queue
[2025-04-26T16:14:36.781+0000] {logging_mixin.py:151} INFO - [2025-04-26T16:14:36.780+0000] {dagbag.py:539} INFO - Filling up the DagBag from /opt/airflow/dags/kafka_stream.py
[2025-04-26T16:14:36.845+0000] {processor.py:839} INFO - DAG(s) dict_keys(['user_automation']) retrieved from /opt/airflow/dags/kafka_stream.py
[2025-04-26T16:14:36.891+0000] {logging_mixin.py:151} INFO - [2025-04-26T16:14:36.890+0000] {dag.py:2907} INFO - Sync 1 DAGs
[2025-04-26T16:14:36.929+0000] {logging_mixin.py:151} INFO - [2025-04-26T16:14:36.929+0000] {dag.py:3677} INFO - Setting next_dagrun for user_automation to 2025-04-26T00:00:00+00:00, run_after=2025-04-27T00:00:00+00:00
[2025-04-26T16:14:36.977+0000] {processor.py:179} INFO - Processing /opt/airflow/dags/kafka_stream.py took 0.206 seconds
[2025-04-26T16:15:07.137+0000] {processor.py:157} INFO - Started process (PID=721) to work on /opt/airflow/dags/kafka_stream.py
[2025-04-26T16:15:07.139+0000] {processor.py:829} INFO - Processing file /opt/airflow/dags/kafka_stream.py for tasks to queue
[2025-04-26T16:15:07.142+0000] {logging_mixin.py:151} INFO - [2025-04-26T16:15:07.141+0000] {dagbag.py:539} INFO - Filling up the DagBag from /opt/airflow/dags/kafka_stream.py
[2025-04-26T16:15:07.217+0000] {processor.py:839} INFO - DAG(s) dict_keys(['user_automation']) retrieved from /opt/airflow/dags/kafka_stream.py
[2025-04-26T16:15:07.266+0000] {logging_mixin.py:151} INFO - [2025-04-26T16:15:07.266+0000] {dag.py:2907} INFO - Sync 1 DAGs
[2025-04-26T16:15:07.306+0000] {logging_mixin.py:151} INFO - [2025-04-26T16:15:07.306+0000] {dag.py:3677} INFO - Setting next_dagrun for user_automation to 2025-04-26T00:00:00+00:00, run_after=2025-04-27T00:00:00+00:00
[2025-04-26T16:15:07.352+0000] {processor.py:179} INFO - Processing /opt/airflow/dags/kafka_stream.py took 0.222 seconds
[2025-04-26T16:15:37.642+0000] {processor.py:157} INFO - Started process (PID=722) to work on /opt/airflow/dags/kafka_stream.py
[2025-04-26T16:15:37.644+0000] {processor.py:829} INFO - Processing file /opt/airflow/dags/kafka_stream.py for tasks to queue
[2025-04-26T16:15:37.646+0000] {logging_mixin.py:151} INFO - [2025-04-26T16:15:37.645+0000] {dagbag.py:539} INFO - Filling up the DagBag from /opt/airflow/dags/kafka_stream.py
[2025-04-26T16:15:37.699+0000] {processor.py:839} INFO - DAG(s) dict_keys(['user_automation']) retrieved from /opt/airflow/dags/kafka_stream.py
[2025-04-26T16:15:37.744+0000] {logging_mixin.py:151} INFO - [2025-04-26T16:15:37.744+0000] {dag.py:2907} INFO - Sync 1 DAGs
[2025-04-26T16:15:37.785+0000] {logging_mixin.py:151} INFO - [2025-04-26T16:15:37.785+0000] {dag.py:3677} INFO - Setting next_dagrun for user_automation to 2025-04-26T00:00:00+00:00, run_after=2025-04-27T00:00:00+00:00
[2025-04-26T16:15:37.835+0000] {processor.py:179} INFO - Processing /opt/airflow/dags/kafka_stream.py took 0.198 seconds
[2025-04-26T16:16:08.142+0000] {processor.py:157} INFO - Started process (PID=723) to work on /opt/airflow/dags/kafka_stream.py
[2025-04-26T16:16:08.145+0000] {processor.py:829} INFO - Processing file /opt/airflow/dags/kafka_stream.py for tasks to queue
[2025-04-26T16:16:08.148+0000] {logging_mixin.py:151} INFO - [2025-04-26T16:16:08.147+0000] {dagbag.py:539} INFO - Filling up the DagBag from /opt/airflow/dags/kafka_stream.py
[2025-04-26T16:16:08.217+0000] {processor.py:839} INFO - DAG(s) dict_keys(['user_automation']) retrieved from /opt/airflow/dags/kafka_stream.py
[2025-04-26T16:16:08.267+0000] {logging_mixin.py:151} INFO - [2025-04-26T16:16:08.266+0000] {dag.py:2907} INFO - Sync 1 DAGs
[2025-04-26T16:16:08.310+0000] {logging_mixin.py:151} INFO - [2025-04-26T16:16:08.310+0000] {dag.py:3677} INFO - Setting next_dagrun for user_automation to 2025-04-26T00:00:00+00:00, run_after=2025-04-27T00:00:00+00:00
[2025-04-26T16:16:08.360+0000] {processor.py:179} INFO - Processing /opt/airflow/dags/kafka_stream.py took 0.226 seconds
[2025-04-26T16:16:38.663+0000] {processor.py:157} INFO - Started process (PID=724) to work on /opt/airflow/dags/kafka_stream.py
[2025-04-26T16:16:38.665+0000] {processor.py:829} INFO - Processing file /opt/airflow/dags/kafka_stream.py for tasks to queue
[2025-04-26T16:16:38.668+0000] {logging_mixin.py:151} INFO - [2025-04-26T16:16:38.667+0000] {dagbag.py:539} INFO - Filling up the DagBag from /opt/airflow/dags/kafka_stream.py
[2025-04-26T16:16:38.721+0000] {processor.py:839} INFO - DAG(s) dict_keys(['user_automation']) retrieved from /opt/airflow/dags/kafka_stream.py
[2025-04-26T16:16:38.766+0000] {logging_mixin.py:151} INFO - [2025-04-26T16:16:38.765+0000] {dag.py:2907} INFO - Sync 1 DAGs
[2025-04-26T16:16:38.806+0000] {logging_mixin.py:151} INFO - [2025-04-26T16:16:38.805+0000] {dag.py:3677} INFO - Setting next_dagrun for user_automation to 2025-04-26T00:00:00+00:00, run_after=2025-04-27T00:00:00+00:00
[2025-04-26T16:16:38.852+0000] {processor.py:179} INFO - Processing /opt/airflow/dags/kafka_stream.py took 0.194 seconds
[2025-04-26T16:17:09.038+0000] {processor.py:157} INFO - Started process (PID=725) to work on /opt/airflow/dags/kafka_stream.py
[2025-04-26T16:17:09.040+0000] {processor.py:829} INFO - Processing file /opt/airflow/dags/kafka_stream.py for tasks to queue
[2025-04-26T16:17:09.042+0000] {logging_mixin.py:151} INFO - [2025-04-26T16:17:09.042+0000] {dagbag.py:539} INFO - Filling up the DagBag from /opt/airflow/dags/kafka_stream.py
[2025-04-26T16:17:09.091+0000] {processor.py:839} INFO - DAG(s) dict_keys(['user_automation']) retrieved from /opt/airflow/dags/kafka_stream.py
[2025-04-26T16:17:09.137+0000] {logging_mixin.py:151} INFO - [2025-04-26T16:17:09.137+0000] {dag.py:2907} INFO - Sync 1 DAGs
[2025-04-26T16:17:09.185+0000] {logging_mixin.py:151} INFO - [2025-04-26T16:17:09.184+0000] {dag.py:3677} INFO - Setting next_dagrun for user_automation to 2025-04-26T00:00:00+00:00, run_after=2025-04-27T00:00:00+00:00
[2025-04-26T16:17:09.239+0000] {processor.py:179} INFO - Processing /opt/airflow/dags/kafka_stream.py took 0.207 seconds
[2025-04-26T16:17:39.532+0000] {processor.py:157} INFO - Started process (PID=726) to work on /opt/airflow/dags/kafka_stream.py
[2025-04-26T16:17:39.533+0000] {processor.py:829} INFO - Processing file /opt/airflow/dags/kafka_stream.py for tasks to queue
[2025-04-26T16:17:39.535+0000] {logging_mixin.py:151} INFO - [2025-04-26T16:17:39.535+0000] {dagbag.py:539} INFO - Filling up the DagBag from /opt/airflow/dags/kafka_stream.py
[2025-04-26T16:17:39.579+0000] {processor.py:839} INFO - DAG(s) dict_keys(['user_automation']) retrieved from /opt/airflow/dags/kafka_stream.py
[2025-04-26T16:17:39.618+0000] {logging_mixin.py:151} INFO - [2025-04-26T16:17:39.618+0000] {dag.py:2907} INFO - Sync 1 DAGs
[2025-04-26T16:17:39.654+0000] {logging_mixin.py:151} INFO - [2025-04-26T16:17:39.654+0000] {dag.py:3677} INFO - Setting next_dagrun for user_automation to 2025-04-26T00:00:00+00:00, run_after=2025-04-27T00:00:00+00:00
[2025-04-26T16:17:39.694+0000] {processor.py:179} INFO - Processing /opt/airflow/dags/kafka_stream.py took 0.167 seconds
[2025-04-26T16:18:09.903+0000] {processor.py:157} INFO - Started process (PID=727) to work on /opt/airflow/dags/kafka_stream.py
[2025-04-26T16:18:09.905+0000] {processor.py:829} INFO - Processing file /opt/airflow/dags/kafka_stream.py for tasks to queue
[2025-04-26T16:18:09.908+0000] {logging_mixin.py:151} INFO - [2025-04-26T16:18:09.907+0000] {dagbag.py:539} INFO - Filling up the DagBag from /opt/airflow/dags/kafka_stream.py
[2025-04-26T16:18:09.969+0000] {processor.py:839} INFO - DAG(s) dict_keys(['user_automation']) retrieved from /opt/airflow/dags/kafka_stream.py
[2025-04-26T16:18:10.015+0000] {logging_mixin.py:151} INFO - [2025-04-26T16:18:10.014+0000] {dag.py:2907} INFO - Sync 1 DAGs
[2025-04-26T16:18:10.052+0000] {logging_mixin.py:151} INFO - [2025-04-26T16:18:10.052+0000] {dag.py:3677} INFO - Setting next_dagrun for user_automation to 2025-04-26T00:00:00+00:00, run_after=2025-04-27T00:00:00+00:00
[2025-04-26T16:18:10.099+0000] {processor.py:179} INFO - Processing /opt/airflow/dags/kafka_stream.py took 0.202 seconds
[2025-04-26T16:18:40.355+0000] {processor.py:157} INFO - Started process (PID=728) to work on /opt/airflow/dags/kafka_stream.py
[2025-04-26T16:18:40.357+0000] {processor.py:829} INFO - Processing file /opt/airflow/dags/kafka_stream.py for tasks to queue
[2025-04-26T16:18:40.358+0000] {logging_mixin.py:151} INFO - [2025-04-26T16:18:40.358+0000] {dagbag.py:539} INFO - Filling up the DagBag from /opt/airflow/dags/kafka_stream.py
[2025-04-26T16:18:40.396+0000] {processor.py:839} INFO - DAG(s) dict_keys(['user_automation']) retrieved from /opt/airflow/dags/kafka_stream.py
[2025-04-26T16:18:40.432+0000] {logging_mixin.py:151} INFO - [2025-04-26T16:18:40.432+0000] {dag.py:2907} INFO - Sync 1 DAGs
[2025-04-26T16:18:40.471+0000] {logging_mixin.py:151} INFO - [2025-04-26T16:18:40.471+0000] {dag.py:3677} INFO - Setting next_dagrun for user_automation to 2025-04-26T00:00:00+00:00, run_after=2025-04-27T00:00:00+00:00
[2025-04-26T16:18:40.508+0000] {processor.py:179} INFO - Processing /opt/airflow/dags/kafka_stream.py took 0.158 seconds
[2025-04-26T16:19:10.791+0000] {processor.py:157} INFO - Started process (PID=729) to work on /opt/airflow/dags/kafka_stream.py
[2025-04-26T16:19:10.793+0000] {processor.py:829} INFO - Processing file /opt/airflow/dags/kafka_stream.py for tasks to queue
[2025-04-26T16:19:10.795+0000] {logging_mixin.py:151} INFO - [2025-04-26T16:19:10.795+0000] {dagbag.py:539} INFO - Filling up the DagBag from /opt/airflow/dags/kafka_stream.py
[2025-04-26T16:19:10.856+0000] {processor.py:839} INFO - DAG(s) dict_keys(['user_automation']) retrieved from /opt/airflow/dags/kafka_stream.py
[2025-04-26T16:19:10.901+0000] {logging_mixin.py:151} INFO - [2025-04-26T16:19:10.900+0000] {dag.py:2907} INFO - Sync 1 DAGs
[2025-04-26T16:19:10.940+0000] {logging_mixin.py:151} INFO - [2025-04-26T16:19:10.940+0000] {dag.py:3677} INFO - Setting next_dagrun for user_automation to 2025-04-26T00:00:00+00:00, run_after=2025-04-27T00:00:00+00:00
[2025-04-26T16:19:11.000+0000] {processor.py:179} INFO - Processing /opt/airflow/dags/kafka_stream.py took 0.215 seconds
[2025-04-26T16:19:41.142+0000] {processor.py:157} INFO - Started process (PID=730) to work on /opt/airflow/dags/kafka_stream.py
[2025-04-26T16:19:41.144+0000] {processor.py:829} INFO - Processing file /opt/airflow/dags/kafka_stream.py for tasks to queue
[2025-04-26T16:19:41.147+0000] {logging_mixin.py:151} INFO - [2025-04-26T16:19:41.146+0000] {dagbag.py:539} INFO - Filling up the DagBag from /opt/airflow/dags/kafka_stream.py
[2025-04-26T16:19:41.209+0000] {processor.py:839} INFO - DAG(s) dict_keys(['user_automation']) retrieved from /opt/airflow/dags/kafka_stream.py
[2025-04-26T16:19:41.260+0000] {logging_mixin.py:151} INFO - [2025-04-26T16:19:41.260+0000] {dag.py:2907} INFO - Sync 1 DAGs
[2025-04-26T16:19:41.301+0000] {logging_mixin.py:151} INFO - [2025-04-26T16:19:41.301+0000] {dag.py:3677} INFO - Setting next_dagrun for user_automation to 2025-04-26T00:00:00+00:00, run_after=2025-04-27T00:00:00+00:00
[2025-04-26T16:19:41.344+0000] {processor.py:179} INFO - Processing /opt/airflow/dags/kafka_stream.py took 0.208 seconds
[2025-04-26T16:20:11.658+0000] {processor.py:157} INFO - Started process (PID=731) to work on /opt/airflow/dags/kafka_stream.py
[2025-04-26T16:20:11.661+0000] {processor.py:829} INFO - Processing file /opt/airflow/dags/kafka_stream.py for tasks to queue
[2025-04-26T16:20:11.663+0000] {logging_mixin.py:151} INFO - [2025-04-26T16:20:11.662+0000] {dagbag.py:539} INFO - Filling up the DagBag from /opt/airflow/dags/kafka_stream.py
[2025-04-26T16:20:11.720+0000] {processor.py:839} INFO - DAG(s) dict_keys(['user_automation']) retrieved from /opt/airflow/dags/kafka_stream.py
[2025-04-26T16:20:11.763+0000] {logging_mixin.py:151} INFO - [2025-04-26T16:20:11.762+0000] {dag.py:2907} INFO - Sync 1 DAGs
[2025-04-26T16:20:11.807+0000] {logging_mixin.py:151} INFO - [2025-04-26T16:20:11.807+0000] {dag.py:3677} INFO - Setting next_dagrun for user_automation to 2025-04-26T00:00:00+00:00, run_after=2025-04-27T00:00:00+00:00
[2025-04-26T16:20:11.847+0000] {processor.py:179} INFO - Processing /opt/airflow/dags/kafka_stream.py took 0.193 seconds
[2025-04-26T16:20:41.995+0000] {processor.py:157} INFO - Started process (PID=732) to work on /opt/airflow/dags/kafka_stream.py
[2025-04-26T16:20:41.998+0000] {processor.py:829} INFO - Processing file /opt/airflow/dags/kafka_stream.py for tasks to queue
[2025-04-26T16:20:42.000+0000] {logging_mixin.py:151} INFO - [2025-04-26T16:20:41.999+0000] {dagbag.py:539} INFO - Filling up the DagBag from /opt/airflow/dags/kafka_stream.py
[2025-04-26T16:20:42.054+0000] {processor.py:839} INFO - DAG(s) dict_keys(['user_automation']) retrieved from /opt/airflow/dags/kafka_stream.py
[2025-04-26T16:20:42.090+0000] {logging_mixin.py:151} INFO - [2025-04-26T16:20:42.090+0000] {dag.py:2907} INFO - Sync 1 DAGs
[2025-04-26T16:20:42.127+0000] {logging_mixin.py:151} INFO - [2025-04-26T16:20:42.126+0000] {dag.py:3677} INFO - Setting next_dagrun for user_automation to 2025-04-26T00:00:00+00:00, run_after=2025-04-27T00:00:00+00:00
[2025-04-26T16:20:42.156+0000] {processor.py:179} INFO - Processing /opt/airflow/dags/kafka_stream.py took 0.169 seconds
[2025-04-26T16:21:12.499+0000] {processor.py:157} INFO - Started process (PID=733) to work on /opt/airflow/dags/kafka_stream.py
[2025-04-26T16:21:12.501+0000] {processor.py:829} INFO - Processing file /opt/airflow/dags/kafka_stream.py for tasks to queue
[2025-04-26T16:21:12.504+0000] {logging_mixin.py:151} INFO - [2025-04-26T16:21:12.503+0000] {dagbag.py:539} INFO - Filling up the DagBag from /opt/airflow/dags/kafka_stream.py
[2025-04-26T16:21:12.566+0000] {processor.py:839} INFO - DAG(s) dict_keys(['user_automation']) retrieved from /opt/airflow/dags/kafka_stream.py
[2025-04-26T16:21:12.614+0000] {logging_mixin.py:151} INFO - [2025-04-26T16:21:12.614+0000] {dag.py:2907} INFO - Sync 1 DAGs
[2025-04-26T16:21:12.653+0000] {logging_mixin.py:151} INFO - [2025-04-26T16:21:12.652+0000] {dag.py:3677} INFO - Setting next_dagrun for user_automation to 2025-04-26T00:00:00+00:00, run_after=2025-04-27T00:00:00+00:00
[2025-04-26T16:21:12.691+0000] {processor.py:179} INFO - Processing /opt/airflow/dags/kafka_stream.py took 0.197 seconds
[2025-04-26T16:21:42.933+0000] {processor.py:157} INFO - Started process (PID=734) to work on /opt/airflow/dags/kafka_stream.py
[2025-04-26T16:21:42.935+0000] {processor.py:829} INFO - Processing file /opt/airflow/dags/kafka_stream.py for tasks to queue
[2025-04-26T16:21:42.937+0000] {logging_mixin.py:151} INFO - [2025-04-26T16:21:42.937+0000] {dagbag.py:539} INFO - Filling up the DagBag from /opt/airflow/dags/kafka_stream.py
[2025-04-26T16:21:42.993+0000] {processor.py:839} INFO - DAG(s) dict_keys(['user_automation']) retrieved from /opt/airflow/dags/kafka_stream.py
[2025-04-26T16:21:43.029+0000] {logging_mixin.py:151} INFO - [2025-04-26T16:21:43.029+0000] {dag.py:2907} INFO - Sync 1 DAGs
[2025-04-26T16:21:43.071+0000] {logging_mixin.py:151} INFO - [2025-04-26T16:21:43.071+0000] {dag.py:3677} INFO - Setting next_dagrun for user_automation to 2025-04-26T00:00:00+00:00, run_after=2025-04-27T00:00:00+00:00
[2025-04-26T16:21:43.108+0000] {processor.py:179} INFO - Processing /opt/airflow/dags/kafka_stream.py took 0.180 seconds
[2025-04-26T16:22:13.375+0000] {processor.py:157} INFO - Started process (PID=735) to work on /opt/airflow/dags/kafka_stream.py
[2025-04-26T16:22:13.377+0000] {processor.py:829} INFO - Processing file /opt/airflow/dags/kafka_stream.py for tasks to queue
[2025-04-26T16:22:13.379+0000] {logging_mixin.py:151} INFO - [2025-04-26T16:22:13.378+0000] {dagbag.py:539} INFO - Filling up the DagBag from /opt/airflow/dags/kafka_stream.py
[2025-04-26T16:22:13.429+0000] {processor.py:839} INFO - DAG(s) dict_keys(['user_automation']) retrieved from /opt/airflow/dags/kafka_stream.py
[2025-04-26T16:22:13.469+0000] {logging_mixin.py:151} INFO - [2025-04-26T16:22:13.469+0000] {dag.py:2907} INFO - Sync 1 DAGs
[2025-04-26T16:22:13.505+0000] {logging_mixin.py:151} INFO - [2025-04-26T16:22:13.504+0000] {dag.py:3677} INFO - Setting next_dagrun for user_automation to 2025-04-26T00:00:00+00:00, run_after=2025-04-27T00:00:00+00:00
[2025-04-26T16:22:13.551+0000] {processor.py:179} INFO - Processing /opt/airflow/dags/kafka_stream.py took 0.181 seconds
[2025-04-26T16:22:43.795+0000] {processor.py:157} INFO - Started process (PID=736) to work on /opt/airflow/dags/kafka_stream.py
[2025-04-26T16:22:43.797+0000] {processor.py:829} INFO - Processing file /opt/airflow/dags/kafka_stream.py for tasks to queue
[2025-04-26T16:22:43.799+0000] {logging_mixin.py:151} INFO - [2025-04-26T16:22:43.798+0000] {dagbag.py:539} INFO - Filling up the DagBag from /opt/airflow/dags/kafka_stream.py
[2025-04-26T16:22:43.834+0000] {processor.py:839} INFO - DAG(s) dict_keys(['user_automation']) retrieved from /opt/airflow/dags/kafka_stream.py
[2025-04-26T16:22:43.877+0000] {logging_mixin.py:151} INFO - [2025-04-26T16:22:43.877+0000] {dag.py:2907} INFO - Sync 1 DAGs
[2025-04-26T16:22:43.910+0000] {logging_mixin.py:151} INFO - [2025-04-26T16:22:43.909+0000] {dag.py:3677} INFO - Setting next_dagrun for user_automation to 2025-04-26T00:00:00+00:00, run_after=2025-04-27T00:00:00+00:00
[2025-04-26T16:22:43.946+0000] {processor.py:179} INFO - Processing /opt/airflow/dags/kafka_stream.py took 0.156 seconds
[2025-04-26T16:23:14.141+0000] {processor.py:157} INFO - Started process (PID=737) to work on /opt/airflow/dags/kafka_stream.py
[2025-04-26T16:23:14.143+0000] {processor.py:829} INFO - Processing file /opt/airflow/dags/kafka_stream.py for tasks to queue
[2025-04-26T16:23:14.145+0000] {logging_mixin.py:151} INFO - [2025-04-26T16:23:14.144+0000] {dagbag.py:539} INFO - Filling up the DagBag from /opt/airflow/dags/kafka_stream.py
[2025-04-26T16:23:14.198+0000] {processor.py:839} INFO - DAG(s) dict_keys(['user_automation']) retrieved from /opt/airflow/dags/kafka_stream.py
[2025-04-26T16:23:14.239+0000] {logging_mixin.py:151} INFO - [2025-04-26T16:23:14.238+0000] {dag.py:2907} INFO - Sync 1 DAGs
[2025-04-26T16:23:14.279+0000] {logging_mixin.py:151} INFO - [2025-04-26T16:23:14.278+0000] {dag.py:3677} INFO - Setting next_dagrun for user_automation to 2025-04-26T00:00:00+00:00, run_after=2025-04-27T00:00:00+00:00
[2025-04-26T16:23:14.323+0000] {processor.py:179} INFO - Processing /opt/airflow/dags/kafka_stream.py took 0.186 seconds
[2025-04-26T16:23:44.846+0000] {processor.py:157} INFO - Started process (PID=738) to work on /opt/airflow/dags/kafka_stream.py
[2025-04-26T16:23:44.848+0000] {processor.py:829} INFO - Processing file /opt/airflow/dags/kafka_stream.py for tasks to queue
[2025-04-26T16:23:44.850+0000] {logging_mixin.py:151} INFO - [2025-04-26T16:23:44.850+0000] {dagbag.py:539} INFO - Filling up the DagBag from /opt/airflow/dags/kafka_stream.py
[2025-04-26T16:23:44.902+0000] {processor.py:839} INFO - DAG(s) dict_keys(['user_automation']) retrieved from /opt/airflow/dags/kafka_stream.py
[2025-04-26T16:23:44.948+0000] {logging_mixin.py:151} INFO - [2025-04-26T16:23:44.947+0000] {dag.py:2907} INFO - Sync 1 DAGs
[2025-04-26T16:23:44.983+0000] {logging_mixin.py:151} INFO - [2025-04-26T16:23:44.983+0000] {dag.py:3677} INFO - Setting next_dagrun for user_automation to 2025-04-26T00:00:00+00:00, run_after=2025-04-27T00:00:00+00:00
[2025-04-26T16:23:45.030+0000] {processor.py:179} INFO - Processing /opt/airflow/dags/kafka_stream.py took 0.187 seconds
[2025-04-26T16:24:15.172+0000] {processor.py:157} INFO - Started process (PID=739) to work on /opt/airflow/dags/kafka_stream.py
[2025-04-26T16:24:15.174+0000] {processor.py:829} INFO - Processing file /opt/airflow/dags/kafka_stream.py for tasks to queue
[2025-04-26T16:24:15.177+0000] {logging_mixin.py:151} INFO - [2025-04-26T16:24:15.176+0000] {dagbag.py:539} INFO - Filling up the DagBag from /opt/airflow/dags/kafka_stream.py
[2025-04-26T16:24:15.232+0000] {processor.py:839} INFO - DAG(s) dict_keys(['user_automation']) retrieved from /opt/airflow/dags/kafka_stream.py
[2025-04-26T16:24:15.277+0000] {logging_mixin.py:151} INFO - [2025-04-26T16:24:15.276+0000] {dag.py:2907} INFO - Sync 1 DAGs
[2025-04-26T16:24:15.313+0000] {logging_mixin.py:151} INFO - [2025-04-26T16:24:15.312+0000] {dag.py:3677} INFO - Setting next_dagrun for user_automation to 2025-04-26T00:00:00+00:00, run_after=2025-04-27T00:00:00+00:00
[2025-04-26T16:24:15.359+0000] {processor.py:179} INFO - Processing /opt/airflow/dags/kafka_stream.py took 0.193 seconds
[2025-04-26T16:24:45.653+0000] {processor.py:157} INFO - Started process (PID=740) to work on /opt/airflow/dags/kafka_stream.py
[2025-04-26T16:24:45.654+0000] {processor.py:829} INFO - Processing file /opt/airflow/dags/kafka_stream.py for tasks to queue
[2025-04-26T16:24:45.656+0000] {logging_mixin.py:151} INFO - [2025-04-26T16:24:45.656+0000] {dagbag.py:539} INFO - Filling up the DagBag from /opt/airflow/dags/kafka_stream.py
[2025-04-26T16:24:45.705+0000] {processor.py:839} INFO - DAG(s) dict_keys(['user_automation']) retrieved from /opt/airflow/dags/kafka_stream.py
[2025-04-26T16:24:45.747+0000] {logging_mixin.py:151} INFO - [2025-04-26T16:24:45.747+0000] {dag.py:2907} INFO - Sync 1 DAGs
[2025-04-26T16:24:45.785+0000] {logging_mixin.py:151} INFO - [2025-04-26T16:24:45.784+0000] {dag.py:3677} INFO - Setting next_dagrun for user_automation to 2025-04-26T00:00:00+00:00, run_after=2025-04-27T00:00:00+00:00
[2025-04-26T16:24:45.835+0000] {processor.py:179} INFO - Processing /opt/airflow/dags/kafka_stream.py took 0.187 seconds
[2025-04-26T16:25:15.997+0000] {processor.py:157} INFO - Started process (PID=741) to work on /opt/airflow/dags/kafka_stream.py
[2025-04-26T16:25:16.000+0000] {processor.py:829} INFO - Processing file /opt/airflow/dags/kafka_stream.py for tasks to queue
[2025-04-26T16:25:16.003+0000] {logging_mixin.py:151} INFO - [2025-04-26T16:25:16.002+0000] {dagbag.py:539} INFO - Filling up the DagBag from /opt/airflow/dags/kafka_stream.py
[2025-04-26T16:25:16.072+0000] {processor.py:839} INFO - DAG(s) dict_keys(['user_automation']) retrieved from /opt/airflow/dags/kafka_stream.py
[2025-04-26T16:25:16.118+0000] {logging_mixin.py:151} INFO - [2025-04-26T16:25:16.118+0000] {dag.py:2907} INFO - Sync 1 DAGs
[2025-04-26T16:25:16.161+0000] {logging_mixin.py:151} INFO - [2025-04-26T16:25:16.161+0000] {dag.py:3677} INFO - Setting next_dagrun for user_automation to 2025-04-26T00:00:00+00:00, run_after=2025-04-27T00:00:00+00:00
[2025-04-26T16:25:16.212+0000] {processor.py:179} INFO - Processing /opt/airflow/dags/kafka_stream.py took 0.224 seconds
[2025-04-26T16:25:46.512+0000] {processor.py:157} INFO - Started process (PID=742) to work on /opt/airflow/dags/kafka_stream.py
[2025-04-26T16:25:46.514+0000] {processor.py:829} INFO - Processing file /opt/airflow/dags/kafka_stream.py for tasks to queue
[2025-04-26T16:25:46.517+0000] {logging_mixin.py:151} INFO - [2025-04-26T16:25:46.516+0000] {dagbag.py:539} INFO - Filling up the DagBag from /opt/airflow/dags/kafka_stream.py
[2025-04-26T16:25:46.578+0000] {processor.py:839} INFO - DAG(s) dict_keys(['user_automation']) retrieved from /opt/airflow/dags/kafka_stream.py
[2025-04-26T16:25:46.620+0000] {logging_mixin.py:151} INFO - [2025-04-26T16:25:46.620+0000] {dag.py:2907} INFO - Sync 1 DAGs
[2025-04-26T16:25:46.656+0000] {logging_mixin.py:151} INFO - [2025-04-26T16:25:46.656+0000] {dag.py:3677} INFO - Setting next_dagrun for user_automation to 2025-04-26T00:00:00+00:00, run_after=2025-04-27T00:00:00+00:00
[2025-04-26T16:25:46.700+0000] {processor.py:179} INFO - Processing /opt/airflow/dags/kafka_stream.py took 0.193 seconds
[2025-04-26T16:26:16.877+0000] {processor.py:157} INFO - Started process (PID=743) to work on /opt/airflow/dags/kafka_stream.py
[2025-04-26T16:26:16.878+0000] {processor.py:829} INFO - Processing file /opt/airflow/dags/kafka_stream.py for tasks to queue
[2025-04-26T16:26:16.880+0000] {logging_mixin.py:151} INFO - [2025-04-26T16:26:16.880+0000] {dagbag.py:539} INFO - Filling up the DagBag from /opt/airflow/dags/kafka_stream.py
[2025-04-26T16:26:16.926+0000] {processor.py:839} INFO - DAG(s) dict_keys(['user_automation']) retrieved from /opt/airflow/dags/kafka_stream.py
[2025-04-26T16:26:16.970+0000] {logging_mixin.py:151} INFO - [2025-04-26T16:26:16.969+0000] {dag.py:2907} INFO - Sync 1 DAGs
[2025-04-26T16:26:17.008+0000] {logging_mixin.py:151} INFO - [2025-04-26T16:26:17.008+0000] {dag.py:3677} INFO - Setting next_dagrun for user_automation to 2025-04-26T00:00:00+00:00, run_after=2025-04-27T00:00:00+00:00
[2025-04-26T16:26:17.057+0000] {processor.py:179} INFO - Processing /opt/airflow/dags/kafka_stream.py took 0.185 seconds
[2025-04-26T16:26:47.454+0000] {processor.py:157} INFO - Started process (PID=744) to work on /opt/airflow/dags/kafka_stream.py
[2025-04-26T16:26:47.456+0000] {processor.py:829} INFO - Processing file /opt/airflow/dags/kafka_stream.py for tasks to queue
[2025-04-26T16:26:47.458+0000] {logging_mixin.py:151} INFO - [2025-04-26T16:26:47.458+0000] {dagbag.py:539} INFO - Filling up the DagBag from /opt/airflow/dags/kafka_stream.py
[2025-04-26T16:26:47.517+0000] {processor.py:839} INFO - DAG(s) dict_keys(['user_automation']) retrieved from /opt/airflow/dags/kafka_stream.py
[2025-04-26T16:26:47.565+0000] {logging_mixin.py:151} INFO - [2025-04-26T16:26:47.565+0000] {dag.py:2907} INFO - Sync 1 DAGs
[2025-04-26T16:26:47.599+0000] {logging_mixin.py:151} INFO - [2025-04-26T16:26:47.599+0000] {dag.py:3677} INFO - Setting next_dagrun for user_automation to 2025-04-26T00:00:00+00:00, run_after=2025-04-27T00:00:00+00:00
[2025-04-26T16:26:47.633+0000] {processor.py:179} INFO - Processing /opt/airflow/dags/kafka_stream.py took 0.184 seconds
[2025-04-26T16:27:17.785+0000] {processor.py:157} INFO - Started process (PID=745) to work on /opt/airflow/dags/kafka_stream.py
[2025-04-26T16:27:17.787+0000] {processor.py:829} INFO - Processing file /opt/airflow/dags/kafka_stream.py for tasks to queue
[2025-04-26T16:27:17.789+0000] {logging_mixin.py:151} INFO - [2025-04-26T16:27:17.788+0000] {dagbag.py:539} INFO - Filling up the DagBag from /opt/airflow/dags/kafka_stream.py
[2025-04-26T16:27:17.825+0000] {processor.py:839} INFO - DAG(s) dict_keys(['user_automation']) retrieved from /opt/airflow/dags/kafka_stream.py
[2025-04-26T16:27:17.863+0000] {logging_mixin.py:151} INFO - [2025-04-26T16:27:17.863+0000] {dag.py:2907} INFO - Sync 1 DAGs
[2025-04-26T16:27:17.904+0000] {logging_mixin.py:151} INFO - [2025-04-26T16:27:17.903+0000] {dag.py:3677} INFO - Setting next_dagrun for user_automation to 2025-04-26T00:00:00+00:00, run_after=2025-04-27T00:00:00+00:00
[2025-04-26T16:27:17.953+0000] {processor.py:179} INFO - Processing /opt/airflow/dags/kafka_stream.py took 0.173 seconds
[2025-04-26T16:27:48.302+0000] {processor.py:157} INFO - Started process (PID=746) to work on /opt/airflow/dags/kafka_stream.py
[2025-04-26T16:27:48.304+0000] {processor.py:829} INFO - Processing file /opt/airflow/dags/kafka_stream.py for tasks to queue
[2025-04-26T16:27:48.306+0000] {logging_mixin.py:151} INFO - [2025-04-26T16:27:48.305+0000] {dagbag.py:539} INFO - Filling up the DagBag from /opt/airflow/dags/kafka_stream.py
[2025-04-26T16:27:48.367+0000] {processor.py:839} INFO - DAG(s) dict_keys(['user_automation']) retrieved from /opt/airflow/dags/kafka_stream.py
[2025-04-26T16:27:48.412+0000] {logging_mixin.py:151} INFO - [2025-04-26T16:27:48.412+0000] {dag.py:2907} INFO - Sync 1 DAGs
[2025-04-26T16:27:48.449+0000] {logging_mixin.py:151} INFO - [2025-04-26T16:27:48.448+0000] {dag.py:3677} INFO - Setting next_dagrun for user_automation to 2025-04-26T00:00:00+00:00, run_after=2025-04-27T00:00:00+00:00
[2025-04-26T16:27:48.495+0000] {processor.py:179} INFO - Processing /opt/airflow/dags/kafka_stream.py took 0.198 seconds
[2025-04-26T16:28:18.657+0000] {processor.py:157} INFO - Started process (PID=747) to work on /opt/airflow/dags/kafka_stream.py
[2025-04-26T16:28:18.659+0000] {processor.py:829} INFO - Processing file /opt/airflow/dags/kafka_stream.py for tasks to queue
[2025-04-26T16:28:18.661+0000] {logging_mixin.py:151} INFO - [2025-04-26T16:28:18.660+0000] {dagbag.py:539} INFO - Filling up the DagBag from /opt/airflow/dags/kafka_stream.py
[2025-04-26T16:28:18.701+0000] {processor.py:839} INFO - DAG(s) dict_keys(['user_automation']) retrieved from /opt/airflow/dags/kafka_stream.py
[2025-04-26T16:28:18.743+0000] {logging_mixin.py:151} INFO - [2025-04-26T16:28:18.742+0000] {dag.py:2907} INFO - Sync 1 DAGs
[2025-04-26T16:28:18.787+0000] {logging_mixin.py:151} INFO - [2025-04-26T16:28:18.787+0000] {dag.py:3677} INFO - Setting next_dagrun for user_automation to 2025-04-26T00:00:00+00:00, run_after=2025-04-27T00:00:00+00:00
[2025-04-26T16:28:18.833+0000] {processor.py:179} INFO - Processing /opt/airflow/dags/kafka_stream.py took 0.181 seconds
[2025-04-26T16:28:49.141+0000] {processor.py:157} INFO - Started process (PID=748) to work on /opt/airflow/dags/kafka_stream.py
[2025-04-26T16:28:49.143+0000] {processor.py:829} INFO - Processing file /opt/airflow/dags/kafka_stream.py for tasks to queue
[2025-04-26T16:28:49.145+0000] {logging_mixin.py:151} INFO - [2025-04-26T16:28:49.145+0000] {dagbag.py:539} INFO - Filling up the DagBag from /opt/airflow/dags/kafka_stream.py
[2025-04-26T16:28:49.216+0000] {processor.py:839} INFO - DAG(s) dict_keys(['user_automation']) retrieved from /opt/airflow/dags/kafka_stream.py
[2025-04-26T16:28:49.255+0000] {logging_mixin.py:151} INFO - [2025-04-26T16:28:49.255+0000] {dag.py:2907} INFO - Sync 1 DAGs
[2025-04-26T16:28:49.287+0000] {logging_mixin.py:151} INFO - [2025-04-26T16:28:49.286+0000] {dag.py:3677} INFO - Setting next_dagrun for user_automation to 2025-04-26T00:00:00+00:00, run_after=2025-04-27T00:00:00+00:00
[2025-04-26T16:28:49.321+0000] {processor.py:179} INFO - Processing /opt/airflow/dags/kafka_stream.py took 0.185 seconds
[2025-04-26T16:29:19.488+0000] {processor.py:157} INFO - Started process (PID=749) to work on /opt/airflow/dags/kafka_stream.py
[2025-04-26T16:29:19.491+0000] {processor.py:829} INFO - Processing file /opt/airflow/dags/kafka_stream.py for tasks to queue
[2025-04-26T16:29:19.494+0000] {logging_mixin.py:151} INFO - [2025-04-26T16:29:19.493+0000] {dagbag.py:539} INFO - Filling up the DagBag from /opt/airflow/dags/kafka_stream.py
[2025-04-26T16:29:19.554+0000] {processor.py:839} INFO - DAG(s) dict_keys(['user_automation']) retrieved from /opt/airflow/dags/kafka_stream.py
[2025-04-26T16:29:19.605+0000] {logging_mixin.py:151} INFO - [2025-04-26T16:29:19.605+0000] {dag.py:2907} INFO - Sync 1 DAGs
[2025-04-26T16:29:19.648+0000] {logging_mixin.py:151} INFO - [2025-04-26T16:29:19.648+0000] {dag.py:3677} INFO - Setting next_dagrun for user_automation to 2025-04-26T00:00:00+00:00, run_after=2025-04-27T00:00:00+00:00
[2025-04-26T16:29:19.699+0000] {processor.py:179} INFO - Processing /opt/airflow/dags/kafka_stream.py took 0.217 seconds
[2025-04-26T16:29:49.998+0000] {processor.py:157} INFO - Started process (PID=750) to work on /opt/airflow/dags/kafka_stream.py
[2025-04-26T16:29:50.000+0000] {processor.py:829} INFO - Processing file /opt/airflow/dags/kafka_stream.py for tasks to queue
[2025-04-26T16:29:50.002+0000] {logging_mixin.py:151} INFO - [2025-04-26T16:29:50.001+0000] {dagbag.py:539} INFO - Filling up the DagBag from /opt/airflow/dags/kafka_stream.py
[2025-04-26T16:29:50.060+0000] {processor.py:839} INFO - DAG(s) dict_keys(['user_automation']) retrieved from /opt/airflow/dags/kafka_stream.py
[2025-04-26T16:29:50.091+0000] {logging_mixin.py:151} INFO - [2025-04-26T16:29:50.091+0000] {dag.py:2907} INFO - Sync 1 DAGs
[2025-04-26T16:29:50.120+0000] {logging_mixin.py:151} INFO - [2025-04-26T16:29:50.120+0000] {dag.py:3677} INFO - Setting next_dagrun for user_automation to 2025-04-26T00:00:00+00:00, run_after=2025-04-27T00:00:00+00:00
[2025-04-26T16:29:50.161+0000] {processor.py:179} INFO - Processing /opt/airflow/dags/kafka_stream.py took 0.169 seconds
[2025-04-26T16:30:20.362+0000] {processor.py:157} INFO - Started process (PID=751) to work on /opt/airflow/dags/kafka_stream.py
[2025-04-26T16:30:20.364+0000] {processor.py:829} INFO - Processing file /opt/airflow/dags/kafka_stream.py for tasks to queue
[2025-04-26T16:30:20.366+0000] {logging_mixin.py:151} INFO - [2025-04-26T16:30:20.366+0000] {dagbag.py:539} INFO - Filling up the DagBag from /opt/airflow/dags/kafka_stream.py
[2025-04-26T16:30:20.421+0000] {processor.py:839} INFO - DAG(s) dict_keys(['user_automation']) retrieved from /opt/airflow/dags/kafka_stream.py
[2025-04-26T16:30:20.463+0000] {logging_mixin.py:151} INFO - [2025-04-26T16:30:20.462+0000] {dag.py:2907} INFO - Sync 1 DAGs
[2025-04-26T16:30:20.499+0000] {logging_mixin.py:151} INFO - [2025-04-26T16:30:20.499+0000] {dag.py:3677} INFO - Setting next_dagrun for user_automation to 2025-04-26T00:00:00+00:00, run_after=2025-04-27T00:00:00+00:00
[2025-04-26T16:30:20.543+0000] {processor.py:179} INFO - Processing /opt/airflow/dags/kafka_stream.py took 0.186 seconds
[2025-04-26T16:30:50.812+0000] {processor.py:157} INFO - Started process (PID=752) to work on /opt/airflow/dags/kafka_stream.py
[2025-04-26T16:30:50.814+0000] {processor.py:829} INFO - Processing file /opt/airflow/dags/kafka_stream.py for tasks to queue
[2025-04-26T16:30:50.816+0000] {logging_mixin.py:151} INFO - [2025-04-26T16:30:50.815+0000] {dagbag.py:539} INFO - Filling up the DagBag from /opt/airflow/dags/kafka_stream.py
[2025-04-26T16:30:50.854+0000] {processor.py:839} INFO - DAG(s) dict_keys(['user_automation']) retrieved from /opt/airflow/dags/kafka_stream.py
[2025-04-26T16:30:50.888+0000] {logging_mixin.py:151} INFO - [2025-04-26T16:30:50.888+0000] {dag.py:2907} INFO - Sync 1 DAGs
[2025-04-26T16:30:50.919+0000] {logging_mixin.py:151} INFO - [2025-04-26T16:30:50.918+0000] {dag.py:3677} INFO - Setting next_dagrun for user_automation to 2025-04-26T00:00:00+00:00, run_after=2025-04-27T00:00:00+00:00
[2025-04-26T16:30:50.964+0000] {processor.py:179} INFO - Processing /opt/airflow/dags/kafka_stream.py took 0.157 seconds
[2025-04-26T16:31:21.189+0000] {processor.py:157} INFO - Started process (PID=753) to work on /opt/airflow/dags/kafka_stream.py
[2025-04-26T16:31:21.191+0000] {processor.py:829} INFO - Processing file /opt/airflow/dags/kafka_stream.py for tasks to queue
[2025-04-26T16:31:21.193+0000] {logging_mixin.py:151} INFO - [2025-04-26T16:31:21.193+0000] {dagbag.py:539} INFO - Filling up the DagBag from /opt/airflow/dags/kafka_stream.py
[2025-04-26T16:31:21.246+0000] {processor.py:839} INFO - DAG(s) dict_keys(['user_automation']) retrieved from /opt/airflow/dags/kafka_stream.py
[2025-04-26T16:31:21.287+0000] {logging_mixin.py:151} INFO - [2025-04-26T16:31:21.287+0000] {dag.py:2907} INFO - Sync 1 DAGs
[2025-04-26T16:31:21.324+0000] {logging_mixin.py:151} INFO - [2025-04-26T16:31:21.324+0000] {dag.py:3677} INFO - Setting next_dagrun for user_automation to 2025-04-26T00:00:00+00:00, run_after=2025-04-27T00:00:00+00:00
[2025-04-26T16:31:21.373+0000] {processor.py:179} INFO - Processing /opt/airflow/dags/kafka_stream.py took 0.189 seconds
[2025-04-26T16:31:51.685+0000] {processor.py:157} INFO - Started process (PID=754) to work on /opt/airflow/dags/kafka_stream.py
[2025-04-26T16:31:51.687+0000] {processor.py:829} INFO - Processing file /opt/airflow/dags/kafka_stream.py for tasks to queue
[2025-04-26T16:31:51.690+0000] {logging_mixin.py:151} INFO - [2025-04-26T16:31:51.689+0000] {dagbag.py:539} INFO - Filling up the DagBag from /opt/airflow/dags/kafka_stream.py
[2025-04-26T16:31:51.754+0000] {processor.py:839} INFO - DAG(s) dict_keys(['user_automation']) retrieved from /opt/airflow/dags/kafka_stream.py
[2025-04-26T16:31:51.797+0000] {logging_mixin.py:151} INFO - [2025-04-26T16:31:51.797+0000] {dag.py:2907} INFO - Sync 1 DAGs
[2025-04-26T16:31:51.833+0000] {logging_mixin.py:151} INFO - [2025-04-26T16:31:51.833+0000] {dag.py:3677} INFO - Setting next_dagrun for user_automation to 2025-04-26T00:00:00+00:00, run_after=2025-04-27T00:00:00+00:00
[2025-04-26T16:31:51.880+0000] {processor.py:179} INFO - Processing /opt/airflow/dags/kafka_stream.py took 0.199 seconds
[2025-04-26T16:32:22.037+0000] {processor.py:157} INFO - Started process (PID=755) to work on /opt/airflow/dags/kafka_stream.py
[2025-04-26T16:32:22.039+0000] {processor.py:829} INFO - Processing file /opt/airflow/dags/kafka_stream.py for tasks to queue
[2025-04-26T16:32:22.041+0000] {logging_mixin.py:151} INFO - [2025-04-26T16:32:22.041+0000] {dagbag.py:539} INFO - Filling up the DagBag from /opt/airflow/dags/kafka_stream.py
[2025-04-26T16:32:22.098+0000] {processor.py:839} INFO - DAG(s) dict_keys(['user_automation']) retrieved from /opt/airflow/dags/kafka_stream.py
[2025-04-26T16:32:22.141+0000] {logging_mixin.py:151} INFO - [2025-04-26T16:32:22.140+0000] {dag.py:2907} INFO - Sync 1 DAGs
[2025-04-26T16:32:22.180+0000] {logging_mixin.py:151} INFO - [2025-04-26T16:32:22.180+0000] {dag.py:3677} INFO - Setting next_dagrun for user_automation to 2025-04-26T00:00:00+00:00, run_after=2025-04-27T00:00:00+00:00
[2025-04-26T16:32:22.228+0000] {processor.py:179} INFO - Processing /opt/airflow/dags/kafka_stream.py took 0.197 seconds
[2025-04-26T16:32:52.545+0000] {processor.py:157} INFO - Started process (PID=756) to work on /opt/airflow/dags/kafka_stream.py
[2025-04-26T16:32:52.547+0000] {processor.py:829} INFO - Processing file /opt/airflow/dags/kafka_stream.py for tasks to queue
[2025-04-26T16:32:52.549+0000] {logging_mixin.py:151} INFO - [2025-04-26T16:32:52.549+0000] {dagbag.py:539} INFO - Filling up the DagBag from /opt/airflow/dags/kafka_stream.py
[2025-04-26T16:32:52.600+0000] {processor.py:839} INFO - DAG(s) dict_keys(['user_automation']) retrieved from /opt/airflow/dags/kafka_stream.py
[2025-04-26T16:32:52.641+0000] {logging_mixin.py:151} INFO - [2025-04-26T16:32:52.640+0000] {dag.py:2907} INFO - Sync 1 DAGs
[2025-04-26T16:32:52.684+0000] {logging_mixin.py:151} INFO - [2025-04-26T16:32:52.684+0000] {dag.py:3677} INFO - Setting next_dagrun for user_automation to 2025-04-26T00:00:00+00:00, run_after=2025-04-27T00:00:00+00:00
[2025-04-26T16:32:52.737+0000] {processor.py:179} INFO - Processing /opt/airflow/dags/kafka_stream.py took 0.197 seconds
[2025-04-26T16:33:23.302+0000] {processor.py:157} INFO - Started process (PID=757) to work on /opt/airflow/dags/kafka_stream.py
[2025-04-26T16:33:23.304+0000] {processor.py:829} INFO - Processing file /opt/airflow/dags/kafka_stream.py for tasks to queue
[2025-04-26T16:33:23.306+0000] {logging_mixin.py:151} INFO - [2025-04-26T16:33:23.306+0000] {dagbag.py:539} INFO - Filling up the DagBag from /opt/airflow/dags/kafka_stream.py
[2025-04-26T16:33:23.389+0000] {processor.py:839} INFO - DAG(s) dict_keys(['user_automation']) retrieved from /opt/airflow/dags/kafka_stream.py
[2025-04-26T16:33:23.433+0000] {logging_mixin.py:151} INFO - [2025-04-26T16:33:23.433+0000] {dag.py:2907} INFO - Sync 1 DAGs
[2025-04-26T16:33:23.483+0000] {logging_mixin.py:151} INFO - [2025-04-26T16:33:23.483+0000] {dag.py:3677} INFO - Setting next_dagrun for user_automation to 2025-04-26T00:00:00+00:00, run_after=2025-04-27T00:00:00+00:00
[2025-04-26T16:33:23.537+0000] {processor.py:179} INFO - Processing /opt/airflow/dags/kafka_stream.py took 0.240 seconds
[2025-04-26T16:33:53.680+0000] {processor.py:157} INFO - Started process (PID=758) to work on /opt/airflow/dags/kafka_stream.py
[2025-04-26T16:33:53.682+0000] {processor.py:829} INFO - Processing file /opt/airflow/dags/kafka_stream.py for tasks to queue
[2025-04-26T16:33:53.684+0000] {logging_mixin.py:151} INFO - [2025-04-26T16:33:53.684+0000] {dagbag.py:539} INFO - Filling up the DagBag from /opt/airflow/dags/kafka_stream.py
[2025-04-26T16:33:53.745+0000] {processor.py:839} INFO - DAG(s) dict_keys(['user_automation']) retrieved from /opt/airflow/dags/kafka_stream.py
[2025-04-26T16:33:53.787+0000] {logging_mixin.py:151} INFO - [2025-04-26T16:33:53.787+0000] {dag.py:2907} INFO - Sync 1 DAGs
[2025-04-26T16:33:53.834+0000] {logging_mixin.py:151} INFO - [2025-04-26T16:33:53.834+0000] {dag.py:3677} INFO - Setting next_dagrun for user_automation to 2025-04-26T00:00:00+00:00, run_after=2025-04-27T00:00:00+00:00
[2025-04-26T16:33:53.874+0000] {processor.py:179} INFO - Processing /opt/airflow/dags/kafka_stream.py took 0.199 seconds
[2025-04-26T16:34:24.215+0000] {processor.py:157} INFO - Started process (PID=759) to work on /opt/airflow/dags/kafka_stream.py
[2025-04-26T16:34:24.217+0000] {processor.py:829} INFO - Processing file /opt/airflow/dags/kafka_stream.py for tasks to queue
[2025-04-26T16:34:24.220+0000] {logging_mixin.py:151} INFO - [2025-04-26T16:34:24.219+0000] {dagbag.py:539} INFO - Filling up the DagBag from /opt/airflow/dags/kafka_stream.py
[2025-04-26T16:34:24.280+0000] {processor.py:839} INFO - DAG(s) dict_keys(['user_automation']) retrieved from /opt/airflow/dags/kafka_stream.py
[2025-04-26T16:34:24.328+0000] {logging_mixin.py:151} INFO - [2025-04-26T16:34:24.327+0000] {dag.py:2907} INFO - Sync 1 DAGs
[2025-04-26T16:34:24.363+0000] {logging_mixin.py:151} INFO - [2025-04-26T16:34:24.362+0000] {dag.py:3677} INFO - Setting next_dagrun for user_automation to 2025-04-26T00:00:00+00:00, run_after=2025-04-27T00:00:00+00:00
[2025-04-26T16:34:24.401+0000] {processor.py:179} INFO - Processing /opt/airflow/dags/kafka_stream.py took 0.191 seconds
[2025-04-26T16:34:54.539+0000] {processor.py:157} INFO - Started process (PID=760) to work on /opt/airflow/dags/kafka_stream.py
[2025-04-26T16:34:54.541+0000] {processor.py:829} INFO - Processing file /opt/airflow/dags/kafka_stream.py for tasks to queue
[2025-04-26T16:34:54.543+0000] {logging_mixin.py:151} INFO - [2025-04-26T16:34:54.542+0000] {dagbag.py:539} INFO - Filling up the DagBag from /opt/airflow/dags/kafka_stream.py
[2025-04-26T16:34:54.598+0000] {processor.py:839} INFO - DAG(s) dict_keys(['user_automation']) retrieved from /opt/airflow/dags/kafka_stream.py
[2025-04-26T16:34:54.643+0000] {logging_mixin.py:151} INFO - [2025-04-26T16:34:54.643+0000] {dag.py:2907} INFO - Sync 1 DAGs
[2025-04-26T16:34:54.680+0000] {logging_mixin.py:151} INFO - [2025-04-26T16:34:54.679+0000] {dag.py:3677} INFO - Setting next_dagrun for user_automation to 2025-04-26T00:00:00+00:00, run_after=2025-04-27T00:00:00+00:00
[2025-04-26T16:34:54.725+0000] {processor.py:179} INFO - Processing /opt/airflow/dags/kafka_stream.py took 0.192 seconds
[2025-04-26T16:35:25.055+0000] {processor.py:157} INFO - Started process (PID=761) to work on /opt/airflow/dags/kafka_stream.py
[2025-04-26T16:35:25.056+0000] {processor.py:829} INFO - Processing file /opt/airflow/dags/kafka_stream.py for tasks to queue
[2025-04-26T16:35:25.058+0000] {logging_mixin.py:151} INFO - [2025-04-26T16:35:25.058+0000] {dagbag.py:539} INFO - Filling up the DagBag from /opt/airflow/dags/kafka_stream.py
[2025-04-26T16:35:25.119+0000] {processor.py:839} INFO - DAG(s) dict_keys(['user_automation']) retrieved from /opt/airflow/dags/kafka_stream.py
[2025-04-26T16:35:25.161+0000] {logging_mixin.py:151} INFO - [2025-04-26T16:35:25.160+0000] {dag.py:2907} INFO - Sync 1 DAGs
[2025-04-26T16:35:25.201+0000] {logging_mixin.py:151} INFO - [2025-04-26T16:35:25.200+0000] {dag.py:3677} INFO - Setting next_dagrun for user_automation to 2025-04-26T00:00:00+00:00, run_after=2025-04-27T00:00:00+00:00
[2025-04-26T16:35:25.243+0000] {processor.py:179} INFO - Processing /opt/airflow/dags/kafka_stream.py took 0.193 seconds
[2025-04-26T16:35:55.390+0000] {processor.py:157} INFO - Started process (PID=762) to work on /opt/airflow/dags/kafka_stream.py
[2025-04-26T16:35:55.392+0000] {processor.py:829} INFO - Processing file /opt/airflow/dags/kafka_stream.py for tasks to queue
[2025-04-26T16:35:55.394+0000] {logging_mixin.py:151} INFO - [2025-04-26T16:35:55.394+0000] {dagbag.py:539} INFO - Filling up the DagBag from /opt/airflow/dags/kafka_stream.py
[2025-04-26T16:35:55.453+0000] {processor.py:839} INFO - DAG(s) dict_keys(['user_automation']) retrieved from /opt/airflow/dags/kafka_stream.py
[2025-04-26T16:35:55.497+0000] {logging_mixin.py:151} INFO - [2025-04-26T16:35:55.496+0000] {dag.py:2907} INFO - Sync 1 DAGs
[2025-04-26T16:35:55.540+0000] {logging_mixin.py:151} INFO - [2025-04-26T16:35:55.540+0000] {dag.py:3677} INFO - Setting next_dagrun for user_automation to 2025-04-26T00:00:00+00:00, run_after=2025-04-27T00:00:00+00:00
[2025-04-26T16:35:55.596+0000] {processor.py:179} INFO - Processing /opt/airflow/dags/kafka_stream.py took 0.212 seconds
[2025-04-26T16:36:25.937+0000] {processor.py:157} INFO - Started process (PID=763) to work on /opt/airflow/dags/kafka_stream.py
[2025-04-26T16:36:25.938+0000] {processor.py:829} INFO - Processing file /opt/airflow/dags/kafka_stream.py for tasks to queue
[2025-04-26T16:36:25.941+0000] {logging_mixin.py:151} INFO - [2025-04-26T16:36:25.940+0000] {dagbag.py:539} INFO - Filling up the DagBag from /opt/airflow/dags/kafka_stream.py
[2025-04-26T16:36:25.999+0000] {processor.py:839} INFO - DAG(s) dict_keys(['user_automation']) retrieved from /opt/airflow/dags/kafka_stream.py
[2025-04-26T16:36:26.046+0000] {logging_mixin.py:151} INFO - [2025-04-26T16:36:26.045+0000] {dag.py:2907} INFO - Sync 1 DAGs
[2025-04-26T16:36:26.080+0000] {logging_mixin.py:151} INFO - [2025-04-26T16:36:26.080+0000] {dag.py:3677} INFO - Setting next_dagrun for user_automation to 2025-04-26T00:00:00+00:00, run_after=2025-04-27T00:00:00+00:00
[2025-04-26T16:36:26.117+0000] {processor.py:179} INFO - Processing /opt/airflow/dags/kafka_stream.py took 0.185 seconds
[2025-04-26T16:36:56.372+0000] {processor.py:157} INFO - Started process (PID=764) to work on /opt/airflow/dags/kafka_stream.py
[2025-04-26T16:36:56.374+0000] {processor.py:829} INFO - Processing file /opt/airflow/dags/kafka_stream.py for tasks to queue
[2025-04-26T16:36:56.377+0000] {logging_mixin.py:151} INFO - [2025-04-26T16:36:56.376+0000] {dagbag.py:539} INFO - Filling up the DagBag from /opt/airflow/dags/kafka_stream.py
[2025-04-26T16:36:56.458+0000] {processor.py:839} INFO - DAG(s) dict_keys(['user_automation']) retrieved from /opt/airflow/dags/kafka_stream.py
[2025-04-26T16:36:56.517+0000] {logging_mixin.py:151} INFO - [2025-04-26T16:36:56.517+0000] {dag.py:2907} INFO - Sync 1 DAGs
[2025-04-26T16:36:56.570+0000] {logging_mixin.py:151} INFO - [2025-04-26T16:36:56.570+0000] {dag.py:3677} INFO - Setting next_dagrun for user_automation to 2025-04-26T00:00:00+00:00, run_after=2025-04-27T00:00:00+00:00
[2025-04-26T16:36:56.615+0000] {processor.py:179} INFO - Processing /opt/airflow/dags/kafka_stream.py took 0.250 seconds
[2025-04-26T16:37:26.978+0000] {processor.py:157} INFO - Started process (PID=765) to work on /opt/airflow/dags/kafka_stream.py
[2025-04-26T16:37:26.980+0000] {processor.py:829} INFO - Processing file /opt/airflow/dags/kafka_stream.py for tasks to queue
[2025-04-26T16:37:26.983+0000] {logging_mixin.py:151} INFO - [2025-04-26T16:37:26.982+0000] {dagbag.py:539} INFO - Filling up the DagBag from /opt/airflow/dags/kafka_stream.py
[2025-04-26T16:37:27.079+0000] {processor.py:839} INFO - DAG(s) dict_keys(['user_automation']) retrieved from /opt/airflow/dags/kafka_stream.py
[2025-04-26T16:37:27.124+0000] {logging_mixin.py:151} INFO - [2025-04-26T16:37:27.123+0000] {dag.py:2907} INFO - Sync 1 DAGs
[2025-04-26T16:37:27.174+0000] {logging_mixin.py:151} INFO - [2025-04-26T16:37:27.174+0000] {dag.py:3677} INFO - Setting next_dagrun for user_automation to 2025-04-26T00:00:00+00:00, run_after=2025-04-27T00:00:00+00:00
[2025-04-26T16:37:27.219+0000] {processor.py:179} INFO - Processing /opt/airflow/dags/kafka_stream.py took 0.247 seconds
[2025-04-26T16:37:57.448+0000] {processor.py:157} INFO - Started process (PID=766) to work on /opt/airflow/dags/kafka_stream.py
[2025-04-26T16:37:57.450+0000] {processor.py:829} INFO - Processing file /opt/airflow/dags/kafka_stream.py for tasks to queue
[2025-04-26T16:37:57.452+0000] {logging_mixin.py:151} INFO - [2025-04-26T16:37:57.452+0000] {dagbag.py:539} INFO - Filling up the DagBag from /opt/airflow/dags/kafka_stream.py
[2025-04-26T16:37:57.513+0000] {processor.py:839} INFO - DAG(s) dict_keys(['user_automation']) retrieved from /opt/airflow/dags/kafka_stream.py
[2025-04-26T16:37:57.555+0000] {logging_mixin.py:151} INFO - [2025-04-26T16:37:57.555+0000] {dag.py:2907} INFO - Sync 1 DAGs
[2025-04-26T16:37:57.594+0000] {logging_mixin.py:151} INFO - [2025-04-26T16:37:57.594+0000] {dag.py:3677} INFO - Setting next_dagrun for user_automation to 2025-04-26T00:00:00+00:00, run_after=2025-04-27T00:00:00+00:00
[2025-04-26T16:37:57.640+0000] {processor.py:179} INFO - Processing /opt/airflow/dags/kafka_stream.py took 0.197 seconds
[2025-04-26T16:38:27.762+0000] {processor.py:157} INFO - Started process (PID=767) to work on /opt/airflow/dags/kafka_stream.py
[2025-04-26T16:38:27.764+0000] {processor.py:829} INFO - Processing file /opt/airflow/dags/kafka_stream.py for tasks to queue
[2025-04-26T16:38:27.766+0000] {logging_mixin.py:151} INFO - [2025-04-26T16:38:27.765+0000] {dagbag.py:539} INFO - Filling up the DagBag from /opt/airflow/dags/kafka_stream.py
[2025-04-26T16:38:27.805+0000] {processor.py:839} INFO - DAG(s) dict_keys(['user_automation']) retrieved from /opt/airflow/dags/kafka_stream.py
[2025-04-26T16:38:27.846+0000] {logging_mixin.py:151} INFO - [2025-04-26T16:38:27.845+0000] {dag.py:2907} INFO - Sync 1 DAGs
[2025-04-26T16:38:27.890+0000] {logging_mixin.py:151} INFO - [2025-04-26T16:38:27.890+0000] {dag.py:3677} INFO - Setting next_dagrun for user_automation to 2025-04-26T00:00:00+00:00, run_after=2025-04-27T00:00:00+00:00
[2025-04-26T16:38:27.941+0000] {processor.py:179} INFO - Processing /opt/airflow/dags/kafka_stream.py took 0.183 seconds
[2025-04-26T16:38:58.277+0000] {processor.py:157} INFO - Started process (PID=768) to work on /opt/airflow/dags/kafka_stream.py
[2025-04-26T16:38:58.279+0000] {processor.py:829} INFO - Processing file /opt/airflow/dags/kafka_stream.py for tasks to queue
[2025-04-26T16:38:58.281+0000] {logging_mixin.py:151} INFO - [2025-04-26T16:38:58.281+0000] {dagbag.py:539} INFO - Filling up the DagBag from /opt/airflow/dags/kafka_stream.py
[2025-04-26T16:38:58.337+0000] {processor.py:839} INFO - DAG(s) dict_keys(['user_automation']) retrieved from /opt/airflow/dags/kafka_stream.py
[2025-04-26T16:38:58.377+0000] {logging_mixin.py:151} INFO - [2025-04-26T16:38:58.377+0000] {dag.py:2907} INFO - Sync 1 DAGs
[2025-04-26T16:38:58.427+0000] {logging_mixin.py:151} INFO - [2025-04-26T16:38:58.427+0000] {dag.py:3677} INFO - Setting next_dagrun for user_automation to 2025-04-26T00:00:00+00:00, run_after=2025-04-27T00:00:00+00:00
[2025-04-26T16:38:58.465+0000] {processor.py:179} INFO - Processing /opt/airflow/dags/kafka_stream.py took 0.192 seconds
[2025-04-26T16:39:28.635+0000] {processor.py:157} INFO - Started process (PID=769) to work on /opt/airflow/dags/kafka_stream.py
[2025-04-26T16:39:28.637+0000] {processor.py:829} INFO - Processing file /opt/airflow/dags/kafka_stream.py for tasks to queue
[2025-04-26T16:39:28.640+0000] {logging_mixin.py:151} INFO - [2025-04-26T16:39:28.639+0000] {dagbag.py:539} INFO - Filling up the DagBag from /opt/airflow/dags/kafka_stream.py
[2025-04-26T16:39:28.704+0000] {processor.py:839} INFO - DAG(s) dict_keys(['user_automation']) retrieved from /opt/airflow/dags/kafka_stream.py
[2025-04-26T16:39:28.780+0000] {logging_mixin.py:151} INFO - [2025-04-26T16:39:28.780+0000] {dag.py:2907} INFO - Sync 1 DAGs
[2025-04-26T16:39:28.848+0000] {logging_mixin.py:151} INFO - [2025-04-26T16:39:28.848+0000] {dag.py:3677} INFO - Setting next_dagrun for user_automation to 2025-04-26T00:00:00+00:00, run_after=2025-04-27T00:00:00+00:00
[2025-04-26T16:39:28.887+0000] {processor.py:179} INFO - Processing /opt/airflow/dags/kafka_stream.py took 0.268 seconds
[2025-04-26T16:39:59.143+0000] {processor.py:157} INFO - Started process (PID=770) to work on /opt/airflow/dags/kafka_stream.py
[2025-04-26T16:39:59.146+0000] {processor.py:829} INFO - Processing file /opt/airflow/dags/kafka_stream.py for tasks to queue
[2025-04-26T16:39:59.148+0000] {logging_mixin.py:151} INFO - [2025-04-26T16:39:59.147+0000] {dagbag.py:539} INFO - Filling up the DagBag from /opt/airflow/dags/kafka_stream.py
[2025-04-26T16:39:59.193+0000] {processor.py:839} INFO - DAG(s) dict_keys(['user_automation']) retrieved from /opt/airflow/dags/kafka_stream.py
[2025-04-26T16:39:59.229+0000] {logging_mixin.py:151} INFO - [2025-04-26T16:39:59.229+0000] {dag.py:2907} INFO - Sync 1 DAGs
[2025-04-26T16:39:59.257+0000] {logging_mixin.py:151} INFO - [2025-04-26T16:39:59.257+0000] {dag.py:3677} INFO - Setting next_dagrun for user_automation to 2025-04-26T00:00:00+00:00, run_after=2025-04-27T00:00:00+00:00
[2025-04-26T16:39:59.295+0000] {processor.py:179} INFO - Processing /opt/airflow/dags/kafka_stream.py took 0.158 seconds
[2025-04-26T16:40:29.562+0000] {processor.py:157} INFO - Started process (PID=771) to work on /opt/airflow/dags/kafka_stream.py
[2025-04-26T16:40:29.565+0000] {processor.py:829} INFO - Processing file /opt/airflow/dags/kafka_stream.py for tasks to queue
[2025-04-26T16:40:29.568+0000] {logging_mixin.py:151} INFO - [2025-04-26T16:40:29.567+0000] {dagbag.py:539} INFO - Filling up the DagBag from /opt/airflow/dags/kafka_stream.py
[2025-04-26T16:40:29.609+0000] {processor.py:839} INFO - DAG(s) dict_keys(['user_automation']) retrieved from /opt/airflow/dags/kafka_stream.py
[2025-04-26T16:40:29.643+0000] {logging_mixin.py:151} INFO - [2025-04-26T16:40:29.643+0000] {dag.py:2907} INFO - Sync 1 DAGs
[2025-04-26T16:40:29.681+0000] {logging_mixin.py:151} INFO - [2025-04-26T16:40:29.680+0000] {dag.py:3677} INFO - Setting next_dagrun for user_automation to 2025-04-26T00:00:00+00:00, run_after=2025-04-27T00:00:00+00:00
[2025-04-26T16:40:29.720+0000] {processor.py:179} INFO - Processing /opt/airflow/dags/kafka_stream.py took 0.165 seconds
[2025-04-26T16:40:59.943+0000] {processor.py:157} INFO - Started process (PID=772) to work on /opt/airflow/dags/kafka_stream.py
[2025-04-26T16:40:59.945+0000] {processor.py:829} INFO - Processing file /opt/airflow/dags/kafka_stream.py for tasks to queue
[2025-04-26T16:40:59.948+0000] {logging_mixin.py:151} INFO - [2025-04-26T16:40:59.947+0000] {dagbag.py:539} INFO - Filling up the DagBag from /opt/airflow/dags/kafka_stream.py
[2025-04-26T16:41:00.010+0000] {processor.py:839} INFO - DAG(s) dict_keys(['user_automation']) retrieved from /opt/airflow/dags/kafka_stream.py
[2025-04-26T16:41:00.053+0000] {logging_mixin.py:151} INFO - [2025-04-26T16:41:00.053+0000] {dag.py:2907} INFO - Sync 1 DAGs
[2025-04-26T16:41:00.086+0000] {logging_mixin.py:151} INFO - [2025-04-26T16:41:00.086+0000] {dag.py:3677} INFO - Setting next_dagrun for user_automation to 2025-04-26T00:00:00+00:00, run_after=2025-04-27T00:00:00+00:00
[2025-04-26T16:41:00.128+0000] {processor.py:179} INFO - Processing /opt/airflow/dags/kafka_stream.py took 0.191 seconds
[2025-04-26T16:41:30.352+0000] {processor.py:157} INFO - Started process (PID=773) to work on /opt/airflow/dags/kafka_stream.py
[2025-04-26T16:41:30.355+0000] {processor.py:829} INFO - Processing file /opt/airflow/dags/kafka_stream.py for tasks to queue
[2025-04-26T16:41:30.356+0000] {logging_mixin.py:151} INFO - [2025-04-26T16:41:30.356+0000] {dagbag.py:539} INFO - Filling up the DagBag from /opt/airflow/dags/kafka_stream.py
[2025-04-26T16:41:30.404+0000] {processor.py:839} INFO - DAG(s) dict_keys(['user_automation']) retrieved from /opt/airflow/dags/kafka_stream.py
[2025-04-26T16:41:30.445+0000] {logging_mixin.py:151} INFO - [2025-04-26T16:41:30.445+0000] {dag.py:2907} INFO - Sync 1 DAGs
[2025-04-26T16:41:30.483+0000] {logging_mixin.py:151} INFO - [2025-04-26T16:41:30.482+0000] {dag.py:3677} INFO - Setting next_dagrun for user_automation to 2025-04-26T00:00:00+00:00, run_after=2025-04-27T00:00:00+00:00
[2025-04-26T16:41:30.529+0000] {processor.py:179} INFO - Processing /opt/airflow/dags/kafka_stream.py took 0.183 seconds
[2025-04-26T16:42:00.824+0000] {processor.py:157} INFO - Started process (PID=774) to work on /opt/airflow/dags/kafka_stream.py
[2025-04-26T16:42:00.826+0000] {processor.py:829} INFO - Processing file /opt/airflow/dags/kafka_stream.py for tasks to queue
[2025-04-26T16:42:00.828+0000] {logging_mixin.py:151} INFO - [2025-04-26T16:42:00.827+0000] {dagbag.py:539} INFO - Filling up the DagBag from /opt/airflow/dags/kafka_stream.py
[2025-04-26T16:42:00.876+0000] {processor.py:839} INFO - DAG(s) dict_keys(['user_automation']) retrieved from /opt/airflow/dags/kafka_stream.py
[2025-04-26T16:42:00.917+0000] {logging_mixin.py:151} INFO - [2025-04-26T16:42:00.917+0000] {dag.py:2907} INFO - Sync 1 DAGs
[2025-04-26T16:42:00.948+0000] {logging_mixin.py:151} INFO - [2025-04-26T16:42:00.948+0000] {dag.py:3677} INFO - Setting next_dagrun for user_automation to 2025-04-26T00:00:00+00:00, run_after=2025-04-27T00:00:00+00:00
[2025-04-26T16:42:00.983+0000] {processor.py:179} INFO - Processing /opt/airflow/dags/kafka_stream.py took 0.162 seconds
[2025-04-26T16:42:31.172+0000] {processor.py:157} INFO - Started process (PID=775) to work on /opt/airflow/dags/kafka_stream.py
[2025-04-26T16:42:31.174+0000] {processor.py:829} INFO - Processing file /opt/airflow/dags/kafka_stream.py for tasks to queue
[2025-04-26T16:42:31.176+0000] {logging_mixin.py:151} INFO - [2025-04-26T16:42:31.176+0000] {dagbag.py:539} INFO - Filling up the DagBag from /opt/airflow/dags/kafka_stream.py
[2025-04-26T16:42:31.237+0000] {processor.py:839} INFO - DAG(s) dict_keys(['user_automation']) retrieved from /opt/airflow/dags/kafka_stream.py
[2025-04-26T16:42:31.283+0000] {logging_mixin.py:151} INFO - [2025-04-26T16:42:31.282+0000] {dag.py:2907} INFO - Sync 1 DAGs
[2025-04-26T16:42:31.321+0000] {logging_mixin.py:151} INFO - [2025-04-26T16:42:31.320+0000] {dag.py:3677} INFO - Setting next_dagrun for user_automation to 2025-04-26T00:00:00+00:00, run_after=2025-04-27T00:00:00+00:00
[2025-04-26T16:42:31.368+0000] {processor.py:179} INFO - Processing /opt/airflow/dags/kafka_stream.py took 0.201 seconds
[2025-04-26T16:43:01.649+0000] {processor.py:157} INFO - Started process (PID=776) to work on /opt/airflow/dags/kafka_stream.py
[2025-04-26T16:43:01.651+0000] {processor.py:829} INFO - Processing file /opt/airflow/dags/kafka_stream.py for tasks to queue
[2025-04-26T16:43:01.653+0000] {logging_mixin.py:151} INFO - [2025-04-26T16:43:01.653+0000] {dagbag.py:539} INFO - Filling up the DagBag from /opt/airflow/dags/kafka_stream.py
[2025-04-26T16:43:01.699+0000] {processor.py:839} INFO - DAG(s) dict_keys(['user_automation']) retrieved from /opt/airflow/dags/kafka_stream.py
[2025-04-26T16:43:01.743+0000] {logging_mixin.py:151} INFO - [2025-04-26T16:43:01.743+0000] {dag.py:2907} INFO - Sync 1 DAGs
[2025-04-26T16:43:01.782+0000] {logging_mixin.py:151} INFO - [2025-04-26T16:43:01.782+0000] {dag.py:3677} INFO - Setting next_dagrun for user_automation to 2025-04-26T00:00:00+00:00, run_after=2025-04-27T00:00:00+00:00
[2025-04-26T16:43:01.837+0000] {processor.py:179} INFO - Processing /opt/airflow/dags/kafka_stream.py took 0.195 seconds
[2025-04-26T16:43:32.134+0000] {processor.py:157} INFO - Started process (PID=777) to work on /opt/airflow/dags/kafka_stream.py
[2025-04-26T16:43:32.136+0000] {processor.py:829} INFO - Processing file /opt/airflow/dags/kafka_stream.py for tasks to queue
[2025-04-26T16:43:32.138+0000] {logging_mixin.py:151} INFO - [2025-04-26T16:43:32.137+0000] {dagbag.py:539} INFO - Filling up the DagBag from /opt/airflow/dags/kafka_stream.py
[2025-04-26T16:43:32.190+0000] {processor.py:839} INFO - DAG(s) dict_keys(['user_automation']) retrieved from /opt/airflow/dags/kafka_stream.py
[2025-04-26T16:43:32.238+0000] {logging_mixin.py:151} INFO - [2025-04-26T16:43:32.238+0000] {dag.py:2907} INFO - Sync 1 DAGs
[2025-04-26T16:43:32.284+0000] {logging_mixin.py:151} INFO - [2025-04-26T16:43:32.283+0000] {dag.py:3677} INFO - Setting next_dagrun for user_automation to 2025-04-26T00:00:00+00:00, run_after=2025-04-27T00:00:00+00:00
[2025-04-26T16:43:32.334+0000] {processor.py:179} INFO - Processing /opt/airflow/dags/kafka_stream.py took 0.205 seconds
[2025-04-26T16:44:02.702+0000] {processor.py:157} INFO - Started process (PID=778) to work on /opt/airflow/dags/kafka_stream.py
[2025-04-26T16:44:02.704+0000] {processor.py:829} INFO - Processing file /opt/airflow/dags/kafka_stream.py for tasks to queue
[2025-04-26T16:44:02.706+0000] {logging_mixin.py:151} INFO - [2025-04-26T16:44:02.706+0000] {dagbag.py:539} INFO - Filling up the DagBag from /opt/airflow/dags/kafka_stream.py
[2025-04-26T16:44:02.769+0000] {processor.py:839} INFO - DAG(s) dict_keys(['user_automation']) retrieved from /opt/airflow/dags/kafka_stream.py
[2025-04-26T16:44:02.813+0000] {logging_mixin.py:151} INFO - [2025-04-26T16:44:02.813+0000] {dag.py:2907} INFO - Sync 1 DAGs
[2025-04-26T16:44:02.855+0000] {logging_mixin.py:151} INFO - [2025-04-26T16:44:02.855+0000] {dag.py:3677} INFO - Setting next_dagrun for user_automation to 2025-04-26T00:00:00+00:00, run_after=2025-04-27T00:00:00+00:00
[2025-04-26T16:44:02.886+0000] {processor.py:179} INFO - Processing /opt/airflow/dags/kafka_stream.py took 0.189 seconds
[2025-04-26T16:44:33.043+0000] {processor.py:157} INFO - Started process (PID=779) to work on /opt/airflow/dags/kafka_stream.py
[2025-04-26T16:44:33.045+0000] {processor.py:829} INFO - Processing file /opt/airflow/dags/kafka_stream.py for tasks to queue
[2025-04-26T16:44:33.046+0000] {logging_mixin.py:151} INFO - [2025-04-26T16:44:33.046+0000] {dagbag.py:539} INFO - Filling up the DagBag from /opt/airflow/dags/kafka_stream.py
[2025-04-26T16:44:33.093+0000] {processor.py:839} INFO - DAG(s) dict_keys(['user_automation']) retrieved from /opt/airflow/dags/kafka_stream.py
[2025-04-26T16:44:33.139+0000] {logging_mixin.py:151} INFO - [2025-04-26T16:44:33.139+0000] {dag.py:2907} INFO - Sync 1 DAGs
[2025-04-26T16:44:33.178+0000] {logging_mixin.py:151} INFO - [2025-04-26T16:44:33.177+0000] {dag.py:3677} INFO - Setting next_dagrun for user_automation to 2025-04-26T00:00:00+00:00, run_after=2025-04-27T00:00:00+00:00
[2025-04-26T16:44:33.220+0000] {processor.py:179} INFO - Processing /opt/airflow/dags/kafka_stream.py took 0.182 seconds
[2025-04-26T16:45:03.546+0000] {processor.py:157} INFO - Started process (PID=780) to work on /opt/airflow/dags/kafka_stream.py
[2025-04-26T16:45:03.548+0000] {processor.py:829} INFO - Processing file /opt/airflow/dags/kafka_stream.py for tasks to queue
[2025-04-26T16:45:03.550+0000] {logging_mixin.py:151} INFO - [2025-04-26T16:45:03.550+0000] {dagbag.py:539} INFO - Filling up the DagBag from /opt/airflow/dags/kafka_stream.py
[2025-04-26T16:45:03.609+0000] {processor.py:839} INFO - DAG(s) dict_keys(['user_automation']) retrieved from /opt/airflow/dags/kafka_stream.py
[2025-04-26T16:45:03.654+0000] {logging_mixin.py:151} INFO - [2025-04-26T16:45:03.654+0000] {dag.py:2907} INFO - Sync 1 DAGs
[2025-04-26T16:45:03.699+0000] {logging_mixin.py:151} INFO - [2025-04-26T16:45:03.699+0000] {dag.py:3677} INFO - Setting next_dagrun for user_automation to 2025-04-26T00:00:00+00:00, run_after=2025-04-27T00:00:00+00:00
[2025-04-26T16:45:03.751+0000] {processor.py:179} INFO - Processing /opt/airflow/dags/kafka_stream.py took 0.211 seconds
[2025-04-26T16:45:33.843+0000] {processor.py:157} INFO - Started process (PID=781) to work on /opt/airflow/dags/kafka_stream.py
[2025-04-26T16:45:33.845+0000] {processor.py:829} INFO - Processing file /opt/airflow/dags/kafka_stream.py for tasks to queue
[2025-04-26T16:45:33.847+0000] {logging_mixin.py:151} INFO - [2025-04-26T16:45:33.846+0000] {dagbag.py:539} INFO - Filling up the DagBag from /opt/airflow/dags/kafka_stream.py
[2025-04-26T16:45:33.887+0000] {processor.py:839} INFO - DAG(s) dict_keys(['user_automation']) retrieved from /opt/airflow/dags/kafka_stream.py
[2025-04-26T16:45:33.929+0000] {logging_mixin.py:151} INFO - [2025-04-26T16:45:33.929+0000] {dag.py:2907} INFO - Sync 1 DAGs
[2025-04-26T16:45:33.988+0000] {logging_mixin.py:151} INFO - [2025-04-26T16:45:33.987+0000] {dag.py:3677} INFO - Setting next_dagrun for user_automation to 2025-04-26T00:00:00+00:00, run_after=2025-04-27T00:00:00+00:00
[2025-04-26T16:45:34.034+0000] {processor.py:179} INFO - Processing /opt/airflow/dags/kafka_stream.py took 0.196 seconds
[2025-04-26T16:46:04.166+0000] {processor.py:157} INFO - Started process (PID=782) to work on /opt/airflow/dags/kafka_stream.py
[2025-04-26T16:46:04.168+0000] {processor.py:829} INFO - Processing file /opt/airflow/dags/kafka_stream.py for tasks to queue
[2025-04-26T16:46:04.170+0000] {logging_mixin.py:151} INFO - [2025-04-26T16:46:04.170+0000] {dagbag.py:539} INFO - Filling up the DagBag from /opt/airflow/dags/kafka_stream.py
[2025-04-26T16:46:04.226+0000] {processor.py:839} INFO - DAG(s) dict_keys(['user_automation']) retrieved from /opt/airflow/dags/kafka_stream.py
[2025-04-26T16:46:04.273+0000] {logging_mixin.py:151} INFO - [2025-04-26T16:46:04.272+0000] {dag.py:2907} INFO - Sync 1 DAGs
[2025-04-26T16:46:04.312+0000] {logging_mixin.py:151} INFO - [2025-04-26T16:46:04.312+0000] {dag.py:3677} INFO - Setting next_dagrun for user_automation to 2025-04-26T00:00:00+00:00, run_after=2025-04-27T00:00:00+00:00
[2025-04-26T16:46:04.361+0000] {processor.py:179} INFO - Processing /opt/airflow/dags/kafka_stream.py took 0.200 seconds
[2025-04-26T16:46:34.716+0000] {processor.py:157} INFO - Started process (PID=783) to work on /opt/airflow/dags/kafka_stream.py
[2025-04-26T16:46:34.717+0000] {processor.py:829} INFO - Processing file /opt/airflow/dags/kafka_stream.py for tasks to queue
[2025-04-26T16:46:34.719+0000] {logging_mixin.py:151} INFO - [2025-04-26T16:46:34.718+0000] {dagbag.py:539} INFO - Filling up the DagBag from /opt/airflow/dags/kafka_stream.py
[2025-04-26T16:46:34.774+0000] {processor.py:839} INFO - DAG(s) dict_keys(['user_automation']) retrieved from /opt/airflow/dags/kafka_stream.py
[2025-04-26T16:46:34.821+0000] {logging_mixin.py:151} INFO - [2025-04-26T16:46:34.820+0000] {dag.py:2907} INFO - Sync 1 DAGs
[2025-04-26T16:46:34.855+0000] {logging_mixin.py:151} INFO - [2025-04-26T16:46:34.855+0000] {dag.py:3677} INFO - Setting next_dagrun for user_automation to 2025-04-26T00:00:00+00:00, run_after=2025-04-27T00:00:00+00:00
[2025-04-26T16:46:34.900+0000] {processor.py:179} INFO - Processing /opt/airflow/dags/kafka_stream.py took 0.188 seconds
[2025-04-26T16:47:05.142+0000] {processor.py:157} INFO - Started process (PID=784) to work on /opt/airflow/dags/kafka_stream.py
[2025-04-26T16:47:05.144+0000] {processor.py:829} INFO - Processing file /opt/airflow/dags/kafka_stream.py for tasks to queue
[2025-04-26T16:47:05.147+0000] {logging_mixin.py:151} INFO - [2025-04-26T16:47:05.146+0000] {dagbag.py:539} INFO - Filling up the DagBag from /opt/airflow/dags/kafka_stream.py
[2025-04-26T16:47:05.205+0000] {processor.py:839} INFO - DAG(s) dict_keys(['user_automation']) retrieved from /opt/airflow/dags/kafka_stream.py
[2025-04-26T16:47:05.255+0000] {logging_mixin.py:151} INFO - [2025-04-26T16:47:05.255+0000] {dag.py:2907} INFO - Sync 1 DAGs
[2025-04-26T16:47:05.290+0000] {logging_mixin.py:151} INFO - [2025-04-26T16:47:05.289+0000] {dag.py:3677} INFO - Setting next_dagrun for user_automation to 2025-04-26T00:00:00+00:00, run_after=2025-04-27T00:00:00+00:00
[2025-04-26T16:47:05.338+0000] {processor.py:179} INFO - Processing /opt/airflow/dags/kafka_stream.py took 0.202 seconds
[2025-04-26T16:47:35.561+0000] {processor.py:157} INFO - Started process (PID=785) to work on /opt/airflow/dags/kafka_stream.py
[2025-04-26T16:47:35.563+0000] {processor.py:829} INFO - Processing file /opt/airflow/dags/kafka_stream.py for tasks to queue
[2025-04-26T16:47:35.565+0000] {logging_mixin.py:151} INFO - [2025-04-26T16:47:35.565+0000] {dagbag.py:539} INFO - Filling up the DagBag from /opt/airflow/dags/kafka_stream.py
[2025-04-26T16:47:35.613+0000] {processor.py:839} INFO - DAG(s) dict_keys(['user_automation']) retrieved from /opt/airflow/dags/kafka_stream.py
[2025-04-26T16:47:35.656+0000] {logging_mixin.py:151} INFO - [2025-04-26T16:47:35.656+0000] {dag.py:2907} INFO - Sync 1 DAGs
[2025-04-26T16:47:35.689+0000] {logging_mixin.py:151} INFO - [2025-04-26T16:47:35.689+0000] {dag.py:3677} INFO - Setting next_dagrun for user_automation to 2025-04-26T00:00:00+00:00, run_after=2025-04-27T00:00:00+00:00
[2025-04-26T16:47:35.734+0000] {processor.py:179} INFO - Processing /opt/airflow/dags/kafka_stream.py took 0.178 seconds
[2025-04-26T16:48:06.028+0000] {processor.py:157} INFO - Started process (PID=786) to work on /opt/airflow/dags/kafka_stream.py
[2025-04-26T16:48:06.030+0000] {processor.py:829} INFO - Processing file /opt/airflow/dags/kafka_stream.py for tasks to queue
[2025-04-26T16:48:06.032+0000] {logging_mixin.py:151} INFO - [2025-04-26T16:48:06.031+0000] {dagbag.py:539} INFO - Filling up the DagBag from /opt/airflow/dags/kafka_stream.py
[2025-04-26T16:48:06.087+0000] {processor.py:839} INFO - DAG(s) dict_keys(['user_automation']) retrieved from /opt/airflow/dags/kafka_stream.py
[2025-04-26T16:48:06.132+0000] {logging_mixin.py:151} INFO - [2025-04-26T16:48:06.132+0000] {dag.py:2907} INFO - Sync 1 DAGs
[2025-04-26T16:48:06.172+0000] {logging_mixin.py:151} INFO - [2025-04-26T16:48:06.172+0000] {dag.py:3677} INFO - Setting next_dagrun for user_automation to 2025-04-26T00:00:00+00:00, run_after=2025-04-27T00:00:00+00:00
[2025-04-26T16:48:06.220+0000] {processor.py:179} INFO - Processing /opt/airflow/dags/kafka_stream.py took 0.196 seconds
[2025-04-26T16:48:36.369+0000] {processor.py:157} INFO - Started process (PID=787) to work on /opt/airflow/dags/kafka_stream.py
[2025-04-26T16:48:36.371+0000] {processor.py:829} INFO - Processing file /opt/airflow/dags/kafka_stream.py for tasks to queue
[2025-04-26T16:48:36.373+0000] {logging_mixin.py:151} INFO - [2025-04-26T16:48:36.372+0000] {dagbag.py:539} INFO - Filling up the DagBag from /opt/airflow/dags/kafka_stream.py
[2025-04-26T16:48:36.423+0000] {processor.py:839} INFO - DAG(s) dict_keys(['user_automation']) retrieved from /opt/airflow/dags/kafka_stream.py
[2025-04-26T16:48:36.462+0000] {logging_mixin.py:151} INFO - [2025-04-26T16:48:36.461+0000] {dag.py:2907} INFO - Sync 1 DAGs
[2025-04-26T16:48:36.506+0000] {logging_mixin.py:151} INFO - [2025-04-26T16:48:36.506+0000] {dag.py:3677} INFO - Setting next_dagrun for user_automation to 2025-04-26T00:00:00+00:00, run_after=2025-04-27T00:00:00+00:00
[2025-04-26T16:48:36.546+0000] {processor.py:179} INFO - Processing /opt/airflow/dags/kafka_stream.py took 0.184 seconds
[2025-04-26T16:49:06.875+0000] {processor.py:157} INFO - Started process (PID=788) to work on /opt/airflow/dags/kafka_stream.py
[2025-04-26T16:49:06.878+0000] {processor.py:829} INFO - Processing file /opt/airflow/dags/kafka_stream.py for tasks to queue
[2025-04-26T16:49:06.880+0000] {logging_mixin.py:151} INFO - [2025-04-26T16:49:06.879+0000] {dagbag.py:539} INFO - Filling up the DagBag from /opt/airflow/dags/kafka_stream.py
[2025-04-26T16:49:06.935+0000] {processor.py:839} INFO - DAG(s) dict_keys(['user_automation']) retrieved from /opt/airflow/dags/kafka_stream.py
[2025-04-26T16:49:06.981+0000] {logging_mixin.py:151} INFO - [2025-04-26T16:49:06.981+0000] {dag.py:2907} INFO - Sync 1 DAGs
[2025-04-26T16:49:07.037+0000] {logging_mixin.py:151} INFO - [2025-04-26T16:49:07.037+0000] {dag.py:3677} INFO - Setting next_dagrun for user_automation to 2025-04-26T00:00:00+00:00, run_after=2025-04-27T00:00:00+00:00
[2025-04-26T16:49:07.088+0000] {processor.py:179} INFO - Processing /opt/airflow/dags/kafka_stream.py took 0.218 seconds
[2025-04-26T16:49:37.198+0000] {processor.py:157} INFO - Started process (PID=789) to work on /opt/airflow/dags/kafka_stream.py
[2025-04-26T16:49:37.200+0000] {processor.py:829} INFO - Processing file /opt/airflow/dags/kafka_stream.py for tasks to queue
[2025-04-26T16:49:37.203+0000] {logging_mixin.py:151} INFO - [2025-04-26T16:49:37.202+0000] {dagbag.py:539} INFO - Filling up the DagBag from /opt/airflow/dags/kafka_stream.py
[2025-04-26T16:49:37.267+0000] {processor.py:839} INFO - DAG(s) dict_keys(['user_automation']) retrieved from /opt/airflow/dags/kafka_stream.py
[2025-04-26T16:49:37.305+0000] {logging_mixin.py:151} INFO - [2025-04-26T16:49:37.304+0000] {dag.py:2907} INFO - Sync 1 DAGs
[2025-04-26T16:49:37.339+0000] {logging_mixin.py:151} INFO - [2025-04-26T16:49:37.339+0000] {dag.py:3677} INFO - Setting next_dagrun for user_automation to 2025-04-26T00:00:00+00:00, run_after=2025-04-27T00:00:00+00:00
[2025-04-26T16:49:37.388+0000] {processor.py:179} INFO - Processing /opt/airflow/dags/kafka_stream.py took 0.197 seconds
[2025-04-26T16:50:07.731+0000] {processor.py:157} INFO - Started process (PID=790) to work on /opt/airflow/dags/kafka_stream.py
[2025-04-26T16:50:07.733+0000] {processor.py:829} INFO - Processing file /opt/airflow/dags/kafka_stream.py for tasks to queue
[2025-04-26T16:50:07.735+0000] {logging_mixin.py:151} INFO - [2025-04-26T16:50:07.735+0000] {dagbag.py:539} INFO - Filling up the DagBag from /opt/airflow/dags/kafka_stream.py
[2025-04-26T16:50:07.799+0000] {processor.py:839} INFO - DAG(s) dict_keys(['user_automation']) retrieved from /opt/airflow/dags/kafka_stream.py
[2025-04-26T16:50:07.849+0000] {logging_mixin.py:151} INFO - [2025-04-26T16:50:07.849+0000] {dag.py:2907} INFO - Sync 1 DAGs
[2025-04-26T16:50:07.898+0000] {logging_mixin.py:151} INFO - [2025-04-26T16:50:07.898+0000] {dag.py:3677} INFO - Setting next_dagrun for user_automation to 2025-04-26T00:00:00+00:00, run_after=2025-04-27T00:00:00+00:00
[2025-04-26T16:50:07.973+0000] {processor.py:179} INFO - Processing /opt/airflow/dags/kafka_stream.py took 0.247 seconds
[2025-04-26T16:50:38.071+0000] {processor.py:157} INFO - Started process (PID=791) to work on /opt/airflow/dags/kafka_stream.py
[2025-04-26T16:50:38.074+0000] {processor.py:829} INFO - Processing file /opt/airflow/dags/kafka_stream.py for tasks to queue
[2025-04-26T16:50:38.076+0000] {logging_mixin.py:151} INFO - [2025-04-26T16:50:38.075+0000] {dagbag.py:539} INFO - Filling up the DagBag from /opt/airflow/dags/kafka_stream.py
[2025-04-26T16:50:38.136+0000] {processor.py:839} INFO - DAG(s) dict_keys(['user_automation']) retrieved from /opt/airflow/dags/kafka_stream.py
[2025-04-26T16:50:38.181+0000] {logging_mixin.py:151} INFO - [2025-04-26T16:50:38.181+0000] {dag.py:2907} INFO - Sync 1 DAGs
[2025-04-26T16:50:38.221+0000] {logging_mixin.py:151} INFO - [2025-04-26T16:50:38.220+0000] {dag.py:3677} INFO - Setting next_dagrun for user_automation to 2025-04-26T00:00:00+00:00, run_after=2025-04-27T00:00:00+00:00
[2025-04-26T16:50:38.270+0000] {processor.py:179} INFO - Processing /opt/airflow/dags/kafka_stream.py took 0.204 seconds
[2025-04-26T16:51:08.637+0000] {processor.py:157} INFO - Started process (PID=792) to work on /opt/airflow/dags/kafka_stream.py
[2025-04-26T16:51:08.639+0000] {processor.py:829} INFO - Processing file /opt/airflow/dags/kafka_stream.py for tasks to queue
[2025-04-26T16:51:08.642+0000] {logging_mixin.py:151} INFO - [2025-04-26T16:51:08.641+0000] {dagbag.py:539} INFO - Filling up the DagBag from /opt/airflow/dags/kafka_stream.py
[2025-04-26T16:51:08.719+0000] {processor.py:839} INFO - DAG(s) dict_keys(['user_automation']) retrieved from /opt/airflow/dags/kafka_stream.py
[2025-04-26T16:51:08.774+0000] {logging_mixin.py:151} INFO - [2025-04-26T16:51:08.774+0000] {dag.py:2907} INFO - Sync 1 DAGs
[2025-04-26T16:51:08.832+0000] {logging_mixin.py:151} INFO - [2025-04-26T16:51:08.832+0000] {dag.py:3677} INFO - Setting next_dagrun for user_automation to 2025-04-26T00:00:00+00:00, run_after=2025-04-27T00:00:00+00:00
[2025-04-26T16:51:08.890+0000] {processor.py:179} INFO - Processing /opt/airflow/dags/kafka_stream.py took 0.258 seconds
[2025-04-26T16:51:39.066+0000] {processor.py:157} INFO - Started process (PID=793) to work on /opt/airflow/dags/kafka_stream.py
[2025-04-26T16:51:39.068+0000] {processor.py:829} INFO - Processing file /opt/airflow/dags/kafka_stream.py for tasks to queue
[2025-04-26T16:51:39.070+0000] {logging_mixin.py:151} INFO - [2025-04-26T16:51:39.070+0000] {dagbag.py:539} INFO - Filling up the DagBag from /opt/airflow/dags/kafka_stream.py
[2025-04-26T16:51:39.127+0000] {processor.py:839} INFO - DAG(s) dict_keys(['user_automation']) retrieved from /opt/airflow/dags/kafka_stream.py
[2025-04-26T16:51:39.171+0000] {logging_mixin.py:151} INFO - [2025-04-26T16:51:39.171+0000] {dag.py:2907} INFO - Sync 1 DAGs
[2025-04-26T16:51:39.216+0000] {logging_mixin.py:151} INFO - [2025-04-26T16:51:39.216+0000] {dag.py:3677} INFO - Setting next_dagrun for user_automation to 2025-04-26T00:00:00+00:00, run_after=2025-04-27T00:00:00+00:00
[2025-04-26T16:51:39.265+0000] {processor.py:179} INFO - Processing /opt/airflow/dags/kafka_stream.py took 0.206 seconds
[2025-04-26T16:52:09.544+0000] {processor.py:157} INFO - Started process (PID=794) to work on /opt/airflow/dags/kafka_stream.py
[2025-04-26T16:52:09.546+0000] {processor.py:829} INFO - Processing file /opt/airflow/dags/kafka_stream.py for tasks to queue
[2025-04-26T16:52:09.549+0000] {logging_mixin.py:151} INFO - [2025-04-26T16:52:09.548+0000] {dagbag.py:539} INFO - Filling up the DagBag from /opt/airflow/dags/kafka_stream.py
[2025-04-26T16:52:09.606+0000] {processor.py:839} INFO - DAG(s) dict_keys(['user_automation']) retrieved from /opt/airflow/dags/kafka_stream.py
[2025-04-26T16:52:09.646+0000] {logging_mixin.py:151} INFO - [2025-04-26T16:52:09.646+0000] {dag.py:2907} INFO - Sync 1 DAGs
[2025-04-26T16:52:09.682+0000] {logging_mixin.py:151} INFO - [2025-04-26T16:52:09.681+0000] {dag.py:3677} INFO - Setting next_dagrun for user_automation to 2025-04-26T00:00:00+00:00, run_after=2025-04-27T00:00:00+00:00
[2025-04-26T16:52:09.716+0000] {processor.py:179} INFO - Processing /opt/airflow/dags/kafka_stream.py took 0.178 seconds
[2025-04-26T16:52:39.868+0000] {processor.py:157} INFO - Started process (PID=795) to work on /opt/airflow/dags/kafka_stream.py
[2025-04-26T16:52:39.869+0000] {processor.py:829} INFO - Processing file /opt/airflow/dags/kafka_stream.py for tasks to queue
[2025-04-26T16:52:39.871+0000] {logging_mixin.py:151} INFO - [2025-04-26T16:52:39.870+0000] {dagbag.py:539} INFO - Filling up the DagBag from /opt/airflow/dags/kafka_stream.py
[2025-04-26T16:52:39.910+0000] {processor.py:839} INFO - DAG(s) dict_keys(['user_automation']) retrieved from /opt/airflow/dags/kafka_stream.py
[2025-04-26T16:52:39.946+0000] {logging_mixin.py:151} INFO - [2025-04-26T16:52:39.946+0000] {dag.py:2907} INFO - Sync 1 DAGs
[2025-04-26T16:52:39.975+0000] {logging_mixin.py:151} INFO - [2025-04-26T16:52:39.975+0000] {dag.py:3677} INFO - Setting next_dagrun for user_automation to 2025-04-26T00:00:00+00:00, run_after=2025-04-27T00:00:00+00:00
[2025-04-26T16:52:40.006+0000] {processor.py:179} INFO - Processing /opt/airflow/dags/kafka_stream.py took 0.143 seconds
[2025-04-26T16:53:10.350+0000] {processor.py:157} INFO - Started process (PID=796) to work on /opt/airflow/dags/kafka_stream.py
[2025-04-26T16:53:10.352+0000] {processor.py:829} INFO - Processing file /opt/airflow/dags/kafka_stream.py for tasks to queue
[2025-04-26T16:53:10.355+0000] {logging_mixin.py:151} INFO - [2025-04-26T16:53:10.354+0000] {dagbag.py:539} INFO - Filling up the DagBag from /opt/airflow/dags/kafka_stream.py
[2025-04-26T16:53:10.412+0000] {processor.py:839} INFO - DAG(s) dict_keys(['user_automation']) retrieved from /opt/airflow/dags/kafka_stream.py
[2025-04-26T16:53:10.458+0000] {logging_mixin.py:151} INFO - [2025-04-26T16:53:10.458+0000] {dag.py:2907} INFO - Sync 1 DAGs
[2025-04-26T16:53:10.502+0000] {logging_mixin.py:151} INFO - [2025-04-26T16:53:10.501+0000] {dag.py:3677} INFO - Setting next_dagrun for user_automation to 2025-04-26T00:00:00+00:00, run_after=2025-04-27T00:00:00+00:00
[2025-04-26T16:53:10.558+0000] {processor.py:179} INFO - Processing /opt/airflow/dags/kafka_stream.py took 0.213 seconds
[2025-04-26T16:53:40.673+0000] {processor.py:157} INFO - Started process (PID=797) to work on /opt/airflow/dags/kafka_stream.py
[2025-04-26T16:53:40.675+0000] {processor.py:829} INFO - Processing file /opt/airflow/dags/kafka_stream.py for tasks to queue
[2025-04-26T16:53:40.677+0000] {logging_mixin.py:151} INFO - [2025-04-26T16:53:40.677+0000] {dagbag.py:539} INFO - Filling up the DagBag from /opt/airflow/dags/kafka_stream.py
[2025-04-26T16:53:40.739+0000] {processor.py:839} INFO - DAG(s) dict_keys(['user_automation']) retrieved from /opt/airflow/dags/kafka_stream.py
[2025-04-26T16:53:40.783+0000] {logging_mixin.py:151} INFO - [2025-04-26T16:53:40.783+0000] {dag.py:2907} INFO - Sync 1 DAGs
[2025-04-26T16:53:40.822+0000] {logging_mixin.py:151} INFO - [2025-04-26T16:53:40.821+0000] {dag.py:3677} INFO - Setting next_dagrun for user_automation to 2025-04-26T00:00:00+00:00, run_after=2025-04-27T00:00:00+00:00
[2025-04-26T16:53:40.870+0000] {processor.py:179} INFO - Processing /opt/airflow/dags/kafka_stream.py took 0.204 seconds
[2025-04-26T16:54:11.213+0000] {processor.py:157} INFO - Started process (PID=798) to work on /opt/airflow/dags/kafka_stream.py
[2025-04-26T16:54:11.215+0000] {processor.py:829} INFO - Processing file /opt/airflow/dags/kafka_stream.py for tasks to queue
[2025-04-26T16:54:11.218+0000] {logging_mixin.py:151} INFO - [2025-04-26T16:54:11.217+0000] {dagbag.py:539} INFO - Filling up the DagBag from /opt/airflow/dags/kafka_stream.py
[2025-04-26T16:54:11.259+0000] {processor.py:839} INFO - DAG(s) dict_keys(['user_automation']) retrieved from /opt/airflow/dags/kafka_stream.py
[2025-04-26T16:54:11.314+0000] {logging_mixin.py:151} INFO - [2025-04-26T16:54:11.313+0000] {dag.py:2907} INFO - Sync 1 DAGs
[2025-04-26T16:54:11.356+0000] {logging_mixin.py:151} INFO - [2025-04-26T16:54:11.356+0000] {dag.py:3677} INFO - Setting next_dagrun for user_automation to 2025-04-26T00:00:00+00:00, run_after=2025-04-27T00:00:00+00:00
[2025-04-26T16:54:11.384+0000] {processor.py:179} INFO - Processing /opt/airflow/dags/kafka_stream.py took 0.176 seconds
[2025-04-26T16:54:41.556+0000] {processor.py:157} INFO - Started process (PID=799) to work on /opt/airflow/dags/kafka_stream.py
[2025-04-26T16:54:41.558+0000] {processor.py:829} INFO - Processing file /opt/airflow/dags/kafka_stream.py for tasks to queue
[2025-04-26T16:54:41.560+0000] {logging_mixin.py:151} INFO - [2025-04-26T16:54:41.560+0000] {dagbag.py:539} INFO - Filling up the DagBag from /opt/airflow/dags/kafka_stream.py
[2025-04-26T16:54:41.609+0000] {processor.py:839} INFO - DAG(s) dict_keys(['user_automation']) retrieved from /opt/airflow/dags/kafka_stream.py
[2025-04-26T16:54:41.645+0000] {logging_mixin.py:151} INFO - [2025-04-26T16:54:41.645+0000] {dag.py:2907} INFO - Sync 1 DAGs
[2025-04-26T16:54:41.677+0000] {logging_mixin.py:151} INFO - [2025-04-26T16:54:41.676+0000] {dag.py:3677} INFO - Setting next_dagrun for user_automation to 2025-04-26T00:00:00+00:00, run_after=2025-04-27T00:00:00+00:00
[2025-04-26T16:54:41.709+0000] {processor.py:179} INFO - Processing /opt/airflow/dags/kafka_stream.py took 0.159 seconds
[2025-04-26T16:55:12.029+0000] {processor.py:157} INFO - Started process (PID=800) to work on /opt/airflow/dags/kafka_stream.py
[2025-04-26T16:55:12.032+0000] {processor.py:829} INFO - Processing file /opt/airflow/dags/kafka_stream.py for tasks to queue
[2025-04-26T16:55:12.034+0000] {logging_mixin.py:151} INFO - [2025-04-26T16:55:12.034+0000] {dagbag.py:539} INFO - Filling up the DagBag from /opt/airflow/dags/kafka_stream.py
[2025-04-26T16:55:12.097+0000] {processor.py:839} INFO - DAG(s) dict_keys(['user_automation']) retrieved from /opt/airflow/dags/kafka_stream.py
[2025-04-26T16:55:12.150+0000] {logging_mixin.py:151} INFO - [2025-04-26T16:55:12.149+0000] {dag.py:2907} INFO - Sync 1 DAGs
[2025-04-26T16:55:12.189+0000] {logging_mixin.py:151} INFO - [2025-04-26T16:55:12.189+0000] {dag.py:3677} INFO - Setting next_dagrun for user_automation to 2025-04-26T00:00:00+00:00, run_after=2025-04-27T00:00:00+00:00
[2025-04-26T16:55:12.246+0000] {processor.py:179} INFO - Processing /opt/airflow/dags/kafka_stream.py took 0.223 seconds
[2025-04-26T16:55:42.359+0000] {processor.py:157} INFO - Started process (PID=801) to work on /opt/airflow/dags/kafka_stream.py
[2025-04-26T16:55:42.361+0000] {processor.py:829} INFO - Processing file /opt/airflow/dags/kafka_stream.py for tasks to queue
[2025-04-26T16:55:42.363+0000] {logging_mixin.py:151} INFO - [2025-04-26T16:55:42.363+0000] {dagbag.py:539} INFO - Filling up the DagBag from /opt/airflow/dags/kafka_stream.py
[2025-04-26T16:55:42.416+0000] {processor.py:839} INFO - DAG(s) dict_keys(['user_automation']) retrieved from /opt/airflow/dags/kafka_stream.py
[2025-04-26T16:55:42.458+0000] {logging_mixin.py:151} INFO - [2025-04-26T16:55:42.458+0000] {dag.py:2907} INFO - Sync 1 DAGs
[2025-04-26T16:55:42.512+0000] {logging_mixin.py:151} INFO - [2025-04-26T16:55:42.512+0000] {dag.py:3677} INFO - Setting next_dagrun for user_automation to 2025-04-26T00:00:00+00:00, run_after=2025-04-27T00:00:00+00:00
[2025-04-26T16:55:42.556+0000] {processor.py:179} INFO - Processing /opt/airflow/dags/kafka_stream.py took 0.202 seconds
[2025-04-26T16:56:12.900+0000] {processor.py:157} INFO - Started process (PID=802) to work on /opt/airflow/dags/kafka_stream.py
[2025-04-26T16:56:12.902+0000] {processor.py:829} INFO - Processing file /opt/airflow/dags/kafka_stream.py for tasks to queue
[2025-04-26T16:56:12.904+0000] {logging_mixin.py:151} INFO - [2025-04-26T16:56:12.904+0000] {dagbag.py:539} INFO - Filling up the DagBag from /opt/airflow/dags/kafka_stream.py
[2025-04-26T16:56:12.952+0000] {processor.py:839} INFO - DAG(s) dict_keys(['user_automation']) retrieved from /opt/airflow/dags/kafka_stream.py
[2025-04-26T16:56:12.992+0000] {logging_mixin.py:151} INFO - [2025-04-26T16:56:12.992+0000] {dag.py:2907} INFO - Sync 1 DAGs
[2025-04-26T16:56:13.022+0000] {logging_mixin.py:151} INFO - [2025-04-26T16:56:13.022+0000] {dag.py:3677} INFO - Setting next_dagrun for user_automation to 2025-04-26T00:00:00+00:00, run_after=2025-04-27T00:00:00+00:00
[2025-04-26T16:56:13.056+0000] {processor.py:179} INFO - Processing /opt/airflow/dags/kafka_stream.py took 0.160 seconds
[2025-04-26T16:56:43.304+0000] {processor.py:157} INFO - Started process (PID=803) to work on /opt/airflow/dags/kafka_stream.py
[2025-04-26T16:56:43.307+0000] {processor.py:829} INFO - Processing file /opt/airflow/dags/kafka_stream.py for tasks to queue
[2025-04-26T16:56:43.309+0000] {logging_mixin.py:151} INFO - [2025-04-26T16:56:43.308+0000] {dagbag.py:539} INFO - Filling up the DagBag from /opt/airflow/dags/kafka_stream.py
[2025-04-26T16:56:43.364+0000] {processor.py:839} INFO - DAG(s) dict_keys(['user_automation']) retrieved from /opt/airflow/dags/kafka_stream.py
[2025-04-26T16:56:43.400+0000] {logging_mixin.py:151} INFO - [2025-04-26T16:56:43.400+0000] {dag.py:2907} INFO - Sync 1 DAGs
[2025-04-26T16:56:43.434+0000] {logging_mixin.py:151} INFO - [2025-04-26T16:56:43.434+0000] {dag.py:3677} INFO - Setting next_dagrun for user_automation to 2025-04-26T00:00:00+00:00, run_after=2025-04-27T00:00:00+00:00
[2025-04-26T16:56:43.474+0000] {processor.py:179} INFO - Processing /opt/airflow/dags/kafka_stream.py took 0.176 seconds
[2025-04-26T16:57:13.714+0000] {processor.py:157} INFO - Started process (PID=804) to work on /opt/airflow/dags/kafka_stream.py
[2025-04-26T16:57:13.715+0000] {processor.py:829} INFO - Processing file /opt/airflow/dags/kafka_stream.py for tasks to queue
[2025-04-26T16:57:13.717+0000] {logging_mixin.py:151} INFO - [2025-04-26T16:57:13.717+0000] {dagbag.py:539} INFO - Filling up the DagBag from /opt/airflow/dags/kafka_stream.py
[2025-04-26T16:57:13.759+0000] {processor.py:839} INFO - DAG(s) dict_keys(['user_automation']) retrieved from /opt/airflow/dags/kafka_stream.py
[2025-04-26T16:57:13.794+0000] {logging_mixin.py:151} INFO - [2025-04-26T16:57:13.794+0000] {dag.py:2907} INFO - Sync 1 DAGs
[2025-04-26T16:57:13.826+0000] {logging_mixin.py:151} INFO - [2025-04-26T16:57:13.826+0000] {dag.py:3677} INFO - Setting next_dagrun for user_automation to 2025-04-26T00:00:00+00:00, run_after=2025-04-27T00:00:00+00:00
[2025-04-26T16:57:13.871+0000] {processor.py:179} INFO - Processing /opt/airflow/dags/kafka_stream.py took 0.162 seconds
[2025-04-26T16:57:44.131+0000] {processor.py:157} INFO - Started process (PID=805) to work on /opt/airflow/dags/kafka_stream.py
[2025-04-26T16:57:44.134+0000] {processor.py:829} INFO - Processing file /opt/airflow/dags/kafka_stream.py for tasks to queue
[2025-04-26T16:57:44.136+0000] {logging_mixin.py:151} INFO - [2025-04-26T16:57:44.136+0000] {dagbag.py:539} INFO - Filling up the DagBag from /opt/airflow/dags/kafka_stream.py
[2025-04-26T16:57:44.199+0000] {processor.py:839} INFO - DAG(s) dict_keys(['user_automation']) retrieved from /opt/airflow/dags/kafka_stream.py
[2025-04-26T16:57:44.243+0000] {logging_mixin.py:151} INFO - [2025-04-26T16:57:44.242+0000] {dag.py:2907} INFO - Sync 1 DAGs
[2025-04-26T16:57:44.276+0000] {logging_mixin.py:151} INFO - [2025-04-26T16:57:44.276+0000] {dag.py:3677} INFO - Setting next_dagrun for user_automation to 2025-04-26T00:00:00+00:00, run_after=2025-04-27T00:00:00+00:00
[2025-04-26T16:57:44.324+0000] {processor.py:179} INFO - Processing /opt/airflow/dags/kafka_stream.py took 0.198 seconds
[2025-04-26T16:58:14.543+0000] {processor.py:157} INFO - Started process (PID=806) to work on /opt/airflow/dags/kafka_stream.py
[2025-04-26T16:58:14.546+0000] {processor.py:829} INFO - Processing file /opt/airflow/dags/kafka_stream.py for tasks to queue
[2025-04-26T16:58:14.548+0000] {logging_mixin.py:151} INFO - [2025-04-26T16:58:14.548+0000] {dagbag.py:539} INFO - Filling up the DagBag from /opt/airflow/dags/kafka_stream.py
[2025-04-26T16:58:14.617+0000] {processor.py:839} INFO - DAG(s) dict_keys(['user_automation']) retrieved from /opt/airflow/dags/kafka_stream.py
[2025-04-26T16:58:14.651+0000] {logging_mixin.py:151} INFO - [2025-04-26T16:58:14.651+0000] {dag.py:2907} INFO - Sync 1 DAGs
[2025-04-26T16:58:14.686+0000] {logging_mixin.py:151} INFO - [2025-04-26T16:58:14.686+0000] {dag.py:3677} INFO - Setting next_dagrun for user_automation to 2025-04-26T00:00:00+00:00, run_after=2025-04-27T00:00:00+00:00
[2025-04-26T16:58:14.719+0000] {processor.py:179} INFO - Processing /opt/airflow/dags/kafka_stream.py took 0.191 seconds
[2025-04-26T16:58:44.992+0000] {processor.py:157} INFO - Started process (PID=807) to work on /opt/airflow/dags/kafka_stream.py
[2025-04-26T16:58:44.995+0000] {processor.py:829} INFO - Processing file /opt/airflow/dags/kafka_stream.py for tasks to queue
[2025-04-26T16:58:44.997+0000] {logging_mixin.py:151} INFO - [2025-04-26T16:58:44.997+0000] {dagbag.py:539} INFO - Filling up the DagBag from /opt/airflow/dags/kafka_stream.py
[2025-04-26T16:58:45.059+0000] {processor.py:839} INFO - DAG(s) dict_keys(['user_automation']) retrieved from /opt/airflow/dags/kafka_stream.py
[2025-04-26T16:58:45.101+0000] {logging_mixin.py:151} INFO - [2025-04-26T16:58:45.101+0000] {dag.py:2907} INFO - Sync 1 DAGs
[2025-04-26T16:58:45.137+0000] {logging_mixin.py:151} INFO - [2025-04-26T16:58:45.137+0000] {dag.py:3677} INFO - Setting next_dagrun for user_automation to 2025-04-26T00:00:00+00:00, run_after=2025-04-27T00:00:00+00:00
[2025-04-26T16:58:45.181+0000] {processor.py:179} INFO - Processing /opt/airflow/dags/kafka_stream.py took 0.194 seconds
[2025-04-26T16:59:15.369+0000] {processor.py:157} INFO - Started process (PID=808) to work on /opt/airflow/dags/kafka_stream.py
[2025-04-26T16:59:15.372+0000] {processor.py:829} INFO - Processing file /opt/airflow/dags/kafka_stream.py for tasks to queue
[2025-04-26T16:59:15.374+0000] {logging_mixin.py:151} INFO - [2025-04-26T16:59:15.373+0000] {dagbag.py:539} INFO - Filling up the DagBag from /opt/airflow/dags/kafka_stream.py
[2025-04-26T16:59:15.438+0000] {processor.py:839} INFO - DAG(s) dict_keys(['user_automation']) retrieved from /opt/airflow/dags/kafka_stream.py
[2025-04-26T16:59:15.485+0000] {logging_mixin.py:151} INFO - [2025-04-26T16:59:15.485+0000] {dag.py:2907} INFO - Sync 1 DAGs
[2025-04-26T16:59:15.526+0000] {logging_mixin.py:151} INFO - [2025-04-26T16:59:15.526+0000] {dag.py:3677} INFO - Setting next_dagrun for user_automation to 2025-04-26T00:00:00+00:00, run_after=2025-04-27T00:00:00+00:00
[2025-04-26T16:59:15.575+0000] {processor.py:179} INFO - Processing /opt/airflow/dags/kafka_stream.py took 0.212 seconds
[2025-04-26T16:59:45.826+0000] {processor.py:157} INFO - Started process (PID=809) to work on /opt/airflow/dags/kafka_stream.py
[2025-04-26T16:59:45.827+0000] {processor.py:829} INFO - Processing file /opt/airflow/dags/kafka_stream.py for tasks to queue
[2025-04-26T16:59:45.830+0000] {logging_mixin.py:151} INFO - [2025-04-26T16:59:45.829+0000] {dagbag.py:539} INFO - Filling up the DagBag from /opt/airflow/dags/kafka_stream.py
[2025-04-26T16:59:45.865+0000] {processor.py:839} INFO - DAG(s) dict_keys(['user_automation']) retrieved from /opt/airflow/dags/kafka_stream.py
[2025-04-26T16:59:45.900+0000] {logging_mixin.py:151} INFO - [2025-04-26T16:59:45.900+0000] {dag.py:2907} INFO - Sync 1 DAGs
[2025-04-26T16:59:45.934+0000] {logging_mixin.py:151} INFO - [2025-04-26T16:59:45.933+0000] {dag.py:3677} INFO - Setting next_dagrun for user_automation to 2025-04-26T00:00:00+00:00, run_after=2025-04-27T00:00:00+00:00
[2025-04-26T16:59:45.965+0000] {processor.py:179} INFO - Processing /opt/airflow/dags/kafka_stream.py took 0.145 seconds
[2025-04-26T17:00:16.245+0000] {processor.py:157} INFO - Started process (PID=810) to work on /opt/airflow/dags/kafka_stream.py
[2025-04-26T17:00:16.247+0000] {processor.py:829} INFO - Processing file /opt/airflow/dags/kafka_stream.py for tasks to queue
[2025-04-26T17:00:16.249+0000] {logging_mixin.py:151} INFO - [2025-04-26T17:00:16.249+0000] {dagbag.py:539} INFO - Filling up the DagBag from /opt/airflow/dags/kafka_stream.py
[2025-04-26T17:00:16.296+0000] {processor.py:839} INFO - DAG(s) dict_keys(['user_automation']) retrieved from /opt/airflow/dags/kafka_stream.py
[2025-04-26T17:00:16.337+0000] {logging_mixin.py:151} INFO - [2025-04-26T17:00:16.337+0000] {dag.py:2907} INFO - Sync 1 DAGs
[2025-04-26T17:00:16.366+0000] {logging_mixin.py:151} INFO - [2025-04-26T17:00:16.366+0000] {dag.py:3677} INFO - Setting next_dagrun for user_automation to 2025-04-26T00:00:00+00:00, run_after=2025-04-27T00:00:00+00:00
[2025-04-26T17:00:16.409+0000] {processor.py:179} INFO - Processing /opt/airflow/dags/kafka_stream.py took 0.170 seconds
[2025-04-26T17:00:46.634+0000] {processor.py:157} INFO - Started process (PID=811) to work on /opt/airflow/dags/kafka_stream.py
[2025-04-26T17:00:46.637+0000] {processor.py:829} INFO - Processing file /opt/airflow/dags/kafka_stream.py for tasks to queue
[2025-04-26T17:00:46.639+0000] {logging_mixin.py:151} INFO - [2025-04-26T17:00:46.638+0000] {dagbag.py:539} INFO - Filling up the DagBag from /opt/airflow/dags/kafka_stream.py
[2025-04-26T17:00:46.704+0000] {processor.py:839} INFO - DAG(s) dict_keys(['user_automation']) retrieved from /opt/airflow/dags/kafka_stream.py
[2025-04-26T17:00:46.753+0000] {logging_mixin.py:151} INFO - [2025-04-26T17:00:46.752+0000] {dag.py:2907} INFO - Sync 1 DAGs
[2025-04-26T17:00:46.794+0000] {logging_mixin.py:151} INFO - [2025-04-26T17:00:46.794+0000] {dag.py:3677} INFO - Setting next_dagrun for user_automation to 2025-04-26T00:00:00+00:00, run_after=2025-04-27T00:00:00+00:00
[2025-04-26T17:00:46.843+0000] {processor.py:179} INFO - Processing /opt/airflow/dags/kafka_stream.py took 0.217 seconds
[2025-04-26T17:01:17.083+0000] {processor.py:157} INFO - Started process (PID=812) to work on /opt/airflow/dags/kafka_stream.py
[2025-04-26T17:01:17.084+0000] {processor.py:829} INFO - Processing file /opt/airflow/dags/kafka_stream.py for tasks to queue
[2025-04-26T17:01:17.086+0000] {logging_mixin.py:151} INFO - [2025-04-26T17:01:17.086+0000] {dagbag.py:539} INFO - Filling up the DagBag from /opt/airflow/dags/kafka_stream.py
[2025-04-26T17:01:17.127+0000] {processor.py:839} INFO - DAG(s) dict_keys(['user_automation']) retrieved from /opt/airflow/dags/kafka_stream.py
[2025-04-26T17:01:17.168+0000] {logging_mixin.py:151} INFO - [2025-04-26T17:01:17.168+0000] {dag.py:2907} INFO - Sync 1 DAGs
[2025-04-26T17:01:17.209+0000] {logging_mixin.py:151} INFO - [2025-04-26T17:01:17.209+0000] {dag.py:3677} INFO - Setting next_dagrun for user_automation to 2025-04-26T00:00:00+00:00, run_after=2025-04-27T00:00:00+00:00
[2025-04-26T17:01:17.264+0000] {processor.py:179} INFO - Processing /opt/airflow/dags/kafka_stream.py took 0.186 seconds
[2025-04-26T17:01:47.605+0000] {processor.py:157} INFO - Started process (PID=813) to work on /opt/airflow/dags/kafka_stream.py
[2025-04-26T17:01:47.607+0000] {processor.py:829} INFO - Processing file /opt/airflow/dags/kafka_stream.py for tasks to queue
[2025-04-26T17:01:47.609+0000] {logging_mixin.py:151} INFO - [2025-04-26T17:01:47.609+0000] {dagbag.py:539} INFO - Filling up the DagBag from /opt/airflow/dags/kafka_stream.py
[2025-04-26T17:01:47.643+0000] {processor.py:839} INFO - DAG(s) dict_keys(['user_automation']) retrieved from /opt/airflow/dags/kafka_stream.py
[2025-04-26T17:01:47.676+0000] {logging_mixin.py:151} INFO - [2025-04-26T17:01:47.676+0000] {dag.py:2907} INFO - Sync 1 DAGs
[2025-04-26T17:01:47.709+0000] {logging_mixin.py:151} INFO - [2025-04-26T17:01:47.709+0000] {dag.py:3677} INFO - Setting next_dagrun for user_automation to 2025-04-26T00:00:00+00:00, run_after=2025-04-27T00:00:00+00:00
[2025-04-26T17:01:47.735+0000] {processor.py:179} INFO - Processing /opt/airflow/dags/kafka_stream.py took 0.134 seconds
[2025-04-26T17:02:17.985+0000] {processor.py:157} INFO - Started process (PID=814) to work on /opt/airflow/dags/kafka_stream.py
[2025-04-26T17:02:17.987+0000] {processor.py:829} INFO - Processing file /opt/airflow/dags/kafka_stream.py for tasks to queue
[2025-04-26T17:02:17.989+0000] {logging_mixin.py:151} INFO - [2025-04-26T17:02:17.988+0000] {dagbag.py:539} INFO - Filling up the DagBag from /opt/airflow/dags/kafka_stream.py
[2025-04-26T17:02:18.050+0000] {processor.py:839} INFO - DAG(s) dict_keys(['user_automation']) retrieved from /opt/airflow/dags/kafka_stream.py
[2025-04-26T17:02:18.103+0000] {logging_mixin.py:151} INFO - [2025-04-26T17:02:18.103+0000] {dag.py:2907} INFO - Sync 1 DAGs
[2025-04-26T17:02:18.141+0000] {logging_mixin.py:151} INFO - [2025-04-26T17:02:18.140+0000] {dag.py:3677} INFO - Setting next_dagrun for user_automation to 2025-04-26T00:00:00+00:00, run_after=2025-04-27T00:00:00+00:00
[2025-04-26T17:02:18.173+0000] {processor.py:179} INFO - Processing /opt/airflow/dags/kafka_stream.py took 0.194 seconds
[2025-04-26T17:02:48.358+0000] {processor.py:157} INFO - Started process (PID=815) to work on /opt/airflow/dags/kafka_stream.py
[2025-04-26T17:02:48.361+0000] {processor.py:829} INFO - Processing file /opt/airflow/dags/kafka_stream.py for tasks to queue
[2025-04-26T17:02:48.363+0000] {logging_mixin.py:151} INFO - [2025-04-26T17:02:48.362+0000] {dagbag.py:539} INFO - Filling up the DagBag from /opt/airflow/dags/kafka_stream.py
[2025-04-26T17:02:48.416+0000] {processor.py:839} INFO - DAG(s) dict_keys(['user_automation']) retrieved from /opt/airflow/dags/kafka_stream.py
[2025-04-26T17:02:48.462+0000] {logging_mixin.py:151} INFO - [2025-04-26T17:02:48.462+0000] {dag.py:2907} INFO - Sync 1 DAGs
[2025-04-26T17:02:48.503+0000] {logging_mixin.py:151} INFO - [2025-04-26T17:02:48.502+0000] {dag.py:3677} INFO - Setting next_dagrun for user_automation to 2025-04-26T00:00:00+00:00, run_after=2025-04-27T00:00:00+00:00
[2025-04-26T17:02:48.554+0000] {processor.py:179} INFO - Processing /opt/airflow/dags/kafka_stream.py took 0.201 seconds
[2025-04-26T17:03:19.037+0000] {processor.py:157} INFO - Started process (PID=816) to work on /opt/airflow/dags/kafka_stream.py
[2025-04-26T17:03:19.039+0000] {processor.py:829} INFO - Processing file /opt/airflow/dags/kafka_stream.py for tasks to queue
[2025-04-26T17:03:19.042+0000] {logging_mixin.py:151} INFO - [2025-04-26T17:03:19.041+0000] {dagbag.py:539} INFO - Filling up the DagBag from /opt/airflow/dags/kafka_stream.py
[2025-04-26T17:03:19.187+0000] {processor.py:839} INFO - DAG(s) dict_keys(['user_automation']) retrieved from /opt/airflow/dags/kafka_stream.py
[2025-04-26T17:03:19.234+0000] {logging_mixin.py:151} INFO - [2025-04-26T17:03:19.234+0000] {dag.py:2907} INFO - Sync 1 DAGs
[2025-04-26T17:03:19.295+0000] {logging_mixin.py:151} INFO - [2025-04-26T17:03:19.295+0000] {dag.py:3677} INFO - Setting next_dagrun for user_automation to 2025-04-26T00:00:00+00:00, run_after=2025-04-27T00:00:00+00:00
[2025-04-26T17:03:19.354+0000] {processor.py:179} INFO - Processing /opt/airflow/dags/kafka_stream.py took 0.323 seconds
[2025-04-26T17:03:49.545+0000] {processor.py:157} INFO - Started process (PID=817) to work on /opt/airflow/dags/kafka_stream.py
[2025-04-26T17:03:49.547+0000] {processor.py:829} INFO - Processing file /opt/airflow/dags/kafka_stream.py for tasks to queue
[2025-04-26T17:03:49.549+0000] {logging_mixin.py:151} INFO - [2025-04-26T17:03:49.548+0000] {dagbag.py:539} INFO - Filling up the DagBag from /opt/airflow/dags/kafka_stream.py
[2025-04-26T17:03:49.598+0000] {processor.py:839} INFO - DAG(s) dict_keys(['user_automation']) retrieved from /opt/airflow/dags/kafka_stream.py
[2025-04-26T17:03:49.635+0000] {logging_mixin.py:151} INFO - [2025-04-26T17:03:49.635+0000] {dag.py:2907} INFO - Sync 1 DAGs
[2025-04-26T17:03:49.665+0000] {logging_mixin.py:151} INFO - [2025-04-26T17:03:49.665+0000] {dag.py:3677} INFO - Setting next_dagrun for user_automation to 2025-04-26T00:00:00+00:00, run_after=2025-04-27T00:00:00+00:00
[2025-04-26T17:03:49.701+0000] {processor.py:179} INFO - Processing /opt/airflow/dags/kafka_stream.py took 0.161 seconds
[2025-04-26T17:04:19.862+0000] {processor.py:157} INFO - Started process (PID=818) to work on /opt/airflow/dags/kafka_stream.py
[2025-04-26T17:04:19.864+0000] {processor.py:829} INFO - Processing file /opt/airflow/dags/kafka_stream.py for tasks to queue
[2025-04-26T17:04:19.866+0000] {logging_mixin.py:151} INFO - [2025-04-26T17:04:19.866+0000] {dagbag.py:539} INFO - Filling up the DagBag from /opt/airflow/dags/kafka_stream.py
[2025-04-26T17:04:19.921+0000] {processor.py:839} INFO - DAG(s) dict_keys(['user_automation']) retrieved from /opt/airflow/dags/kafka_stream.py
[2025-04-26T17:04:19.958+0000] {logging_mixin.py:151} INFO - [2025-04-26T17:04:19.958+0000] {dag.py:2907} INFO - Sync 1 DAGs
[2025-04-26T17:04:19.994+0000] {logging_mixin.py:151} INFO - [2025-04-26T17:04:19.993+0000] {dag.py:3677} INFO - Setting next_dagrun for user_automation to 2025-04-26T00:00:00+00:00, run_after=2025-04-27T00:00:00+00:00
[2025-04-26T17:04:20.042+0000] {processor.py:179} INFO - Processing /opt/airflow/dags/kafka_stream.py took 0.185 seconds
[2025-04-26T17:04:50.334+0000] {processor.py:157} INFO - Started process (PID=819) to work on /opt/airflow/dags/kafka_stream.py
[2025-04-26T17:04:50.336+0000] {processor.py:829} INFO - Processing file /opt/airflow/dags/kafka_stream.py for tasks to queue
[2025-04-26T17:04:50.338+0000] {logging_mixin.py:151} INFO - [2025-04-26T17:04:50.337+0000] {dagbag.py:539} INFO - Filling up the DagBag from /opt/airflow/dags/kafka_stream.py
[2025-04-26T17:04:50.397+0000] {processor.py:839} INFO - DAG(s) dict_keys(['user_automation']) retrieved from /opt/airflow/dags/kafka_stream.py
[2025-04-26T17:04:50.438+0000] {logging_mixin.py:151} INFO - [2025-04-26T17:04:50.438+0000] {dag.py:2907} INFO - Sync 1 DAGs
[2025-04-26T17:04:50.480+0000] {logging_mixin.py:151} INFO - [2025-04-26T17:04:50.479+0000] {dag.py:3677} INFO - Setting next_dagrun for user_automation to 2025-04-26T00:00:00+00:00, run_after=2025-04-27T00:00:00+00:00
[2025-04-26T17:04:50.529+0000] {processor.py:179} INFO - Processing /opt/airflow/dags/kafka_stream.py took 0.200 seconds
[2025-04-26T17:05:20.694+0000] {processor.py:157} INFO - Started process (PID=820) to work on /opt/airflow/dags/kafka_stream.py
[2025-04-26T17:05:20.696+0000] {processor.py:829} INFO - Processing file /opt/airflow/dags/kafka_stream.py for tasks to queue
[2025-04-26T17:05:20.698+0000] {logging_mixin.py:151} INFO - [2025-04-26T17:05:20.697+0000] {dagbag.py:539} INFO - Filling up the DagBag from /opt/airflow/dags/kafka_stream.py
[2025-04-26T17:05:20.757+0000] {processor.py:839} INFO - DAG(s) dict_keys(['user_automation']) retrieved from /opt/airflow/dags/kafka_stream.py
[2025-04-26T17:05:20.803+0000] {logging_mixin.py:151} INFO - [2025-04-26T17:05:20.802+0000] {dag.py:2907} INFO - Sync 1 DAGs
[2025-04-26T17:05:20.833+0000] {logging_mixin.py:151} INFO - [2025-04-26T17:05:20.833+0000] {dag.py:3677} INFO - Setting next_dagrun for user_automation to 2025-04-26T00:00:00+00:00, run_after=2025-04-27T00:00:00+00:00
[2025-04-26T17:05:20.869+0000] {processor.py:179} INFO - Processing /opt/airflow/dags/kafka_stream.py took 0.181 seconds
[2025-04-26T17:05:51.169+0000] {processor.py:157} INFO - Started process (PID=821) to work on /opt/airflow/dags/kafka_stream.py
[2025-04-26T17:05:51.171+0000] {processor.py:829} INFO - Processing file /opt/airflow/dags/kafka_stream.py for tasks to queue
[2025-04-26T17:05:51.173+0000] {logging_mixin.py:151} INFO - [2025-04-26T17:05:51.172+0000] {dagbag.py:539} INFO - Filling up the DagBag from /opt/airflow/dags/kafka_stream.py
[2025-04-26T17:05:51.231+0000] {processor.py:839} INFO - DAG(s) dict_keys(['user_automation']) retrieved from /opt/airflow/dags/kafka_stream.py
[2025-04-26T17:05:51.279+0000] {logging_mixin.py:151} INFO - [2025-04-26T17:05:51.279+0000] {dag.py:2907} INFO - Sync 1 DAGs
[2025-04-26T17:05:51.314+0000] {logging_mixin.py:151} INFO - [2025-04-26T17:05:51.314+0000] {dag.py:3677} INFO - Setting next_dagrun for user_automation to 2025-04-26T00:00:00+00:00, run_after=2025-04-27T00:00:00+00:00
[2025-04-26T17:05:51.361+0000] {processor.py:179} INFO - Processing /opt/airflow/dags/kafka_stream.py took 0.207 seconds
[2025-04-26T17:06:21.534+0000] {processor.py:157} INFO - Started process (PID=822) to work on /opt/airflow/dags/kafka_stream.py
[2025-04-26T17:06:21.537+0000] {processor.py:829} INFO - Processing file /opt/airflow/dags/kafka_stream.py for tasks to queue
[2025-04-26T17:06:21.539+0000] {logging_mixin.py:151} INFO - [2025-04-26T17:06:21.539+0000] {dagbag.py:539} INFO - Filling up the DagBag from /opt/airflow/dags/kafka_stream.py
[2025-04-26T17:06:21.593+0000] {processor.py:839} INFO - DAG(s) dict_keys(['user_automation']) retrieved from /opt/airflow/dags/kafka_stream.py
[2025-04-26T17:06:21.638+0000] {logging_mixin.py:151} INFO - [2025-04-26T17:06:21.638+0000] {dag.py:2907} INFO - Sync 1 DAGs
[2025-04-26T17:06:21.678+0000] {logging_mixin.py:151} INFO - [2025-04-26T17:06:21.678+0000] {dag.py:3677} INFO - Setting next_dagrun for user_automation to 2025-04-26T00:00:00+00:00, run_after=2025-04-27T00:00:00+00:00
[2025-04-26T17:06:21.725+0000] {processor.py:179} INFO - Processing /opt/airflow/dags/kafka_stream.py took 0.197 seconds
[2025-04-26T17:06:52.086+0000] {processor.py:157} INFO - Started process (PID=823) to work on /opt/airflow/dags/kafka_stream.py
[2025-04-26T17:06:52.088+0000] {processor.py:829} INFO - Processing file /opt/airflow/dags/kafka_stream.py for tasks to queue
[2025-04-26T17:06:52.090+0000] {logging_mixin.py:151} INFO - [2025-04-26T17:06:52.089+0000] {dagbag.py:539} INFO - Filling up the DagBag from /opt/airflow/dags/kafka_stream.py
[2025-04-26T17:06:52.152+0000] {processor.py:839} INFO - DAG(s) dict_keys(['user_automation']) retrieved from /opt/airflow/dags/kafka_stream.py
[2025-04-26T17:06:52.195+0000] {logging_mixin.py:151} INFO - [2025-04-26T17:06:52.195+0000] {dag.py:2907} INFO - Sync 1 DAGs
[2025-04-26T17:06:52.233+0000] {logging_mixin.py:151} INFO - [2025-04-26T17:06:52.233+0000] {dag.py:3677} INFO - Setting next_dagrun for user_automation to 2025-04-26T00:00:00+00:00, run_after=2025-04-27T00:00:00+00:00
[2025-04-26T17:06:52.281+0000] {processor.py:179} INFO - Processing /opt/airflow/dags/kafka_stream.py took 0.199 seconds
[2025-04-26T17:07:22.420+0000] {processor.py:157} INFO - Started process (PID=824) to work on /opt/airflow/dags/kafka_stream.py
[2025-04-26T17:07:22.422+0000] {processor.py:829} INFO - Processing file /opt/airflow/dags/kafka_stream.py for tasks to queue
[2025-04-26T17:07:22.428+0000] {logging_mixin.py:151} INFO - [2025-04-26T17:07:22.424+0000] {dagbag.py:539} INFO - Filling up the DagBag from /opt/airflow/dags/kafka_stream.py
[2025-04-26T17:07:22.460+0000] {processor.py:839} INFO - DAG(s) dict_keys(['user_automation']) retrieved from /opt/airflow/dags/kafka_stream.py
[2025-04-26T17:07:22.498+0000] {logging_mixin.py:151} INFO - [2025-04-26T17:07:22.497+0000] {dag.py:2907} INFO - Sync 1 DAGs
[2025-04-26T17:07:22.528+0000] {logging_mixin.py:151} INFO - [2025-04-26T17:07:22.527+0000] {dag.py:3677} INFO - Setting next_dagrun for user_automation to 2025-04-26T00:00:00+00:00, run_after=2025-04-27T00:00:00+00:00
[2025-04-26T17:07:22.574+0000] {processor.py:179} INFO - Processing /opt/airflow/dags/kafka_stream.py took 0.159 seconds
[2025-04-26T17:07:52.939+0000] {processor.py:157} INFO - Started process (PID=825) to work on /opt/airflow/dags/kafka_stream.py
[2025-04-26T17:07:52.941+0000] {processor.py:829} INFO - Processing file /opt/airflow/dags/kafka_stream.py for tasks to queue
[2025-04-26T17:07:52.944+0000] {logging_mixin.py:151} INFO - [2025-04-26T17:07:52.943+0000] {dagbag.py:539} INFO - Filling up the DagBag from /opt/airflow/dags/kafka_stream.py
[2025-04-26T17:07:53.004+0000] {processor.py:839} INFO - DAG(s) dict_keys(['user_automation']) retrieved from /opt/airflow/dags/kafka_stream.py
[2025-04-26T17:07:53.049+0000] {logging_mixin.py:151} INFO - [2025-04-26T17:07:53.049+0000] {dag.py:2907} INFO - Sync 1 DAGs
[2025-04-26T17:07:53.091+0000] {logging_mixin.py:151} INFO - [2025-04-26T17:07:53.091+0000] {dag.py:3677} INFO - Setting next_dagrun for user_automation to 2025-04-26T00:00:00+00:00, run_after=2025-04-27T00:00:00+00:00
[2025-04-26T17:07:53.140+0000] {processor.py:179} INFO - Processing /opt/airflow/dags/kafka_stream.py took 0.206 seconds
[2025-04-26T17:08:23.287+0000] {processor.py:157} INFO - Started process (PID=826) to work on /opt/airflow/dags/kafka_stream.py
[2025-04-26T17:08:23.290+0000] {processor.py:829} INFO - Processing file /opt/airflow/dags/kafka_stream.py for tasks to queue
[2025-04-26T17:08:23.292+0000] {logging_mixin.py:151} INFO - [2025-04-26T17:08:23.292+0000] {dagbag.py:539} INFO - Filling up the DagBag from /opt/airflow/dags/kafka_stream.py
[2025-04-26T17:08:23.350+0000] {processor.py:839} INFO - DAG(s) dict_keys(['user_automation']) retrieved from /opt/airflow/dags/kafka_stream.py
[2025-04-26T17:08:23.386+0000] {logging_mixin.py:151} INFO - [2025-04-26T17:08:23.386+0000] {dag.py:2907} INFO - Sync 1 DAGs
[2025-04-26T17:08:23.420+0000] {logging_mixin.py:151} INFO - [2025-04-26T17:08:23.420+0000] {dag.py:3677} INFO - Setting next_dagrun for user_automation to 2025-04-26T00:00:00+00:00, run_after=2025-04-27T00:00:00+00:00
[2025-04-26T17:08:23.449+0000] {processor.py:179} INFO - Processing /opt/airflow/dags/kafka_stream.py took 0.168 seconds
[2025-04-26T17:08:53.807+0000] {processor.py:157} INFO - Started process (PID=827) to work on /opt/airflow/dags/kafka_stream.py
[2025-04-26T17:08:53.809+0000] {processor.py:829} INFO - Processing file /opt/airflow/dags/kafka_stream.py for tasks to queue
[2025-04-26T17:08:53.811+0000] {logging_mixin.py:151} INFO - [2025-04-26T17:08:53.810+0000] {dagbag.py:539} INFO - Filling up the DagBag from /opt/airflow/dags/kafka_stream.py
[2025-04-26T17:08:53.855+0000] {processor.py:839} INFO - DAG(s) dict_keys(['user_automation']) retrieved from /opt/airflow/dags/kafka_stream.py
[2025-04-26T17:08:53.896+0000] {logging_mixin.py:151} INFO - [2025-04-26T17:08:53.896+0000] {dag.py:2907} INFO - Sync 1 DAGs
[2025-04-26T17:08:53.935+0000] {logging_mixin.py:151} INFO - [2025-04-26T17:08:53.935+0000] {dag.py:3677} INFO - Setting next_dagrun for user_automation to 2025-04-26T00:00:00+00:00, run_after=2025-04-27T00:00:00+00:00
[2025-04-26T17:08:53.982+0000] {processor.py:179} INFO - Processing /opt/airflow/dags/kafka_stream.py took 0.180 seconds
[2025-04-26T17:09:24.143+0000] {processor.py:157} INFO - Started process (PID=828) to work on /opt/airflow/dags/kafka_stream.py
[2025-04-26T17:09:24.145+0000] {processor.py:829} INFO - Processing file /opt/airflow/dags/kafka_stream.py for tasks to queue
[2025-04-26T17:09:24.147+0000] {logging_mixin.py:151} INFO - [2025-04-26T17:09:24.147+0000] {dagbag.py:539} INFO - Filling up the DagBag from /opt/airflow/dags/kafka_stream.py
[2025-04-26T17:09:24.195+0000] {processor.py:839} INFO - DAG(s) dict_keys(['user_automation']) retrieved from /opt/airflow/dags/kafka_stream.py
[2025-04-26T17:09:24.242+0000] {logging_mixin.py:151} INFO - [2025-04-26T17:09:24.241+0000] {dag.py:2907} INFO - Sync 1 DAGs
[2025-04-26T17:09:24.284+0000] {logging_mixin.py:151} INFO - [2025-04-26T17:09:24.283+0000] {dag.py:3677} INFO - Setting next_dagrun for user_automation to 2025-04-26T00:00:00+00:00, run_after=2025-04-27T00:00:00+00:00
[2025-04-26T17:09:24.333+0000] {processor.py:179} INFO - Processing /opt/airflow/dags/kafka_stream.py took 0.196 seconds
[2025-04-26T17:09:54.677+0000] {processor.py:157} INFO - Started process (PID=829) to work on /opt/airflow/dags/kafka_stream.py
[2025-04-26T17:09:54.679+0000] {processor.py:829} INFO - Processing file /opt/airflow/dags/kafka_stream.py for tasks to queue
[2025-04-26T17:09:54.682+0000] {logging_mixin.py:151} INFO - [2025-04-26T17:09:54.681+0000] {dagbag.py:539} INFO - Filling up the DagBag from /opt/airflow/dags/kafka_stream.py
[2025-04-26T17:09:54.741+0000] {processor.py:839} INFO - DAG(s) dict_keys(['user_automation']) retrieved from /opt/airflow/dags/kafka_stream.py
[2025-04-26T17:09:54.791+0000] {logging_mixin.py:151} INFO - [2025-04-26T17:09:54.790+0000] {dag.py:2907} INFO - Sync 1 DAGs
[2025-04-26T17:09:54.831+0000] {logging_mixin.py:151} INFO - [2025-04-26T17:09:54.830+0000] {dag.py:3677} INFO - Setting next_dagrun for user_automation to 2025-04-26T00:00:00+00:00, run_after=2025-04-27T00:00:00+00:00
[2025-04-26T17:09:54.880+0000] {processor.py:179} INFO - Processing /opt/airflow/dags/kafka_stream.py took 0.208 seconds
[2025-04-26T17:10:24.994+0000] {processor.py:157} INFO - Started process (PID=830) to work on /opt/airflow/dags/kafka_stream.py
[2025-04-26T17:10:24.996+0000] {processor.py:829} INFO - Processing file /opt/airflow/dags/kafka_stream.py for tasks to queue
[2025-04-26T17:10:24.998+0000] {logging_mixin.py:151} INFO - [2025-04-26T17:10:24.998+0000] {dagbag.py:539} INFO - Filling up the DagBag from /opt/airflow/dags/kafka_stream.py
[2025-04-26T17:10:25.068+0000] {processor.py:839} INFO - DAG(s) dict_keys(['user_automation']) retrieved from /opt/airflow/dags/kafka_stream.py
[2025-04-26T17:10:25.107+0000] {logging_mixin.py:151} INFO - [2025-04-26T17:10:25.107+0000] {dag.py:2907} INFO - Sync 1 DAGs
[2025-04-26T17:10:25.149+0000] {logging_mixin.py:151} INFO - [2025-04-26T17:10:25.149+0000] {dag.py:3677} INFO - Setting next_dagrun for user_automation to 2025-04-26T00:00:00+00:00, run_after=2025-04-27T00:00:00+00:00
[2025-04-26T17:10:25.197+0000] {processor.py:179} INFO - Processing /opt/airflow/dags/kafka_stream.py took 0.208 seconds
[2025-04-26T17:10:55.528+0000] {processor.py:157} INFO - Started process (PID=831) to work on /opt/airflow/dags/kafka_stream.py
[2025-04-26T17:10:55.530+0000] {processor.py:829} INFO - Processing file /opt/airflow/dags/kafka_stream.py for tasks to queue
[2025-04-26T17:10:55.532+0000] {logging_mixin.py:151} INFO - [2025-04-26T17:10:55.531+0000] {dagbag.py:539} INFO - Filling up the DagBag from /opt/airflow/dags/kafka_stream.py
[2025-04-26T17:10:55.575+0000] {processor.py:839} INFO - DAG(s) dict_keys(['user_automation']) retrieved from /opt/airflow/dags/kafka_stream.py
[2025-04-26T17:10:55.611+0000] {logging_mixin.py:151} INFO - [2025-04-26T17:10:55.611+0000] {dag.py:2907} INFO - Sync 1 DAGs
[2025-04-26T17:10:55.647+0000] {logging_mixin.py:151} INFO - [2025-04-26T17:10:55.647+0000] {dag.py:3677} INFO - Setting next_dagrun for user_automation to 2025-04-26T00:00:00+00:00, run_after=2025-04-27T00:00:00+00:00
[2025-04-26T17:10:55.687+0000] {processor.py:179} INFO - Processing /opt/airflow/dags/kafka_stream.py took 0.164 seconds
[2025-04-26T17:11:25.882+0000] {processor.py:157} INFO - Started process (PID=832) to work on /opt/airflow/dags/kafka_stream.py
[2025-04-26T17:11:25.884+0000] {processor.py:829} INFO - Processing file /opt/airflow/dags/kafka_stream.py for tasks to queue
[2025-04-26T17:11:25.886+0000] {logging_mixin.py:151} INFO - [2025-04-26T17:11:25.886+0000] {dagbag.py:539} INFO - Filling up the DagBag from /opt/airflow/dags/kafka_stream.py
[2025-04-26T17:11:25.943+0000] {processor.py:839} INFO - DAG(s) dict_keys(['user_automation']) retrieved from /opt/airflow/dags/kafka_stream.py
[2025-04-26T17:11:25.989+0000] {logging_mixin.py:151} INFO - [2025-04-26T17:11:25.989+0000] {dag.py:2907} INFO - Sync 1 DAGs
[2025-04-26T17:11:26.033+0000] {logging_mixin.py:151} INFO - [2025-04-26T17:11:26.032+0000] {dag.py:3677} INFO - Setting next_dagrun for user_automation to 2025-04-26T00:00:00+00:00, run_after=2025-04-27T00:00:00+00:00
[2025-04-26T17:11:26.067+0000] {processor.py:179} INFO - Processing /opt/airflow/dags/kafka_stream.py took 0.190 seconds
[2025-04-26T17:11:56.435+0000] {processor.py:157} INFO - Started process (PID=833) to work on /opt/airflow/dags/kafka_stream.py
[2025-04-26T17:11:56.436+0000] {processor.py:829} INFO - Processing file /opt/airflow/dags/kafka_stream.py for tasks to queue
[2025-04-26T17:11:56.439+0000] {logging_mixin.py:151} INFO - [2025-04-26T17:11:56.438+0000] {dagbag.py:539} INFO - Filling up the DagBag from /opt/airflow/dags/kafka_stream.py
[2025-04-26T17:11:56.477+0000] {processor.py:839} INFO - DAG(s) dict_keys(['user_automation']) retrieved from /opt/airflow/dags/kafka_stream.py
[2025-04-26T17:11:56.514+0000] {logging_mixin.py:151} INFO - [2025-04-26T17:11:56.514+0000] {dag.py:2907} INFO - Sync 1 DAGs
[2025-04-26T17:11:56.551+0000] {logging_mixin.py:151} INFO - [2025-04-26T17:11:56.551+0000] {dag.py:3677} INFO - Setting next_dagrun for user_automation to 2025-04-26T00:00:00+00:00, run_after=2025-04-27T00:00:00+00:00
[2025-04-26T17:11:56.599+0000] {processor.py:179} INFO - Processing /opt/airflow/dags/kafka_stream.py took 0.169 seconds
[2025-04-26T17:12:26.781+0000] {processor.py:157} INFO - Started process (PID=834) to work on /opt/airflow/dags/kafka_stream.py
[2025-04-26T17:12:26.783+0000] {processor.py:829} INFO - Processing file /opt/airflow/dags/kafka_stream.py for tasks to queue
[2025-04-26T17:12:26.786+0000] {logging_mixin.py:151} INFO - [2025-04-26T17:12:26.785+0000] {dagbag.py:539} INFO - Filling up the DagBag from /opt/airflow/dags/kafka_stream.py
[2025-04-26T17:12:26.846+0000] {processor.py:839} INFO - DAG(s) dict_keys(['user_automation']) retrieved from /opt/airflow/dags/kafka_stream.py
[2025-04-26T17:12:26.898+0000] {logging_mixin.py:151} INFO - [2025-04-26T17:12:26.898+0000] {dag.py:2907} INFO - Sync 1 DAGs
[2025-04-26T17:12:26.934+0000] {logging_mixin.py:151} INFO - [2025-04-26T17:12:26.934+0000] {dag.py:3677} INFO - Setting next_dagrun for user_automation to 2025-04-26T00:00:00+00:00, run_after=2025-04-27T00:00:00+00:00
[2025-04-26T17:12:26.980+0000] {processor.py:179} INFO - Processing /opt/airflow/dags/kafka_stream.py took 0.207 seconds
[2025-04-26T17:12:57.228+0000] {processor.py:157} INFO - Started process (PID=835) to work on /opt/airflow/dags/kafka_stream.py
[2025-04-26T17:12:57.230+0000] {processor.py:829} INFO - Processing file /opt/airflow/dags/kafka_stream.py for tasks to queue
[2025-04-26T17:12:57.231+0000] {logging_mixin.py:151} INFO - [2025-04-26T17:12:57.231+0000] {dagbag.py:539} INFO - Filling up the DagBag from /opt/airflow/dags/kafka_stream.py
[2025-04-26T17:12:57.269+0000] {processor.py:839} INFO - DAG(s) dict_keys(['user_automation']) retrieved from /opt/airflow/dags/kafka_stream.py
[2025-04-26T17:12:57.307+0000] {logging_mixin.py:151} INFO - [2025-04-26T17:12:57.307+0000] {dag.py:2907} INFO - Sync 1 DAGs
[2025-04-26T17:12:57.344+0000] {logging_mixin.py:151} INFO - [2025-04-26T17:12:57.344+0000] {dag.py:3677} INFO - Setting next_dagrun for user_automation to 2025-04-26T00:00:00+00:00, run_after=2025-04-27T00:00:00+00:00
[2025-04-26T17:12:57.391+0000] {processor.py:179} INFO - Processing /opt/airflow/dags/kafka_stream.py took 0.167 seconds
[2025-04-26T17:13:27.882+0000] {processor.py:157} INFO - Started process (PID=836) to work on /opt/airflow/dags/kafka_stream.py
[2025-04-26T17:13:27.884+0000] {processor.py:829} INFO - Processing file /opt/airflow/dags/kafka_stream.py for tasks to queue
[2025-04-26T17:13:27.886+0000] {logging_mixin.py:151} INFO - [2025-04-26T17:13:27.886+0000] {dagbag.py:539} INFO - Filling up the DagBag from /opt/airflow/dags/kafka_stream.py
[2025-04-26T17:13:27.948+0000] {processor.py:839} INFO - DAG(s) dict_keys(['user_automation']) retrieved from /opt/airflow/dags/kafka_stream.py
[2025-04-26T17:13:28.000+0000] {logging_mixin.py:151} INFO - [2025-04-26T17:13:28.000+0000] {dag.py:2907} INFO - Sync 1 DAGs
[2025-04-26T17:13:28.038+0000] {logging_mixin.py:151} INFO - [2025-04-26T17:13:28.038+0000] {dag.py:3677} INFO - Setting next_dagrun for user_automation to 2025-04-26T00:00:00+00:00, run_after=2025-04-27T00:00:00+00:00
[2025-04-26T17:13:28.083+0000] {processor.py:179} INFO - Processing /opt/airflow/dags/kafka_stream.py took 0.207 seconds
[2025-04-26T17:13:58.212+0000] {processor.py:157} INFO - Started process (PID=837) to work on /opt/airflow/dags/kafka_stream.py
[2025-04-26T17:13:58.214+0000] {processor.py:829} INFO - Processing file /opt/airflow/dags/kafka_stream.py for tasks to queue
[2025-04-26T17:13:58.216+0000] {logging_mixin.py:151} INFO - [2025-04-26T17:13:58.215+0000] {dagbag.py:539} INFO - Filling up the DagBag from /opt/airflow/dags/kafka_stream.py
[2025-04-26T17:13:58.278+0000] {processor.py:839} INFO - DAG(s) dict_keys(['user_automation']) retrieved from /opt/airflow/dags/kafka_stream.py
[2025-04-26T17:13:58.321+0000] {logging_mixin.py:151} INFO - [2025-04-26T17:13:58.321+0000] {dag.py:2907} INFO - Sync 1 DAGs
[2025-04-26T17:13:58.359+0000] {logging_mixin.py:151} INFO - [2025-04-26T17:13:58.358+0000] {dag.py:3677} INFO - Setting next_dagrun for user_automation to 2025-04-26T00:00:00+00:00, run_after=2025-04-27T00:00:00+00:00
[2025-04-26T17:13:58.403+0000] {processor.py:179} INFO - Processing /opt/airflow/dags/kafka_stream.py took 0.198 seconds
[2025-04-26T17:14:28.775+0000] {processor.py:157} INFO - Started process (PID=838) to work on /opt/airflow/dags/kafka_stream.py
[2025-04-26T17:14:28.777+0000] {processor.py:829} INFO - Processing file /opt/airflow/dags/kafka_stream.py for tasks to queue
[2025-04-26T17:14:28.779+0000] {logging_mixin.py:151} INFO - [2025-04-26T17:14:28.779+0000] {dagbag.py:539} INFO - Filling up the DagBag from /opt/airflow/dags/kafka_stream.py
[2025-04-26T17:14:28.843+0000] {processor.py:839} INFO - DAG(s) dict_keys(['user_automation']) retrieved from /opt/airflow/dags/kafka_stream.py
[2025-04-26T17:14:28.889+0000] {logging_mixin.py:151} INFO - [2025-04-26T17:14:28.889+0000] {dag.py:2907} INFO - Sync 1 DAGs
[2025-04-26T17:14:28.932+0000] {logging_mixin.py:151} INFO - [2025-04-26T17:14:28.932+0000] {dag.py:3677} INFO - Setting next_dagrun for user_automation to 2025-04-26T00:00:00+00:00, run_after=2025-04-27T00:00:00+00:00
[2025-04-26T17:14:28.978+0000] {processor.py:179} INFO - Processing /opt/airflow/dags/kafka_stream.py took 0.209 seconds
[2025-04-26T17:14:59.108+0000] {processor.py:157} INFO - Started process (PID=839) to work on /opt/airflow/dags/kafka_stream.py
[2025-04-26T17:14:59.110+0000] {processor.py:829} INFO - Processing file /opt/airflow/dags/kafka_stream.py for tasks to queue
[2025-04-26T17:14:59.113+0000] {logging_mixin.py:151} INFO - [2025-04-26T17:14:59.112+0000] {dagbag.py:539} INFO - Filling up the DagBag from /opt/airflow/dags/kafka_stream.py
[2025-04-26T17:14:59.169+0000] {processor.py:839} INFO - DAG(s) dict_keys(['user_automation']) retrieved from /opt/airflow/dags/kafka_stream.py
[2025-04-26T17:14:59.205+0000] {logging_mixin.py:151} INFO - [2025-04-26T17:14:59.205+0000] {dag.py:2907} INFO - Sync 1 DAGs
[2025-04-26T17:14:59.237+0000] {logging_mixin.py:151} INFO - [2025-04-26T17:14:59.236+0000] {dag.py:3677} INFO - Setting next_dagrun for user_automation to 2025-04-26T00:00:00+00:00, run_after=2025-04-27T00:00:00+00:00
[2025-04-26T17:14:59.282+0000] {processor.py:179} INFO - Processing /opt/airflow/dags/kafka_stream.py took 0.181 seconds
[2025-04-26T17:15:29.659+0000] {processor.py:157} INFO - Started process (PID=840) to work on /opt/airflow/dags/kafka_stream.py
[2025-04-26T17:15:29.662+0000] {processor.py:829} INFO - Processing file /opt/airflow/dags/kafka_stream.py for tasks to queue
[2025-04-26T17:15:29.664+0000] {logging_mixin.py:151} INFO - [2025-04-26T17:15:29.663+0000] {dagbag.py:539} INFO - Filling up the DagBag from /opt/airflow/dags/kafka_stream.py
[2025-04-26T17:15:29.724+0000] {processor.py:839} INFO - DAG(s) dict_keys(['user_automation']) retrieved from /opt/airflow/dags/kafka_stream.py
[2025-04-26T17:15:29.774+0000] {logging_mixin.py:151} INFO - [2025-04-26T17:15:29.774+0000] {dag.py:2907} INFO - Sync 1 DAGs
[2025-04-26T17:15:29.815+0000] {logging_mixin.py:151} INFO - [2025-04-26T17:15:29.814+0000] {dag.py:3677} INFO - Setting next_dagrun for user_automation to 2025-04-26T00:00:00+00:00, run_after=2025-04-27T00:00:00+00:00
[2025-04-26T17:15:29.862+0000] {processor.py:179} INFO - Processing /opt/airflow/dags/kafka_stream.py took 0.208 seconds
[2025-04-26T17:15:59.989+0000] {processor.py:157} INFO - Started process (PID=841) to work on /opt/airflow/dags/kafka_stream.py
[2025-04-26T17:15:59.991+0000] {processor.py:829} INFO - Processing file /opt/airflow/dags/kafka_stream.py for tasks to queue
[2025-04-26T17:15:59.993+0000] {logging_mixin.py:151} INFO - [2025-04-26T17:15:59.992+0000] {dagbag.py:539} INFO - Filling up the DagBag from /opt/airflow/dags/kafka_stream.py
[2025-04-26T17:16:00.048+0000] {processor.py:839} INFO - DAG(s) dict_keys(['user_automation']) retrieved from /opt/airflow/dags/kafka_stream.py
[2025-04-26T17:16:00.086+0000] {logging_mixin.py:151} INFO - [2025-04-26T17:16:00.086+0000] {dag.py:2907} INFO - Sync 1 DAGs
[2025-04-26T17:16:00.118+0000] {logging_mixin.py:151} INFO - [2025-04-26T17:16:00.117+0000] {dag.py:3677} INFO - Setting next_dagrun for user_automation to 2025-04-26T00:00:00+00:00, run_after=2025-04-27T00:00:00+00:00
[2025-04-26T17:16:00.165+0000] {processor.py:179} INFO - Processing /opt/airflow/dags/kafka_stream.py took 0.182 seconds
[2025-04-26T17:16:30.528+0000] {processor.py:157} INFO - Started process (PID=842) to work on /opt/airflow/dags/kafka_stream.py
[2025-04-26T17:16:30.530+0000] {processor.py:829} INFO - Processing file /opt/airflow/dags/kafka_stream.py for tasks to queue
[2025-04-26T17:16:30.533+0000] {logging_mixin.py:151} INFO - [2025-04-26T17:16:30.532+0000] {dagbag.py:539} INFO - Filling up the DagBag from /opt/airflow/dags/kafka_stream.py
[2025-04-26T17:16:30.587+0000] {processor.py:839} INFO - DAG(s) dict_keys(['user_automation']) retrieved from /opt/airflow/dags/kafka_stream.py
[2025-04-26T17:16:30.630+0000] {logging_mixin.py:151} INFO - [2025-04-26T17:16:30.630+0000] {dag.py:2907} INFO - Sync 1 DAGs
[2025-04-26T17:16:30.668+0000] {logging_mixin.py:151} INFO - [2025-04-26T17:16:30.668+0000] {dag.py:3677} INFO - Setting next_dagrun for user_automation to 2025-04-26T00:00:00+00:00, run_after=2025-04-27T00:00:00+00:00
[2025-04-26T17:16:30.710+0000] {processor.py:179} INFO - Processing /opt/airflow/dags/kafka_stream.py took 0.187 seconds
[2025-04-26T17:17:00.978+0000] {processor.py:157} INFO - Started process (PID=843) to work on /opt/airflow/dags/kafka_stream.py
[2025-04-26T17:17:00.980+0000] {processor.py:829} INFO - Processing file /opt/airflow/dags/kafka_stream.py for tasks to queue
[2025-04-26T17:17:00.982+0000] {logging_mixin.py:151} INFO - [2025-04-26T17:17:00.981+0000] {dagbag.py:539} INFO - Filling up the DagBag from /opt/airflow/dags/kafka_stream.py
[2025-04-26T17:17:01.040+0000] {processor.py:839} INFO - DAG(s) dict_keys(['user_automation']) retrieved from /opt/airflow/dags/kafka_stream.py
[2025-04-26T17:17:01.087+0000] {logging_mixin.py:151} INFO - [2025-04-26T17:17:01.086+0000] {dag.py:2907} INFO - Sync 1 DAGs
[2025-04-26T17:17:01.123+0000] {logging_mixin.py:151} INFO - [2025-04-26T17:17:01.123+0000] {dag.py:3677} INFO - Setting next_dagrun for user_automation to 2025-04-26T00:00:00+00:00, run_after=2025-04-27T00:00:00+00:00
[2025-04-26T17:17:01.171+0000] {processor.py:179} INFO - Processing /opt/airflow/dags/kafka_stream.py took 0.198 seconds
[2025-04-26T17:17:31.377+0000] {processor.py:157} INFO - Started process (PID=844) to work on /opt/airflow/dags/kafka_stream.py
[2025-04-26T17:17:31.379+0000] {processor.py:829} INFO - Processing file /opt/airflow/dags/kafka_stream.py for tasks to queue
[2025-04-26T17:17:31.382+0000] {logging_mixin.py:151} INFO - [2025-04-26T17:17:31.381+0000] {dagbag.py:539} INFO - Filling up the DagBag from /opt/airflow/dags/kafka_stream.py
[2025-04-26T17:17:31.441+0000] {processor.py:839} INFO - DAG(s) dict_keys(['user_automation']) retrieved from /opt/airflow/dags/kafka_stream.py
[2025-04-26T17:17:31.483+0000] {logging_mixin.py:151} INFO - [2025-04-26T17:17:31.483+0000] {dag.py:2907} INFO - Sync 1 DAGs
[2025-04-26T17:17:31.519+0000] {logging_mixin.py:151} INFO - [2025-04-26T17:17:31.519+0000] {dag.py:3677} INFO - Setting next_dagrun for user_automation to 2025-04-26T00:00:00+00:00, run_after=2025-04-27T00:00:00+00:00
[2025-04-26T17:17:31.551+0000] {processor.py:179} INFO - Processing /opt/airflow/dags/kafka_stream.py took 0.179 seconds
[2025-04-26T17:18:01.829+0000] {processor.py:157} INFO - Started process (PID=845) to work on /opt/airflow/dags/kafka_stream.py
[2025-04-26T17:18:01.831+0000] {processor.py:829} INFO - Processing file /opt/airflow/dags/kafka_stream.py for tasks to queue
[2025-04-26T17:18:01.833+0000] {logging_mixin.py:151} INFO - [2025-04-26T17:18:01.833+0000] {dagbag.py:539} INFO - Filling up the DagBag from /opt/airflow/dags/kafka_stream.py
[2025-04-26T17:18:01.897+0000] {processor.py:839} INFO - DAG(s) dict_keys(['user_automation']) retrieved from /opt/airflow/dags/kafka_stream.py
[2025-04-26T17:18:01.947+0000] {logging_mixin.py:151} INFO - [2025-04-26T17:18:01.947+0000] {dag.py:2907} INFO - Sync 1 DAGs
[2025-04-26T17:18:01.979+0000] {logging_mixin.py:151} INFO - [2025-04-26T17:18:01.979+0000] {dag.py:3677} INFO - Setting next_dagrun for user_automation to 2025-04-26T00:00:00+00:00, run_after=2025-04-27T00:00:00+00:00
[2025-04-26T17:18:02.021+0000] {processor.py:179} INFO - Processing /opt/airflow/dags/kafka_stream.py took 0.200 seconds
[2025-04-26T17:18:32.221+0000] {processor.py:157} INFO - Started process (PID=846) to work on /opt/airflow/dags/kafka_stream.py
[2025-04-26T17:18:32.223+0000] {processor.py:829} INFO - Processing file /opt/airflow/dags/kafka_stream.py for tasks to queue
[2025-04-26T17:18:32.225+0000] {logging_mixin.py:151} INFO - [2025-04-26T17:18:32.225+0000] {dagbag.py:539} INFO - Filling up the DagBag from /opt/airflow/dags/kafka_stream.py
[2025-04-26T17:18:32.291+0000] {processor.py:839} INFO - DAG(s) dict_keys(['user_automation']) retrieved from /opt/airflow/dags/kafka_stream.py
[2025-04-26T17:18:32.340+0000] {logging_mixin.py:151} INFO - [2025-04-26T17:18:32.340+0000] {dag.py:2907} INFO - Sync 1 DAGs
[2025-04-26T17:18:32.373+0000] {logging_mixin.py:151} INFO - [2025-04-26T17:18:32.373+0000] {dag.py:3677} INFO - Setting next_dagrun for user_automation to 2025-04-26T00:00:00+00:00, run_after=2025-04-27T00:00:00+00:00
[2025-04-26T17:18:32.415+0000] {processor.py:179} INFO - Processing /opt/airflow/dags/kafka_stream.py took 0.200 seconds
[2025-04-26T17:19:02.677+0000] {processor.py:157} INFO - Started process (PID=847) to work on /opt/airflow/dags/kafka_stream.py
[2025-04-26T17:19:02.680+0000] {processor.py:829} INFO - Processing file /opt/airflow/dags/kafka_stream.py for tasks to queue
[2025-04-26T17:19:02.683+0000] {logging_mixin.py:151} INFO - [2025-04-26T17:19:02.682+0000] {dagbag.py:539} INFO - Filling up the DagBag from /opt/airflow/dags/kafka_stream.py
[2025-04-26T17:19:02.745+0000] {processor.py:839} INFO - DAG(s) dict_keys(['user_automation']) retrieved from /opt/airflow/dags/kafka_stream.py
[2025-04-26T17:19:02.789+0000] {logging_mixin.py:151} INFO - [2025-04-26T17:19:02.788+0000] {dag.py:2907} INFO - Sync 1 DAGs
[2025-04-26T17:19:02.828+0000] {logging_mixin.py:151} INFO - [2025-04-26T17:19:02.828+0000] {dag.py:3677} INFO - Setting next_dagrun for user_automation to 2025-04-26T00:00:00+00:00, run_after=2025-04-27T00:00:00+00:00
[2025-04-26T17:19:02.875+0000] {processor.py:179} INFO - Processing /opt/airflow/dags/kafka_stream.py took 0.205 seconds
[2025-04-26T17:19:33.048+0000] {processor.py:157} INFO - Started process (PID=848) to work on /opt/airflow/dags/kafka_stream.py
[2025-04-26T17:19:33.050+0000] {processor.py:829} INFO - Processing file /opt/airflow/dags/kafka_stream.py for tasks to queue
[2025-04-26T17:19:33.052+0000] {logging_mixin.py:151} INFO - [2025-04-26T17:19:33.051+0000] {dagbag.py:539} INFO - Filling up the DagBag from /opt/airflow/dags/kafka_stream.py
[2025-04-26T17:19:33.108+0000] {processor.py:839} INFO - DAG(s) dict_keys(['user_automation']) retrieved from /opt/airflow/dags/kafka_stream.py
[2025-04-26T17:19:33.152+0000] {logging_mixin.py:151} INFO - [2025-04-26T17:19:33.152+0000] {dag.py:2907} INFO - Sync 1 DAGs
[2025-04-26T17:19:33.197+0000] {logging_mixin.py:151} INFO - [2025-04-26T17:19:33.197+0000] {dag.py:3677} INFO - Setting next_dagrun for user_automation to 2025-04-26T00:00:00+00:00, run_after=2025-04-27T00:00:00+00:00
[2025-04-26T17:19:33.245+0000] {processor.py:179} INFO - Processing /opt/airflow/dags/kafka_stream.py took 0.202 seconds
[2025-04-26T17:20:03.533+0000] {processor.py:157} INFO - Started process (PID=849) to work on /opt/airflow/dags/kafka_stream.py
[2025-04-26T17:20:03.534+0000] {processor.py:829} INFO - Processing file /opt/airflow/dags/kafka_stream.py for tasks to queue
[2025-04-26T17:20:03.536+0000] {logging_mixin.py:151} INFO - [2025-04-26T17:20:03.535+0000] {dagbag.py:539} INFO - Filling up the DagBag from /opt/airflow/dags/kafka_stream.py
[2025-04-26T17:20:03.590+0000] {processor.py:839} INFO - DAG(s) dict_keys(['user_automation']) retrieved from /opt/airflow/dags/kafka_stream.py
[2025-04-26T17:20:03.633+0000] {logging_mixin.py:151} INFO - [2025-04-26T17:20:03.633+0000] {dag.py:2907} INFO - Sync 1 DAGs
[2025-04-26T17:20:03.678+0000] {logging_mixin.py:151} INFO - [2025-04-26T17:20:03.678+0000] {dag.py:3677} INFO - Setting next_dagrun for user_automation to 2025-04-26T00:00:00+00:00, run_after=2025-04-27T00:00:00+00:00
[2025-04-26T17:20:03.718+0000] {processor.py:179} INFO - Processing /opt/airflow/dags/kafka_stream.py took 0.191 seconds
[2025-04-26T17:20:33.903+0000] {processor.py:157} INFO - Started process (PID=850) to work on /opt/airflow/dags/kafka_stream.py
[2025-04-26T17:20:33.905+0000] {processor.py:829} INFO - Processing file /opt/airflow/dags/kafka_stream.py for tasks to queue
[2025-04-26T17:20:33.907+0000] {logging_mixin.py:151} INFO - [2025-04-26T17:20:33.907+0000] {dagbag.py:539} INFO - Filling up the DagBag from /opt/airflow/dags/kafka_stream.py
[2025-04-26T17:20:33.965+0000] {processor.py:839} INFO - DAG(s) dict_keys(['user_automation']) retrieved from /opt/airflow/dags/kafka_stream.py
[2025-04-26T17:20:34.010+0000] {logging_mixin.py:151} INFO - [2025-04-26T17:20:34.010+0000] {dag.py:2907} INFO - Sync 1 DAGs
[2025-04-26T17:20:34.049+0000] {logging_mixin.py:151} INFO - [2025-04-26T17:20:34.049+0000] {dag.py:3677} INFO - Setting next_dagrun for user_automation to 2025-04-26T00:00:00+00:00, run_after=2025-04-27T00:00:00+00:00
[2025-04-26T17:20:34.096+0000] {processor.py:179} INFO - Processing /opt/airflow/dags/kafka_stream.py took 0.200 seconds
[2025-04-26T17:21:04.379+0000] {processor.py:157} INFO - Started process (PID=851) to work on /opt/airflow/dags/kafka_stream.py
[2025-04-26T17:21:04.382+0000] {processor.py:829} INFO - Processing file /opt/airflow/dags/kafka_stream.py for tasks to queue
[2025-04-26T17:21:04.384+0000] {logging_mixin.py:151} INFO - [2025-04-26T17:21:04.383+0000] {dagbag.py:539} INFO - Filling up the DagBag from /opt/airflow/dags/kafka_stream.py
[2025-04-26T17:21:04.443+0000] {processor.py:839} INFO - DAG(s) dict_keys(['user_automation']) retrieved from /opt/airflow/dags/kafka_stream.py
[2025-04-26T17:21:04.489+0000] {logging_mixin.py:151} INFO - [2025-04-26T17:21:04.488+0000] {dag.py:2907} INFO - Sync 1 DAGs
[2025-04-26T17:21:04.529+0000] {logging_mixin.py:151} INFO - [2025-04-26T17:21:04.529+0000] {dag.py:3677} INFO - Setting next_dagrun for user_automation to 2025-04-26T00:00:00+00:00, run_after=2025-04-27T00:00:00+00:00
[2025-04-26T17:21:04.565+0000] {processor.py:179} INFO - Processing /opt/airflow/dags/kafka_stream.py took 0.192 seconds
[2025-04-26T17:21:34.757+0000] {processor.py:157} INFO - Started process (PID=852) to work on /opt/airflow/dags/kafka_stream.py
[2025-04-26T17:21:34.759+0000] {processor.py:829} INFO - Processing file /opt/airflow/dags/kafka_stream.py for tasks to queue
[2025-04-26T17:21:34.762+0000] {logging_mixin.py:151} INFO - [2025-04-26T17:21:34.761+0000] {dagbag.py:539} INFO - Filling up the DagBag from /opt/airflow/dags/kafka_stream.py
[2025-04-26T17:21:34.821+0000] {processor.py:839} INFO - DAG(s) dict_keys(['user_automation']) retrieved from /opt/airflow/dags/kafka_stream.py
[2025-04-26T17:21:34.868+0000] {logging_mixin.py:151} INFO - [2025-04-26T17:21:34.868+0000] {dag.py:2907} INFO - Sync 1 DAGs
[2025-04-26T17:21:34.907+0000] {logging_mixin.py:151} INFO - [2025-04-26T17:21:34.907+0000] {dag.py:3677} INFO - Setting next_dagrun for user_automation to 2025-04-26T00:00:00+00:00, run_after=2025-04-27T00:00:00+00:00
[2025-04-26T17:21:34.944+0000] {processor.py:179} INFO - Processing /opt/airflow/dags/kafka_stream.py took 0.192 seconds
[2025-04-26T17:22:05.257+0000] {processor.py:157} INFO - Started process (PID=853) to work on /opt/airflow/dags/kafka_stream.py
[2025-04-26T17:22:05.259+0000] {processor.py:829} INFO - Processing file /opt/airflow/dags/kafka_stream.py for tasks to queue
[2025-04-26T17:22:05.261+0000] {logging_mixin.py:151} INFO - [2025-04-26T17:22:05.261+0000] {dagbag.py:539} INFO - Filling up the DagBag from /opt/airflow/dags/kafka_stream.py
[2025-04-26T17:22:05.324+0000] {processor.py:839} INFO - DAG(s) dict_keys(['user_automation']) retrieved from /opt/airflow/dags/kafka_stream.py
[2025-04-26T17:22:05.370+0000] {logging_mixin.py:151} INFO - [2025-04-26T17:22:05.370+0000] {dag.py:2907} INFO - Sync 1 DAGs
[2025-04-26T17:22:05.408+0000] {logging_mixin.py:151} INFO - [2025-04-26T17:22:05.407+0000] {dag.py:3677} INFO - Setting next_dagrun for user_automation to 2025-04-26T00:00:00+00:00, run_after=2025-04-27T00:00:00+00:00
[2025-04-26T17:22:05.453+0000] {processor.py:179} INFO - Processing /opt/airflow/dags/kafka_stream.py took 0.201 seconds
[2025-04-26T17:22:35.601+0000] {processor.py:157} INFO - Started process (PID=854) to work on /opt/airflow/dags/kafka_stream.py
[2025-04-26T17:22:35.603+0000] {processor.py:829} INFO - Processing file /opt/airflow/dags/kafka_stream.py for tasks to queue
[2025-04-26T17:22:35.605+0000] {logging_mixin.py:151} INFO - [2025-04-26T17:22:35.605+0000] {dagbag.py:539} INFO - Filling up the DagBag from /opt/airflow/dags/kafka_stream.py
[2025-04-26T17:22:35.663+0000] {processor.py:839} INFO - DAG(s) dict_keys(['user_automation']) retrieved from /opt/airflow/dags/kafka_stream.py
[2025-04-26T17:22:35.706+0000] {logging_mixin.py:151} INFO - [2025-04-26T17:22:35.706+0000] {dag.py:2907} INFO - Sync 1 DAGs
[2025-04-26T17:22:35.739+0000] {logging_mixin.py:151} INFO - [2025-04-26T17:22:35.739+0000] {dag.py:3677} INFO - Setting next_dagrun for user_automation to 2025-04-26T00:00:00+00:00, run_after=2025-04-27T00:00:00+00:00
[2025-04-26T17:22:35.777+0000] {processor.py:179} INFO - Processing /opt/airflow/dags/kafka_stream.py took 0.181 seconds
[2025-04-26T17:23:05.936+0000] {processor.py:157} INFO - Started process (PID=855) to work on /opt/airflow/dags/kafka_stream.py
[2025-04-26T17:23:05.937+0000] {processor.py:829} INFO - Processing file /opt/airflow/dags/kafka_stream.py for tasks to queue
[2025-04-26T17:23:05.939+0000] {logging_mixin.py:151} INFO - [2025-04-26T17:23:05.939+0000] {dagbag.py:539} INFO - Filling up the DagBag from /opt/airflow/dags/kafka_stream.py
[2025-04-26T17:23:05.981+0000] {processor.py:839} INFO - DAG(s) dict_keys(['user_automation']) retrieved from /opt/airflow/dags/kafka_stream.py
[2025-04-26T17:23:06.015+0000] {logging_mixin.py:151} INFO - [2025-04-26T17:23:06.015+0000] {dag.py:2907} INFO - Sync 1 DAGs
[2025-04-26T17:23:06.045+0000] {logging_mixin.py:151} INFO - [2025-04-26T17:23:06.044+0000] {dag.py:3677} INFO - Setting next_dagrun for user_automation to 2025-04-26T00:00:00+00:00, run_after=2025-04-27T00:00:00+00:00
[2025-04-26T17:23:06.087+0000] {processor.py:179} INFO - Processing /opt/airflow/dags/kafka_stream.py took 0.156 seconds
[2025-04-26T17:23:36.453+0000] {processor.py:157} INFO - Started process (PID=856) to work on /opt/airflow/dags/kafka_stream.py
[2025-04-26T17:23:36.455+0000] {processor.py:829} INFO - Processing file /opt/airflow/dags/kafka_stream.py for tasks to queue
[2025-04-26T17:23:36.457+0000] {logging_mixin.py:151} INFO - [2025-04-26T17:23:36.457+0000] {dagbag.py:539} INFO - Filling up the DagBag from /opt/airflow/dags/kafka_stream.py
[2025-04-26T17:23:36.512+0000] {processor.py:839} INFO - DAG(s) dict_keys(['user_automation']) retrieved from /opt/airflow/dags/kafka_stream.py
[2025-04-26T17:23:36.556+0000] {logging_mixin.py:151} INFO - [2025-04-26T17:23:36.556+0000] {dag.py:2907} INFO - Sync 1 DAGs
[2025-04-26T17:23:36.595+0000] {logging_mixin.py:151} INFO - [2025-04-26T17:23:36.594+0000] {dag.py:3677} INFO - Setting next_dagrun for user_automation to 2025-04-26T00:00:00+00:00, run_after=2025-04-27T00:00:00+00:00
[2025-04-26T17:23:36.644+0000] {processor.py:179} INFO - Processing /opt/airflow/dags/kafka_stream.py took 0.195 seconds
[2025-04-26T17:24:06.807+0000] {processor.py:157} INFO - Started process (PID=857) to work on /opt/airflow/dags/kafka_stream.py
[2025-04-26T17:24:06.809+0000] {processor.py:829} INFO - Processing file /opt/airflow/dags/kafka_stream.py for tasks to queue
[2025-04-26T17:24:06.811+0000] {logging_mixin.py:151} INFO - [2025-04-26T17:24:06.810+0000] {dagbag.py:539} INFO - Filling up the DagBag from /opt/airflow/dags/kafka_stream.py
[2025-04-26T17:24:06.867+0000] {processor.py:839} INFO - DAG(s) dict_keys(['user_automation']) retrieved from /opt/airflow/dags/kafka_stream.py
[2025-04-26T17:24:06.917+0000] {logging_mixin.py:151} INFO - [2025-04-26T17:24:06.916+0000] {dag.py:2907} INFO - Sync 1 DAGs
[2025-04-26T17:24:06.955+0000] {logging_mixin.py:151} INFO - [2025-04-26T17:24:06.955+0000] {dag.py:3677} INFO - Setting next_dagrun for user_automation to 2025-04-26T00:00:00+00:00, run_after=2025-04-27T00:00:00+00:00
[2025-04-26T17:24:07.004+0000] {processor.py:179} INFO - Processing /opt/airflow/dags/kafka_stream.py took 0.204 seconds
[2025-04-26T17:24:37.286+0000] {processor.py:157} INFO - Started process (PID=858) to work on /opt/airflow/dags/kafka_stream.py
[2025-04-26T17:24:37.288+0000] {processor.py:829} INFO - Processing file /opt/airflow/dags/kafka_stream.py for tasks to queue
[2025-04-26T17:24:37.289+0000] {logging_mixin.py:151} INFO - [2025-04-26T17:24:37.289+0000] {dagbag.py:539} INFO - Filling up the DagBag from /opt/airflow/dags/kafka_stream.py
[2025-04-26T17:24:37.331+0000] {processor.py:839} INFO - DAG(s) dict_keys(['user_automation']) retrieved from /opt/airflow/dags/kafka_stream.py
[2025-04-26T17:24:37.377+0000] {logging_mixin.py:151} INFO - [2025-04-26T17:24:37.376+0000] {dag.py:2907} INFO - Sync 1 DAGs
[2025-04-26T17:24:37.412+0000] {logging_mixin.py:151} INFO - [2025-04-26T17:24:37.412+0000] {dag.py:3677} INFO - Setting next_dagrun for user_automation to 2025-04-26T00:00:00+00:00, run_after=2025-04-27T00:00:00+00:00
[2025-04-26T17:24:37.454+0000] {processor.py:179} INFO - Processing /opt/airflow/dags/kafka_stream.py took 0.172 seconds
[2025-04-26T17:25:07.631+0000] {processor.py:157} INFO - Started process (PID=859) to work on /opt/airflow/dags/kafka_stream.py
[2025-04-26T17:25:07.633+0000] {processor.py:829} INFO - Processing file /opt/airflow/dags/kafka_stream.py for tasks to queue
[2025-04-26T17:25:07.635+0000] {logging_mixin.py:151} INFO - [2025-04-26T17:25:07.635+0000] {dagbag.py:539} INFO - Filling up the DagBag from /opt/airflow/dags/kafka_stream.py
[2025-04-26T17:25:07.689+0000] {processor.py:839} INFO - DAG(s) dict_keys(['user_automation']) retrieved from /opt/airflow/dags/kafka_stream.py
[2025-04-26T17:25:07.729+0000] {logging_mixin.py:151} INFO - [2025-04-26T17:25:07.729+0000] {dag.py:2907} INFO - Sync 1 DAGs
[2025-04-26T17:25:07.766+0000] {logging_mixin.py:151} INFO - [2025-04-26T17:25:07.766+0000] {dag.py:3677} INFO - Setting next_dagrun for user_automation to 2025-04-26T00:00:00+00:00, run_after=2025-04-27T00:00:00+00:00
[2025-04-26T17:25:07.809+0000] {processor.py:179} INFO - Processing /opt/airflow/dags/kafka_stream.py took 0.183 seconds
[2025-04-26T17:25:38.079+0000] {processor.py:157} INFO - Started process (PID=860) to work on /opt/airflow/dags/kafka_stream.py
[2025-04-26T17:25:38.081+0000] {processor.py:829} INFO - Processing file /opt/airflow/dags/kafka_stream.py for tasks to queue
[2025-04-26T17:25:38.083+0000] {logging_mixin.py:151} INFO - [2025-04-26T17:25:38.083+0000] {dagbag.py:539} INFO - Filling up the DagBag from /opt/airflow/dags/kafka_stream.py
[2025-04-26T17:25:38.144+0000] {processor.py:839} INFO - DAG(s) dict_keys(['user_automation']) retrieved from /opt/airflow/dags/kafka_stream.py
[2025-04-26T17:25:38.186+0000] {logging_mixin.py:151} INFO - [2025-04-26T17:25:38.186+0000] {dag.py:2907} INFO - Sync 1 DAGs
[2025-04-26T17:25:38.224+0000] {logging_mixin.py:151} INFO - [2025-04-26T17:25:38.224+0000] {dag.py:3677} INFO - Setting next_dagrun for user_automation to 2025-04-26T00:00:00+00:00, run_after=2025-04-27T00:00:00+00:00
[2025-04-26T17:25:38.272+0000] {processor.py:179} INFO - Processing /opt/airflow/dags/kafka_stream.py took 0.198 seconds
[2025-04-26T17:26:08.904+0000] {processor.py:157} INFO - Started process (PID=861) to work on /opt/airflow/dags/kafka_stream.py
[2025-04-26T17:26:08.906+0000] {processor.py:829} INFO - Processing file /opt/airflow/dags/kafka_stream.py for tasks to queue
[2025-04-26T17:26:08.909+0000] {logging_mixin.py:151} INFO - [2025-04-26T17:26:08.908+0000] {dagbag.py:539} INFO - Filling up the DagBag from /opt/airflow/dags/kafka_stream.py
[2025-04-26T17:26:08.984+0000] {processor.py:839} INFO - DAG(s) dict_keys(['user_automation']) retrieved from /opt/airflow/dags/kafka_stream.py
[2025-04-26T17:26:09.033+0000] {logging_mixin.py:151} INFO - [2025-04-26T17:26:09.033+0000] {dag.py:2907} INFO - Sync 1 DAGs
[2025-04-26T17:26:09.082+0000] {logging_mixin.py:151} INFO - [2025-04-26T17:26:09.082+0000] {dag.py:3677} INFO - Setting next_dagrun for user_automation to 2025-04-26T00:00:00+00:00, run_after=2025-04-27T00:00:00+00:00
[2025-04-26T17:26:09.137+0000] {processor.py:179} INFO - Processing /opt/airflow/dags/kafka_stream.py took 0.238 seconds
[2025-04-26T17:26:39.217+0000] {processor.py:157} INFO - Started process (PID=862) to work on /opt/airflow/dags/kafka_stream.py
[2025-04-26T17:26:39.219+0000] {processor.py:829} INFO - Processing file /opt/airflow/dags/kafka_stream.py for tasks to queue
[2025-04-26T17:26:39.221+0000] {logging_mixin.py:151} INFO - [2025-04-26T17:26:39.220+0000] {dagbag.py:539} INFO - Filling up the DagBag from /opt/airflow/dags/kafka_stream.py
[2025-04-26T17:26:39.283+0000] {processor.py:839} INFO - DAG(s) dict_keys(['user_automation']) retrieved from /opt/airflow/dags/kafka_stream.py
[2025-04-26T17:26:39.337+0000] {logging_mixin.py:151} INFO - [2025-04-26T17:26:39.336+0000] {dag.py:2907} INFO - Sync 1 DAGs
[2025-04-26T17:26:39.371+0000] {logging_mixin.py:151} INFO - [2025-04-26T17:26:39.370+0000] {dag.py:3677} INFO - Setting next_dagrun for user_automation to 2025-04-26T00:00:00+00:00, run_after=2025-04-27T00:00:00+00:00
[2025-04-26T17:26:39.418+0000] {processor.py:179} INFO - Processing /opt/airflow/dags/kafka_stream.py took 0.206 seconds
[2025-04-26T17:27:09.605+0000] {processor.py:157} INFO - Started process (PID=863) to work on /opt/airflow/dags/kafka_stream.py
[2025-04-26T17:27:09.607+0000] {processor.py:829} INFO - Processing file /opt/airflow/dags/kafka_stream.py for tasks to queue
[2025-04-26T17:27:09.610+0000] {logging_mixin.py:151} INFO - [2025-04-26T17:27:09.609+0000] {dagbag.py:539} INFO - Filling up the DagBag from /opt/airflow/dags/kafka_stream.py
[2025-04-26T17:27:09.671+0000] {processor.py:839} INFO - DAG(s) dict_keys(['user_automation']) retrieved from /opt/airflow/dags/kafka_stream.py
[2025-04-26T17:27:09.719+0000] {logging_mixin.py:151} INFO - [2025-04-26T17:27:09.719+0000] {dag.py:2907} INFO - Sync 1 DAGs
[2025-04-26T17:27:09.753+0000] {logging_mixin.py:151} INFO - [2025-04-26T17:27:09.753+0000] {dag.py:3677} INFO - Setting next_dagrun for user_automation to 2025-04-26T00:00:00+00:00, run_after=2025-04-27T00:00:00+00:00
[2025-04-26T17:27:09.799+0000] {processor.py:179} INFO - Processing /opt/airflow/dags/kafka_stream.py took 0.201 seconds
[2025-04-26T17:27:40.064+0000] {processor.py:157} INFO - Started process (PID=864) to work on /opt/airflow/dags/kafka_stream.py
[2025-04-26T17:27:40.066+0000] {processor.py:829} INFO - Processing file /opt/airflow/dags/kafka_stream.py for tasks to queue
[2025-04-26T17:27:40.068+0000] {logging_mixin.py:151} INFO - [2025-04-26T17:27:40.068+0000] {dagbag.py:539} INFO - Filling up the DagBag from /opt/airflow/dags/kafka_stream.py
[2025-04-26T17:27:40.125+0000] {processor.py:839} INFO - DAG(s) dict_keys(['user_automation']) retrieved from /opt/airflow/dags/kafka_stream.py
[2025-04-26T17:27:40.168+0000] {logging_mixin.py:151} INFO - [2025-04-26T17:27:40.167+0000] {dag.py:2907} INFO - Sync 1 DAGs
[2025-04-26T17:27:40.199+0000] {logging_mixin.py:151} INFO - [2025-04-26T17:27:40.198+0000] {dag.py:3677} INFO - Setting next_dagrun for user_automation to 2025-04-26T00:00:00+00:00, run_after=2025-04-27T00:00:00+00:00
[2025-04-26T17:27:40.240+0000] {processor.py:179} INFO - Processing /opt/airflow/dags/kafka_stream.py took 0.181 seconds
[2025-04-26T17:28:10.416+0000] {processor.py:157} INFO - Started process (PID=865) to work on /opt/airflow/dags/kafka_stream.py
[2025-04-26T17:28:10.418+0000] {processor.py:829} INFO - Processing file /opt/airflow/dags/kafka_stream.py for tasks to queue
[2025-04-26T17:28:10.419+0000] {logging_mixin.py:151} INFO - [2025-04-26T17:28:10.419+0000] {dagbag.py:539} INFO - Filling up the DagBag from /opt/airflow/dags/kafka_stream.py
[2025-04-26T17:28:10.460+0000] {processor.py:839} INFO - DAG(s) dict_keys(['user_automation']) retrieved from /opt/airflow/dags/kafka_stream.py
[2025-04-26T17:28:10.495+0000] {logging_mixin.py:151} INFO - [2025-04-26T17:28:10.495+0000] {dag.py:2907} INFO - Sync 1 DAGs
[2025-04-26T17:28:10.526+0000] {logging_mixin.py:151} INFO - [2025-04-26T17:28:10.525+0000] {dag.py:3677} INFO - Setting next_dagrun for user_automation to 2025-04-26T00:00:00+00:00, run_after=2025-04-27T00:00:00+00:00
[2025-04-26T17:28:10.558+0000] {processor.py:179} INFO - Processing /opt/airflow/dags/kafka_stream.py took 0.149 seconds
[2025-04-26T17:28:40.904+0000] {processor.py:157} INFO - Started process (PID=866) to work on /opt/airflow/dags/kafka_stream.py
[2025-04-26T17:28:40.906+0000] {processor.py:829} INFO - Processing file /opt/airflow/dags/kafka_stream.py for tasks to queue
[2025-04-26T17:28:40.908+0000] {logging_mixin.py:151} INFO - [2025-04-26T17:28:40.908+0000] {dagbag.py:539} INFO - Filling up the DagBag from /opt/airflow/dags/kafka_stream.py
[2025-04-26T17:28:40.964+0000] {processor.py:839} INFO - DAG(s) dict_keys(['user_automation']) retrieved from /opt/airflow/dags/kafka_stream.py
[2025-04-26T17:28:40.999+0000] {logging_mixin.py:151} INFO - [2025-04-26T17:28:40.998+0000] {dag.py:2907} INFO - Sync 1 DAGs
[2025-04-26T17:28:41.034+0000] {logging_mixin.py:151} INFO - [2025-04-26T17:28:41.034+0000] {dag.py:3677} INFO - Setting next_dagrun for user_automation to 2025-04-26T00:00:00+00:00, run_after=2025-04-27T00:00:00+00:00
[2025-04-26T17:28:41.071+0000] {processor.py:179} INFO - Processing /opt/airflow/dags/kafka_stream.py took 0.173 seconds
[2025-04-26T17:29:11.256+0000] {processor.py:157} INFO - Started process (PID=867) to work on /opt/airflow/dags/kafka_stream.py
[2025-04-26T17:29:11.258+0000] {processor.py:829} INFO - Processing file /opt/airflow/dags/kafka_stream.py for tasks to queue
[2025-04-26T17:29:11.260+0000] {logging_mixin.py:151} INFO - [2025-04-26T17:29:11.260+0000] {dagbag.py:539} INFO - Filling up the DagBag from /opt/airflow/dags/kafka_stream.py
[2025-04-26T17:29:11.322+0000] {processor.py:839} INFO - DAG(s) dict_keys(['user_automation']) retrieved from /opt/airflow/dags/kafka_stream.py
[2025-04-26T17:29:11.364+0000] {logging_mixin.py:151} INFO - [2025-04-26T17:29:11.363+0000] {dag.py:2907} INFO - Sync 1 DAGs
[2025-04-26T17:29:11.394+0000] {logging_mixin.py:151} INFO - [2025-04-26T17:29:11.394+0000] {dag.py:3677} INFO - Setting next_dagrun for user_automation to 2025-04-26T00:00:00+00:00, run_after=2025-04-27T00:00:00+00:00
[2025-04-26T17:29:11.431+0000] {processor.py:179} INFO - Processing /opt/airflow/dags/kafka_stream.py took 0.181 seconds
[2025-04-26T17:29:41.728+0000] {processor.py:157} INFO - Started process (PID=868) to work on /opt/airflow/dags/kafka_stream.py
[2025-04-26T17:29:41.730+0000] {processor.py:829} INFO - Processing file /opt/airflow/dags/kafka_stream.py for tasks to queue
[2025-04-26T17:29:41.733+0000] {logging_mixin.py:151} INFO - [2025-04-26T17:29:41.732+0000] {dagbag.py:539} INFO - Filling up the DagBag from /opt/airflow/dags/kafka_stream.py
[2025-04-26T17:29:41.802+0000] {processor.py:839} INFO - DAG(s) dict_keys(['user_automation']) retrieved from /opt/airflow/dags/kafka_stream.py
[2025-04-26T17:29:41.837+0000] {logging_mixin.py:151} INFO - [2025-04-26T17:29:41.837+0000] {dag.py:2907} INFO - Sync 1 DAGs
[2025-04-26T17:29:41.865+0000] {logging_mixin.py:151} INFO - [2025-04-26T17:29:41.865+0000] {dag.py:3677} INFO - Setting next_dagrun for user_automation to 2025-04-26T00:00:00+00:00, run_after=2025-04-27T00:00:00+00:00
[2025-04-26T17:29:41.902+0000] {processor.py:179} INFO - Processing /opt/airflow/dags/kafka_stream.py took 0.180 seconds
[2025-04-26T17:30:12.094+0000] {processor.py:157} INFO - Started process (PID=869) to work on /opt/airflow/dags/kafka_stream.py
[2025-04-26T17:30:12.096+0000] {processor.py:829} INFO - Processing file /opt/airflow/dags/kafka_stream.py for tasks to queue
[2025-04-26T17:30:12.099+0000] {logging_mixin.py:151} INFO - [2025-04-26T17:30:12.098+0000] {dagbag.py:539} INFO - Filling up the DagBag from /opt/airflow/dags/kafka_stream.py
[2025-04-26T17:30:12.159+0000] {processor.py:839} INFO - DAG(s) dict_keys(['user_automation']) retrieved from /opt/airflow/dags/kafka_stream.py
[2025-04-26T17:30:12.207+0000] {logging_mixin.py:151} INFO - [2025-04-26T17:30:12.207+0000] {dag.py:2907} INFO - Sync 1 DAGs
[2025-04-26T17:30:12.246+0000] {logging_mixin.py:151} INFO - [2025-04-26T17:30:12.245+0000] {dag.py:3677} INFO - Setting next_dagrun for user_automation to 2025-04-26T00:00:00+00:00, run_after=2025-04-27T00:00:00+00:00
[2025-04-26T17:30:12.284+0000] {processor.py:179} INFO - Processing /opt/airflow/dags/kafka_stream.py took 0.194 seconds
[2025-04-26T17:30:42.541+0000] {processor.py:157} INFO - Started process (PID=870) to work on /opt/airflow/dags/kafka_stream.py
[2025-04-26T17:30:42.544+0000] {processor.py:829} INFO - Processing file /opt/airflow/dags/kafka_stream.py for tasks to queue
[2025-04-26T17:30:42.545+0000] {logging_mixin.py:151} INFO - [2025-04-26T17:30:42.545+0000] {dagbag.py:539} INFO - Filling up the DagBag from /opt/airflow/dags/kafka_stream.py
[2025-04-26T17:30:42.588+0000] {processor.py:839} INFO - DAG(s) dict_keys(['user_automation']) retrieved from /opt/airflow/dags/kafka_stream.py
[2025-04-26T17:30:42.629+0000] {logging_mixin.py:151} INFO - [2025-04-26T17:30:42.628+0000] {dag.py:2907} INFO - Sync 1 DAGs
[2025-04-26T17:30:42.665+0000] {logging_mixin.py:151} INFO - [2025-04-26T17:30:42.664+0000] {dag.py:3677} INFO - Setting next_dagrun for user_automation to 2025-04-26T00:00:00+00:00, run_after=2025-04-27T00:00:00+00:00
[2025-04-26T17:30:42.697+0000] {processor.py:179} INFO - Processing /opt/airflow/dags/kafka_stream.py took 0.163 seconds
[2025-04-26T17:31:12.917+0000] {processor.py:157} INFO - Started process (PID=871) to work on /opt/airflow/dags/kafka_stream.py
[2025-04-26T17:31:12.920+0000] {processor.py:829} INFO - Processing file /opt/airflow/dags/kafka_stream.py for tasks to queue
[2025-04-26T17:31:12.922+0000] {logging_mixin.py:151} INFO - [2025-04-26T17:31:12.921+0000] {dagbag.py:539} INFO - Filling up the DagBag from /opt/airflow/dags/kafka_stream.py
[2025-04-26T17:31:12.989+0000] {processor.py:839} INFO - DAG(s) dict_keys(['user_automation']) retrieved from /opt/airflow/dags/kafka_stream.py
[2025-04-26T17:31:13.042+0000] {logging_mixin.py:151} INFO - [2025-04-26T17:31:13.042+0000] {dag.py:2907} INFO - Sync 1 DAGs
[2025-04-26T17:31:13.081+0000] {logging_mixin.py:151} INFO - [2025-04-26T17:31:13.080+0000] {dag.py:3677} INFO - Setting next_dagrun for user_automation to 2025-04-26T00:00:00+00:00, run_after=2025-04-27T00:00:00+00:00
[2025-04-26T17:31:13.118+0000] {processor.py:179} INFO - Processing /opt/airflow/dags/kafka_stream.py took 0.207 seconds
[2025-04-26T17:31:43.397+0000] {processor.py:157} INFO - Started process (PID=872) to work on /opt/airflow/dags/kafka_stream.py
[2025-04-26T17:31:43.398+0000] {processor.py:829} INFO - Processing file /opt/airflow/dags/kafka_stream.py for tasks to queue
[2025-04-26T17:31:43.400+0000] {logging_mixin.py:151} INFO - [2025-04-26T17:31:43.399+0000] {dagbag.py:539} INFO - Filling up the DagBag from /opt/airflow/dags/kafka_stream.py
[2025-04-26T17:31:43.452+0000] {processor.py:839} INFO - DAG(s) dict_keys(['user_automation']) retrieved from /opt/airflow/dags/kafka_stream.py
[2025-04-26T17:31:43.484+0000] {logging_mixin.py:151} INFO - [2025-04-26T17:31:43.484+0000] {dag.py:2907} INFO - Sync 1 DAGs
[2025-04-26T17:31:43.520+0000] {logging_mixin.py:151} INFO - [2025-04-26T17:31:43.519+0000] {dag.py:3677} INFO - Setting next_dagrun for user_automation to 2025-04-26T00:00:00+00:00, run_after=2025-04-27T00:00:00+00:00
[2025-04-26T17:31:43.558+0000] {processor.py:179} INFO - Processing /opt/airflow/dags/kafka_stream.py took 0.164 seconds
[2025-04-26T17:32:13.799+0000] {processor.py:157} INFO - Started process (PID=873) to work on /opt/airflow/dags/kafka_stream.py
[2025-04-26T17:32:13.801+0000] {processor.py:829} INFO - Processing file /opt/airflow/dags/kafka_stream.py for tasks to queue
[2025-04-26T17:32:13.803+0000] {logging_mixin.py:151} INFO - [2025-04-26T17:32:13.803+0000] {dagbag.py:539} INFO - Filling up the DagBag from /opt/airflow/dags/kafka_stream.py
[2025-04-26T17:32:13.863+0000] {processor.py:839} INFO - DAG(s) dict_keys(['user_automation']) retrieved from /opt/airflow/dags/kafka_stream.py
[2025-04-26T17:32:13.913+0000] {logging_mixin.py:151} INFO - [2025-04-26T17:32:13.912+0000] {dag.py:2907} INFO - Sync 1 DAGs
[2025-04-26T17:32:13.959+0000] {logging_mixin.py:151} INFO - [2025-04-26T17:32:13.959+0000] {dag.py:3677} INFO - Setting next_dagrun for user_automation to 2025-04-26T00:00:00+00:00, run_after=2025-04-27T00:00:00+00:00
[2025-04-26T17:32:14.000+0000] {processor.py:179} INFO - Processing /opt/airflow/dags/kafka_stream.py took 0.207 seconds
[2025-04-26T17:32:44.325+0000] {processor.py:157} INFO - Started process (PID=874) to work on /opt/airflow/dags/kafka_stream.py
[2025-04-26T17:32:44.327+0000] {processor.py:829} INFO - Processing file /opt/airflow/dags/kafka_stream.py for tasks to queue
[2025-04-26T17:32:44.329+0000] {logging_mixin.py:151} INFO - [2025-04-26T17:32:44.328+0000] {dagbag.py:539} INFO - Filling up the DagBag from /opt/airflow/dags/kafka_stream.py
[2025-04-26T17:32:44.381+0000] {processor.py:839} INFO - DAG(s) dict_keys(['user_automation']) retrieved from /opt/airflow/dags/kafka_stream.py
[2025-04-26T17:32:44.428+0000] {logging_mixin.py:151} INFO - [2025-04-26T17:32:44.428+0000] {dag.py:2907} INFO - Sync 1 DAGs
[2025-04-26T17:32:44.475+0000] {logging_mixin.py:151} INFO - [2025-04-26T17:32:44.475+0000] {dag.py:3677} INFO - Setting next_dagrun for user_automation to 2025-04-26T00:00:00+00:00, run_after=2025-04-27T00:00:00+00:00
[2025-04-26T17:32:44.511+0000] {processor.py:179} INFO - Processing /opt/airflow/dags/kafka_stream.py took 0.192 seconds
[2025-04-26T17:33:14.611+0000] {processor.py:157} INFO - Started process (PID=875) to work on /opt/airflow/dags/kafka_stream.py
[2025-04-26T17:33:14.612+0000] {processor.py:829} INFO - Processing file /opt/airflow/dags/kafka_stream.py for tasks to queue
[2025-04-26T17:33:14.613+0000] {logging_mixin.py:151} INFO - [2025-04-26T17:33:14.613+0000] {dagbag.py:539} INFO - Filling up the DagBag from /opt/airflow/dags/kafka_stream.py
[2025-04-26T17:33:14.642+0000] {processor.py:839} INFO - DAG(s) dict_keys(['user_automation']) retrieved from /opt/airflow/dags/kafka_stream.py
[2025-04-26T17:33:14.684+0000] {logging_mixin.py:151} INFO - [2025-04-26T17:33:14.683+0000] {dag.py:2907} INFO - Sync 1 DAGs
[2025-04-26T17:33:14.723+0000] {logging_mixin.py:151} INFO - [2025-04-26T17:33:14.723+0000] {dag.py:3677} INFO - Setting next_dagrun for user_automation to 2025-04-26T00:00:00+00:00, run_after=2025-04-27T00:00:00+00:00
[2025-04-26T17:33:14.764+0000] {processor.py:179} INFO - Processing /opt/airflow/dags/kafka_stream.py took 0.157 seconds
[2025-04-26T17:33:44.966+0000] {processor.py:157} INFO - Started process (PID=876) to work on /opt/airflow/dags/kafka_stream.py
[2025-04-26T17:33:44.968+0000] {processor.py:829} INFO - Processing file /opt/airflow/dags/kafka_stream.py for tasks to queue
[2025-04-26T17:33:44.971+0000] {logging_mixin.py:151} INFO - [2025-04-26T17:33:44.970+0000] {dagbag.py:539} INFO - Filling up the DagBag from /opt/airflow/dags/kafka_stream.py
[2025-04-26T17:33:45.029+0000] {processor.py:839} INFO - DAG(s) dict_keys(['user_automation']) retrieved from /opt/airflow/dags/kafka_stream.py
[2025-04-26T17:33:45.076+0000] {logging_mixin.py:151} INFO - [2025-04-26T17:33:45.075+0000] {dag.py:2907} INFO - Sync 1 DAGs
[2025-04-26T17:33:45.119+0000] {logging_mixin.py:151} INFO - [2025-04-26T17:33:45.119+0000] {dag.py:3677} INFO - Setting next_dagrun for user_automation to 2025-04-26T00:00:00+00:00, run_after=2025-04-27T00:00:00+00:00
[2025-04-26T17:33:45.158+0000] {processor.py:179} INFO - Processing /opt/airflow/dags/kafka_stream.py took 0.199 seconds
[2025-04-26T17:34:15.372+0000] {processor.py:157} INFO - Started process (PID=877) to work on /opt/airflow/dags/kafka_stream.py
[2025-04-26T17:34:15.374+0000] {processor.py:829} INFO - Processing file /opt/airflow/dags/kafka_stream.py for tasks to queue
[2025-04-26T17:34:15.376+0000] {logging_mixin.py:151} INFO - [2025-04-26T17:34:15.375+0000] {dagbag.py:539} INFO - Filling up the DagBag from /opt/airflow/dags/kafka_stream.py
[2025-04-26T17:34:15.418+0000] {processor.py:839} INFO - DAG(s) dict_keys(['user_automation']) retrieved from /opt/airflow/dags/kafka_stream.py
[2025-04-26T17:34:15.455+0000] {logging_mixin.py:151} INFO - [2025-04-26T17:34:15.455+0000] {dag.py:2907} INFO - Sync 1 DAGs
[2025-04-26T17:34:15.484+0000] {logging_mixin.py:151} INFO - [2025-04-26T17:34:15.483+0000] {dag.py:3677} INFO - Setting next_dagrun for user_automation to 2025-04-26T00:00:00+00:00, run_after=2025-04-27T00:00:00+00:00
[2025-04-26T17:34:15.529+0000] {processor.py:179} INFO - Processing /opt/airflow/dags/kafka_stream.py took 0.162 seconds
[2025-04-26T17:34:45.786+0000] {processor.py:157} INFO - Started process (PID=878) to work on /opt/airflow/dags/kafka_stream.py
[2025-04-26T17:34:45.788+0000] {processor.py:829} INFO - Processing file /opt/airflow/dags/kafka_stream.py for tasks to queue
[2025-04-26T17:34:45.790+0000] {logging_mixin.py:151} INFO - [2025-04-26T17:34:45.789+0000] {dagbag.py:539} INFO - Filling up the DagBag from /opt/airflow/dags/kafka_stream.py
[2025-04-26T17:34:45.821+0000] {processor.py:839} INFO - DAG(s) dict_keys(['user_automation']) retrieved from /opt/airflow/dags/kafka_stream.py
[2025-04-26T17:34:45.854+0000] {logging_mixin.py:151} INFO - [2025-04-26T17:34:45.853+0000] {dag.py:2907} INFO - Sync 1 DAGs
[2025-04-26T17:34:45.884+0000] {logging_mixin.py:151} INFO - [2025-04-26T17:34:45.883+0000] {dag.py:3677} INFO - Setting next_dagrun for user_automation to 2025-04-26T00:00:00+00:00, run_after=2025-04-27T00:00:00+00:00
[2025-04-26T17:34:45.918+0000] {processor.py:179} INFO - Processing /opt/airflow/dags/kafka_stream.py took 0.137 seconds
[2025-04-26T17:35:16.137+0000] {processor.py:157} INFO - Started process (PID=879) to work on /opt/airflow/dags/kafka_stream.py
[2025-04-26T17:35:16.139+0000] {processor.py:829} INFO - Processing file /opt/airflow/dags/kafka_stream.py for tasks to queue
[2025-04-26T17:35:16.140+0000] {logging_mixin.py:151} INFO - [2025-04-26T17:35:16.140+0000] {dagbag.py:539} INFO - Filling up the DagBag from /opt/airflow/dags/kafka_stream.py
[2025-04-26T17:35:16.181+0000] {processor.py:839} INFO - DAG(s) dict_keys(['user_automation']) retrieved from /opt/airflow/dags/kafka_stream.py
[2025-04-26T17:35:16.221+0000] {logging_mixin.py:151} INFO - [2025-04-26T17:35:16.221+0000] {dag.py:2907} INFO - Sync 1 DAGs
[2025-04-26T17:35:16.249+0000] {logging_mixin.py:151} INFO - [2025-04-26T17:35:16.249+0000] {dag.py:3677} INFO - Setting next_dagrun for user_automation to 2025-04-26T00:00:00+00:00, run_after=2025-04-27T00:00:00+00:00
[2025-04-26T17:35:16.299+0000] {processor.py:179} INFO - Processing /opt/airflow/dags/kafka_stream.py took 0.167 seconds
[2025-04-26T17:35:46.581+0000] {processor.py:157} INFO - Started process (PID=880) to work on /opt/airflow/dags/kafka_stream.py
[2025-04-26T17:35:46.583+0000] {processor.py:829} INFO - Processing file /opt/airflow/dags/kafka_stream.py for tasks to queue
[2025-04-26T17:35:46.588+0000] {logging_mixin.py:151} INFO - [2025-04-26T17:35:46.586+0000] {dagbag.py:539} INFO - Filling up the DagBag from /opt/airflow/dags/kafka_stream.py
[2025-04-26T17:35:46.647+0000] {processor.py:839} INFO - DAG(s) dict_keys(['user_automation']) retrieved from /opt/airflow/dags/kafka_stream.py
[2025-04-26T17:35:46.683+0000] {logging_mixin.py:151} INFO - [2025-04-26T17:35:46.683+0000] {dag.py:2907} INFO - Sync 1 DAGs
[2025-04-26T17:35:46.719+0000] {logging_mixin.py:151} INFO - [2025-04-26T17:35:46.719+0000] {dag.py:3677} INFO - Setting next_dagrun for user_automation to 2025-04-26T00:00:00+00:00, run_after=2025-04-27T00:00:00+00:00
[2025-04-26T17:35:46.753+0000] {processor.py:179} INFO - Processing /opt/airflow/dags/kafka_stream.py took 0.177 seconds
[2025-04-26T17:36:16.925+0000] {processor.py:157} INFO - Started process (PID=881) to work on /opt/airflow/dags/kafka_stream.py
[2025-04-26T17:36:16.928+0000] {processor.py:829} INFO - Processing file /opt/airflow/dags/kafka_stream.py for tasks to queue
[2025-04-26T17:36:16.929+0000] {logging_mixin.py:151} INFO - [2025-04-26T17:36:16.929+0000] {dagbag.py:539} INFO - Filling up the DagBag from /opt/airflow/dags/kafka_stream.py
[2025-04-26T17:36:16.961+0000] {processor.py:839} INFO - DAG(s) dict_keys(['user_automation']) retrieved from /opt/airflow/dags/kafka_stream.py
[2025-04-26T17:36:16.995+0000] {logging_mixin.py:151} INFO - [2025-04-26T17:36:16.995+0000] {dag.py:2907} INFO - Sync 1 DAGs
[2025-04-26T17:36:17.031+0000] {logging_mixin.py:151} INFO - [2025-04-26T17:36:17.031+0000] {dag.py:3677} INFO - Setting next_dagrun for user_automation to 2025-04-26T00:00:00+00:00, run_after=2025-04-27T00:00:00+00:00
[2025-04-26T17:36:17.060+0000] {processor.py:179} INFO - Processing /opt/airflow/dags/kafka_stream.py took 0.140 seconds
[2025-04-26T17:36:47.475+0000] {processor.py:157} INFO - Started process (PID=882) to work on /opt/airflow/dags/kafka_stream.py
[2025-04-26T17:36:47.477+0000] {processor.py:829} INFO - Processing file /opt/airflow/dags/kafka_stream.py for tasks to queue
[2025-04-26T17:36:47.478+0000] {logging_mixin.py:151} INFO - [2025-04-26T17:36:47.478+0000] {dagbag.py:539} INFO - Filling up the DagBag from /opt/airflow/dags/kafka_stream.py
[2025-04-26T17:36:47.524+0000] {processor.py:839} INFO - DAG(s) dict_keys(['user_automation']) retrieved from /opt/airflow/dags/kafka_stream.py
[2025-04-26T17:36:47.561+0000] {logging_mixin.py:151} INFO - [2025-04-26T17:36:47.561+0000] {dag.py:2907} INFO - Sync 1 DAGs
[2025-04-26T17:36:47.601+0000] {logging_mixin.py:151} INFO - [2025-04-26T17:36:47.600+0000] {dag.py:3677} INFO - Setting next_dagrun for user_automation to 2025-04-26T00:00:00+00:00, run_after=2025-04-27T00:00:00+00:00
[2025-04-26T17:36:47.648+0000] {processor.py:179} INFO - Processing /opt/airflow/dags/kafka_stream.py took 0.178 seconds
[2025-04-26T17:37:17.805+0000] {processor.py:157} INFO - Started process (PID=883) to work on /opt/airflow/dags/kafka_stream.py
[2025-04-26T17:37:17.807+0000] {processor.py:829} INFO - Processing file /opt/airflow/dags/kafka_stream.py for tasks to queue
[2025-04-26T17:37:17.810+0000] {logging_mixin.py:151} INFO - [2025-04-26T17:37:17.809+0000] {dagbag.py:539} INFO - Filling up the DagBag from /opt/airflow/dags/kafka_stream.py
[2025-04-26T17:37:17.858+0000] {processor.py:839} INFO - DAG(s) dict_keys(['user_automation']) retrieved from /opt/airflow/dags/kafka_stream.py
[2025-04-26T17:37:17.893+0000] {logging_mixin.py:151} INFO - [2025-04-26T17:37:17.893+0000] {dag.py:2907} INFO - Sync 1 DAGs
[2025-04-26T17:37:17.925+0000] {logging_mixin.py:151} INFO - [2025-04-26T17:37:17.924+0000] {dag.py:3677} INFO - Setting next_dagrun for user_automation to 2025-04-26T00:00:00+00:00, run_after=2025-04-27T00:00:00+00:00
[2025-04-26T17:37:17.953+0000] {processor.py:179} INFO - Processing /opt/airflow/dags/kafka_stream.py took 0.157 seconds
[2025-04-26T17:37:48.292+0000] {processor.py:157} INFO - Started process (PID=884) to work on /opt/airflow/dags/kafka_stream.py
[2025-04-26T17:37:48.293+0000] {processor.py:829} INFO - Processing file /opt/airflow/dags/kafka_stream.py for tasks to queue
[2025-04-26T17:37:48.296+0000] {logging_mixin.py:151} INFO - [2025-04-26T17:37:48.295+0000] {dagbag.py:539} INFO - Filling up the DagBag from /opt/airflow/dags/kafka_stream.py
[2025-04-26T17:37:48.352+0000] {processor.py:839} INFO - DAG(s) dict_keys(['user_automation']) retrieved from /opt/airflow/dags/kafka_stream.py
[2025-04-26T17:37:48.391+0000] {logging_mixin.py:151} INFO - [2025-04-26T17:37:48.391+0000] {dag.py:2907} INFO - Sync 1 DAGs
[2025-04-26T17:37:48.420+0000] {logging_mixin.py:151} INFO - [2025-04-26T17:37:48.420+0000] {dag.py:3677} INFO - Setting next_dagrun for user_automation to 2025-04-26T00:00:00+00:00, run_after=2025-04-27T00:00:00+00:00
[2025-04-26T17:37:48.467+0000] {processor.py:179} INFO - Processing /opt/airflow/dags/kafka_stream.py took 0.180 seconds
[2025-04-26T17:38:18.638+0000] {processor.py:157} INFO - Started process (PID=885) to work on /opt/airflow/dags/kafka_stream.py
[2025-04-26T17:38:18.640+0000] {processor.py:829} INFO - Processing file /opt/airflow/dags/kafka_stream.py for tasks to queue
[2025-04-26T17:38:18.642+0000] {logging_mixin.py:151} INFO - [2025-04-26T17:38:18.641+0000] {dagbag.py:539} INFO - Filling up the DagBag from /opt/airflow/dags/kafka_stream.py
[2025-04-26T17:38:18.701+0000] {processor.py:839} INFO - DAG(s) dict_keys(['user_automation']) retrieved from /opt/airflow/dags/kafka_stream.py
[2025-04-26T17:38:18.745+0000] {logging_mixin.py:151} INFO - [2025-04-26T17:38:18.745+0000] {dag.py:2907} INFO - Sync 1 DAGs
[2025-04-26T17:38:18.783+0000] {logging_mixin.py:151} INFO - [2025-04-26T17:38:18.782+0000] {dag.py:3677} INFO - Setting next_dagrun for user_automation to 2025-04-26T00:00:00+00:00, run_after=2025-04-27T00:00:00+00:00
[2025-04-26T17:38:18.832+0000] {processor.py:179} INFO - Processing /opt/airflow/dags/kafka_stream.py took 0.199 seconds
[2025-04-26T17:38:49.119+0000] {processor.py:157} INFO - Started process (PID=886) to work on /opt/airflow/dags/kafka_stream.py
[2025-04-26T17:38:49.121+0000] {processor.py:829} INFO - Processing file /opt/airflow/dags/kafka_stream.py for tasks to queue
[2025-04-26T17:38:49.123+0000] {logging_mixin.py:151} INFO - [2025-04-26T17:38:49.122+0000] {dagbag.py:539} INFO - Filling up the DagBag from /opt/airflow/dags/kafka_stream.py
[2025-04-26T17:38:49.173+0000] {processor.py:839} INFO - DAG(s) dict_keys(['user_automation']) retrieved from /opt/airflow/dags/kafka_stream.py
[2025-04-26T17:38:49.222+0000] {logging_mixin.py:151} INFO - [2025-04-26T17:38:49.221+0000] {dag.py:2907} INFO - Sync 1 DAGs
[2025-04-26T17:38:49.268+0000] {logging_mixin.py:151} INFO - [2025-04-26T17:38:49.268+0000] {dag.py:3677} INFO - Setting next_dagrun for user_automation to 2025-04-26T00:00:00+00:00, run_after=2025-04-27T00:00:00+00:00
[2025-04-26T17:38:49.309+0000] {processor.py:179} INFO - Processing /opt/airflow/dags/kafka_stream.py took 0.194 seconds
[2025-04-26T17:39:19.463+0000] {processor.py:157} INFO - Started process (PID=887) to work on /opt/airflow/dags/kafka_stream.py
[2025-04-26T17:39:19.465+0000] {processor.py:829} INFO - Processing file /opt/airflow/dags/kafka_stream.py for tasks to queue
[2025-04-26T17:39:19.467+0000] {logging_mixin.py:151} INFO - [2025-04-26T17:39:19.466+0000] {dagbag.py:539} INFO - Filling up the DagBag from /opt/airflow/dags/kafka_stream.py
[2025-04-26T17:39:19.522+0000] {processor.py:839} INFO - DAG(s) dict_keys(['user_automation']) retrieved from /opt/airflow/dags/kafka_stream.py
[2025-04-26T17:39:19.567+0000] {logging_mixin.py:151} INFO - [2025-04-26T17:39:19.567+0000] {dag.py:2907} INFO - Sync 1 DAGs
[2025-04-26T17:39:19.613+0000] {logging_mixin.py:151} INFO - [2025-04-26T17:39:19.612+0000] {dag.py:3677} INFO - Setting next_dagrun for user_automation to 2025-04-26T00:00:00+00:00, run_after=2025-04-27T00:00:00+00:00
[2025-04-26T17:39:19.660+0000] {processor.py:179} INFO - Processing /opt/airflow/dags/kafka_stream.py took 0.203 seconds
[2025-04-26T17:39:49.942+0000] {processor.py:157} INFO - Started process (PID=888) to work on /opt/airflow/dags/kafka_stream.py
[2025-04-26T17:39:49.944+0000] {processor.py:829} INFO - Processing file /opt/airflow/dags/kafka_stream.py for tasks to queue
[2025-04-26T17:39:49.946+0000] {logging_mixin.py:151} INFO - [2025-04-26T17:39:49.945+0000] {dagbag.py:539} INFO - Filling up the DagBag from /opt/airflow/dags/kafka_stream.py
[2025-04-26T17:39:50.008+0000] {processor.py:839} INFO - DAG(s) dict_keys(['user_automation']) retrieved from /opt/airflow/dags/kafka_stream.py
[2025-04-26T17:39:50.050+0000] {logging_mixin.py:151} INFO - [2025-04-26T17:39:50.049+0000] {dag.py:2907} INFO - Sync 1 DAGs
[2025-04-26T17:39:50.081+0000] {logging_mixin.py:151} INFO - [2025-04-26T17:39:50.081+0000] {dag.py:3677} INFO - Setting next_dagrun for user_automation to 2025-04-26T00:00:00+00:00, run_after=2025-04-27T00:00:00+00:00
[2025-04-26T17:39:50.115+0000] {processor.py:179} INFO - Processing /opt/airflow/dags/kafka_stream.py took 0.180 seconds
[2025-04-26T17:40:20.291+0000] {processor.py:157} INFO - Started process (PID=889) to work on /opt/airflow/dags/kafka_stream.py
[2025-04-26T17:40:20.294+0000] {processor.py:829} INFO - Processing file /opt/airflow/dags/kafka_stream.py for tasks to queue
[2025-04-26T17:40:20.296+0000] {logging_mixin.py:151} INFO - [2025-04-26T17:40:20.295+0000] {dagbag.py:539} INFO - Filling up the DagBag from /opt/airflow/dags/kafka_stream.py
[2025-04-26T17:40:20.357+0000] {processor.py:839} INFO - DAG(s) dict_keys(['user_automation']) retrieved from /opt/airflow/dags/kafka_stream.py
[2025-04-26T17:40:20.401+0000] {logging_mixin.py:151} INFO - [2025-04-26T17:40:20.400+0000] {dag.py:2907} INFO - Sync 1 DAGs
[2025-04-26T17:40:20.439+0000] {logging_mixin.py:151} INFO - [2025-04-26T17:40:20.439+0000] {dag.py:3677} INFO - Setting next_dagrun for user_automation to 2025-04-26T00:00:00+00:00, run_after=2025-04-27T00:00:00+00:00
[2025-04-26T17:40:20.487+0000] {processor.py:179} INFO - Processing /opt/airflow/dags/kafka_stream.py took 0.201 seconds
[2025-04-26T17:40:50.770+0000] {processor.py:157} INFO - Started process (PID=890) to work on /opt/airflow/dags/kafka_stream.py
[2025-04-26T17:40:50.773+0000] {processor.py:829} INFO - Processing file /opt/airflow/dags/kafka_stream.py for tasks to queue
[2025-04-26T17:40:50.775+0000] {logging_mixin.py:151} INFO - [2025-04-26T17:40:50.774+0000] {dagbag.py:539} INFO - Filling up the DagBag from /opt/airflow/dags/kafka_stream.py
[2025-04-26T17:40:50.826+0000] {processor.py:839} INFO - DAG(s) dict_keys(['user_automation']) retrieved from /opt/airflow/dags/kafka_stream.py
[2025-04-26T17:40:50.870+0000] {logging_mixin.py:151} INFO - [2025-04-26T17:40:50.870+0000] {dag.py:2907} INFO - Sync 1 DAGs
[2025-04-26T17:40:50.914+0000] {logging_mixin.py:151} INFO - [2025-04-26T17:40:50.914+0000] {dag.py:3677} INFO - Setting next_dagrun for user_automation to 2025-04-26T00:00:00+00:00, run_after=2025-04-27T00:00:00+00:00
[2025-04-26T17:40:50.962+0000] {processor.py:179} INFO - Processing /opt/airflow/dags/kafka_stream.py took 0.197 seconds
[2025-04-26T17:41:21.149+0000] {processor.py:157} INFO - Started process (PID=891) to work on /opt/airflow/dags/kafka_stream.py
[2025-04-26T17:41:21.151+0000] {processor.py:829} INFO - Processing file /opt/airflow/dags/kafka_stream.py for tasks to queue
[2025-04-26T17:41:21.154+0000] {logging_mixin.py:151} INFO - [2025-04-26T17:41:21.153+0000] {dagbag.py:539} INFO - Filling up the DagBag from /opt/airflow/dags/kafka_stream.py
[2025-04-26T17:41:21.216+0000] {processor.py:839} INFO - DAG(s) dict_keys(['user_automation']) retrieved from /opt/airflow/dags/kafka_stream.py
[2025-04-26T17:41:21.263+0000] {logging_mixin.py:151} INFO - [2025-04-26T17:41:21.262+0000] {dag.py:2907} INFO - Sync 1 DAGs
[2025-04-26T17:41:21.301+0000] {logging_mixin.py:151} INFO - [2025-04-26T17:41:21.300+0000] {dag.py:3677} INFO - Setting next_dagrun for user_automation to 2025-04-26T00:00:00+00:00, run_after=2025-04-27T00:00:00+00:00
[2025-04-26T17:41:21.340+0000] {processor.py:179} INFO - Processing /opt/airflow/dags/kafka_stream.py took 0.197 seconds
[2025-04-26T17:41:51.731+0000] {processor.py:157} INFO - Started process (PID=892) to work on /opt/airflow/dags/kafka_stream.py
[2025-04-26T17:41:51.733+0000] {processor.py:829} INFO - Processing file /opt/airflow/dags/kafka_stream.py for tasks to queue
[2025-04-26T17:41:51.736+0000] {logging_mixin.py:151} INFO - [2025-04-26T17:41:51.735+0000] {dagbag.py:539} INFO - Filling up the DagBag from /opt/airflow/dags/kafka_stream.py
[2025-04-26T17:41:51.797+0000] {processor.py:839} INFO - DAG(s) dict_keys(['user_automation']) retrieved from /opt/airflow/dags/kafka_stream.py
[2025-04-26T17:41:51.844+0000] {logging_mixin.py:151} INFO - [2025-04-26T17:41:51.843+0000] {dag.py:2907} INFO - Sync 1 DAGs
[2025-04-26T17:41:51.888+0000] {logging_mixin.py:151} INFO - [2025-04-26T17:41:51.888+0000] {dag.py:3677} INFO - Setting next_dagrun for user_automation to 2025-04-26T00:00:00+00:00, run_after=2025-04-27T00:00:00+00:00
[2025-04-26T17:41:51.925+0000] {processor.py:179} INFO - Processing /opt/airflow/dags/kafka_stream.py took 0.198 seconds
[2025-04-26T17:42:22.064+0000] {processor.py:157} INFO - Started process (PID=893) to work on /opt/airflow/dags/kafka_stream.py
[2025-04-26T17:42:22.065+0000] {processor.py:829} INFO - Processing file /opt/airflow/dags/kafka_stream.py for tasks to queue
[2025-04-26T17:42:22.067+0000] {logging_mixin.py:151} INFO - [2025-04-26T17:42:22.067+0000] {dagbag.py:539} INFO - Filling up the DagBag from /opt/airflow/dags/kafka_stream.py
[2025-04-26T17:42:22.108+0000] {processor.py:839} INFO - DAG(s) dict_keys(['user_automation']) retrieved from /opt/airflow/dags/kafka_stream.py
[2025-04-26T17:42:22.140+0000] {logging_mixin.py:151} INFO - [2025-04-26T17:42:22.139+0000] {dag.py:2907} INFO - Sync 1 DAGs
[2025-04-26T17:42:22.196+0000] {logging_mixin.py:151} INFO - [2025-04-26T17:42:22.195+0000] {dag.py:3677} INFO - Setting next_dagrun for user_automation to 2025-04-26T00:00:00+00:00, run_after=2025-04-27T00:00:00+00:00
[2025-04-26T17:42:22.264+0000] {processor.py:179} INFO - Processing /opt/airflow/dags/kafka_stream.py took 0.205 seconds
[2025-04-26T17:42:52.606+0000] {processor.py:157} INFO - Started process (PID=894) to work on /opt/airflow/dags/kafka_stream.py
[2025-04-26T17:42:52.608+0000] {processor.py:829} INFO - Processing file /opt/airflow/dags/kafka_stream.py for tasks to queue
[2025-04-26T17:42:52.610+0000] {logging_mixin.py:151} INFO - [2025-04-26T17:42:52.610+0000] {dagbag.py:539} INFO - Filling up the DagBag from /opt/airflow/dags/kafka_stream.py
[2025-04-26T17:42:52.666+0000] {processor.py:839} INFO - DAG(s) dict_keys(['user_automation']) retrieved from /opt/airflow/dags/kafka_stream.py
[2025-04-26T17:42:52.714+0000] {logging_mixin.py:151} INFO - [2025-04-26T17:42:52.714+0000] {dag.py:2907} INFO - Sync 1 DAGs
[2025-04-26T17:42:52.750+0000] {logging_mixin.py:151} INFO - [2025-04-26T17:42:52.750+0000] {dag.py:3677} INFO - Setting next_dagrun for user_automation to 2025-04-26T00:00:00+00:00, run_after=2025-04-27T00:00:00+00:00
[2025-04-26T17:42:52.798+0000] {processor.py:179} INFO - Processing /opt/airflow/dags/kafka_stream.py took 0.197 seconds
[2025-04-26T17:43:23.802+0000] {processor.py:157} INFO - Started process (PID=895) to work on /opt/airflow/dags/kafka_stream.py
[2025-04-26T17:43:23.807+0000] {processor.py:829} INFO - Processing file /opt/airflow/dags/kafka_stream.py for tasks to queue
[2025-04-26T17:43:23.843+0000] {logging_mixin.py:151} INFO - [2025-04-26T17:43:23.842+0000] {dagbag.py:539} INFO - Filling up the DagBag from /opt/airflow/dags/kafka_stream.py
[2025-04-26T17:43:24.031+0000] {processor.py:839} INFO - DAG(s) dict_keys(['user_automation']) retrieved from /opt/airflow/dags/kafka_stream.py
[2025-04-26T17:43:24.083+0000] {logging_mixin.py:151} INFO - [2025-04-26T17:43:24.083+0000] {dag.py:2907} INFO - Sync 1 DAGs
[2025-04-26T17:43:24.148+0000] {logging_mixin.py:151} INFO - [2025-04-26T17:43:24.148+0000] {dag.py:3677} INFO - Setting next_dagrun for user_automation to 2025-04-26T00:00:00+00:00, run_after=2025-04-27T00:00:00+00:00
[2025-04-26T17:43:24.178+0000] {processor.py:179} INFO - Processing /opt/airflow/dags/kafka_stream.py took 0.382 seconds
[2025-04-26T17:43:54.545+0000] {processor.py:157} INFO - Started process (PID=896) to work on /opt/airflow/dags/kafka_stream.py
[2025-04-26T17:43:54.547+0000] {processor.py:829} INFO - Processing file /opt/airflow/dags/kafka_stream.py for tasks to queue
[2025-04-26T17:43:54.549+0000] {logging_mixin.py:151} INFO - [2025-04-26T17:43:54.549+0000] {dagbag.py:539} INFO - Filling up the DagBag from /opt/airflow/dags/kafka_stream.py
[2025-04-26T17:43:54.615+0000] {processor.py:839} INFO - DAG(s) dict_keys(['user_automation']) retrieved from /opt/airflow/dags/kafka_stream.py
[2025-04-26T17:43:54.666+0000] {logging_mixin.py:151} INFO - [2025-04-26T17:43:54.666+0000] {dag.py:2907} INFO - Sync 1 DAGs
[2025-04-26T17:43:54.706+0000] {logging_mixin.py:151} INFO - [2025-04-26T17:43:54.705+0000] {dag.py:3677} INFO - Setting next_dagrun for user_automation to 2025-04-26T00:00:00+00:00, run_after=2025-04-27T00:00:00+00:00
[2025-04-26T17:43:54.757+0000] {processor.py:179} INFO - Processing /opt/airflow/dags/kafka_stream.py took 0.219 seconds
[2025-04-26T17:44:24.843+0000] {processor.py:157} INFO - Started process (PID=897) to work on /opt/airflow/dags/kafka_stream.py
[2025-04-26T17:44:24.845+0000] {processor.py:829} INFO - Processing file /opt/airflow/dags/kafka_stream.py for tasks to queue
[2025-04-26T17:44:24.847+0000] {logging_mixin.py:151} INFO - [2025-04-26T17:44:24.847+0000] {dagbag.py:539} INFO - Filling up the DagBag from /opt/airflow/dags/kafka_stream.py
[2025-04-26T17:44:24.899+0000] {processor.py:839} INFO - DAG(s) dict_keys(['user_automation']) retrieved from /opt/airflow/dags/kafka_stream.py
[2025-04-26T17:44:24.939+0000] {logging_mixin.py:151} INFO - [2025-04-26T17:44:24.939+0000] {dag.py:2907} INFO - Sync 1 DAGs
[2025-04-26T17:44:24.980+0000] {logging_mixin.py:151} INFO - [2025-04-26T17:44:24.980+0000] {dag.py:3677} INFO - Setting next_dagrun for user_automation to 2025-04-26T00:00:00+00:00, run_after=2025-04-27T00:00:00+00:00
[2025-04-26T17:44:25.016+0000] {processor.py:179} INFO - Processing /opt/airflow/dags/kafka_stream.py took 0.178 seconds
[2025-04-26T17:44:55.183+0000] {processor.py:157} INFO - Started process (PID=898) to work on /opt/airflow/dags/kafka_stream.py
[2025-04-26T17:44:55.185+0000] {processor.py:829} INFO - Processing file /opt/airflow/dags/kafka_stream.py for tasks to queue
[2025-04-26T17:44:55.187+0000] {logging_mixin.py:151} INFO - [2025-04-26T17:44:55.187+0000] {dagbag.py:539} INFO - Filling up the DagBag from /opt/airflow/dags/kafka_stream.py
[2025-04-26T17:44:55.246+0000] {processor.py:839} INFO - DAG(s) dict_keys(['user_automation']) retrieved from /opt/airflow/dags/kafka_stream.py
[2025-04-26T17:44:55.292+0000] {logging_mixin.py:151} INFO - [2025-04-26T17:44:55.292+0000] {dag.py:2907} INFO - Sync 1 DAGs
[2025-04-26T17:44:55.332+0000] {logging_mixin.py:151} INFO - [2025-04-26T17:44:55.332+0000] {dag.py:3677} INFO - Setting next_dagrun for user_automation to 2025-04-26T00:00:00+00:00, run_after=2025-04-27T00:00:00+00:00
[2025-04-26T17:44:55.378+0000] {processor.py:179} INFO - Processing /opt/airflow/dags/kafka_stream.py took 0.200 seconds
[2025-04-26T17:45:25.636+0000] {processor.py:157} INFO - Started process (PID=899) to work on /opt/airflow/dags/kafka_stream.py
[2025-04-26T17:45:25.637+0000] {processor.py:829} INFO - Processing file /opt/airflow/dags/kafka_stream.py for tasks to queue
[2025-04-26T17:45:25.639+0000] {logging_mixin.py:151} INFO - [2025-04-26T17:45:25.638+0000] {dagbag.py:539} INFO - Filling up the DagBag from /opt/airflow/dags/kafka_stream.py
[2025-04-26T17:45:25.688+0000] {processor.py:839} INFO - DAG(s) dict_keys(['user_automation']) retrieved from /opt/airflow/dags/kafka_stream.py
[2025-04-26T17:45:25.728+0000] {logging_mixin.py:151} INFO - [2025-04-26T17:45:25.728+0000] {dag.py:2907} INFO - Sync 1 DAGs
[2025-04-26T17:45:25.758+0000] {logging_mixin.py:151} INFO - [2025-04-26T17:45:25.758+0000] {dag.py:3677} INFO - Setting next_dagrun for user_automation to 2025-04-26T00:00:00+00:00, run_after=2025-04-27T00:00:00+00:00
[2025-04-26T17:45:25.791+0000] {processor.py:179} INFO - Processing /opt/airflow/dags/kafka_stream.py took 0.160 seconds
[2025-04-26T17:45:56.013+0000] {processor.py:157} INFO - Started process (PID=900) to work on /opt/airflow/dags/kafka_stream.py
[2025-04-26T17:45:56.015+0000] {processor.py:829} INFO - Processing file /opt/airflow/dags/kafka_stream.py for tasks to queue
[2025-04-26T17:45:56.017+0000] {logging_mixin.py:151} INFO - [2025-04-26T17:45:56.017+0000] {dagbag.py:539} INFO - Filling up the DagBag from /opt/airflow/dags/kafka_stream.py
[2025-04-26T17:45:56.082+0000] {processor.py:839} INFO - DAG(s) dict_keys(['user_automation']) retrieved from /opt/airflow/dags/kafka_stream.py
[2025-04-26T17:45:56.123+0000] {logging_mixin.py:151} INFO - [2025-04-26T17:45:56.123+0000] {dag.py:2907} INFO - Sync 1 DAGs
[2025-04-26T17:45:56.166+0000] {logging_mixin.py:151} INFO - [2025-04-26T17:45:56.165+0000] {dag.py:3677} INFO - Setting next_dagrun for user_automation to 2025-04-26T00:00:00+00:00, run_after=2025-04-27T00:00:00+00:00
[2025-04-26T17:45:56.204+0000] {processor.py:179} INFO - Processing /opt/airflow/dags/kafka_stream.py took 0.196 seconds
[2025-04-26T17:46:26.446+0000] {processor.py:157} INFO - Started process (PID=901) to work on /opt/airflow/dags/kafka_stream.py
[2025-04-26T17:46:26.448+0000] {processor.py:829} INFO - Processing file /opt/airflow/dags/kafka_stream.py for tasks to queue
[2025-04-26T17:46:26.450+0000] {logging_mixin.py:151} INFO - [2025-04-26T17:46:26.449+0000] {dagbag.py:539} INFO - Filling up the DagBag from /opt/airflow/dags/kafka_stream.py
[2025-04-26T17:46:26.502+0000] {processor.py:839} INFO - DAG(s) dict_keys(['user_automation']) retrieved from /opt/airflow/dags/kafka_stream.py
[2025-04-26T17:46:26.544+0000] {logging_mixin.py:151} INFO - [2025-04-26T17:46:26.544+0000] {dag.py:2907} INFO - Sync 1 DAGs
[2025-04-26T17:46:26.584+0000] {logging_mixin.py:151} INFO - [2025-04-26T17:46:26.584+0000] {dag.py:3677} INFO - Setting next_dagrun for user_automation to 2025-04-26T00:00:00+00:00, run_after=2025-04-27T00:00:00+00:00
[2025-04-26T17:46:26.630+0000] {processor.py:179} INFO - Processing /opt/airflow/dags/kafka_stream.py took 0.189 seconds
[2025-04-26T17:46:56.931+0000] {processor.py:157} INFO - Started process (PID=902) to work on /opt/airflow/dags/kafka_stream.py
[2025-04-26T17:46:56.933+0000] {processor.py:829} INFO - Processing file /opt/airflow/dags/kafka_stream.py for tasks to queue
[2025-04-26T17:46:56.935+0000] {logging_mixin.py:151} INFO - [2025-04-26T17:46:56.934+0000] {dagbag.py:539} INFO - Filling up the DagBag from /opt/airflow/dags/kafka_stream.py
[2025-04-26T17:46:57.010+0000] {processor.py:839} INFO - DAG(s) dict_keys(['user_automation']) retrieved from /opt/airflow/dags/kafka_stream.py
[2025-04-26T17:46:57.054+0000] {logging_mixin.py:151} INFO - [2025-04-26T17:46:57.054+0000] {dag.py:2907} INFO - Sync 1 DAGs
[2025-04-26T17:46:57.094+0000] {logging_mixin.py:151} INFO - [2025-04-26T17:46:57.093+0000] {dag.py:3677} INFO - Setting next_dagrun for user_automation to 2025-04-26T00:00:00+00:00, run_after=2025-04-27T00:00:00+00:00
[2025-04-26T17:46:57.144+0000] {processor.py:179} INFO - Processing /opt/airflow/dags/kafka_stream.py took 0.218 seconds
[2025-04-26T17:47:27.272+0000] {processor.py:157} INFO - Started process (PID=903) to work on /opt/airflow/dags/kafka_stream.py
[2025-04-26T17:47:27.273+0000] {processor.py:829} INFO - Processing file /opt/airflow/dags/kafka_stream.py for tasks to queue
[2025-04-26T17:47:27.275+0000] {logging_mixin.py:151} INFO - [2025-04-26T17:47:27.275+0000] {dagbag.py:539} INFO - Filling up the DagBag from /opt/airflow/dags/kafka_stream.py
[2025-04-26T17:47:27.330+0000] {processor.py:839} INFO - DAG(s) dict_keys(['user_automation']) retrieved from /opt/airflow/dags/kafka_stream.py
[2025-04-26T17:47:27.374+0000] {logging_mixin.py:151} INFO - [2025-04-26T17:47:27.374+0000] {dag.py:2907} INFO - Sync 1 DAGs
[2025-04-26T17:47:27.411+0000] {logging_mixin.py:151} INFO - [2025-04-26T17:47:27.411+0000] {dag.py:3677} INFO - Setting next_dagrun for user_automation to 2025-04-26T00:00:00+00:00, run_after=2025-04-27T00:00:00+00:00
[2025-04-26T17:47:27.457+0000] {processor.py:179} INFO - Processing /opt/airflow/dags/kafka_stream.py took 0.191 seconds
[2025-04-26T17:47:57.766+0000] {processor.py:157} INFO - Started process (PID=904) to work on /opt/airflow/dags/kafka_stream.py
[2025-04-26T17:47:57.768+0000] {processor.py:829} INFO - Processing file /opt/airflow/dags/kafka_stream.py for tasks to queue
[2025-04-26T17:47:57.770+0000] {logging_mixin.py:151} INFO - [2025-04-26T17:47:57.770+0000] {dagbag.py:539} INFO - Filling up the DagBag from /opt/airflow/dags/kafka_stream.py
[2025-04-26T17:47:57.829+0000] {processor.py:839} INFO - DAG(s) dict_keys(['user_automation']) retrieved from /opt/airflow/dags/kafka_stream.py
[2025-04-26T17:47:57.872+0000] {logging_mixin.py:151} INFO - [2025-04-26T17:47:57.872+0000] {dag.py:2907} INFO - Sync 1 DAGs
[2025-04-26T17:47:57.913+0000] {logging_mixin.py:151} INFO - [2025-04-26T17:47:57.912+0000] {dag.py:3677} INFO - Setting next_dagrun for user_automation to 2025-04-26T00:00:00+00:00, run_after=2025-04-27T00:00:00+00:00
[2025-04-26T17:47:57.960+0000] {processor.py:179} INFO - Processing /opt/airflow/dags/kafka_stream.py took 0.200 seconds
[2025-04-26T17:48:28.098+0000] {processor.py:157} INFO - Started process (PID=905) to work on /opt/airflow/dags/kafka_stream.py
[2025-04-26T17:48:28.100+0000] {processor.py:829} INFO - Processing file /opt/airflow/dags/kafka_stream.py for tasks to queue
[2025-04-26T17:48:28.103+0000] {logging_mixin.py:151} INFO - [2025-04-26T17:48:28.102+0000] {dagbag.py:539} INFO - Filling up the DagBag from /opt/airflow/dags/kafka_stream.py
[2025-04-26T17:48:28.166+0000] {processor.py:839} INFO - DAG(s) dict_keys(['user_automation']) retrieved from /opt/airflow/dags/kafka_stream.py
[2025-04-26T17:48:28.221+0000] {logging_mixin.py:151} INFO - [2025-04-26T17:48:28.221+0000] {dag.py:2907} INFO - Sync 1 DAGs
[2025-04-26T17:48:28.266+0000] {logging_mixin.py:151} INFO - [2025-04-26T17:48:28.265+0000] {dag.py:3677} INFO - Setting next_dagrun for user_automation to 2025-04-26T00:00:00+00:00, run_after=2025-04-27T00:00:00+00:00
[2025-04-26T17:48:28.307+0000] {processor.py:179} INFO - Processing /opt/airflow/dags/kafka_stream.py took 0.214 seconds
[2025-04-26T17:48:58.584+0000] {processor.py:157} INFO - Started process (PID=906) to work on /opt/airflow/dags/kafka_stream.py
[2025-04-26T17:48:58.585+0000] {processor.py:829} INFO - Processing file /opt/airflow/dags/kafka_stream.py for tasks to queue
[2025-04-26T17:48:58.586+0000] {logging_mixin.py:151} INFO - [2025-04-26T17:48:58.586+0000] {dagbag.py:539} INFO - Filling up the DagBag from /opt/airflow/dags/kafka_stream.py
[2025-04-26T17:48:58.634+0000] {processor.py:839} INFO - DAG(s) dict_keys(['user_automation']) retrieved from /opt/airflow/dags/kafka_stream.py
[2025-04-26T17:48:58.673+0000] {logging_mixin.py:151} INFO - [2025-04-26T17:48:58.672+0000] {dag.py:2907} INFO - Sync 1 DAGs
[2025-04-26T17:48:58.709+0000] {logging_mixin.py:151} INFO - [2025-04-26T17:48:58.709+0000] {dag.py:3677} INFO - Setting next_dagrun for user_automation to 2025-04-26T00:00:00+00:00, run_after=2025-04-27T00:00:00+00:00
[2025-04-26T17:48:58.756+0000] {processor.py:179} INFO - Processing /opt/airflow/dags/kafka_stream.py took 0.176 seconds
[2025-04-26T17:49:28.956+0000] {processor.py:157} INFO - Started process (PID=907) to work on /opt/airflow/dags/kafka_stream.py
[2025-04-26T17:49:28.958+0000] {processor.py:829} INFO - Processing file /opt/airflow/dags/kafka_stream.py for tasks to queue
[2025-04-26T17:49:28.960+0000] {logging_mixin.py:151} INFO - [2025-04-26T17:49:28.959+0000] {dagbag.py:539} INFO - Filling up the DagBag from /opt/airflow/dags/kafka_stream.py
[2025-04-26T17:49:29.024+0000] {processor.py:839} INFO - DAG(s) dict_keys(['user_automation']) retrieved from /opt/airflow/dags/kafka_stream.py
[2025-04-26T17:49:29.063+0000] {logging_mixin.py:151} INFO - [2025-04-26T17:49:29.063+0000] {dag.py:2907} INFO - Sync 1 DAGs
[2025-04-26T17:49:29.093+0000] {logging_mixin.py:151} INFO - [2025-04-26T17:49:29.093+0000] {dag.py:3677} INFO - Setting next_dagrun for user_automation to 2025-04-26T00:00:00+00:00, run_after=2025-04-27T00:00:00+00:00
[2025-04-26T17:49:29.133+0000] {processor.py:179} INFO - Processing /opt/airflow/dags/kafka_stream.py took 0.182 seconds
[2025-04-26T17:49:59.425+0000] {processor.py:157} INFO - Started process (PID=908) to work on /opt/airflow/dags/kafka_stream.py
[2025-04-26T17:49:59.427+0000] {processor.py:829} INFO - Processing file /opt/airflow/dags/kafka_stream.py for tasks to queue
[2025-04-26T17:49:59.429+0000] {logging_mixin.py:151} INFO - [2025-04-26T17:49:59.428+0000] {dagbag.py:539} INFO - Filling up the DagBag from /opt/airflow/dags/kafka_stream.py
[2025-04-26T17:49:59.495+0000] {processor.py:839} INFO - DAG(s) dict_keys(['user_automation']) retrieved from /opt/airflow/dags/kafka_stream.py
[2025-04-26T17:49:59.536+0000] {logging_mixin.py:151} INFO - [2025-04-26T17:49:59.535+0000] {dag.py:2907} INFO - Sync 1 DAGs
[2025-04-26T17:49:59.574+0000] {logging_mixin.py:151} INFO - [2025-04-26T17:49:59.574+0000] {dag.py:3677} INFO - Setting next_dagrun for user_automation to 2025-04-26T00:00:00+00:00, run_after=2025-04-27T00:00:00+00:00
[2025-04-26T17:49:59.612+0000] {processor.py:179} INFO - Processing /opt/airflow/dags/kafka_stream.py took 0.193 seconds
[2025-04-26T17:50:29.810+0000] {processor.py:157} INFO - Started process (PID=909) to work on /opt/airflow/dags/kafka_stream.py
[2025-04-26T17:50:29.812+0000] {processor.py:829} INFO - Processing file /opt/airflow/dags/kafka_stream.py for tasks to queue
[2025-04-26T17:50:29.814+0000] {logging_mixin.py:151} INFO - [2025-04-26T17:50:29.813+0000] {dagbag.py:539} INFO - Filling up the DagBag from /opt/airflow/dags/kafka_stream.py
[2025-04-26T17:50:29.851+0000] {processor.py:839} INFO - DAG(s) dict_keys(['user_automation']) retrieved from /opt/airflow/dags/kafka_stream.py
[2025-04-26T17:50:29.885+0000] {logging_mixin.py:151} INFO - [2025-04-26T17:50:29.884+0000] {dag.py:2907} INFO - Sync 1 DAGs
[2025-04-26T17:50:29.917+0000] {logging_mixin.py:151} INFO - [2025-04-26T17:50:29.917+0000] {dag.py:3677} INFO - Setting next_dagrun for user_automation to 2025-04-26T00:00:00+00:00, run_after=2025-04-27T00:00:00+00:00
[2025-04-26T17:50:29.948+0000] {processor.py:179} INFO - Processing /opt/airflow/dags/kafka_stream.py took 0.146 seconds
[2025-04-26T17:51:00.245+0000] {processor.py:157} INFO - Started process (PID=910) to work on /opt/airflow/dags/kafka_stream.py
[2025-04-26T17:51:00.247+0000] {processor.py:829} INFO - Processing file /opt/airflow/dags/kafka_stream.py for tasks to queue
[2025-04-26T17:51:00.248+0000] {logging_mixin.py:151} INFO - [2025-04-26T17:51:00.248+0000] {dagbag.py:539} INFO - Filling up the DagBag from /opt/airflow/dags/kafka_stream.py
[2025-04-26T17:51:00.273+0000] {processor.py:839} INFO - DAG(s) dict_keys(['user_automation']) retrieved from /opt/airflow/dags/kafka_stream.py
[2025-04-26T17:51:00.303+0000] {logging_mixin.py:151} INFO - [2025-04-26T17:51:00.303+0000] {dag.py:2907} INFO - Sync 1 DAGs
[2025-04-26T17:51:00.338+0000] {logging_mixin.py:151} INFO - [2025-04-26T17:51:00.337+0000] {dag.py:3677} INFO - Setting next_dagrun for user_automation to 2025-04-26T00:00:00+00:00, run_after=2025-04-27T00:00:00+00:00
[2025-04-26T17:51:00.380+0000] {processor.py:179} INFO - Processing /opt/airflow/dags/kafka_stream.py took 0.140 seconds
[2025-04-26T17:51:30.578+0000] {processor.py:157} INFO - Started process (PID=911) to work on /opt/airflow/dags/kafka_stream.py
[2025-04-26T17:51:30.580+0000] {processor.py:829} INFO - Processing file /opt/airflow/dags/kafka_stream.py for tasks to queue
[2025-04-26T17:51:30.581+0000] {logging_mixin.py:151} INFO - [2025-04-26T17:51:30.581+0000] {dagbag.py:539} INFO - Filling up the DagBag from /opt/airflow/dags/kafka_stream.py
[2025-04-26T17:51:30.617+0000] {processor.py:839} INFO - DAG(s) dict_keys(['user_automation']) retrieved from /opt/airflow/dags/kafka_stream.py
[2025-04-26T17:51:30.650+0000] {logging_mixin.py:151} INFO - [2025-04-26T17:51:30.650+0000] {dag.py:2907} INFO - Sync 1 DAGs
[2025-04-26T17:51:30.678+0000] {logging_mixin.py:151} INFO - [2025-04-26T17:51:30.678+0000] {dag.py:3677} INFO - Setting next_dagrun for user_automation to 2025-04-26T00:00:00+00:00, run_after=2025-04-27T00:00:00+00:00
[2025-04-26T17:51:30.723+0000] {processor.py:179} INFO - Processing /opt/airflow/dags/kafka_stream.py took 0.149 seconds
[2025-04-26T17:52:01.123+0000] {processor.py:157} INFO - Started process (PID=912) to work on /opt/airflow/dags/kafka_stream.py
[2025-04-26T17:52:01.125+0000] {processor.py:829} INFO - Processing file /opt/airflow/dags/kafka_stream.py for tasks to queue
[2025-04-26T17:52:01.127+0000] {logging_mixin.py:151} INFO - [2025-04-26T17:52:01.127+0000] {dagbag.py:539} INFO - Filling up the DagBag from /opt/airflow/dags/kafka_stream.py
[2025-04-26T17:52:01.168+0000] {processor.py:839} INFO - DAG(s) dict_keys(['user_automation']) retrieved from /opt/airflow/dags/kafka_stream.py
[2025-04-26T17:52:01.202+0000] {logging_mixin.py:151} INFO - [2025-04-26T17:52:01.201+0000] {dag.py:2907} INFO - Sync 1 DAGs
[2025-04-26T17:52:01.229+0000] {logging_mixin.py:151} INFO - [2025-04-26T17:52:01.229+0000] {dag.py:3677} INFO - Setting next_dagrun for user_automation to 2025-04-26T00:00:00+00:00, run_after=2025-04-27T00:00:00+00:00
[2025-04-26T17:52:01.255+0000] {processor.py:179} INFO - Processing /opt/airflow/dags/kafka_stream.py took 0.138 seconds
[2025-04-26T17:52:31.832+0000] {processor.py:157} INFO - Started process (PID=913) to work on /opt/airflow/dags/kafka_stream.py
[2025-04-26T17:52:31.834+0000] {processor.py:829} INFO - Processing file /opt/airflow/dags/kafka_stream.py for tasks to queue
[2025-04-26T17:52:31.837+0000] {logging_mixin.py:151} INFO - [2025-04-26T17:52:31.836+0000] {dagbag.py:539} INFO - Filling up the DagBag from /opt/airflow/dags/kafka_stream.py
[2025-04-26T17:52:31.874+0000] {processor.py:839} INFO - DAG(s) dict_keys(['user_automation']) retrieved from /opt/airflow/dags/kafka_stream.py
[2025-04-26T17:52:31.908+0000] {logging_mixin.py:151} INFO - [2025-04-26T17:52:31.908+0000] {dag.py:2907} INFO - Sync 1 DAGs
[2025-04-26T17:52:31.946+0000] {logging_mixin.py:151} INFO - [2025-04-26T17:52:31.946+0000] {dag.py:3677} INFO - Setting next_dagrun for user_automation to 2025-04-26T00:00:00+00:00, run_after=2025-04-27T00:00:00+00:00
[2025-04-26T17:52:31.996+0000] {processor.py:179} INFO - Processing /opt/airflow/dags/kafka_stream.py took 0.170 seconds
[2025-04-26T17:53:02.193+0000] {processor.py:157} INFO - Started process (PID=914) to work on /opt/airflow/dags/kafka_stream.py
[2025-04-26T17:53:02.195+0000] {processor.py:829} INFO - Processing file /opt/airflow/dags/kafka_stream.py for tasks to queue
[2025-04-26T17:53:02.197+0000] {logging_mixin.py:151} INFO - [2025-04-26T17:53:02.197+0000] {dagbag.py:539} INFO - Filling up the DagBag from /opt/airflow/dags/kafka_stream.py
[2025-04-26T17:53:02.258+0000] {processor.py:839} INFO - DAG(s) dict_keys(['user_automation']) retrieved from /opt/airflow/dags/kafka_stream.py
[2025-04-26T17:53:02.302+0000] {logging_mixin.py:151} INFO - [2025-04-26T17:53:02.302+0000] {dag.py:2907} INFO - Sync 1 DAGs
[2025-04-26T17:53:02.335+0000] {logging_mixin.py:151} INFO - [2025-04-26T17:53:02.335+0000] {dag.py:3677} INFO - Setting next_dagrun for user_automation to 2025-04-26T00:00:00+00:00, run_after=2025-04-27T00:00:00+00:00
[2025-04-26T17:53:02.362+0000] {processor.py:179} INFO - Processing /opt/airflow/dags/kafka_stream.py took 0.174 seconds
[2025-04-26T17:53:32.636+0000] {processor.py:157} INFO - Started process (PID=915) to work on /opt/airflow/dags/kafka_stream.py
[2025-04-26T17:53:32.637+0000] {processor.py:829} INFO - Processing file /opt/airflow/dags/kafka_stream.py for tasks to queue
[2025-04-26T17:53:32.639+0000] {logging_mixin.py:151} INFO - [2025-04-26T17:53:32.639+0000] {dagbag.py:539} INFO - Filling up the DagBag from /opt/airflow/dags/kafka_stream.py
[2025-04-26T17:53:32.697+0000] {processor.py:839} INFO - DAG(s) dict_keys(['user_automation']) retrieved from /opt/airflow/dags/kafka_stream.py
[2025-04-26T17:53:32.743+0000] {logging_mixin.py:151} INFO - [2025-04-26T17:53:32.742+0000] {dag.py:2907} INFO - Sync 1 DAGs
[2025-04-26T17:53:32.781+0000] {logging_mixin.py:151} INFO - [2025-04-26T17:53:32.781+0000] {dag.py:3677} INFO - Setting next_dagrun for user_automation to 2025-04-26T00:00:00+00:00, run_after=2025-04-27T00:00:00+00:00
[2025-04-26T17:53:32.829+0000] {processor.py:179} INFO - Processing /opt/airflow/dags/kafka_stream.py took 0.199 seconds
[2025-04-26T17:54:02.994+0000] {processor.py:157} INFO - Started process (PID=916) to work on /opt/airflow/dags/kafka_stream.py
[2025-04-26T17:54:02.996+0000] {processor.py:829} INFO - Processing file /opt/airflow/dags/kafka_stream.py for tasks to queue
[2025-04-26T17:54:02.998+0000] {logging_mixin.py:151} INFO - [2025-04-26T17:54:02.997+0000] {dagbag.py:539} INFO - Filling up the DagBag from /opt/airflow/dags/kafka_stream.py
[2025-04-26T17:54:03.049+0000] {processor.py:839} INFO - DAG(s) dict_keys(['user_automation']) retrieved from /opt/airflow/dags/kafka_stream.py
[2025-04-26T17:54:03.089+0000] {logging_mixin.py:151} INFO - [2025-04-26T17:54:03.089+0000] {dag.py:2907} INFO - Sync 1 DAGs
[2025-04-26T17:54:03.123+0000] {logging_mixin.py:151} INFO - [2025-04-26T17:54:03.122+0000] {dag.py:3677} INFO - Setting next_dagrun for user_automation to 2025-04-26T00:00:00+00:00, run_after=2025-04-27T00:00:00+00:00
[2025-04-26T17:54:03.161+0000] {processor.py:179} INFO - Processing /opt/airflow/dags/kafka_stream.py took 0.173 seconds
[2025-04-26T17:54:33.493+0000] {processor.py:157} INFO - Started process (PID=917) to work on /opt/airflow/dags/kafka_stream.py
[2025-04-26T17:54:33.495+0000] {processor.py:829} INFO - Processing file /opt/airflow/dags/kafka_stream.py for tasks to queue
[2025-04-26T17:54:33.498+0000] {logging_mixin.py:151} INFO - [2025-04-26T17:54:33.497+0000] {dagbag.py:539} INFO - Filling up the DagBag from /opt/airflow/dags/kafka_stream.py
[2025-04-26T17:54:33.555+0000] {processor.py:839} INFO - DAG(s) dict_keys(['user_automation']) retrieved from /opt/airflow/dags/kafka_stream.py
[2025-04-26T17:54:33.595+0000] {logging_mixin.py:151} INFO - [2025-04-26T17:54:33.595+0000] {dag.py:2907} INFO - Sync 1 DAGs
[2025-04-26T17:54:33.630+0000] {logging_mixin.py:151} INFO - [2025-04-26T17:54:33.630+0000] {dag.py:3677} INFO - Setting next_dagrun for user_automation to 2025-04-26T00:00:00+00:00, run_after=2025-04-27T00:00:00+00:00
[2025-04-26T17:54:33.665+0000] {processor.py:179} INFO - Processing /opt/airflow/dags/kafka_stream.py took 0.177 seconds
[2025-04-26T17:55:03.818+0000] {processor.py:157} INFO - Started process (PID=918) to work on /opt/airflow/dags/kafka_stream.py
[2025-04-26T17:55:03.819+0000] {processor.py:829} INFO - Processing file /opt/airflow/dags/kafka_stream.py for tasks to queue
[2025-04-26T17:55:03.820+0000] {logging_mixin.py:151} INFO - [2025-04-26T17:55:03.820+0000] {dagbag.py:539} INFO - Filling up the DagBag from /opt/airflow/dags/kafka_stream.py
[2025-04-26T17:55:03.853+0000] {processor.py:839} INFO - DAG(s) dict_keys(['user_automation']) retrieved from /opt/airflow/dags/kafka_stream.py
[2025-04-26T17:55:03.886+0000] {logging_mixin.py:151} INFO - [2025-04-26T17:55:03.886+0000] {dag.py:2907} INFO - Sync 1 DAGs
[2025-04-26T17:55:03.912+0000] {logging_mixin.py:151} INFO - [2025-04-26T17:55:03.912+0000] {dag.py:3677} INFO - Setting next_dagrun for user_automation to 2025-04-26T00:00:00+00:00, run_after=2025-04-27T00:00:00+00:00
[2025-04-26T17:55:03.953+0000] {processor.py:179} INFO - Processing /opt/airflow/dags/kafka_stream.py took 0.139 seconds
[2025-04-26T17:55:34.326+0000] {processor.py:157} INFO - Started process (PID=919) to work on /opt/airflow/dags/kafka_stream.py
[2025-04-26T17:55:34.328+0000] {processor.py:829} INFO - Processing file /opt/airflow/dags/kafka_stream.py for tasks to queue
[2025-04-26T17:55:34.330+0000] {logging_mixin.py:151} INFO - [2025-04-26T17:55:34.330+0000] {dagbag.py:539} INFO - Filling up the DagBag from /opt/airflow/dags/kafka_stream.py
[2025-04-26T17:55:34.386+0000] {processor.py:839} INFO - DAG(s) dict_keys(['user_automation']) retrieved from /opt/airflow/dags/kafka_stream.py
[2025-04-26T17:55:34.428+0000] {logging_mixin.py:151} INFO - [2025-04-26T17:55:34.427+0000] {dag.py:2907} INFO - Sync 1 DAGs
[2025-04-26T17:55:34.464+0000] {logging_mixin.py:151} INFO - [2025-04-26T17:55:34.464+0000] {dag.py:3677} INFO - Setting next_dagrun for user_automation to 2025-04-26T00:00:00+00:00, run_after=2025-04-27T00:00:00+00:00
[2025-04-26T17:55:34.504+0000] {processor.py:179} INFO - Processing /opt/airflow/dags/kafka_stream.py took 0.182 seconds
[2025-04-26T17:56:04.678+0000] {processor.py:157} INFO - Started process (PID=920) to work on /opt/airflow/dags/kafka_stream.py
[2025-04-26T17:56:04.680+0000] {processor.py:829} INFO - Processing file /opt/airflow/dags/kafka_stream.py for tasks to queue
[2025-04-26T17:56:04.682+0000] {logging_mixin.py:151} INFO - [2025-04-26T17:56:04.682+0000] {dagbag.py:539} INFO - Filling up the DagBag from /opt/airflow/dags/kafka_stream.py
[2025-04-26T17:56:04.740+0000] {processor.py:839} INFO - DAG(s) dict_keys(['user_automation']) retrieved from /opt/airflow/dags/kafka_stream.py
[2025-04-26T17:56:04.782+0000] {logging_mixin.py:151} INFO - [2025-04-26T17:56:04.782+0000] {dag.py:2907} INFO - Sync 1 DAGs
[2025-04-26T17:56:04.820+0000] {logging_mixin.py:151} INFO - [2025-04-26T17:56:04.820+0000] {dag.py:3677} INFO - Setting next_dagrun for user_automation to 2025-04-26T00:00:00+00:00, run_after=2025-04-27T00:00:00+00:00
[2025-04-26T17:56:04.864+0000] {processor.py:179} INFO - Processing /opt/airflow/dags/kafka_stream.py took 0.191 seconds
[2025-04-26T17:56:35.178+0000] {processor.py:157} INFO - Started process (PID=921) to work on /opt/airflow/dags/kafka_stream.py
[2025-04-26T17:56:35.180+0000] {processor.py:829} INFO - Processing file /opt/airflow/dags/kafka_stream.py for tasks to queue
[2025-04-26T17:56:35.182+0000] {logging_mixin.py:151} INFO - [2025-04-26T17:56:35.182+0000] {dagbag.py:539} INFO - Filling up the DagBag from /opt/airflow/dags/kafka_stream.py
[2025-04-26T17:56:35.243+0000] {processor.py:839} INFO - DAG(s) dict_keys(['user_automation']) retrieved from /opt/airflow/dags/kafka_stream.py
[2025-04-26T17:56:35.285+0000] {logging_mixin.py:151} INFO - [2025-04-26T17:56:35.285+0000] {dag.py:2907} INFO - Sync 1 DAGs
[2025-04-26T17:56:35.323+0000] {logging_mixin.py:151} INFO - [2025-04-26T17:56:35.322+0000] {dag.py:3677} INFO - Setting next_dagrun for user_automation to 2025-04-26T00:00:00+00:00, run_after=2025-04-27T00:00:00+00:00
[2025-04-26T17:56:35.370+0000] {processor.py:179} INFO - Processing /opt/airflow/dags/kafka_stream.py took 0.197 seconds
[2025-04-26T17:57:05.594+0000] {processor.py:157} INFO - Started process (PID=922) to work on /opt/airflow/dags/kafka_stream.py
[2025-04-26T17:57:05.596+0000] {processor.py:829} INFO - Processing file /opt/airflow/dags/kafka_stream.py for tasks to queue
[2025-04-26T17:57:05.598+0000] {logging_mixin.py:151} INFO - [2025-04-26T17:57:05.597+0000] {dagbag.py:539} INFO - Filling up the DagBag from /opt/airflow/dags/kafka_stream.py
[2025-04-26T17:57:05.651+0000] {processor.py:839} INFO - DAG(s) dict_keys(['user_automation']) retrieved from /opt/airflow/dags/kafka_stream.py
[2025-04-26T17:57:05.692+0000] {logging_mixin.py:151} INFO - [2025-04-26T17:57:05.691+0000] {dag.py:2907} INFO - Sync 1 DAGs
[2025-04-26T17:57:05.734+0000] {logging_mixin.py:151} INFO - [2025-04-26T17:57:05.734+0000] {dag.py:3677} INFO - Setting next_dagrun for user_automation to 2025-04-26T00:00:00+00:00, run_after=2025-04-27T00:00:00+00:00
[2025-04-26T17:57:05.769+0000] {processor.py:179} INFO - Processing /opt/airflow/dags/kafka_stream.py took 0.180 seconds
[2025-04-26T17:57:36.007+0000] {processor.py:157} INFO - Started process (PID=923) to work on /opt/airflow/dags/kafka_stream.py
[2025-04-26T17:57:36.008+0000] {processor.py:829} INFO - Processing file /opt/airflow/dags/kafka_stream.py for tasks to queue
[2025-04-26T17:57:36.010+0000] {logging_mixin.py:151} INFO - [2025-04-26T17:57:36.009+0000] {dagbag.py:539} INFO - Filling up the DagBag from /opt/airflow/dags/kafka_stream.py
[2025-04-26T17:57:36.051+0000] {processor.py:839} INFO - DAG(s) dict_keys(['user_automation']) retrieved from /opt/airflow/dags/kafka_stream.py
[2025-04-26T17:57:36.086+0000] {logging_mixin.py:151} INFO - [2025-04-26T17:57:36.085+0000] {dag.py:2907} INFO - Sync 1 DAGs
[2025-04-26T17:57:36.113+0000] {logging_mixin.py:151} INFO - [2025-04-26T17:57:36.113+0000] {dag.py:3677} INFO - Setting next_dagrun for user_automation to 2025-04-26T00:00:00+00:00, run_after=2025-04-27T00:00:00+00:00
[2025-04-26T17:57:36.161+0000] {processor.py:179} INFO - Processing /opt/airflow/dags/kafka_stream.py took 0.159 seconds
[2025-04-26T17:58:06.498+0000] {processor.py:157} INFO - Started process (PID=924) to work on /opt/airflow/dags/kafka_stream.py
[2025-04-26T17:58:06.501+0000] {processor.py:829} INFO - Processing file /opt/airflow/dags/kafka_stream.py for tasks to queue
[2025-04-26T17:58:06.504+0000] {logging_mixin.py:151} INFO - [2025-04-26T17:58:06.503+0000] {dagbag.py:539} INFO - Filling up the DagBag from /opt/airflow/dags/kafka_stream.py
[2025-04-26T17:58:06.550+0000] {processor.py:839} INFO - DAG(s) dict_keys(['user_automation']) retrieved from /opt/airflow/dags/kafka_stream.py
[2025-04-26T17:58:06.578+0000] {logging_mixin.py:151} INFO - [2025-04-26T17:58:06.578+0000] {dag.py:2907} INFO - Sync 1 DAGs
[2025-04-26T17:58:06.610+0000] {logging_mixin.py:151} INFO - [2025-04-26T17:58:06.610+0000] {dag.py:3677} INFO - Setting next_dagrun for user_automation to 2025-04-26T00:00:00+00:00, run_after=2025-04-27T00:00:00+00:00
[2025-04-26T17:58:06.683+0000] {processor.py:179} INFO - Processing /opt/airflow/dags/kafka_stream.py took 0.191 seconds
[2025-04-26T17:58:37.408+0000] {processor.py:157} INFO - Started process (PID=925) to work on /opt/airflow/dags/kafka_stream.py
[2025-04-26T17:58:37.410+0000] {processor.py:829} INFO - Processing file /opt/airflow/dags/kafka_stream.py for tasks to queue
[2025-04-26T17:58:37.414+0000] {logging_mixin.py:151} INFO - [2025-04-26T17:58:37.413+0000] {dagbag.py:539} INFO - Filling up the DagBag from /opt/airflow/dags/kafka_stream.py
[2025-04-26T17:58:37.476+0000] {processor.py:839} INFO - DAG(s) dict_keys(['user_automation']) retrieved from /opt/airflow/dags/kafka_stream.py
[2025-04-26T17:58:37.526+0000] {logging_mixin.py:151} INFO - [2025-04-26T17:58:37.525+0000] {dag.py:2907} INFO - Sync 1 DAGs
[2025-04-26T17:58:37.558+0000] {logging_mixin.py:151} INFO - [2025-04-26T17:58:37.558+0000] {dag.py:3677} INFO - Setting next_dagrun for user_automation to 2025-04-26T00:00:00+00:00, run_after=2025-04-27T00:00:00+00:00
[2025-04-26T17:58:37.601+0000] {processor.py:179} INFO - Processing /opt/airflow/dags/kafka_stream.py took 0.201 seconds
[2025-04-26T17:59:07.764+0000] {processor.py:157} INFO - Started process (PID=926) to work on /opt/airflow/dags/kafka_stream.py
[2025-04-26T17:59:07.765+0000] {processor.py:829} INFO - Processing file /opt/airflow/dags/kafka_stream.py for tasks to queue
[2025-04-26T17:59:07.767+0000] {logging_mixin.py:151} INFO - [2025-04-26T17:59:07.767+0000] {dagbag.py:539} INFO - Filling up the DagBag from /opt/airflow/dags/kafka_stream.py
[2025-04-26T17:59:07.804+0000] {processor.py:839} INFO - DAG(s) dict_keys(['user_automation']) retrieved from /opt/airflow/dags/kafka_stream.py
[2025-04-26T17:59:07.841+0000] {logging_mixin.py:151} INFO - [2025-04-26T17:59:07.840+0000] {dag.py:2907} INFO - Sync 1 DAGs
[2025-04-26T17:59:07.871+0000] {logging_mixin.py:151} INFO - [2025-04-26T17:59:07.870+0000] {dag.py:3677} INFO - Setting next_dagrun for user_automation to 2025-04-26T00:00:00+00:00, run_after=2025-04-27T00:00:00+00:00
[2025-04-26T17:59:07.900+0000] {processor.py:179} INFO - Processing /opt/airflow/dags/kafka_stream.py took 0.140 seconds
[2025-04-26T17:59:38.239+0000] {processor.py:157} INFO - Started process (PID=927) to work on /opt/airflow/dags/kafka_stream.py
[2025-04-26T17:59:38.241+0000] {processor.py:829} INFO - Processing file /opt/airflow/dags/kafka_stream.py for tasks to queue
[2025-04-26T17:59:38.243+0000] {logging_mixin.py:151} INFO - [2025-04-26T17:59:38.243+0000] {dagbag.py:539} INFO - Filling up the DagBag from /opt/airflow/dags/kafka_stream.py
[2025-04-26T17:59:38.306+0000] {processor.py:839} INFO - DAG(s) dict_keys(['user_automation']) retrieved from /opt/airflow/dags/kafka_stream.py
[2025-04-26T17:59:38.341+0000] {logging_mixin.py:151} INFO - [2025-04-26T17:59:38.340+0000] {dag.py:2907} INFO - Sync 1 DAGs
[2025-04-26T17:59:38.374+0000] {logging_mixin.py:151} INFO - [2025-04-26T17:59:38.374+0000] {dag.py:3677} INFO - Setting next_dagrun for user_automation to 2025-04-26T00:00:00+00:00, run_after=2025-04-27T00:00:00+00:00
[2025-04-26T17:59:38.417+0000] {processor.py:179} INFO - Processing /opt/airflow/dags/kafka_stream.py took 0.184 seconds
[2025-04-26T18:00:08.565+0000] {processor.py:157} INFO - Started process (PID=928) to work on /opt/airflow/dags/kafka_stream.py
[2025-04-26T18:00:08.567+0000] {processor.py:829} INFO - Processing file /opt/airflow/dags/kafka_stream.py for tasks to queue
[2025-04-26T18:00:08.569+0000] {logging_mixin.py:151} INFO - [2025-04-26T18:00:08.569+0000] {dagbag.py:539} INFO - Filling up the DagBag from /opt/airflow/dags/kafka_stream.py
[2025-04-26T18:00:08.627+0000] {processor.py:839} INFO - DAG(s) dict_keys(['user_automation']) retrieved from /opt/airflow/dags/kafka_stream.py
[2025-04-26T18:00:08.673+0000] {logging_mixin.py:151} INFO - [2025-04-26T18:00:08.673+0000] {dag.py:2907} INFO - Sync 1 DAGs
[2025-04-26T18:00:08.708+0000] {logging_mixin.py:151} INFO - [2025-04-26T18:00:08.708+0000] {dag.py:3677} INFO - Setting next_dagrun for user_automation to 2025-04-26T00:00:00+00:00, run_after=2025-04-27T00:00:00+00:00
[2025-04-26T18:00:08.739+0000] {processor.py:179} INFO - Processing /opt/airflow/dags/kafka_stream.py took 0.179 seconds
[2025-04-26T18:00:39.070+0000] {processor.py:157} INFO - Started process (PID=929) to work on /opt/airflow/dags/kafka_stream.py
[2025-04-26T18:00:39.071+0000] {processor.py:829} INFO - Processing file /opt/airflow/dags/kafka_stream.py for tasks to queue
[2025-04-26T18:00:39.074+0000] {logging_mixin.py:151} INFO - [2025-04-26T18:00:39.073+0000] {dagbag.py:539} INFO - Filling up the DagBag from /opt/airflow/dags/kafka_stream.py
[2025-04-26T18:00:39.132+0000] {processor.py:839} INFO - DAG(s) dict_keys(['user_automation']) retrieved from /opt/airflow/dags/kafka_stream.py
[2025-04-26T18:00:39.165+0000] {logging_mixin.py:151} INFO - [2025-04-26T18:00:39.165+0000] {dag.py:2907} INFO - Sync 1 DAGs
[2025-04-26T18:00:39.201+0000] {logging_mixin.py:151} INFO - [2025-04-26T18:00:39.200+0000] {dag.py:3677} INFO - Setting next_dagrun for user_automation to 2025-04-26T00:00:00+00:00, run_after=2025-04-27T00:00:00+00:00
[2025-04-26T18:00:39.247+0000] {processor.py:179} INFO - Processing /opt/airflow/dags/kafka_stream.py took 0.183 seconds
[2025-04-26T18:01:09.387+0000] {processor.py:157} INFO - Started process (PID=930) to work on /opt/airflow/dags/kafka_stream.py
[2025-04-26T18:01:09.389+0000] {processor.py:829} INFO - Processing file /opt/airflow/dags/kafka_stream.py for tasks to queue
[2025-04-26T18:01:09.390+0000] {logging_mixin.py:151} INFO - [2025-04-26T18:01:09.390+0000] {dagbag.py:539} INFO - Filling up the DagBag from /opt/airflow/dags/kafka_stream.py
[2025-04-26T18:01:09.438+0000] {processor.py:839} INFO - DAG(s) dict_keys(['user_automation']) retrieved from /opt/airflow/dags/kafka_stream.py
[2025-04-26T18:01:09.471+0000] {logging_mixin.py:151} INFO - [2025-04-26T18:01:09.471+0000] {dag.py:2907} INFO - Sync 1 DAGs
[2025-04-26T18:01:09.505+0000] {logging_mixin.py:151} INFO - [2025-04-26T18:01:09.505+0000] {dag.py:3677} INFO - Setting next_dagrun for user_automation to 2025-04-26T00:00:00+00:00, run_after=2025-04-27T00:00:00+00:00
[2025-04-26T18:01:09.542+0000] {processor.py:179} INFO - Processing /opt/airflow/dags/kafka_stream.py took 0.158 seconds
[2025-04-26T18:01:39.913+0000] {processor.py:157} INFO - Started process (PID=931) to work on /opt/airflow/dags/kafka_stream.py
[2025-04-26T18:01:39.914+0000] {processor.py:829} INFO - Processing file /opt/airflow/dags/kafka_stream.py for tasks to queue
[2025-04-26T18:01:39.916+0000] {logging_mixin.py:151} INFO - [2025-04-26T18:01:39.916+0000] {dagbag.py:539} INFO - Filling up the DagBag from /opt/airflow/dags/kafka_stream.py
[2025-04-26T18:01:39.974+0000] {processor.py:839} INFO - DAG(s) dict_keys(['user_automation']) retrieved from /opt/airflow/dags/kafka_stream.py
[2025-04-26T18:01:40.019+0000] {logging_mixin.py:151} INFO - [2025-04-26T18:01:40.018+0000] {dag.py:2907} INFO - Sync 1 DAGs
[2025-04-26T18:01:40.060+0000] {logging_mixin.py:151} INFO - [2025-04-26T18:01:40.060+0000] {dag.py:3677} INFO - Setting next_dagrun for user_automation to 2025-04-26T00:00:00+00:00, run_after=2025-04-27T00:00:00+00:00
[2025-04-26T18:01:40.109+0000] {processor.py:179} INFO - Processing /opt/airflow/dags/kafka_stream.py took 0.200 seconds
[2025-04-26T18:02:10.354+0000] {processor.py:157} INFO - Started process (PID=932) to work on /opt/airflow/dags/kafka_stream.py
[2025-04-26T18:02:10.355+0000] {processor.py:829} INFO - Processing file /opt/airflow/dags/kafka_stream.py for tasks to queue
[2025-04-26T18:02:10.357+0000] {logging_mixin.py:151} INFO - [2025-04-26T18:02:10.357+0000] {dagbag.py:539} INFO - Filling up the DagBag from /opt/airflow/dags/kafka_stream.py
[2025-04-26T18:02:10.422+0000] {processor.py:839} INFO - DAG(s) dict_keys(['user_automation']) retrieved from /opt/airflow/dags/kafka_stream.py
[2025-04-26T18:02:10.464+0000] {logging_mixin.py:151} INFO - [2025-04-26T18:02:10.463+0000] {dag.py:2907} INFO - Sync 1 DAGs
[2025-04-26T18:02:10.498+0000] {logging_mixin.py:151} INFO - [2025-04-26T18:02:10.498+0000] {dag.py:3677} INFO - Setting next_dagrun for user_automation to 2025-04-26T00:00:00+00:00, run_after=2025-04-27T00:00:00+00:00
[2025-04-26T18:02:10.541+0000] {processor.py:179} INFO - Processing /opt/airflow/dags/kafka_stream.py took 0.192 seconds
[2025-04-26T18:02:40.737+0000] {processor.py:157} INFO - Started process (PID=933) to work on /opt/airflow/dags/kafka_stream.py
[2025-04-26T18:02:40.738+0000] {processor.py:829} INFO - Processing file /opt/airflow/dags/kafka_stream.py for tasks to queue
[2025-04-26T18:02:40.739+0000] {logging_mixin.py:151} INFO - [2025-04-26T18:02:40.739+0000] {dagbag.py:539} INFO - Filling up the DagBag from /opt/airflow/dags/kafka_stream.py
[2025-04-26T18:02:40.770+0000] {processor.py:839} INFO - DAG(s) dict_keys(['user_automation']) retrieved from /opt/airflow/dags/kafka_stream.py
[2025-04-26T18:02:40.801+0000] {logging_mixin.py:151} INFO - [2025-04-26T18:02:40.800+0000] {dag.py:2907} INFO - Sync 1 DAGs
[2025-04-26T18:02:40.827+0000] {logging_mixin.py:151} INFO - [2025-04-26T18:02:40.826+0000] {dag.py:3677} INFO - Setting next_dagrun for user_automation to 2025-04-26T00:00:00+00:00, run_after=2025-04-27T00:00:00+00:00
[2025-04-26T18:02:40.867+0000] {processor.py:179} INFO - Processing /opt/airflow/dags/kafka_stream.py took 0.135 seconds
[2025-04-26T18:03:11.180+0000] {processor.py:157} INFO - Started process (PID=934) to work on /opt/airflow/dags/kafka_stream.py
[2025-04-26T18:03:11.182+0000] {processor.py:829} INFO - Processing file /opt/airflow/dags/kafka_stream.py for tasks to queue
[2025-04-26T18:03:11.184+0000] {logging_mixin.py:151} INFO - [2025-04-26T18:03:11.183+0000] {dagbag.py:539} INFO - Filling up the DagBag from /opt/airflow/dags/kafka_stream.py
[2025-04-26T18:03:11.243+0000] {processor.py:839} INFO - DAG(s) dict_keys(['user_automation']) retrieved from /opt/airflow/dags/kafka_stream.py
[2025-04-26T18:03:11.293+0000] {logging_mixin.py:151} INFO - [2025-04-26T18:03:11.293+0000] {dag.py:2907} INFO - Sync 1 DAGs
[2025-04-26T18:03:11.335+0000] {logging_mixin.py:151} INFO - [2025-04-26T18:03:11.335+0000] {dag.py:3677} INFO - Setting next_dagrun for user_automation to 2025-04-26T00:00:00+00:00, run_after=2025-04-27T00:00:00+00:00
[2025-04-26T18:03:11.385+0000] {processor.py:179} INFO - Processing /opt/airflow/dags/kafka_stream.py took 0.210 seconds
[2025-04-26T18:03:41.497+0000] {processor.py:157} INFO - Started process (PID=935) to work on /opt/airflow/dags/kafka_stream.py
[2025-04-26T18:03:41.498+0000] {processor.py:829} INFO - Processing file /opt/airflow/dags/kafka_stream.py for tasks to queue
[2025-04-26T18:03:41.499+0000] {logging_mixin.py:151} INFO - [2025-04-26T18:03:41.499+0000] {dagbag.py:539} INFO - Filling up the DagBag from /opt/airflow/dags/kafka_stream.py
[2025-04-26T18:03:41.541+0000] {processor.py:839} INFO - DAG(s) dict_keys(['user_automation']) retrieved from /opt/airflow/dags/kafka_stream.py
[2025-04-26T18:03:41.578+0000] {logging_mixin.py:151} INFO - [2025-04-26T18:03:41.577+0000] {dag.py:2907} INFO - Sync 1 DAGs
[2025-04-26T18:03:41.613+0000] {logging_mixin.py:151} INFO - [2025-04-26T18:03:41.613+0000] {dag.py:3677} INFO - Setting next_dagrun for user_automation to 2025-04-26T00:00:00+00:00, run_after=2025-04-27T00:00:00+00:00
[2025-04-26T18:03:41.650+0000] {processor.py:179} INFO - Processing /opt/airflow/dags/kafka_stream.py took 0.157 seconds
[2025-04-26T18:04:12.006+0000] {processor.py:157} INFO - Started process (PID=936) to work on /opt/airflow/dags/kafka_stream.py
[2025-04-26T18:04:12.008+0000] {processor.py:829} INFO - Processing file /opt/airflow/dags/kafka_stream.py for tasks to queue
[2025-04-26T18:04:12.010+0000] {logging_mixin.py:151} INFO - [2025-04-26T18:04:12.009+0000] {dagbag.py:539} INFO - Filling up the DagBag from /opt/airflow/dags/kafka_stream.py
[2025-04-26T18:04:12.068+0000] {processor.py:839} INFO - DAG(s) dict_keys(['user_automation']) retrieved from /opt/airflow/dags/kafka_stream.py
[2025-04-26T18:04:12.112+0000] {logging_mixin.py:151} INFO - [2025-04-26T18:04:12.111+0000] {dag.py:2907} INFO - Sync 1 DAGs
[2025-04-26T18:04:12.148+0000] {logging_mixin.py:151} INFO - [2025-04-26T18:04:12.148+0000] {dag.py:3677} INFO - Setting next_dagrun for user_automation to 2025-04-26T00:00:00+00:00, run_after=2025-04-27T00:00:00+00:00
[2025-04-26T18:04:12.198+0000] {processor.py:179} INFO - Processing /opt/airflow/dags/kafka_stream.py took 0.197 seconds
[2025-04-26T18:04:42.319+0000] {processor.py:157} INFO - Started process (PID=937) to work on /opt/airflow/dags/kafka_stream.py
[2025-04-26T18:04:42.321+0000] {processor.py:829} INFO - Processing file /opt/airflow/dags/kafka_stream.py for tasks to queue
[2025-04-26T18:04:42.322+0000] {logging_mixin.py:151} INFO - [2025-04-26T18:04:42.322+0000] {dagbag.py:539} INFO - Filling up the DagBag from /opt/airflow/dags/kafka_stream.py
[2025-04-26T18:04:42.372+0000] {processor.py:839} INFO - DAG(s) dict_keys(['user_automation']) retrieved from /opt/airflow/dags/kafka_stream.py
[2025-04-26T18:04:42.407+0000] {logging_mixin.py:151} INFO - [2025-04-26T18:04:42.406+0000] {dag.py:2907} INFO - Sync 1 DAGs
[2025-04-26T18:04:42.437+0000] {logging_mixin.py:151} INFO - [2025-04-26T18:04:42.437+0000] {dag.py:3677} INFO - Setting next_dagrun for user_automation to 2025-04-26T00:00:00+00:00, run_after=2025-04-27T00:00:00+00:00
[2025-04-26T18:04:42.468+0000] {processor.py:179} INFO - Processing /opt/airflow/dags/kafka_stream.py took 0.153 seconds
[2025-04-26T18:05:12.607+0000] {processor.py:157} INFO - Started process (PID=938) to work on /opt/airflow/dags/kafka_stream.py
[2025-04-26T18:05:12.613+0000] {processor.py:829} INFO - Processing file /opt/airflow/dags/kafka_stream.py for tasks to queue
[2025-04-26T18:05:12.615+0000] {logging_mixin.py:151} INFO - [2025-04-26T18:05:12.615+0000] {dagbag.py:539} INFO - Filling up the DagBag from /opt/airflow/dags/kafka_stream.py
[2025-04-26T18:05:12.654+0000] {processor.py:839} INFO - DAG(s) dict_keys(['user_automation']) retrieved from /opt/airflow/dags/kafka_stream.py
[2025-04-26T18:05:12.704+0000] {logging_mixin.py:151} INFO - [2025-04-26T18:05:12.703+0000] {dag.py:2907} INFO - Sync 1 DAGs
[2025-04-26T18:05:12.734+0000] {logging_mixin.py:151} INFO - [2025-04-26T18:05:12.733+0000] {dag.py:3677} INFO - Setting next_dagrun for user_automation to 2025-04-26T00:00:00+00:00, run_after=2025-04-27T00:00:00+00:00
[2025-04-26T18:05:12.758+0000] {processor.py:179} INFO - Processing /opt/airflow/dags/kafka_stream.py took 0.158 seconds
[2025-04-26T18:05:43.101+0000] {processor.py:157} INFO - Started process (PID=939) to work on /opt/airflow/dags/kafka_stream.py
[2025-04-26T18:05:43.102+0000] {processor.py:829} INFO - Processing file /opt/airflow/dags/kafka_stream.py for tasks to queue
[2025-04-26T18:05:43.103+0000] {logging_mixin.py:151} INFO - [2025-04-26T18:05:43.103+0000] {dagbag.py:539} INFO - Filling up the DagBag from /opt/airflow/dags/kafka_stream.py
[2025-04-26T18:05:43.151+0000] {processor.py:839} INFO - DAG(s) dict_keys(['user_automation']) retrieved from /opt/airflow/dags/kafka_stream.py
[2025-04-26T18:05:43.190+0000] {logging_mixin.py:151} INFO - [2025-04-26T18:05:43.189+0000] {dag.py:2907} INFO - Sync 1 DAGs
[2025-04-26T18:05:43.223+0000] {logging_mixin.py:151} INFO - [2025-04-26T18:05:43.222+0000] {dag.py:3677} INFO - Setting next_dagrun for user_automation to 2025-04-26T00:00:00+00:00, run_after=2025-04-27T00:00:00+00:00
[2025-04-26T18:05:43.266+0000] {processor.py:179} INFO - Processing /opt/airflow/dags/kafka_stream.py took 0.169 seconds
[2025-04-26T18:06:13.449+0000] {processor.py:157} INFO - Started process (PID=940) to work on /opt/airflow/dags/kafka_stream.py
[2025-04-26T18:06:13.451+0000] {processor.py:829} INFO - Processing file /opt/airflow/dags/kafka_stream.py for tasks to queue
[2025-04-26T18:06:13.452+0000] {logging_mixin.py:151} INFO - [2025-04-26T18:06:13.452+0000] {dagbag.py:539} INFO - Filling up the DagBag from /opt/airflow/dags/kafka_stream.py
[2025-04-26T18:06:13.510+0000] {processor.py:839} INFO - DAG(s) dict_keys(['user_automation']) retrieved from /opt/airflow/dags/kafka_stream.py
[2025-04-26T18:06:13.544+0000] {logging_mixin.py:151} INFO - [2025-04-26T18:06:13.544+0000] {dag.py:2907} INFO - Sync 1 DAGs
[2025-04-26T18:06:13.579+0000] {logging_mixin.py:151} INFO - [2025-04-26T18:06:13.579+0000] {dag.py:3677} INFO - Setting next_dagrun for user_automation to 2025-04-26T00:00:00+00:00, run_after=2025-04-27T00:00:00+00:00
[2025-04-26T18:06:13.630+0000] {processor.py:179} INFO - Processing /opt/airflow/dags/kafka_stream.py took 0.185 seconds
[2025-04-26T18:06:43.871+0000] {processor.py:157} INFO - Started process (PID=941) to work on /opt/airflow/dags/kafka_stream.py
[2025-04-26T18:06:43.873+0000] {processor.py:829} INFO - Processing file /opt/airflow/dags/kafka_stream.py for tasks to queue
[2025-04-26T18:06:43.875+0000] {logging_mixin.py:151} INFO - [2025-04-26T18:06:43.874+0000] {dagbag.py:539} INFO - Filling up the DagBag from /opt/airflow/dags/kafka_stream.py
[2025-04-26T18:06:43.925+0000] {processor.py:839} INFO - DAG(s) dict_keys(['user_automation']) retrieved from /opt/airflow/dags/kafka_stream.py
[2025-04-26T18:06:43.973+0000] {logging_mixin.py:151} INFO - [2025-04-26T18:06:43.973+0000] {dag.py:2907} INFO - Sync 1 DAGs
[2025-04-26T18:06:44.021+0000] {logging_mixin.py:151} INFO - [2025-04-26T18:06:44.020+0000] {dag.py:3677} INFO - Setting next_dagrun for user_automation to 2025-04-26T00:00:00+00:00, run_after=2025-04-27T00:00:00+00:00
[2025-04-26T18:06:44.060+0000] {processor.py:179} INFO - Processing /opt/airflow/dags/kafka_stream.py took 0.192 seconds
[2025-04-26T18:07:14.358+0000] {processor.py:157} INFO - Started process (PID=942) to work on /opt/airflow/dags/kafka_stream.py
[2025-04-26T18:07:14.360+0000] {processor.py:829} INFO - Processing file /opt/airflow/dags/kafka_stream.py for tasks to queue
[2025-04-26T18:07:14.362+0000] {logging_mixin.py:151} INFO - [2025-04-26T18:07:14.362+0000] {dagbag.py:539} INFO - Filling up the DagBag from /opt/airflow/dags/kafka_stream.py
[2025-04-26T18:07:14.422+0000] {processor.py:839} INFO - DAG(s) dict_keys(['user_automation']) retrieved from /opt/airflow/dags/kafka_stream.py
[2025-04-26T18:07:14.467+0000] {logging_mixin.py:151} INFO - [2025-04-26T18:07:14.467+0000] {dag.py:2907} INFO - Sync 1 DAGs
[2025-04-26T18:07:14.508+0000] {logging_mixin.py:151} INFO - [2025-04-26T18:07:14.508+0000] {dag.py:3677} INFO - Setting next_dagrun for user_automation to 2025-04-26T00:00:00+00:00, run_after=2025-04-27T00:00:00+00:00
[2025-04-26T18:07:14.546+0000] {processor.py:179} INFO - Processing /opt/airflow/dags/kafka_stream.py took 0.193 seconds
[2025-04-26T18:07:44.715+0000] {processor.py:157} INFO - Started process (PID=943) to work on /opt/airflow/dags/kafka_stream.py
[2025-04-26T18:07:44.716+0000] {processor.py:829} INFO - Processing file /opt/airflow/dags/kafka_stream.py for tasks to queue
[2025-04-26T18:07:44.718+0000] {logging_mixin.py:151} INFO - [2025-04-26T18:07:44.718+0000] {dagbag.py:539} INFO - Filling up the DagBag from /opt/airflow/dags/kafka_stream.py
[2025-04-26T18:07:44.795+0000] {processor.py:839} INFO - DAG(s) dict_keys(['user_automation']) retrieved from /opt/airflow/dags/kafka_stream.py
[2025-04-26T18:07:44.817+0000] {logging_mixin.py:151} INFO - [2025-04-26T18:07:44.817+0000] {dag.py:2907} INFO - Sync 1 DAGs
[2025-04-26T18:07:44.837+0000] {logging_mixin.py:151} INFO - [2025-04-26T18:07:44.837+0000] {dag.py:3677} INFO - Setting next_dagrun for user_automation to 2025-04-26T00:00:00+00:00, run_after=2025-04-27T00:00:00+00:00
[2025-04-26T18:07:44.858+0000] {processor.py:179} INFO - Processing /opt/airflow/dags/kafka_stream.py took 0.147 seconds
[2025-04-26T18:08:15.155+0000] {processor.py:157} INFO - Started process (PID=944) to work on /opt/airflow/dags/kafka_stream.py
[2025-04-26T18:08:15.156+0000] {processor.py:829} INFO - Processing file /opt/airflow/dags/kafka_stream.py for tasks to queue
[2025-04-26T18:08:15.158+0000] {logging_mixin.py:151} INFO - [2025-04-26T18:08:15.158+0000] {dagbag.py:539} INFO - Filling up the DagBag from /opt/airflow/dags/kafka_stream.py
[2025-04-26T18:08:15.209+0000] {processor.py:839} INFO - DAG(s) dict_keys(['user_automation']) retrieved from /opt/airflow/dags/kafka_stream.py
[2025-04-26T18:08:15.230+0000] {logging_mixin.py:151} INFO - [2025-04-26T18:08:15.230+0000] {dag.py:2907} INFO - Sync 1 DAGs
[2025-04-26T18:08:15.248+0000] {logging_mixin.py:151} INFO - [2025-04-26T18:08:15.247+0000] {dag.py:3677} INFO - Setting next_dagrun for user_automation to 2025-04-26T00:00:00+00:00, run_after=2025-04-27T00:00:00+00:00
[2025-04-26T18:08:15.278+0000] {processor.py:179} INFO - Processing /opt/airflow/dags/kafka_stream.py took 0.125 seconds
[2025-04-26T18:08:45.436+0000] {processor.py:157} INFO - Started process (PID=945) to work on /opt/airflow/dags/kafka_stream.py
[2025-04-26T18:08:45.437+0000] {processor.py:829} INFO - Processing file /opt/airflow/dags/kafka_stream.py for tasks to queue
[2025-04-26T18:08:45.438+0000] {logging_mixin.py:151} INFO - [2025-04-26T18:08:45.437+0000] {dagbag.py:539} INFO - Filling up the DagBag from /opt/airflow/dags/kafka_stream.py
[2025-04-26T18:08:45.472+0000] {processor.py:839} INFO - DAG(s) dict_keys(['user_automation']) retrieved from /opt/airflow/dags/kafka_stream.py
[2025-04-26T18:08:45.494+0000] {logging_mixin.py:151} INFO - [2025-04-26T18:08:45.493+0000] {dag.py:2907} INFO - Sync 1 DAGs
[2025-04-26T18:08:45.511+0000] {logging_mixin.py:151} INFO - [2025-04-26T18:08:45.511+0000] {dag.py:3677} INFO - Setting next_dagrun for user_automation to 2025-04-26T00:00:00+00:00, run_after=2025-04-27T00:00:00+00:00
[2025-04-26T18:08:45.537+0000] {processor.py:179} INFO - Processing /opt/airflow/dags/kafka_stream.py took 0.104 seconds
[2025-04-26T18:09:15.802+0000] {processor.py:157} INFO - Started process (PID=946) to work on /opt/airflow/dags/kafka_stream.py
[2025-04-26T18:09:15.803+0000] {processor.py:829} INFO - Processing file /opt/airflow/dags/kafka_stream.py for tasks to queue
[2025-04-26T18:09:15.804+0000] {logging_mixin.py:151} INFO - [2025-04-26T18:09:15.804+0000] {dagbag.py:539} INFO - Filling up the DagBag from /opt/airflow/dags/kafka_stream.py
[2025-04-26T18:09:15.828+0000] {processor.py:839} INFO - DAG(s) dict_keys(['user_automation']) retrieved from /opt/airflow/dags/kafka_stream.py
[2025-04-26T18:09:15.851+0000] {logging_mixin.py:151} INFO - [2025-04-26T18:09:15.851+0000] {dag.py:2907} INFO - Sync 1 DAGs
[2025-04-26T18:09:15.866+0000] {logging_mixin.py:151} INFO - [2025-04-26T18:09:15.866+0000] {dag.py:3677} INFO - Setting next_dagrun for user_automation to 2025-04-26T00:00:00+00:00, run_after=2025-04-27T00:00:00+00:00
[2025-04-26T18:09:15.898+0000] {processor.py:179} INFO - Processing /opt/airflow/dags/kafka_stream.py took 0.098 seconds
[2025-04-26T18:09:46.035+0000] {processor.py:157} INFO - Started process (PID=947) to work on /opt/airflow/dags/kafka_stream.py
[2025-04-26T18:09:46.036+0000] {processor.py:829} INFO - Processing file /opt/airflow/dags/kafka_stream.py for tasks to queue
[2025-04-26T18:09:46.037+0000] {logging_mixin.py:151} INFO - [2025-04-26T18:09:46.037+0000] {dagbag.py:539} INFO - Filling up the DagBag from /opt/airflow/dags/kafka_stream.py
[2025-04-26T18:09:46.074+0000] {processor.py:839} INFO - DAG(s) dict_keys(['user_automation']) retrieved from /opt/airflow/dags/kafka_stream.py
[2025-04-26T18:09:46.096+0000] {logging_mixin.py:151} INFO - [2025-04-26T18:09:46.096+0000] {dag.py:2907} INFO - Sync 1 DAGs
[2025-04-26T18:09:46.118+0000] {logging_mixin.py:151} INFO - [2025-04-26T18:09:46.118+0000] {dag.py:3677} INFO - Setting next_dagrun for user_automation to 2025-04-26T00:00:00+00:00, run_after=2025-04-27T00:00:00+00:00
[2025-04-26T18:09:46.137+0000] {processor.py:179} INFO - Processing /opt/airflow/dags/kafka_stream.py took 0.104 seconds
[2025-04-26T18:10:16.346+0000] {processor.py:157} INFO - Started process (PID=948) to work on /opt/airflow/dags/kafka_stream.py
[2025-04-26T18:10:16.347+0000] {processor.py:829} INFO - Processing file /opt/airflow/dags/kafka_stream.py for tasks to queue
[2025-04-26T18:10:16.348+0000] {logging_mixin.py:151} INFO - [2025-04-26T18:10:16.348+0000] {dagbag.py:539} INFO - Filling up the DagBag from /opt/airflow/dags/kafka_stream.py
[2025-04-26T18:10:16.373+0000] {processor.py:839} INFO - DAG(s) dict_keys(['user_automation']) retrieved from /opt/airflow/dags/kafka_stream.py
[2025-04-26T18:10:16.402+0000] {logging_mixin.py:151} INFO - [2025-04-26T18:10:16.402+0000] {dag.py:2907} INFO - Sync 1 DAGs
[2025-04-26T18:10:16.422+0000] {logging_mixin.py:151} INFO - [2025-04-26T18:10:16.421+0000] {dag.py:3677} INFO - Setting next_dagrun for user_automation to 2025-04-26T00:00:00+00:00, run_after=2025-04-27T00:00:00+00:00
[2025-04-26T18:10:16.456+0000] {processor.py:179} INFO - Processing /opt/airflow/dags/kafka_stream.py took 0.112 seconds
[2025-04-26T18:10:46.626+0000] {processor.py:157} INFO - Started process (PID=949) to work on /opt/airflow/dags/kafka_stream.py
[2025-04-26T18:10:46.627+0000] {processor.py:829} INFO - Processing file /opt/airflow/dags/kafka_stream.py for tasks to queue
[2025-04-26T18:10:46.629+0000] {logging_mixin.py:151} INFO - [2025-04-26T18:10:46.628+0000] {dagbag.py:539} INFO - Filling up the DagBag from /opt/airflow/dags/kafka_stream.py
[2025-04-26T18:10:46.668+0000] {processor.py:839} INFO - DAG(s) dict_keys(['user_automation']) retrieved from /opt/airflow/dags/kafka_stream.py
[2025-04-26T18:10:46.692+0000] {logging_mixin.py:151} INFO - [2025-04-26T18:10:46.692+0000] {dag.py:2907} INFO - Sync 1 DAGs
[2025-04-26T18:10:46.709+0000] {logging_mixin.py:151} INFO - [2025-04-26T18:10:46.709+0000] {dag.py:3677} INFO - Setting next_dagrun for user_automation to 2025-04-26T00:00:00+00:00, run_after=2025-04-27T00:00:00+00:00
[2025-04-26T18:10:46.738+0000] {processor.py:179} INFO - Processing /opt/airflow/dags/kafka_stream.py took 0.114 seconds
[2025-04-26T18:11:16.942+0000] {processor.py:157} INFO - Started process (PID=950) to work on /opt/airflow/dags/kafka_stream.py
[2025-04-26T18:11:16.943+0000] {processor.py:829} INFO - Processing file /opt/airflow/dags/kafka_stream.py for tasks to queue
[2025-04-26T18:11:16.944+0000] {logging_mixin.py:151} INFO - [2025-04-26T18:11:16.944+0000] {dagbag.py:539} INFO - Filling up the DagBag from /opt/airflow/dags/kafka_stream.py
[2025-04-26T18:11:16.963+0000] {processor.py:839} INFO - DAG(s) dict_keys(['user_automation']) retrieved from /opt/airflow/dags/kafka_stream.py
[2025-04-26T18:11:16.985+0000] {logging_mixin.py:151} INFO - [2025-04-26T18:11:16.985+0000] {dag.py:2907} INFO - Sync 1 DAGs
[2025-04-26T18:11:17.001+0000] {logging_mixin.py:151} INFO - [2025-04-26T18:11:17.001+0000] {dag.py:3677} INFO - Setting next_dagrun for user_automation to 2025-04-26T00:00:00+00:00, run_after=2025-04-27T00:00:00+00:00
[2025-04-26T18:11:17.022+0000] {processor.py:179} INFO - Processing /opt/airflow/dags/kafka_stream.py took 0.082 seconds
[2025-04-26T18:11:47.286+0000] {processor.py:157} INFO - Started process (PID=951) to work on /opt/airflow/dags/kafka_stream.py
[2025-04-26T18:11:47.287+0000] {processor.py:829} INFO - Processing file /opt/airflow/dags/kafka_stream.py for tasks to queue
[2025-04-26T18:11:47.289+0000] {logging_mixin.py:151} INFO - [2025-04-26T18:11:47.289+0000] {dagbag.py:539} INFO - Filling up the DagBag from /opt/airflow/dags/kafka_stream.py
[2025-04-26T18:11:47.331+0000] {processor.py:839} INFO - DAG(s) dict_keys(['user_automation']) retrieved from /opt/airflow/dags/kafka_stream.py
[2025-04-26T18:11:47.351+0000] {logging_mixin.py:151} INFO - [2025-04-26T18:11:47.351+0000] {dag.py:2907} INFO - Sync 1 DAGs
[2025-04-26T18:11:47.367+0000] {logging_mixin.py:151} INFO - [2025-04-26T18:11:47.367+0000] {dag.py:3677} INFO - Setting next_dagrun for user_automation to 2025-04-26T00:00:00+00:00, run_after=2025-04-27T00:00:00+00:00
[2025-04-26T18:11:47.397+0000] {processor.py:179} INFO - Processing /opt/airflow/dags/kafka_stream.py took 0.113 seconds
[2025-04-26T18:12:17.598+0000] {processor.py:157} INFO - Started process (PID=952) to work on /opt/airflow/dags/kafka_stream.py
[2025-04-26T18:12:17.599+0000] {processor.py:829} INFO - Processing file /opt/airflow/dags/kafka_stream.py for tasks to queue
[2025-04-26T18:12:17.600+0000] {logging_mixin.py:151} INFO - [2025-04-26T18:12:17.600+0000] {dagbag.py:539} INFO - Filling up the DagBag from /opt/airflow/dags/kafka_stream.py
[2025-04-26T18:12:17.638+0000] {processor.py:839} INFO - DAG(s) dict_keys(['user_automation']) retrieved from /opt/airflow/dags/kafka_stream.py
[2025-04-26T18:12:17.657+0000] {logging_mixin.py:151} INFO - [2025-04-26T18:12:17.657+0000] {dag.py:2907} INFO - Sync 1 DAGs
[2025-04-26T18:12:17.673+0000] {logging_mixin.py:151} INFO - [2025-04-26T18:12:17.673+0000] {dag.py:3677} INFO - Setting next_dagrun for user_automation to 2025-04-26T00:00:00+00:00, run_after=2025-04-27T00:00:00+00:00
[2025-04-26T18:12:17.696+0000] {processor.py:179} INFO - Processing /opt/airflow/dags/kafka_stream.py took 0.101 seconds
[2025-04-26T18:12:47.862+0000] {processor.py:157} INFO - Started process (PID=953) to work on /opt/airflow/dags/kafka_stream.py
[2025-04-26T18:12:47.862+0000] {processor.py:829} INFO - Processing file /opt/airflow/dags/kafka_stream.py for tasks to queue
[2025-04-26T18:12:47.863+0000] {logging_mixin.py:151} INFO - [2025-04-26T18:12:47.863+0000] {dagbag.py:539} INFO - Filling up the DagBag from /opt/airflow/dags/kafka_stream.py
[2025-04-26T18:12:47.889+0000] {processor.py:839} INFO - DAG(s) dict_keys(['user_automation']) retrieved from /opt/airflow/dags/kafka_stream.py
[2025-04-26T18:12:47.909+0000] {logging_mixin.py:151} INFO - [2025-04-26T18:12:47.909+0000] {dag.py:2907} INFO - Sync 1 DAGs
[2025-04-26T18:12:47.933+0000] {logging_mixin.py:151} INFO - [2025-04-26T18:12:47.933+0000] {dag.py:3677} INFO - Setting next_dagrun for user_automation to 2025-04-26T00:00:00+00:00, run_after=2025-04-27T00:00:00+00:00
[2025-04-26T18:12:47.963+0000] {processor.py:179} INFO - Processing /opt/airflow/dags/kafka_stream.py took 0.104 seconds
[2025-04-26T18:13:18.189+0000] {processor.py:157} INFO - Started process (PID=954) to work on /opt/airflow/dags/kafka_stream.py
[2025-04-26T18:13:18.190+0000] {processor.py:829} INFO - Processing file /opt/airflow/dags/kafka_stream.py for tasks to queue
[2025-04-26T18:13:18.191+0000] {logging_mixin.py:151} INFO - [2025-04-26T18:13:18.191+0000] {dagbag.py:539} INFO - Filling up the DagBag from /opt/airflow/dags/kafka_stream.py
[2025-04-26T18:13:18.233+0000] {processor.py:839} INFO - DAG(s) dict_keys(['user_automation']) retrieved from /opt/airflow/dags/kafka_stream.py
[2025-04-26T18:13:18.254+0000] {logging_mixin.py:151} INFO - [2025-04-26T18:13:18.254+0000] {dag.py:2907} INFO - Sync 1 DAGs
[2025-04-26T18:13:18.270+0000] {logging_mixin.py:151} INFO - [2025-04-26T18:13:18.269+0000] {dag.py:3677} INFO - Setting next_dagrun for user_automation to 2025-04-26T00:00:00+00:00, run_after=2025-04-27T00:00:00+00:00
[2025-04-26T18:13:18.289+0000] {processor.py:179} INFO - Processing /opt/airflow/dags/kafka_stream.py took 0.103 seconds
[2025-04-26T18:13:48.470+0000] {processor.py:157} INFO - Started process (PID=955) to work on /opt/airflow/dags/kafka_stream.py
[2025-04-26T18:13:48.471+0000] {processor.py:829} INFO - Processing file /opt/airflow/dags/kafka_stream.py for tasks to queue
[2025-04-26T18:13:48.472+0000] {logging_mixin.py:151} INFO - [2025-04-26T18:13:48.471+0000] {dagbag.py:539} INFO - Filling up the DagBag from /opt/airflow/dags/kafka_stream.py
[2025-04-26T18:13:48.494+0000] {processor.py:839} INFO - DAG(s) dict_keys(['user_automation']) retrieved from /opt/airflow/dags/kafka_stream.py
[2025-04-26T18:13:48.519+0000] {logging_mixin.py:151} INFO - [2025-04-26T18:13:48.519+0000] {dag.py:2907} INFO - Sync 1 DAGs
[2025-04-26T18:13:48.539+0000] {logging_mixin.py:151} INFO - [2025-04-26T18:13:48.539+0000] {dag.py:3677} INFO - Setting next_dagrun for user_automation to 2025-04-26T00:00:00+00:00, run_after=2025-04-27T00:00:00+00:00
[2025-04-26T18:13:48.560+0000] {processor.py:179} INFO - Processing /opt/airflow/dags/kafka_stream.py took 0.093 seconds
[2025-04-26T18:14:18.796+0000] {processor.py:157} INFO - Started process (PID=956) to work on /opt/airflow/dags/kafka_stream.py
[2025-04-26T18:14:18.797+0000] {processor.py:829} INFO - Processing file /opt/airflow/dags/kafka_stream.py for tasks to queue
[2025-04-26T18:14:18.798+0000] {logging_mixin.py:151} INFO - [2025-04-26T18:14:18.797+0000] {dagbag.py:539} INFO - Filling up the DagBag from /opt/airflow/dags/kafka_stream.py
[2025-04-26T18:14:18.816+0000] {processor.py:839} INFO - DAG(s) dict_keys(['user_automation']) retrieved from /opt/airflow/dags/kafka_stream.py
[2025-04-26T18:14:18.838+0000] {logging_mixin.py:151} INFO - [2025-04-26T18:14:18.837+0000] {dag.py:2907} INFO - Sync 1 DAGs
[2025-04-26T18:14:18.858+0000] {logging_mixin.py:151} INFO - [2025-04-26T18:14:18.858+0000] {dag.py:3677} INFO - Setting next_dagrun for user_automation to 2025-04-26T00:00:00+00:00, run_after=2025-04-27T00:00:00+00:00
[2025-04-26T18:14:18.889+0000] {processor.py:179} INFO - Processing /opt/airflow/dags/kafka_stream.py took 0.096 seconds
[2025-04-26T18:14:49.068+0000] {processor.py:157} INFO - Started process (PID=957) to work on /opt/airflow/dags/kafka_stream.py
[2025-04-26T18:14:49.069+0000] {processor.py:829} INFO - Processing file /opt/airflow/dags/kafka_stream.py for tasks to queue
[2025-04-26T18:14:49.070+0000] {logging_mixin.py:151} INFO - [2025-04-26T18:14:49.070+0000] {dagbag.py:539} INFO - Filling up the DagBag from /opt/airflow/dags/kafka_stream.py
[2025-04-26T18:14:49.091+0000] {processor.py:839} INFO - DAG(s) dict_keys(['user_automation']) retrieved from /opt/airflow/dags/kafka_stream.py
[2025-04-26T18:14:49.112+0000] {logging_mixin.py:151} INFO - [2025-04-26T18:14:49.112+0000] {dag.py:2907} INFO - Sync 1 DAGs
[2025-04-26T18:14:49.129+0000] {logging_mixin.py:151} INFO - [2025-04-26T18:14:49.129+0000] {dag.py:3677} INFO - Setting next_dagrun for user_automation to 2025-04-26T00:00:00+00:00, run_after=2025-04-27T00:00:00+00:00
[2025-04-26T18:14:49.162+0000] {processor.py:179} INFO - Processing /opt/airflow/dags/kafka_stream.py took 0.096 seconds
[2025-04-26T18:15:19.383+0000] {processor.py:157} INFO - Started process (PID=958) to work on /opt/airflow/dags/kafka_stream.py
[2025-04-26T18:15:19.385+0000] {processor.py:829} INFO - Processing file /opt/airflow/dags/kafka_stream.py for tasks to queue
[2025-04-26T18:15:19.386+0000] {logging_mixin.py:151} INFO - [2025-04-26T18:15:19.385+0000] {dagbag.py:539} INFO - Filling up the DagBag from /opt/airflow/dags/kafka_stream.py
[2025-04-26T18:15:19.416+0000] {processor.py:839} INFO - DAG(s) dict_keys(['user_automation']) retrieved from /opt/airflow/dags/kafka_stream.py
[2025-04-26T18:15:19.436+0000] {logging_mixin.py:151} INFO - [2025-04-26T18:15:19.436+0000] {dag.py:2907} INFO - Sync 1 DAGs
[2025-04-26T18:15:19.453+0000] {logging_mixin.py:151} INFO - [2025-04-26T18:15:19.453+0000] {dag.py:3677} INFO - Setting next_dagrun for user_automation to 2025-04-26T00:00:00+00:00, run_after=2025-04-27T00:00:00+00:00
[2025-04-26T18:15:19.477+0000] {processor.py:179} INFO - Processing /opt/airflow/dags/kafka_stream.py took 0.095 seconds
[2025-04-26T18:15:49.736+0000] {processor.py:157} INFO - Started process (PID=959) to work on /opt/airflow/dags/kafka_stream.py
[2025-04-26T18:15:49.737+0000] {processor.py:829} INFO - Processing file /opt/airflow/dags/kafka_stream.py for tasks to queue
[2025-04-26T18:15:49.738+0000] {logging_mixin.py:151} INFO - [2025-04-26T18:15:49.738+0000] {dagbag.py:539} INFO - Filling up the DagBag from /opt/airflow/dags/kafka_stream.py
[2025-04-26T18:15:49.771+0000] {processor.py:839} INFO - DAG(s) dict_keys(['user_automation']) retrieved from /opt/airflow/dags/kafka_stream.py
[2025-04-26T18:15:49.792+0000] {logging_mixin.py:151} INFO - [2025-04-26T18:15:49.792+0000] {dag.py:2907} INFO - Sync 1 DAGs
[2025-04-26T18:15:49.808+0000] {logging_mixin.py:151} INFO - [2025-04-26T18:15:49.808+0000] {dag.py:3677} INFO - Setting next_dagrun for user_automation to 2025-04-26T00:00:00+00:00, run_after=2025-04-27T00:00:00+00:00
[2025-04-26T18:15:49.831+0000] {processor.py:179} INFO - Processing /opt/airflow/dags/kafka_stream.py took 0.097 seconds
[2025-04-26T18:16:20.065+0000] {processor.py:157} INFO - Started process (PID=960) to work on /opt/airflow/dags/kafka_stream.py
[2025-04-26T18:16:20.067+0000] {processor.py:829} INFO - Processing file /opt/airflow/dags/kafka_stream.py for tasks to queue
[2025-04-26T18:16:20.068+0000] {logging_mixin.py:151} INFO - [2025-04-26T18:16:20.068+0000] {dagbag.py:539} INFO - Filling up the DagBag from /opt/airflow/dags/kafka_stream.py
[2025-04-26T18:16:20.132+0000] {processor.py:839} INFO - DAG(s) dict_keys(['user_automation']) retrieved from /opt/airflow/dags/kafka_stream.py
[2025-04-26T18:16:20.158+0000] {logging_mixin.py:151} INFO - [2025-04-26T18:16:20.158+0000] {dag.py:2907} INFO - Sync 1 DAGs
[2025-04-26T18:16:20.177+0000] {logging_mixin.py:151} INFO - [2025-04-26T18:16:20.177+0000] {dag.py:3677} INFO - Setting next_dagrun for user_automation to 2025-04-26T00:00:00+00:00, run_after=2025-04-27T00:00:00+00:00
[2025-04-26T18:16:20.214+0000] {processor.py:179} INFO - Processing /opt/airflow/dags/kafka_stream.py took 0.151 seconds
[2025-04-26T18:16:50.423+0000] {processor.py:157} INFO - Started process (PID=961) to work on /opt/airflow/dags/kafka_stream.py
[2025-04-26T18:16:50.425+0000] {processor.py:829} INFO - Processing file /opt/airflow/dags/kafka_stream.py for tasks to queue
[2025-04-26T18:16:50.426+0000] {logging_mixin.py:151} INFO - [2025-04-26T18:16:50.426+0000] {dagbag.py:539} INFO - Filling up the DagBag from /opt/airflow/dags/kafka_stream.py
[2025-04-26T18:16:50.463+0000] {processor.py:839} INFO - DAG(s) dict_keys(['user_automation']) retrieved from /opt/airflow/dags/kafka_stream.py
[2025-04-26T18:16:50.484+0000] {logging_mixin.py:151} INFO - [2025-04-26T18:16:50.484+0000] {dag.py:2907} INFO - Sync 1 DAGs
[2025-04-26T18:16:50.501+0000] {logging_mixin.py:151} INFO - [2025-04-26T18:16:50.500+0000] {dag.py:3677} INFO - Setting next_dagrun for user_automation to 2025-04-26T00:00:00+00:00, run_after=2025-04-27T00:00:00+00:00
[2025-04-26T18:16:50.531+0000] {processor.py:179} INFO - Processing /opt/airflow/dags/kafka_stream.py took 0.110 seconds
[2025-04-26T18:17:20.686+0000] {processor.py:157} INFO - Started process (PID=962) to work on /opt/airflow/dags/kafka_stream.py
[2025-04-26T18:17:20.688+0000] {processor.py:829} INFO - Processing file /opt/airflow/dags/kafka_stream.py for tasks to queue
[2025-04-26T18:17:20.689+0000] {logging_mixin.py:151} INFO - [2025-04-26T18:17:20.689+0000] {dagbag.py:539} INFO - Filling up the DagBag from /opt/airflow/dags/kafka_stream.py
[2025-04-26T18:17:20.712+0000] {processor.py:839} INFO - DAG(s) dict_keys(['user_automation']) retrieved from /opt/airflow/dags/kafka_stream.py
[2025-04-26T18:17:20.733+0000] {logging_mixin.py:151} INFO - [2025-04-26T18:17:20.733+0000] {dag.py:2907} INFO - Sync 1 DAGs
[2025-04-26T18:17:20.755+0000] {logging_mixin.py:151} INFO - [2025-04-26T18:17:20.754+0000] {dag.py:3677} INFO - Setting next_dagrun for user_automation to 2025-04-26T00:00:00+00:00, run_after=2025-04-27T00:00:00+00:00
[2025-04-26T18:17:20.785+0000] {processor.py:179} INFO - Processing /opt/airflow/dags/kafka_stream.py took 0.102 seconds
[2025-04-26T18:17:50.985+0000] {processor.py:157} INFO - Started process (PID=963) to work on /opt/airflow/dags/kafka_stream.py
[2025-04-26T18:17:50.987+0000] {processor.py:829} INFO - Processing file /opt/airflow/dags/kafka_stream.py for tasks to queue
[2025-04-26T18:17:50.988+0000] {logging_mixin.py:151} INFO - [2025-04-26T18:17:50.988+0000] {dagbag.py:539} INFO - Filling up the DagBag from /opt/airflow/dags/kafka_stream.py
[2025-04-26T18:17:51.032+0000] {processor.py:839} INFO - DAG(s) dict_keys(['user_automation']) retrieved from /opt/airflow/dags/kafka_stream.py
[2025-04-26T18:17:51.052+0000] {logging_mixin.py:151} INFO - [2025-04-26T18:17:51.052+0000] {dag.py:2907} INFO - Sync 1 DAGs
[2025-04-26T18:17:51.067+0000] {logging_mixin.py:151} INFO - [2025-04-26T18:17:51.067+0000] {dag.py:3677} INFO - Setting next_dagrun for user_automation to 2025-04-26T00:00:00+00:00, run_after=2025-04-27T00:00:00+00:00
[2025-04-26T18:17:51.088+0000] {processor.py:179} INFO - Processing /opt/airflow/dags/kafka_stream.py took 0.105 seconds
[2025-04-26T18:18:21.314+0000] {processor.py:157} INFO - Started process (PID=964) to work on /opt/airflow/dags/kafka_stream.py
[2025-04-26T18:18:21.316+0000] {processor.py:829} INFO - Processing file /opt/airflow/dags/kafka_stream.py for tasks to queue
[2025-04-26T18:18:21.318+0000] {logging_mixin.py:151} INFO - [2025-04-26T18:18:21.318+0000] {dagbag.py:539} INFO - Filling up the DagBag from /opt/airflow/dags/kafka_stream.py
[2025-04-26T18:18:21.354+0000] {processor.py:839} INFO - DAG(s) dict_keys(['user_automation']) retrieved from /opt/airflow/dags/kafka_stream.py
[2025-04-26T18:18:21.374+0000] {logging_mixin.py:151} INFO - [2025-04-26T18:18:21.373+0000] {dag.py:2907} INFO - Sync 1 DAGs
[2025-04-26T18:18:21.389+0000] {logging_mixin.py:151} INFO - [2025-04-26T18:18:21.389+0000] {dag.py:3677} INFO - Setting next_dagrun for user_automation to 2025-04-26T00:00:00+00:00, run_after=2025-04-27T00:00:00+00:00
[2025-04-26T18:18:21.418+0000] {processor.py:179} INFO - Processing /opt/airflow/dags/kafka_stream.py took 0.106 seconds
[2025-04-26T18:18:51.594+0000] {processor.py:157} INFO - Started process (PID=965) to work on /opt/airflow/dags/kafka_stream.py
[2025-04-26T18:18:51.596+0000] {processor.py:829} INFO - Processing file /opt/airflow/dags/kafka_stream.py for tasks to queue
[2025-04-26T18:18:51.597+0000] {logging_mixin.py:151} INFO - [2025-04-26T18:18:51.597+0000] {dagbag.py:539} INFO - Filling up the DagBag from /opt/airflow/dags/kafka_stream.py
[2025-04-26T18:18:51.629+0000] {processor.py:839} INFO - DAG(s) dict_keys(['user_automation']) retrieved from /opt/airflow/dags/kafka_stream.py
[2025-04-26T18:18:51.648+0000] {logging_mixin.py:151} INFO - [2025-04-26T18:18:51.648+0000] {dag.py:2907} INFO - Sync 1 DAGs
[2025-04-26T18:18:51.663+0000] {logging_mixin.py:151} INFO - [2025-04-26T18:18:51.663+0000] {dag.py:3677} INFO - Setting next_dagrun for user_automation to 2025-04-26T00:00:00+00:00, run_after=2025-04-27T00:00:00+00:00
[2025-04-26T18:18:51.709+0000] {processor.py:179} INFO - Processing /opt/airflow/dags/kafka_stream.py took 0.117 seconds
[2025-04-26T18:19:21.889+0000] {processor.py:157} INFO - Started process (PID=966) to work on /opt/airflow/dags/kafka_stream.py
[2025-04-26T18:19:21.890+0000] {processor.py:829} INFO - Processing file /opt/airflow/dags/kafka_stream.py for tasks to queue
[2025-04-26T18:19:21.892+0000] {logging_mixin.py:151} INFO - [2025-04-26T18:19:21.891+0000] {dagbag.py:539} INFO - Filling up the DagBag from /opt/airflow/dags/kafka_stream.py
[2025-04-26T18:19:21.922+0000] {processor.py:839} INFO - DAG(s) dict_keys(['user_automation']) retrieved from /opt/airflow/dags/kafka_stream.py
[2025-04-26T18:19:21.942+0000] {logging_mixin.py:151} INFO - [2025-04-26T18:19:21.942+0000] {dag.py:2907} INFO - Sync 1 DAGs
[2025-04-26T18:19:21.959+0000] {logging_mixin.py:151} INFO - [2025-04-26T18:19:21.959+0000] {dag.py:3677} INFO - Setting next_dagrun for user_automation to 2025-04-26T00:00:00+00:00, run_after=2025-04-27T00:00:00+00:00
[2025-04-26T18:19:21.988+0000] {processor.py:179} INFO - Processing /opt/airflow/dags/kafka_stream.py took 0.102 seconds
[2025-04-26T18:19:52.187+0000] {processor.py:157} INFO - Started process (PID=967) to work on /opt/airflow/dags/kafka_stream.py
[2025-04-26T18:19:52.188+0000] {processor.py:829} INFO - Processing file /opt/airflow/dags/kafka_stream.py for tasks to queue
[2025-04-26T18:19:52.190+0000] {logging_mixin.py:151} INFO - [2025-04-26T18:19:52.190+0000] {dagbag.py:539} INFO - Filling up the DagBag from /opt/airflow/dags/kafka_stream.py
[2025-04-26T18:19:52.215+0000] {processor.py:839} INFO - DAG(s) dict_keys(['user_automation']) retrieved from /opt/airflow/dags/kafka_stream.py
[2025-04-26T18:19:52.237+0000] {logging_mixin.py:151} INFO - [2025-04-26T18:19:52.237+0000] {dag.py:2907} INFO - Sync 1 DAGs
[2025-04-26T18:19:52.253+0000] {logging_mixin.py:151} INFO - [2025-04-26T18:19:52.253+0000] {dag.py:3677} INFO - Setting next_dagrun for user_automation to 2025-04-26T00:00:00+00:00, run_after=2025-04-27T00:00:00+00:00
[2025-04-26T18:19:52.276+0000] {processor.py:179} INFO - Processing /opt/airflow/dags/kafka_stream.py took 0.091 seconds
[2025-04-26T18:20:22.472+0000] {processor.py:157} INFO - Started process (PID=968) to work on /opt/airflow/dags/kafka_stream.py
[2025-04-26T18:20:22.473+0000] {processor.py:829} INFO - Processing file /opt/airflow/dags/kafka_stream.py for tasks to queue
[2025-04-26T18:20:22.474+0000] {logging_mixin.py:151} INFO - [2025-04-26T18:20:22.474+0000] {dagbag.py:539} INFO - Filling up the DagBag from /opt/airflow/dags/kafka_stream.py
[2025-04-26T18:20:22.506+0000] {processor.py:839} INFO - DAG(s) dict_keys(['user_automation']) retrieved from /opt/airflow/dags/kafka_stream.py
[2025-04-26T18:20:22.535+0000] {logging_mixin.py:151} INFO - [2025-04-26T18:20:22.534+0000] {dag.py:2907} INFO - Sync 1 DAGs
[2025-04-26T18:20:22.556+0000] {logging_mixin.py:151} INFO - [2025-04-26T18:20:22.556+0000] {dag.py:3677} INFO - Setting next_dagrun for user_automation to 2025-04-26T00:00:00+00:00, run_after=2025-04-27T00:00:00+00:00
[2025-04-26T18:20:22.586+0000] {processor.py:179} INFO - Processing /opt/airflow/dags/kafka_stream.py took 0.117 seconds
[2025-04-26T18:20:52.762+0000] {processor.py:157} INFO - Started process (PID=969) to work on /opt/airflow/dags/kafka_stream.py
[2025-04-26T18:20:52.763+0000] {processor.py:829} INFO - Processing file /opt/airflow/dags/kafka_stream.py for tasks to queue
[2025-04-26T18:20:52.765+0000] {logging_mixin.py:151} INFO - [2025-04-26T18:20:52.764+0000] {dagbag.py:539} INFO - Filling up the DagBag from /opt/airflow/dags/kafka_stream.py
[2025-04-26T18:20:52.813+0000] {processor.py:839} INFO - DAG(s) dict_keys(['user_automation']) retrieved from /opt/airflow/dags/kafka_stream.py
[2025-04-26T18:20:52.833+0000] {logging_mixin.py:151} INFO - [2025-04-26T18:20:52.833+0000] {dag.py:2907} INFO - Sync 1 DAGs
[2025-04-26T18:20:52.849+0000] {logging_mixin.py:151} INFO - [2025-04-26T18:20:52.849+0000] {dag.py:3677} INFO - Setting next_dagrun for user_automation to 2025-04-26T00:00:00+00:00, run_after=2025-04-27T00:00:00+00:00
[2025-04-26T18:20:52.871+0000] {processor.py:179} INFO - Processing /opt/airflow/dags/kafka_stream.py took 0.111 seconds
[2025-04-26T18:21:23.043+0000] {processor.py:157} INFO - Started process (PID=970) to work on /opt/airflow/dags/kafka_stream.py
[2025-04-26T18:21:23.044+0000] {processor.py:829} INFO - Processing file /opt/airflow/dags/kafka_stream.py for tasks to queue
[2025-04-26T18:21:23.045+0000] {logging_mixin.py:151} INFO - [2025-04-26T18:21:23.045+0000] {dagbag.py:539} INFO - Filling up the DagBag from /opt/airflow/dags/kafka_stream.py
[2025-04-26T18:21:23.066+0000] {processor.py:839} INFO - DAG(s) dict_keys(['user_automation']) retrieved from /opt/airflow/dags/kafka_stream.py
[2025-04-26T18:21:23.087+0000] {logging_mixin.py:151} INFO - [2025-04-26T18:21:23.087+0000] {dag.py:2907} INFO - Sync 1 DAGs
[2025-04-26T18:21:23.102+0000] {logging_mixin.py:151} INFO - [2025-04-26T18:21:23.102+0000] {dag.py:3677} INFO - Setting next_dagrun for user_automation to 2025-04-26T00:00:00+00:00, run_after=2025-04-27T00:00:00+00:00
[2025-04-26T18:21:23.132+0000] {processor.py:179} INFO - Processing /opt/airflow/dags/kafka_stream.py took 0.092 seconds
[2025-04-26T18:21:53.360+0000] {processor.py:157} INFO - Started process (PID=971) to work on /opt/airflow/dags/kafka_stream.py
[2025-04-26T18:21:53.362+0000] {processor.py:829} INFO - Processing file /opt/airflow/dags/kafka_stream.py for tasks to queue
[2025-04-26T18:21:53.363+0000] {logging_mixin.py:151} INFO - [2025-04-26T18:21:53.363+0000] {dagbag.py:539} INFO - Filling up the DagBag from /opt/airflow/dags/kafka_stream.py
[2025-04-26T18:21:53.407+0000] {processor.py:839} INFO - DAG(s) dict_keys(['user_automation']) retrieved from /opt/airflow/dags/kafka_stream.py
[2025-04-26T18:21:53.426+0000] {logging_mixin.py:151} INFO - [2025-04-26T18:21:53.425+0000] {dag.py:2907} INFO - Sync 1 DAGs
[2025-04-26T18:21:53.442+0000] {logging_mixin.py:151} INFO - [2025-04-26T18:21:53.441+0000] {dag.py:3677} INFO - Setting next_dagrun for user_automation to 2025-04-26T00:00:00+00:00, run_after=2025-04-27T00:00:00+00:00
[2025-04-26T18:21:53.472+0000] {processor.py:179} INFO - Processing /opt/airflow/dags/kafka_stream.py took 0.114 seconds
[2025-04-26T18:22:23.605+0000] {processor.py:157} INFO - Started process (PID=972) to work on /opt/airflow/dags/kafka_stream.py
[2025-04-26T18:22:23.606+0000] {processor.py:829} INFO - Processing file /opt/airflow/dags/kafka_stream.py for tasks to queue
[2025-04-26T18:22:23.607+0000] {logging_mixin.py:151} INFO - [2025-04-26T18:22:23.607+0000] {dagbag.py:539} INFO - Filling up the DagBag from /opt/airflow/dags/kafka_stream.py
[2025-04-26T18:22:23.651+0000] {processor.py:839} INFO - DAG(s) dict_keys(['user_automation']) retrieved from /opt/airflow/dags/kafka_stream.py
[2025-04-26T18:22:23.676+0000] {logging_mixin.py:151} INFO - [2025-04-26T18:22:23.675+0000] {dag.py:2907} INFO - Sync 1 DAGs
[2025-04-26T18:22:23.696+0000] {logging_mixin.py:151} INFO - [2025-04-26T18:22:23.696+0000] {dag.py:3677} INFO - Setting next_dagrun for user_automation to 2025-04-26T00:00:00+00:00, run_after=2025-04-27T00:00:00+00:00
[2025-04-26T18:22:23.720+0000] {processor.py:179} INFO - Processing /opt/airflow/dags/kafka_stream.py took 0.118 seconds
[2025-04-26T18:22:53.959+0000] {processor.py:157} INFO - Started process (PID=973) to work on /opt/airflow/dags/kafka_stream.py
[2025-04-26T18:22:53.960+0000] {processor.py:829} INFO - Processing file /opt/airflow/dags/kafka_stream.py for tasks to queue
[2025-04-26T18:22:53.961+0000] {logging_mixin.py:151} INFO - [2025-04-26T18:22:53.961+0000] {dagbag.py:539} INFO - Filling up the DagBag from /opt/airflow/dags/kafka_stream.py
[2025-04-26T18:22:53.991+0000] {processor.py:839} INFO - DAG(s) dict_keys(['user_automation']) retrieved from /opt/airflow/dags/kafka_stream.py
[2025-04-26T18:22:54.013+0000] {logging_mixin.py:151} INFO - [2025-04-26T18:22:54.013+0000] {dag.py:2907} INFO - Sync 1 DAGs
[2025-04-26T18:22:54.031+0000] {logging_mixin.py:151} INFO - [2025-04-26T18:22:54.031+0000] {dag.py:3677} INFO - Setting next_dagrun for user_automation to 2025-04-26T00:00:00+00:00, run_after=2025-04-27T00:00:00+00:00
[2025-04-26T18:22:54.061+0000] {processor.py:179} INFO - Processing /opt/airflow/dags/kafka_stream.py took 0.105 seconds
[2025-04-26T18:23:24.167+0000] {processor.py:157} INFO - Started process (PID=974) to work on /opt/airflow/dags/kafka_stream.py
[2025-04-26T18:23:24.168+0000] {processor.py:829} INFO - Processing file /opt/airflow/dags/kafka_stream.py for tasks to queue
[2025-04-26T18:23:24.169+0000] {logging_mixin.py:151} INFO - [2025-04-26T18:23:24.169+0000] {dagbag.py:539} INFO - Filling up the DagBag from /opt/airflow/dags/kafka_stream.py
[2025-04-26T18:23:24.187+0000] {processor.py:839} INFO - DAG(s) dict_keys(['user_automation']) retrieved from /opt/airflow/dags/kafka_stream.py
[2025-04-26T18:23:24.206+0000] {logging_mixin.py:151} INFO - [2025-04-26T18:23:24.206+0000] {dag.py:2907} INFO - Sync 1 DAGs
[2025-04-26T18:23:24.225+0000] {logging_mixin.py:151} INFO - [2025-04-26T18:23:24.224+0000] {dag.py:3677} INFO - Setting next_dagrun for user_automation to 2025-04-26T00:00:00+00:00, run_after=2025-04-27T00:00:00+00:00
[2025-04-26T18:23:24.254+0000] {processor.py:179} INFO - Processing /opt/airflow/dags/kafka_stream.py took 0.090 seconds
[2025-04-26T18:23:54.417+0000] {processor.py:157} INFO - Started process (PID=975) to work on /opt/airflow/dags/kafka_stream.py
[2025-04-26T18:23:54.418+0000] {processor.py:829} INFO - Processing file /opt/airflow/dags/kafka_stream.py for tasks to queue
[2025-04-26T18:23:54.420+0000] {logging_mixin.py:151} INFO - [2025-04-26T18:23:54.419+0000] {dagbag.py:539} INFO - Filling up the DagBag from /opt/airflow/dags/kafka_stream.py
[2025-04-26T18:23:54.451+0000] {processor.py:839} INFO - DAG(s) dict_keys(['user_automation']) retrieved from /opt/airflow/dags/kafka_stream.py
[2025-04-26T18:23:54.473+0000] {logging_mixin.py:151} INFO - [2025-04-26T18:23:54.473+0000] {dag.py:2907} INFO - Sync 1 DAGs
[2025-04-26T18:23:54.494+0000] {logging_mixin.py:151} INFO - [2025-04-26T18:23:54.494+0000] {dag.py:3677} INFO - Setting next_dagrun for user_automation to 2025-04-26T00:00:00+00:00, run_after=2025-04-27T00:00:00+00:00
[2025-04-26T18:23:54.516+0000] {processor.py:179} INFO - Processing /opt/airflow/dags/kafka_stream.py took 0.101 seconds
[2025-04-26T18:24:24.709+0000] {processor.py:157} INFO - Started process (PID=976) to work on /opt/airflow/dags/kafka_stream.py
[2025-04-26T18:24:24.710+0000] {processor.py:829} INFO - Processing file /opt/airflow/dags/kafka_stream.py for tasks to queue
[2025-04-26T18:24:24.711+0000] {logging_mixin.py:151} INFO - [2025-04-26T18:24:24.711+0000] {dagbag.py:539} INFO - Filling up the DagBag from /opt/airflow/dags/kafka_stream.py
[2025-04-26T18:24:24.739+0000] {processor.py:839} INFO - DAG(s) dict_keys(['user_automation']) retrieved from /opt/airflow/dags/kafka_stream.py
[2025-04-26T18:24:24.761+0000] {logging_mixin.py:151} INFO - [2025-04-26T18:24:24.761+0000] {dag.py:2907} INFO - Sync 1 DAGs
[2025-04-26T18:24:24.777+0000] {logging_mixin.py:151} INFO - [2025-04-26T18:24:24.777+0000] {dag.py:3677} INFO - Setting next_dagrun for user_automation to 2025-04-26T00:00:00+00:00, run_after=2025-04-27T00:00:00+00:00
[2025-04-26T18:24:24.798+0000] {processor.py:179} INFO - Processing /opt/airflow/dags/kafka_stream.py took 0.092 seconds
[2025-04-26T18:24:54.970+0000] {processor.py:157} INFO - Started process (PID=977) to work on /opt/airflow/dags/kafka_stream.py
[2025-04-26T18:24:54.972+0000] {processor.py:829} INFO - Processing file /opt/airflow/dags/kafka_stream.py for tasks to queue
[2025-04-26T18:24:54.973+0000] {logging_mixin.py:151} INFO - [2025-04-26T18:24:54.973+0000] {dagbag.py:539} INFO - Filling up the DagBag from /opt/airflow/dags/kafka_stream.py
[2025-04-26T18:24:55.022+0000] {processor.py:839} INFO - DAG(s) dict_keys(['user_automation']) retrieved from /opt/airflow/dags/kafka_stream.py
[2025-04-26T18:24:55.046+0000] {logging_mixin.py:151} INFO - [2025-04-26T18:24:55.046+0000] {dag.py:2907} INFO - Sync 1 DAGs
[2025-04-26T18:24:55.061+0000] {logging_mixin.py:151} INFO - [2025-04-26T18:24:55.061+0000] {dag.py:3677} INFO - Setting next_dagrun for user_automation to 2025-04-26T00:00:00+00:00, run_after=2025-04-27T00:00:00+00:00
[2025-04-26T18:24:55.083+0000] {processor.py:179} INFO - Processing /opt/airflow/dags/kafka_stream.py took 0.115 seconds
[2025-04-26T18:25:25.249+0000] {processor.py:157} INFO - Started process (PID=978) to work on /opt/airflow/dags/kafka_stream.py
[2025-04-26T18:25:25.250+0000] {processor.py:829} INFO - Processing file /opt/airflow/dags/kafka_stream.py for tasks to queue
[2025-04-26T18:25:25.252+0000] {logging_mixin.py:151} INFO - [2025-04-26T18:25:25.252+0000] {dagbag.py:539} INFO - Filling up the DagBag from /opt/airflow/dags/kafka_stream.py
[2025-04-26T18:25:25.297+0000] {processor.py:839} INFO - DAG(s) dict_keys(['user_automation']) retrieved from /opt/airflow/dags/kafka_stream.py
[2025-04-26T18:25:25.316+0000] {logging_mixin.py:151} INFO - [2025-04-26T18:25:25.316+0000] {dag.py:2907} INFO - Sync 1 DAGs
[2025-04-26T18:25:25.333+0000] {logging_mixin.py:151} INFO - [2025-04-26T18:25:25.332+0000] {dag.py:3677} INFO - Setting next_dagrun for user_automation to 2025-04-26T00:00:00+00:00, run_after=2025-04-27T00:00:00+00:00
[2025-04-26T18:25:25.361+0000] {processor.py:179} INFO - Processing /opt/airflow/dags/kafka_stream.py took 0.114 seconds
[2025-04-26T18:25:55.540+0000] {processor.py:157} INFO - Started process (PID=979) to work on /opt/airflow/dags/kafka_stream.py
[2025-04-26T18:25:55.541+0000] {processor.py:829} INFO - Processing file /opt/airflow/dags/kafka_stream.py for tasks to queue
[2025-04-26T18:25:55.542+0000] {logging_mixin.py:151} INFO - [2025-04-26T18:25:55.542+0000] {dagbag.py:539} INFO - Filling up the DagBag from /opt/airflow/dags/kafka_stream.py
[2025-04-26T18:25:55.564+0000] {processor.py:839} INFO - DAG(s) dict_keys(['user_automation']) retrieved from /opt/airflow/dags/kafka_stream.py
[2025-04-26T18:25:55.586+0000] {logging_mixin.py:151} INFO - [2025-04-26T18:25:55.585+0000] {dag.py:2907} INFO - Sync 1 DAGs
[2025-04-26T18:25:55.604+0000] {logging_mixin.py:151} INFO - [2025-04-26T18:25:55.604+0000] {dag.py:3677} INFO - Setting next_dagrun for user_automation to 2025-04-26T00:00:00+00:00, run_after=2025-04-27T00:00:00+00:00
[2025-04-26T18:25:55.634+0000] {processor.py:179} INFO - Processing /opt/airflow/dags/kafka_stream.py took 0.096 seconds
[2025-04-26T18:26:25.809+0000] {processor.py:157} INFO - Started process (PID=980) to work on /opt/airflow/dags/kafka_stream.py
[2025-04-26T18:26:25.811+0000] {processor.py:829} INFO - Processing file /opt/airflow/dags/kafka_stream.py for tasks to queue
[2025-04-26T18:26:25.813+0000] {logging_mixin.py:151} INFO - [2025-04-26T18:26:25.812+0000] {dagbag.py:539} INFO - Filling up the DagBag from /opt/airflow/dags/kafka_stream.py
[2025-04-26T18:26:25.852+0000] {processor.py:839} INFO - DAG(s) dict_keys(['user_automation']) retrieved from /opt/airflow/dags/kafka_stream.py
[2025-04-26T18:26:25.879+0000] {logging_mixin.py:151} INFO - [2025-04-26T18:26:25.879+0000] {dag.py:2907} INFO - Sync 1 DAGs
[2025-04-26T18:26:25.898+0000] {logging_mixin.py:151} INFO - [2025-04-26T18:26:25.898+0000] {dag.py:3677} INFO - Setting next_dagrun for user_automation to 2025-04-26T00:00:00+00:00, run_after=2025-04-27T00:00:00+00:00
[2025-04-26T18:26:25.930+0000] {processor.py:179} INFO - Processing /opt/airflow/dags/kafka_stream.py took 0.134 seconds
[2025-04-26T18:26:56.149+0000] {processor.py:157} INFO - Started process (PID=981) to work on /opt/airflow/dags/kafka_stream.py
[2025-04-26T18:26:56.150+0000] {processor.py:829} INFO - Processing file /opt/airflow/dags/kafka_stream.py for tasks to queue
[2025-04-26T18:26:56.152+0000] {logging_mixin.py:151} INFO - [2025-04-26T18:26:56.151+0000] {dagbag.py:539} INFO - Filling up the DagBag from /opt/airflow/dags/kafka_stream.py
[2025-04-26T18:26:56.192+0000] {processor.py:839} INFO - DAG(s) dict_keys(['user_automation']) retrieved from /opt/airflow/dags/kafka_stream.py
[2025-04-26T18:26:56.212+0000] {logging_mixin.py:151} INFO - [2025-04-26T18:26:56.212+0000] {dag.py:2907} INFO - Sync 1 DAGs
[2025-04-26T18:26:56.229+0000] {logging_mixin.py:151} INFO - [2025-04-26T18:26:56.229+0000] {dag.py:3677} INFO - Setting next_dagrun for user_automation to 2025-04-26T00:00:00+00:00, run_after=2025-04-27T00:00:00+00:00
[2025-04-26T18:26:56.250+0000] {processor.py:179} INFO - Processing /opt/airflow/dags/kafka_stream.py took 0.103 seconds
[2025-04-26T18:27:26.411+0000] {processor.py:157} INFO - Started process (PID=982) to work on /opt/airflow/dags/kafka_stream.py
[2025-04-26T18:27:26.412+0000] {processor.py:829} INFO - Processing file /opt/airflow/dags/kafka_stream.py for tasks to queue
[2025-04-26T18:27:26.414+0000] {logging_mixin.py:151} INFO - [2025-04-26T18:27:26.414+0000] {dagbag.py:539} INFO - Filling up the DagBag from /opt/airflow/dags/kafka_stream.py
[2025-04-26T18:27:26.461+0000] {processor.py:839} INFO - DAG(s) dict_keys(['user_automation']) retrieved from /opt/airflow/dags/kafka_stream.py
[2025-04-26T18:27:26.487+0000] {logging_mixin.py:151} INFO - [2025-04-26T18:27:26.487+0000] {dag.py:2907} INFO - Sync 1 DAGs
[2025-04-26T18:27:26.504+0000] {logging_mixin.py:151} INFO - [2025-04-26T18:27:26.504+0000] {dag.py:3677} INFO - Setting next_dagrun for user_automation to 2025-04-26T00:00:00+00:00, run_after=2025-04-27T00:00:00+00:00
[2025-04-26T18:27:26.527+0000] {processor.py:179} INFO - Processing /opt/airflow/dags/kafka_stream.py took 0.118 seconds
[2025-04-26T18:27:56.760+0000] {processor.py:157} INFO - Started process (PID=983) to work on /opt/airflow/dags/kafka_stream.py
[2025-04-26T18:27:56.761+0000] {processor.py:829} INFO - Processing file /opt/airflow/dags/kafka_stream.py for tasks to queue
[2025-04-26T18:27:56.762+0000] {logging_mixin.py:151} INFO - [2025-04-26T18:27:56.762+0000] {dagbag.py:539} INFO - Filling up the DagBag from /opt/airflow/dags/kafka_stream.py
[2025-04-26T18:27:56.797+0000] {processor.py:839} INFO - DAG(s) dict_keys(['user_automation']) retrieved from /opt/airflow/dags/kafka_stream.py
[2025-04-26T18:27:56.818+0000] {logging_mixin.py:151} INFO - [2025-04-26T18:27:56.818+0000] {dag.py:2907} INFO - Sync 1 DAGs
[2025-04-26T18:27:56.835+0000] {logging_mixin.py:151} INFO - [2025-04-26T18:27:56.835+0000] {dag.py:3677} INFO - Setting next_dagrun for user_automation to 2025-04-26T00:00:00+00:00, run_after=2025-04-27T00:00:00+00:00
[2025-04-26T18:27:56.855+0000] {processor.py:179} INFO - Processing /opt/airflow/dags/kafka_stream.py took 0.097 seconds
[2025-04-26T18:28:27.041+0000] {processor.py:157} INFO - Started process (PID=984) to work on /opt/airflow/dags/kafka_stream.py
[2025-04-26T18:28:27.042+0000] {processor.py:829} INFO - Processing file /opt/airflow/dags/kafka_stream.py for tasks to queue
[2025-04-26T18:28:27.043+0000] {logging_mixin.py:151} INFO - [2025-04-26T18:28:27.042+0000] {dagbag.py:539} INFO - Filling up the DagBag from /opt/airflow/dags/kafka_stream.py
[2025-04-26T18:28:27.068+0000] {processor.py:839} INFO - DAG(s) dict_keys(['user_automation']) retrieved from /opt/airflow/dags/kafka_stream.py
[2025-04-26T18:28:27.088+0000] {logging_mixin.py:151} INFO - [2025-04-26T18:28:27.088+0000] {dag.py:2907} INFO - Sync 1 DAGs
[2025-04-26T18:28:27.105+0000] {logging_mixin.py:151} INFO - [2025-04-26T18:28:27.105+0000] {dag.py:3677} INFO - Setting next_dagrun for user_automation to 2025-04-26T00:00:00+00:00, run_after=2025-04-27T00:00:00+00:00
[2025-04-26T18:28:27.128+0000] {processor.py:179} INFO - Processing /opt/airflow/dags/kafka_stream.py took 0.090 seconds
[2025-04-26T18:28:57.403+0000] {processor.py:157} INFO - Started process (PID=985) to work on /opt/airflow/dags/kafka_stream.py
[2025-04-26T18:28:57.405+0000] {processor.py:829} INFO - Processing file /opt/airflow/dags/kafka_stream.py for tasks to queue
[2025-04-26T18:28:57.406+0000] {logging_mixin.py:151} INFO - [2025-04-26T18:28:57.406+0000] {dagbag.py:539} INFO - Filling up the DagBag from /opt/airflow/dags/kafka_stream.py
[2025-04-26T18:28:57.444+0000] {processor.py:839} INFO - DAG(s) dict_keys(['user_automation']) retrieved from /opt/airflow/dags/kafka_stream.py
[2025-04-26T18:28:57.464+0000] {logging_mixin.py:151} INFO - [2025-04-26T18:28:57.464+0000] {dag.py:2907} INFO - Sync 1 DAGs
[2025-04-26T18:28:57.480+0000] {logging_mixin.py:151} INFO - [2025-04-26T18:28:57.480+0000] {dag.py:3677} INFO - Setting next_dagrun for user_automation to 2025-04-26T00:00:00+00:00, run_after=2025-04-27T00:00:00+00:00
[2025-04-26T18:28:57.509+0000] {processor.py:179} INFO - Processing /opt/airflow/dags/kafka_stream.py took 0.108 seconds
[2025-04-26T18:29:27.680+0000] {processor.py:157} INFO - Started process (PID=986) to work on /opt/airflow/dags/kafka_stream.py
[2025-04-26T18:29:27.681+0000] {processor.py:829} INFO - Processing file /opt/airflow/dags/kafka_stream.py for tasks to queue
[2025-04-26T18:29:27.682+0000] {logging_mixin.py:151} INFO - [2025-04-26T18:29:27.682+0000] {dagbag.py:539} INFO - Filling up the DagBag from /opt/airflow/dags/kafka_stream.py
[2025-04-26T18:29:27.703+0000] {processor.py:839} INFO - DAG(s) dict_keys(['user_automation']) retrieved from /opt/airflow/dags/kafka_stream.py
[2025-04-26T18:29:27.723+0000] {logging_mixin.py:151} INFO - [2025-04-26T18:29:27.723+0000] {dag.py:2907} INFO - Sync 1 DAGs
[2025-04-26T18:29:27.739+0000] {logging_mixin.py:151} INFO - [2025-04-26T18:29:27.739+0000] {dag.py:3677} INFO - Setting next_dagrun for user_automation to 2025-04-26T00:00:00+00:00, run_after=2025-04-27T00:00:00+00:00
[2025-04-26T18:29:27.763+0000] {processor.py:179} INFO - Processing /opt/airflow/dags/kafka_stream.py took 0.086 seconds
[2025-04-26T18:29:58.040+0000] {processor.py:157} INFO - Started process (PID=987) to work on /opt/airflow/dags/kafka_stream.py
[2025-04-26T18:29:58.042+0000] {processor.py:829} INFO - Processing file /opt/airflow/dags/kafka_stream.py for tasks to queue
[2025-04-26T18:29:58.043+0000] {logging_mixin.py:151} INFO - [2025-04-26T18:29:58.043+0000] {dagbag.py:539} INFO - Filling up the DagBag from /opt/airflow/dags/kafka_stream.py
[2025-04-26T18:29:58.088+0000] {processor.py:839} INFO - DAG(s) dict_keys(['user_automation']) retrieved from /opt/airflow/dags/kafka_stream.py
[2025-04-26T18:29:58.110+0000] {logging_mixin.py:151} INFO - [2025-04-26T18:29:58.110+0000] {dag.py:2907} INFO - Sync 1 DAGs
[2025-04-26T18:29:58.127+0000] {logging_mixin.py:151} INFO - [2025-04-26T18:29:58.127+0000] {dag.py:3677} INFO - Setting next_dagrun for user_automation to 2025-04-26T00:00:00+00:00, run_after=2025-04-27T00:00:00+00:00
[2025-04-26T18:29:58.146+0000] {processor.py:179} INFO - Processing /opt/airflow/dags/kafka_stream.py took 0.107 seconds
[2025-04-26T18:30:28.333+0000] {processor.py:157} INFO - Started process (PID=988) to work on /opt/airflow/dags/kafka_stream.py
[2025-04-26T18:30:28.334+0000] {processor.py:829} INFO - Processing file /opt/airflow/dags/kafka_stream.py for tasks to queue
[2025-04-26T18:30:28.335+0000] {logging_mixin.py:151} INFO - [2025-04-26T18:30:28.335+0000] {dagbag.py:539} INFO - Filling up the DagBag from /opt/airflow/dags/kafka_stream.py
[2025-04-26T18:30:28.366+0000] {processor.py:839} INFO - DAG(s) dict_keys(['user_automation']) retrieved from /opt/airflow/dags/kafka_stream.py
[2025-04-26T18:30:28.392+0000] {logging_mixin.py:151} INFO - [2025-04-26T18:30:28.392+0000] {dag.py:2907} INFO - Sync 1 DAGs
[2025-04-26T18:30:28.413+0000] {logging_mixin.py:151} INFO - [2025-04-26T18:30:28.413+0000] {dag.py:3677} INFO - Setting next_dagrun for user_automation to 2025-04-26T00:00:00+00:00, run_after=2025-04-27T00:00:00+00:00
[2025-04-26T18:30:28.439+0000] {processor.py:179} INFO - Processing /opt/airflow/dags/kafka_stream.py took 0.109 seconds
[2025-04-26T18:30:58.665+0000] {processor.py:157} INFO - Started process (PID=989) to work on /opt/airflow/dags/kafka_stream.py
[2025-04-26T18:30:58.667+0000] {processor.py:829} INFO - Processing file /opt/airflow/dags/kafka_stream.py for tasks to queue
[2025-04-26T18:30:58.669+0000] {logging_mixin.py:151} INFO - [2025-04-26T18:30:58.668+0000] {dagbag.py:539} INFO - Filling up the DagBag from /opt/airflow/dags/kafka_stream.py
[2025-04-26T18:30:58.719+0000] {processor.py:839} INFO - DAG(s) dict_keys(['user_automation']) retrieved from /opt/airflow/dags/kafka_stream.py
[2025-04-26T18:30:58.747+0000] {logging_mixin.py:151} INFO - [2025-04-26T18:30:58.747+0000] {dag.py:2907} INFO - Sync 1 DAGs
[2025-04-26T18:30:58.772+0000] {logging_mixin.py:151} INFO - [2025-04-26T18:30:58.771+0000] {dag.py:3677} INFO - Setting next_dagrun for user_automation to 2025-04-26T00:00:00+00:00, run_after=2025-04-27T00:00:00+00:00
[2025-04-26T18:30:58.795+0000] {processor.py:179} INFO - Processing /opt/airflow/dags/kafka_stream.py took 0.133 seconds
[2025-04-26T18:31:28.976+0000] {processor.py:157} INFO - Started process (PID=990) to work on /opt/airflow/dags/kafka_stream.py
[2025-04-26T18:31:28.977+0000] {processor.py:829} INFO - Processing file /opt/airflow/dags/kafka_stream.py for tasks to queue
[2025-04-26T18:31:28.979+0000] {logging_mixin.py:151} INFO - [2025-04-26T18:31:28.978+0000] {dagbag.py:539} INFO - Filling up the DagBag from /opt/airflow/dags/kafka_stream.py
[2025-04-26T18:31:29.019+0000] {processor.py:839} INFO - DAG(s) dict_keys(['user_automation']) retrieved from /opt/airflow/dags/kafka_stream.py
[2025-04-26T18:31:29.039+0000] {logging_mixin.py:151} INFO - [2025-04-26T18:31:29.039+0000] {dag.py:2907} INFO - Sync 1 DAGs
[2025-04-26T18:31:29.055+0000] {logging_mixin.py:151} INFO - [2025-04-26T18:31:29.054+0000] {dag.py:3677} INFO - Setting next_dagrun for user_automation to 2025-04-26T00:00:00+00:00, run_after=2025-04-27T00:00:00+00:00
[2025-04-26T18:31:29.083+0000] {processor.py:179} INFO - Processing /opt/airflow/dags/kafka_stream.py took 0.109 seconds
[2025-04-26T18:31:59.355+0000] {processor.py:157} INFO - Started process (PID=991) to work on /opt/airflow/dags/kafka_stream.py
[2025-04-26T18:31:59.356+0000] {processor.py:829} INFO - Processing file /opt/airflow/dags/kafka_stream.py for tasks to queue
[2025-04-26T18:31:59.358+0000] {logging_mixin.py:151} INFO - [2025-04-26T18:31:59.358+0000] {dagbag.py:539} INFO - Filling up the DagBag from /opt/airflow/dags/kafka_stream.py
[2025-04-26T18:31:59.392+0000] {processor.py:839} INFO - DAG(s) dict_keys(['user_automation']) retrieved from /opt/airflow/dags/kafka_stream.py
[2025-04-26T18:31:59.411+0000] {logging_mixin.py:151} INFO - [2025-04-26T18:31:59.411+0000] {dag.py:2907} INFO - Sync 1 DAGs
[2025-04-26T18:31:59.428+0000] {logging_mixin.py:151} INFO - [2025-04-26T18:31:59.428+0000] {dag.py:3677} INFO - Setting next_dagrun for user_automation to 2025-04-26T00:00:00+00:00, run_after=2025-04-27T00:00:00+00:00
[2025-04-26T18:31:59.449+0000] {processor.py:179} INFO - Processing /opt/airflow/dags/kafka_stream.py took 0.096 seconds
[2025-04-26T18:32:29.650+0000] {processor.py:157} INFO - Started process (PID=992) to work on /opt/airflow/dags/kafka_stream.py
[2025-04-26T18:32:29.652+0000] {processor.py:829} INFO - Processing file /opt/airflow/dags/kafka_stream.py for tasks to queue
[2025-04-26T18:32:29.654+0000] {logging_mixin.py:151} INFO - [2025-04-26T18:32:29.654+0000] {dagbag.py:539} INFO - Filling up the DagBag from /opt/airflow/dags/kafka_stream.py
[2025-04-26T18:32:29.703+0000] {processor.py:839} INFO - DAG(s) dict_keys(['user_automation']) retrieved from /opt/airflow/dags/kafka_stream.py
[2025-04-26T18:32:29.724+0000] {logging_mixin.py:151} INFO - [2025-04-26T18:32:29.724+0000] {dag.py:2907} INFO - Sync 1 DAGs
[2025-04-26T18:32:29.743+0000] {logging_mixin.py:151} INFO - [2025-04-26T18:32:29.743+0000] {dag.py:3677} INFO - Setting next_dagrun for user_automation to 2025-04-26T00:00:00+00:00, run_after=2025-04-27T00:00:00+00:00
[2025-04-26T18:32:29.764+0000] {processor.py:179} INFO - Processing /opt/airflow/dags/kafka_stream.py took 0.117 seconds
[2025-04-26T18:32:59.944+0000] {processor.py:157} INFO - Started process (PID=993) to work on /opt/airflow/dags/kafka_stream.py
[2025-04-26T18:32:59.945+0000] {processor.py:829} INFO - Processing file /opt/airflow/dags/kafka_stream.py for tasks to queue
[2025-04-26T18:32:59.946+0000] {logging_mixin.py:151} INFO - [2025-04-26T18:32:59.946+0000] {dagbag.py:539} INFO - Filling up the DagBag from /opt/airflow/dags/kafka_stream.py
[2025-04-26T18:32:59.986+0000] {processor.py:839} INFO - DAG(s) dict_keys(['user_automation']) retrieved from /opt/airflow/dags/kafka_stream.py
[2025-04-26T18:33:00.006+0000] {logging_mixin.py:151} INFO - [2025-04-26T18:33:00.006+0000] {dag.py:2907} INFO - Sync 1 DAGs
[2025-04-26T18:33:00.026+0000] {logging_mixin.py:151} INFO - [2025-04-26T18:33:00.026+0000] {dag.py:3677} INFO - Setting next_dagrun for user_automation to 2025-04-26T00:00:00+00:00, run_after=2025-04-27T00:00:00+00:00
[2025-04-26T18:33:00.050+0000] {processor.py:179} INFO - Processing /opt/airflow/dags/kafka_stream.py took 0.109 seconds
[2025-04-26T18:33:30.259+0000] {processor.py:157} INFO - Started process (PID=994) to work on /opt/airflow/dags/kafka_stream.py
[2025-04-26T18:33:30.260+0000] {processor.py:829} INFO - Processing file /opt/airflow/dags/kafka_stream.py for tasks to queue
[2025-04-26T18:33:30.262+0000] {logging_mixin.py:151} INFO - [2025-04-26T18:33:30.261+0000] {dagbag.py:539} INFO - Filling up the DagBag from /opt/airflow/dags/kafka_stream.py
[2025-04-26T18:33:30.307+0000] {processor.py:839} INFO - DAG(s) dict_keys(['user_automation']) retrieved from /opt/airflow/dags/kafka_stream.py
[2025-04-26T18:33:30.327+0000] {logging_mixin.py:151} INFO - [2025-04-26T18:33:30.326+0000] {dag.py:2907} INFO - Sync 1 DAGs
[2025-04-26T18:33:30.344+0000] {logging_mixin.py:151} INFO - [2025-04-26T18:33:30.344+0000] {dag.py:3677} INFO - Setting next_dagrun for user_automation to 2025-04-26T00:00:00+00:00, run_after=2025-04-27T00:00:00+00:00
[2025-04-26T18:33:30.373+0000] {processor.py:179} INFO - Processing /opt/airflow/dags/kafka_stream.py took 0.117 seconds
[2025-04-26T18:34:00.542+0000] {processor.py:157} INFO - Started process (PID=995) to work on /opt/airflow/dags/kafka_stream.py
[2025-04-26T18:34:00.543+0000] {processor.py:829} INFO - Processing file /opt/airflow/dags/kafka_stream.py for tasks to queue
[2025-04-26T18:34:00.544+0000] {logging_mixin.py:151} INFO - [2025-04-26T18:34:00.544+0000] {dagbag.py:539} INFO - Filling up the DagBag from /opt/airflow/dags/kafka_stream.py
[2025-04-26T18:34:00.563+0000] {processor.py:839} INFO - DAG(s) dict_keys(['user_automation']) retrieved from /opt/airflow/dags/kafka_stream.py
[2025-04-26T18:34:00.582+0000] {logging_mixin.py:151} INFO - [2025-04-26T18:34:00.582+0000] {dag.py:2907} INFO - Sync 1 DAGs
[2025-04-26T18:34:00.599+0000] {logging_mixin.py:151} INFO - [2025-04-26T18:34:00.599+0000] {dag.py:3677} INFO - Setting next_dagrun for user_automation to 2025-04-26T00:00:00+00:00, run_after=2025-04-27T00:00:00+00:00
[2025-04-26T18:34:00.634+0000] {processor.py:179} INFO - Processing /opt/airflow/dags/kafka_stream.py took 0.094 seconds
[2025-04-26T18:34:30.899+0000] {processor.py:157} INFO - Started process (PID=996) to work on /opt/airflow/dags/kafka_stream.py
[2025-04-26T18:34:30.900+0000] {processor.py:829} INFO - Processing file /opt/airflow/dags/kafka_stream.py for tasks to queue
[2025-04-26T18:34:30.901+0000] {logging_mixin.py:151} INFO - [2025-04-26T18:34:30.900+0000] {dagbag.py:539} INFO - Filling up the DagBag from /opt/airflow/dags/kafka_stream.py
[2025-04-26T18:34:30.919+0000] {processor.py:839} INFO - DAG(s) dict_keys(['user_automation']) retrieved from /opt/airflow/dags/kafka_stream.py
[2025-04-26T18:34:30.943+0000] {logging_mixin.py:151} INFO - [2025-04-26T18:34:30.943+0000] {dag.py:2907} INFO - Sync 1 DAGs
[2025-04-26T18:34:30.967+0000] {logging_mixin.py:151} INFO - [2025-04-26T18:34:30.966+0000] {dag.py:3677} INFO - Setting next_dagrun for user_automation to 2025-04-26T00:00:00+00:00, run_after=2025-04-27T00:00:00+00:00
[2025-04-26T18:34:31.000+0000] {processor.py:179} INFO - Processing /opt/airflow/dags/kafka_stream.py took 0.104 seconds
[2025-04-26T18:35:01.172+0000] {processor.py:157} INFO - Started process (PID=997) to work on /opt/airflow/dags/kafka_stream.py
[2025-04-26T18:35:01.173+0000] {processor.py:829} INFO - Processing file /opt/airflow/dags/kafka_stream.py for tasks to queue
[2025-04-26T18:35:01.174+0000] {logging_mixin.py:151} INFO - [2025-04-26T18:35:01.173+0000] {dagbag.py:539} INFO - Filling up the DagBag from /opt/airflow/dags/kafka_stream.py
[2025-04-26T18:35:01.216+0000] {processor.py:839} INFO - DAG(s) dict_keys(['user_automation']) retrieved from /opt/airflow/dags/kafka_stream.py
[2025-04-26T18:35:01.237+0000] {logging_mixin.py:151} INFO - [2025-04-26T18:35:01.236+0000] {dag.py:2907} INFO - Sync 1 DAGs
[2025-04-26T18:35:01.252+0000] {logging_mixin.py:151} INFO - [2025-04-26T18:35:01.252+0000] {dag.py:3677} INFO - Setting next_dagrun for user_automation to 2025-04-26T00:00:00+00:00, run_after=2025-04-27T00:00:00+00:00
[2025-04-26T18:35:01.282+0000] {processor.py:179} INFO - Processing /opt/airflow/dags/kafka_stream.py took 0.113 seconds
[2025-04-26T18:35:31.472+0000] {processor.py:157} INFO - Started process (PID=998) to work on /opt/airflow/dags/kafka_stream.py
[2025-04-26T18:35:31.473+0000] {processor.py:829} INFO - Processing file /opt/airflow/dags/kafka_stream.py for tasks to queue
[2025-04-26T18:35:31.474+0000] {logging_mixin.py:151} INFO - [2025-04-26T18:35:31.474+0000] {dagbag.py:539} INFO - Filling up the DagBag from /opt/airflow/dags/kafka_stream.py
[2025-04-26T18:35:31.498+0000] {processor.py:839} INFO - DAG(s) dict_keys(['user_automation']) retrieved from /opt/airflow/dags/kafka_stream.py
[2025-04-26T18:35:31.518+0000] {logging_mixin.py:151} INFO - [2025-04-26T18:35:31.518+0000] {dag.py:2907} INFO - Sync 1 DAGs
[2025-04-26T18:35:31.536+0000] {logging_mixin.py:151} INFO - [2025-04-26T18:35:31.536+0000] {dag.py:3677} INFO - Setting next_dagrun for user_automation to 2025-04-26T00:00:00+00:00, run_after=2025-04-27T00:00:00+00:00
[2025-04-26T18:35:31.561+0000] {processor.py:179} INFO - Processing /opt/airflow/dags/kafka_stream.py took 0.092 seconds
[2025-04-26T18:36:01.784+0000] {processor.py:157} INFO - Started process (PID=999) to work on /opt/airflow/dags/kafka_stream.py
[2025-04-26T18:36:01.785+0000] {processor.py:829} INFO - Processing file /opt/airflow/dags/kafka_stream.py for tasks to queue
[2025-04-26T18:36:01.786+0000] {logging_mixin.py:151} INFO - [2025-04-26T18:36:01.786+0000] {dagbag.py:539} INFO - Filling up the DagBag from /opt/airflow/dags/kafka_stream.py
[2025-04-26T18:36:01.811+0000] {processor.py:839} INFO - DAG(s) dict_keys(['user_automation']) retrieved from /opt/airflow/dags/kafka_stream.py
[2025-04-26T18:36:01.832+0000] {logging_mixin.py:151} INFO - [2025-04-26T18:36:01.831+0000] {dag.py:2907} INFO - Sync 1 DAGs
[2025-04-26T18:36:01.849+0000] {logging_mixin.py:151} INFO - [2025-04-26T18:36:01.849+0000] {dag.py:3677} INFO - Setting next_dagrun for user_automation to 2025-04-26T00:00:00+00:00, run_after=2025-04-27T00:00:00+00:00
[2025-04-26T18:36:01.878+0000] {processor.py:179} INFO - Processing /opt/airflow/dags/kafka_stream.py took 0.096 seconds
[2025-04-26T18:36:32.050+0000] {processor.py:157} INFO - Started process (PID=1000) to work on /opt/airflow/dags/kafka_stream.py
[2025-04-26T18:36:32.051+0000] {processor.py:829} INFO - Processing file /opt/airflow/dags/kafka_stream.py for tasks to queue
[2025-04-26T18:36:32.053+0000] {logging_mixin.py:151} INFO - [2025-04-26T18:36:32.053+0000] {dagbag.py:539} INFO - Filling up the DagBag from /opt/airflow/dags/kafka_stream.py
[2025-04-26T18:36:32.097+0000] {processor.py:839} INFO - DAG(s) dict_keys(['user_automation']) retrieved from /opt/airflow/dags/kafka_stream.py
[2025-04-26T18:36:32.120+0000] {logging_mixin.py:151} INFO - [2025-04-26T18:36:32.120+0000] {dag.py:2907} INFO - Sync 1 DAGs
[2025-04-26T18:36:32.139+0000] {logging_mixin.py:151} INFO - [2025-04-26T18:36:32.139+0000] {dag.py:3677} INFO - Setting next_dagrun for user_automation to 2025-04-26T00:00:00+00:00, run_after=2025-04-27T00:00:00+00:00
[2025-04-26T18:36:32.169+0000] {processor.py:179} INFO - Processing /opt/airflow/dags/kafka_stream.py took 0.121 seconds
[2025-04-26T18:37:02.401+0000] {processor.py:157} INFO - Started process (PID=1001) to work on /opt/airflow/dags/kafka_stream.py
[2025-04-26T18:37:02.402+0000] {processor.py:829} INFO - Processing file /opt/airflow/dags/kafka_stream.py for tasks to queue
[2025-04-26T18:37:02.402+0000] {logging_mixin.py:151} INFO - [2025-04-26T18:37:02.402+0000] {dagbag.py:539} INFO - Filling up the DagBag from /opt/airflow/dags/kafka_stream.py
[2025-04-26T18:37:02.424+0000] {processor.py:839} INFO - DAG(s) dict_keys(['user_automation']) retrieved from /opt/airflow/dags/kafka_stream.py
[2025-04-26T18:37:02.443+0000] {logging_mixin.py:151} INFO - [2025-04-26T18:37:02.443+0000] {dag.py:2907} INFO - Sync 1 DAGs
[2025-04-26T18:37:02.459+0000] {logging_mixin.py:151} INFO - [2025-04-26T18:37:02.459+0000] {dag.py:3677} INFO - Setting next_dagrun for user_automation to 2025-04-26T00:00:00+00:00, run_after=2025-04-27T00:00:00+00:00
[2025-04-26T18:37:02.490+0000] {processor.py:179} INFO - Processing /opt/airflow/dags/kafka_stream.py took 0.091 seconds
[2025-04-26T18:37:32.665+0000] {processor.py:157} INFO - Started process (PID=1002) to work on /opt/airflow/dags/kafka_stream.py
[2025-04-26T18:37:32.666+0000] {processor.py:829} INFO - Processing file /opt/airflow/dags/kafka_stream.py for tasks to queue
[2025-04-26T18:37:32.667+0000] {logging_mixin.py:151} INFO - [2025-04-26T18:37:32.667+0000] {dagbag.py:539} INFO - Filling up the DagBag from /opt/airflow/dags/kafka_stream.py
[2025-04-26T18:37:32.706+0000] {processor.py:839} INFO - DAG(s) dict_keys(['user_automation']) retrieved from /opt/airflow/dags/kafka_stream.py
[2025-04-26T18:37:32.725+0000] {logging_mixin.py:151} INFO - [2025-04-26T18:37:32.725+0000] {dag.py:2907} INFO - Sync 1 DAGs
[2025-04-26T18:37:32.741+0000] {logging_mixin.py:151} INFO - [2025-04-26T18:37:32.741+0000] {dag.py:3677} INFO - Setting next_dagrun for user_automation to 2025-04-26T00:00:00+00:00, run_after=2025-04-27T00:00:00+00:00
[2025-04-26T18:37:32.769+0000] {processor.py:179} INFO - Processing /opt/airflow/dags/kafka_stream.py took 0.107 seconds
[2025-04-26T18:38:02.989+0000] {processor.py:157} INFO - Started process (PID=1003) to work on /opt/airflow/dags/kafka_stream.py
[2025-04-26T18:38:02.990+0000] {processor.py:829} INFO - Processing file /opt/airflow/dags/kafka_stream.py for tasks to queue
[2025-04-26T18:38:02.991+0000] {logging_mixin.py:151} INFO - [2025-04-26T18:38:02.991+0000] {dagbag.py:539} INFO - Filling up the DagBag from /opt/airflow/dags/kafka_stream.py
[2025-04-26T18:38:03.038+0000] {processor.py:839} INFO - DAG(s) dict_keys(['user_automation']) retrieved from /opt/airflow/dags/kafka_stream.py
[2025-04-26T18:38:03.058+0000] {logging_mixin.py:151} INFO - [2025-04-26T18:38:03.058+0000] {dag.py:2907} INFO - Sync 1 DAGs
[2025-04-26T18:38:03.074+0000] {logging_mixin.py:151} INFO - [2025-04-26T18:38:03.074+0000] {dag.py:3677} INFO - Setting next_dagrun for user_automation to 2025-04-26T00:00:00+00:00, run_after=2025-04-27T00:00:00+00:00
[2025-04-26T18:38:03.102+0000] {processor.py:179} INFO - Processing /opt/airflow/dags/kafka_stream.py took 0.116 seconds
[2025-04-26T18:38:33.244+0000] {processor.py:157} INFO - Started process (PID=1004) to work on /opt/airflow/dags/kafka_stream.py
[2025-04-26T18:38:33.245+0000] {processor.py:829} INFO - Processing file /opt/airflow/dags/kafka_stream.py for tasks to queue
[2025-04-26T18:38:33.246+0000] {logging_mixin.py:151} INFO - [2025-04-26T18:38:33.246+0000] {dagbag.py:539} INFO - Filling up the DagBag from /opt/airflow/dags/kafka_stream.py
[2025-04-26T18:38:33.278+0000] {processor.py:839} INFO - DAG(s) dict_keys(['user_automation']) retrieved from /opt/airflow/dags/kafka_stream.py
[2025-04-26T18:38:33.305+0000] {logging_mixin.py:151} INFO - [2025-04-26T18:38:33.304+0000] {dag.py:2907} INFO - Sync 1 DAGs
[2025-04-26T18:38:33.322+0000] {logging_mixin.py:151} INFO - [2025-04-26T18:38:33.322+0000] {dag.py:3677} INFO - Setting next_dagrun for user_automation to 2025-04-26T00:00:00+00:00, run_after=2025-04-27T00:00:00+00:00
[2025-04-26T18:38:33.353+0000] {processor.py:179} INFO - Processing /opt/airflow/dags/kafka_stream.py took 0.113 seconds
[2025-04-26T18:39:03.564+0000] {processor.py:157} INFO - Started process (PID=1005) to work on /opt/airflow/dags/kafka_stream.py
[2025-04-26T18:39:03.566+0000] {processor.py:829} INFO - Processing file /opt/airflow/dags/kafka_stream.py for tasks to queue
[2025-04-26T18:39:03.567+0000] {logging_mixin.py:151} INFO - [2025-04-26T18:39:03.567+0000] {dagbag.py:539} INFO - Filling up the DagBag from /opt/airflow/dags/kafka_stream.py
[2025-04-26T18:39:03.606+0000] {processor.py:839} INFO - DAG(s) dict_keys(['user_automation']) retrieved from /opt/airflow/dags/kafka_stream.py
[2025-04-26T18:39:03.650+0000] {logging_mixin.py:151} INFO - [2025-04-26T18:39:03.649+0000] {dag.py:2907} INFO - Sync 1 DAGs
[2025-04-26T18:39:03.674+0000] {logging_mixin.py:151} INFO - [2025-04-26T18:39:03.674+0000] {dag.py:3677} INFO - Setting next_dagrun for user_automation to 2025-04-26T00:00:00+00:00, run_after=2025-04-27T00:00:00+00:00
[2025-04-26T18:39:03.700+0000] {processor.py:179} INFO - Processing /opt/airflow/dags/kafka_stream.py took 0.139 seconds
[2025-04-26T18:39:33.830+0000] {processor.py:157} INFO - Started process (PID=1006) to work on /opt/airflow/dags/kafka_stream.py
[2025-04-26T18:39:33.832+0000] {processor.py:829} INFO - Processing file /opt/airflow/dags/kafka_stream.py for tasks to queue
[2025-04-26T18:39:33.833+0000] {logging_mixin.py:151} INFO - [2025-04-26T18:39:33.833+0000] {dagbag.py:539} INFO - Filling up the DagBag from /opt/airflow/dags/kafka_stream.py
[2025-04-26T18:39:33.869+0000] {processor.py:839} INFO - DAG(s) dict_keys(['user_automation']) retrieved from /opt/airflow/dags/kafka_stream.py
[2025-04-26T18:39:33.895+0000] {logging_mixin.py:151} INFO - [2025-04-26T18:39:33.895+0000] {dag.py:2907} INFO - Sync 1 DAGs
[2025-04-26T18:39:33.913+0000] {logging_mixin.py:151} INFO - [2025-04-26T18:39:33.913+0000] {dag.py:3677} INFO - Setting next_dagrun for user_automation to 2025-04-26T00:00:00+00:00, run_after=2025-04-27T00:00:00+00:00
[2025-04-26T18:39:33.945+0000] {processor.py:179} INFO - Processing /opt/airflow/dags/kafka_stream.py took 0.118 seconds
[2025-04-26T18:40:04.186+0000] {processor.py:157} INFO - Started process (PID=1007) to work on /opt/airflow/dags/kafka_stream.py
[2025-04-26T18:40:04.187+0000] {processor.py:829} INFO - Processing file /opt/airflow/dags/kafka_stream.py for tasks to queue
[2025-04-26T18:40:04.188+0000] {logging_mixin.py:151} INFO - [2025-04-26T18:40:04.187+0000] {dagbag.py:539} INFO - Filling up the DagBag from /opt/airflow/dags/kafka_stream.py
[2025-04-26T18:40:04.207+0000] {processor.py:839} INFO - DAG(s) dict_keys(['user_automation']) retrieved from /opt/airflow/dags/kafka_stream.py
[2025-04-26T18:40:04.228+0000] {logging_mixin.py:151} INFO - [2025-04-26T18:40:04.228+0000] {dag.py:2907} INFO - Sync 1 DAGs
[2025-04-26T18:40:04.245+0000] {logging_mixin.py:151} INFO - [2025-04-26T18:40:04.245+0000] {dag.py:3677} INFO - Setting next_dagrun for user_automation to 2025-04-26T00:00:00+00:00, run_after=2025-04-27T00:00:00+00:00
[2025-04-26T18:40:04.264+0000] {processor.py:179} INFO - Processing /opt/airflow/dags/kafka_stream.py took 0.080 seconds
[2025-04-26T18:40:34.474+0000] {processor.py:157} INFO - Started process (PID=1008) to work on /opt/airflow/dags/kafka_stream.py
[2025-04-26T18:40:34.476+0000] {processor.py:829} INFO - Processing file /opt/airflow/dags/kafka_stream.py for tasks to queue
[2025-04-26T18:40:34.477+0000] {logging_mixin.py:151} INFO - [2025-04-26T18:40:34.477+0000] {dagbag.py:539} INFO - Filling up the DagBag from /opt/airflow/dags/kafka_stream.py
[2025-04-26T18:40:34.507+0000] {processor.py:839} INFO - DAG(s) dict_keys(['user_automation']) retrieved from /opt/airflow/dags/kafka_stream.py
[2025-04-26T18:40:34.527+0000] {logging_mixin.py:151} INFO - [2025-04-26T18:40:34.527+0000] {dag.py:2907} INFO - Sync 1 DAGs
[2025-04-26T18:40:34.544+0000] {logging_mixin.py:151} INFO - [2025-04-26T18:40:34.544+0000] {dag.py:3677} INFO - Setting next_dagrun for user_automation to 2025-04-26T00:00:00+00:00, run_after=2025-04-27T00:00:00+00:00
[2025-04-26T18:40:34.563+0000] {processor.py:179} INFO - Processing /opt/airflow/dags/kafka_stream.py took 0.091 seconds
[2025-04-26T18:41:04.760+0000] {processor.py:157} INFO - Started process (PID=1009) to work on /opt/airflow/dags/kafka_stream.py
[2025-04-26T18:41:04.761+0000] {processor.py:829} INFO - Processing file /opt/airflow/dags/kafka_stream.py for tasks to queue
[2025-04-26T18:41:04.763+0000] {logging_mixin.py:151} INFO - [2025-04-26T18:41:04.762+0000] {dagbag.py:539} INFO - Filling up the DagBag from /opt/airflow/dags/kafka_stream.py
[2025-04-26T18:41:04.797+0000] {processor.py:839} INFO - DAG(s) dict_keys(['user_automation']) retrieved from /opt/airflow/dags/kafka_stream.py
[2025-04-26T18:41:04.820+0000] {logging_mixin.py:151} INFO - [2025-04-26T18:41:04.820+0000] {dag.py:2907} INFO - Sync 1 DAGs
[2025-04-26T18:41:04.842+0000] {logging_mixin.py:151} INFO - [2025-04-26T18:41:04.842+0000] {dag.py:3677} INFO - Setting next_dagrun for user_automation to 2025-04-26T00:00:00+00:00, run_after=2025-04-27T00:00:00+00:00
[2025-04-26T18:41:04.863+0000] {processor.py:179} INFO - Processing /opt/airflow/dags/kafka_stream.py took 0.105 seconds
[2025-04-26T18:41:35.020+0000] {processor.py:157} INFO - Started process (PID=1010) to work on /opt/airflow/dags/kafka_stream.py
[2025-04-26T18:41:35.021+0000] {processor.py:829} INFO - Processing file /opt/airflow/dags/kafka_stream.py for tasks to queue
[2025-04-26T18:41:35.023+0000] {logging_mixin.py:151} INFO - [2025-04-26T18:41:35.022+0000] {dagbag.py:539} INFO - Filling up the DagBag from /opt/airflow/dags/kafka_stream.py
[2025-04-26T18:41:35.058+0000] {processor.py:839} INFO - DAG(s) dict_keys(['user_automation']) retrieved from /opt/airflow/dags/kafka_stream.py
[2025-04-26T18:41:35.082+0000] {logging_mixin.py:151} INFO - [2025-04-26T18:41:35.082+0000] {dag.py:2907} INFO - Sync 1 DAGs
[2025-04-26T18:41:35.101+0000] {logging_mixin.py:151} INFO - [2025-04-26T18:41:35.101+0000] {dag.py:3677} INFO - Setting next_dagrun for user_automation to 2025-04-26T00:00:00+00:00, run_after=2025-04-27T00:00:00+00:00
[2025-04-26T18:41:35.123+0000] {processor.py:179} INFO - Processing /opt/airflow/dags/kafka_stream.py took 0.106 seconds
[2025-04-26T18:42:05.300+0000] {processor.py:157} INFO - Started process (PID=1011) to work on /opt/airflow/dags/kafka_stream.py
[2025-04-26T18:42:05.301+0000] {processor.py:829} INFO - Processing file /opt/airflow/dags/kafka_stream.py for tasks to queue
[2025-04-26T18:42:05.302+0000] {logging_mixin.py:151} INFO - [2025-04-26T18:42:05.302+0000] {dagbag.py:539} INFO - Filling up the DagBag from /opt/airflow/dags/kafka_stream.py
[2025-04-26T18:42:05.331+0000] {processor.py:839} INFO - DAG(s) dict_keys(['user_automation']) retrieved from /opt/airflow/dags/kafka_stream.py
[2025-04-26T18:42:05.358+0000] {logging_mixin.py:151} INFO - [2025-04-26T18:42:05.357+0000] {dag.py:2907} INFO - Sync 1 DAGs
[2025-04-26T18:42:05.379+0000] {logging_mixin.py:151} INFO - [2025-04-26T18:42:05.379+0000] {dag.py:3677} INFO - Setting next_dagrun for user_automation to 2025-04-26T00:00:00+00:00, run_after=2025-04-27T00:00:00+00:00
[2025-04-26T18:42:05.404+0000] {processor.py:179} INFO - Processing /opt/airflow/dags/kafka_stream.py took 0.107 seconds
[2025-04-26T18:42:35.597+0000] {processor.py:157} INFO - Started process (PID=1012) to work on /opt/airflow/dags/kafka_stream.py
[2025-04-26T18:42:35.597+0000] {processor.py:829} INFO - Processing file /opt/airflow/dags/kafka_stream.py for tasks to queue
[2025-04-26T18:42:35.598+0000] {logging_mixin.py:151} INFO - [2025-04-26T18:42:35.598+0000] {dagbag.py:539} INFO - Filling up the DagBag from /opt/airflow/dags/kafka_stream.py
[2025-04-26T18:42:35.615+0000] {processor.py:839} INFO - DAG(s) dict_keys(['user_automation']) retrieved from /opt/airflow/dags/kafka_stream.py
[2025-04-26T18:42:35.635+0000] {logging_mixin.py:151} INFO - [2025-04-26T18:42:35.635+0000] {dag.py:2907} INFO - Sync 1 DAGs
[2025-04-26T18:42:35.650+0000] {logging_mixin.py:151} INFO - [2025-04-26T18:42:35.650+0000] {dag.py:3677} INFO - Setting next_dagrun for user_automation to 2025-04-26T00:00:00+00:00, run_after=2025-04-27T00:00:00+00:00
[2025-04-26T18:42:35.669+0000] {processor.py:179} INFO - Processing /opt/airflow/dags/kafka_stream.py took 0.075 seconds
[2025-04-26T18:43:05.846+0000] {processor.py:157} INFO - Started process (PID=1013) to work on /opt/airflow/dags/kafka_stream.py
[2025-04-26T18:43:05.847+0000] {processor.py:829} INFO - Processing file /opt/airflow/dags/kafka_stream.py for tasks to queue
[2025-04-26T18:43:05.848+0000] {logging_mixin.py:151} INFO - [2025-04-26T18:43:05.847+0000] {dagbag.py:539} INFO - Filling up the DagBag from /opt/airflow/dags/kafka_stream.py
[2025-04-26T18:43:05.865+0000] {processor.py:839} INFO - DAG(s) dict_keys(['user_automation']) retrieved from /opt/airflow/dags/kafka_stream.py
[2025-04-26T18:43:05.885+0000] {logging_mixin.py:151} INFO - [2025-04-26T18:43:05.884+0000] {dag.py:2907} INFO - Sync 1 DAGs
[2025-04-26T18:43:05.902+0000] {logging_mixin.py:151} INFO - [2025-04-26T18:43:05.901+0000] {dag.py:3677} INFO - Setting next_dagrun for user_automation to 2025-04-26T00:00:00+00:00, run_after=2025-04-27T00:00:00+00:00
[2025-04-26T18:43:05.921+0000] {processor.py:179} INFO - Processing /opt/airflow/dags/kafka_stream.py took 0.077 seconds
[2025-04-26T18:43:36.113+0000] {processor.py:157} INFO - Started process (PID=1014) to work on /opt/airflow/dags/kafka_stream.py
[2025-04-26T18:43:36.114+0000] {processor.py:829} INFO - Processing file /opt/airflow/dags/kafka_stream.py for tasks to queue
[2025-04-26T18:43:36.115+0000] {logging_mixin.py:151} INFO - [2025-04-26T18:43:36.115+0000] {dagbag.py:539} INFO - Filling up the DagBag from /opt/airflow/dags/kafka_stream.py
[2025-04-26T18:43:36.141+0000] {processor.py:839} INFO - DAG(s) dict_keys(['user_automation']) retrieved from /opt/airflow/dags/kafka_stream.py
[2025-04-26T18:43:36.163+0000] {logging_mixin.py:151} INFO - [2025-04-26T18:43:36.163+0000] {dag.py:2907} INFO - Sync 1 DAGs
[2025-04-26T18:43:36.181+0000] {logging_mixin.py:151} INFO - [2025-04-26T18:43:36.181+0000] {dag.py:3677} INFO - Setting next_dagrun for user_automation to 2025-04-26T00:00:00+00:00, run_after=2025-04-27T00:00:00+00:00
[2025-04-26T18:43:36.199+0000] {processor.py:179} INFO - Processing /opt/airflow/dags/kafka_stream.py took 0.089 seconds
[2025-04-26T18:44:06.367+0000] {processor.py:157} INFO - Started process (PID=1015) to work on /opt/airflow/dags/kafka_stream.py
[2025-04-26T18:44:06.368+0000] {processor.py:829} INFO - Processing file /opt/airflow/dags/kafka_stream.py for tasks to queue
[2025-04-26T18:44:06.369+0000] {logging_mixin.py:151} INFO - [2025-04-26T18:44:06.369+0000] {dagbag.py:539} INFO - Filling up the DagBag from /opt/airflow/dags/kafka_stream.py
[2025-04-26T18:44:06.396+0000] {processor.py:839} INFO - DAG(s) dict_keys(['user_automation']) retrieved from /opt/airflow/dags/kafka_stream.py
[2025-04-26T18:44:06.427+0000] {logging_mixin.py:151} INFO - [2025-04-26T18:44:06.427+0000] {dag.py:2907} INFO - Sync 1 DAGs
[2025-04-26T18:44:06.453+0000] {logging_mixin.py:151} INFO - [2025-04-26T18:44:06.453+0000] {dag.py:3677} INFO - Setting next_dagrun for user_automation to 2025-04-26T00:00:00+00:00, run_after=2025-04-27T00:00:00+00:00
[2025-04-26T18:44:06.476+0000] {processor.py:179} INFO - Processing /opt/airflow/dags/kafka_stream.py took 0.114 seconds
[2025-04-26T18:44:37.057+0000] {processor.py:157} INFO - Started process (PID=1016) to work on /opt/airflow/dags/kafka_stream.py
[2025-04-26T18:44:37.067+0000] {processor.py:829} INFO - Processing file /opt/airflow/dags/kafka_stream.py for tasks to queue
[2025-04-26T18:44:37.072+0000] {logging_mixin.py:151} INFO - [2025-04-26T18:44:37.071+0000] {dagbag.py:539} INFO - Filling up the DagBag from /opt/airflow/dags/kafka_stream.py
[2025-04-26T18:44:37.394+0000] {processor.py:839} INFO - DAG(s) dict_keys(['user_automation']) retrieved from /opt/airflow/dags/kafka_stream.py
[2025-04-26T18:44:37.428+0000] {logging_mixin.py:151} INFO - [2025-04-26T18:44:37.428+0000] {dag.py:2907} INFO - Sync 1 DAGs
[2025-04-26T18:44:37.455+0000] {logging_mixin.py:151} INFO - [2025-04-26T18:44:37.455+0000] {dag.py:3677} INFO - Setting next_dagrun for user_automation to 2025-04-26T00:00:00+00:00, run_after=2025-04-27T00:00:00+00:00
[2025-04-26T18:44:37.478+0000] {processor.py:179} INFO - Processing /opt/airflow/dags/kafka_stream.py took 0.424 seconds
[2025-04-26T19:13:00.330+0000] {processor.py:157} INFO - Started process (PID=1017) to work on /opt/airflow/dags/kafka_stream.py
[2025-04-26T19:13:00.333+0000] {processor.py:829} INFO - Processing file /opt/airflow/dags/kafka_stream.py for tasks to queue
[2025-04-26T19:13:00.335+0000] {logging_mixin.py:151} INFO - [2025-04-26T19:13:00.335+0000] {dagbag.py:539} INFO - Filling up the DagBag from /opt/airflow/dags/kafka_stream.py
[2025-04-26T19:13:00.392+0000] {processor.py:839} INFO - DAG(s) dict_keys(['user_automation']) retrieved from /opt/airflow/dags/kafka_stream.py
[2025-04-26T19:13:00.445+0000] {logging_mixin.py:151} INFO - [2025-04-26T19:13:00.445+0000] {dag.py:2907} INFO - Sync 1 DAGs
[2025-04-26T19:13:00.477+0000] {logging_mixin.py:151} INFO - [2025-04-26T19:13:00.477+0000] {dag.py:3677} INFO - Setting next_dagrun for user_automation to 2025-04-26T00:00:00+00:00, run_after=2025-04-27T00:00:00+00:00
[2025-04-26T19:13:00.540+0000] {processor.py:179} INFO - Processing /opt/airflow/dags/kafka_stream.py took 0.215 seconds
[2025-04-26T19:13:30.823+0000] {processor.py:157} INFO - Started process (PID=1020) to work on /opt/airflow/dags/kafka_stream.py
[2025-04-26T19:13:30.825+0000] {processor.py:829} INFO - Processing file /opt/airflow/dags/kafka_stream.py for tasks to queue
[2025-04-26T19:13:30.826+0000] {logging_mixin.py:151} INFO - [2025-04-26T19:13:30.826+0000] {dagbag.py:539} INFO - Filling up the DagBag from /opt/airflow/dags/kafka_stream.py
[2025-04-26T19:13:30.849+0000] {processor.py:839} INFO - DAG(s) dict_keys(['user_automation']) retrieved from /opt/airflow/dags/kafka_stream.py
[2025-04-26T19:13:30.872+0000] {logging_mixin.py:151} INFO - [2025-04-26T19:13:30.871+0000] {dag.py:2907} INFO - Sync 1 DAGs
[2025-04-26T19:13:30.888+0000] {logging_mixin.py:151} INFO - [2025-04-26T19:13:30.888+0000] {dag.py:3677} INFO - Setting next_dagrun for user_automation to 2025-04-26T00:00:00+00:00, run_after=2025-04-27T00:00:00+00:00
[2025-04-26T19:13:30.918+0000] {processor.py:179} INFO - Processing /opt/airflow/dags/kafka_stream.py took 0.097 seconds
[2025-04-26T19:14:01.072+0000] {processor.py:157} INFO - Started process (PID=1021) to work on /opt/airflow/dags/kafka_stream.py
[2025-04-26T19:14:01.073+0000] {processor.py:829} INFO - Processing file /opt/airflow/dags/kafka_stream.py for tasks to queue
[2025-04-26T19:14:01.074+0000] {logging_mixin.py:151} INFO - [2025-04-26T19:14:01.074+0000] {dagbag.py:539} INFO - Filling up the DagBag from /opt/airflow/dags/kafka_stream.py
[2025-04-26T19:14:01.093+0000] {processor.py:839} INFO - DAG(s) dict_keys(['user_automation']) retrieved from /opt/airflow/dags/kafka_stream.py
[2025-04-26T19:14:01.115+0000] {logging_mixin.py:151} INFO - [2025-04-26T19:14:01.115+0000] {dag.py:2907} INFO - Sync 1 DAGs
[2025-04-26T19:14:01.135+0000] {logging_mixin.py:151} INFO - [2025-04-26T19:14:01.135+0000] {dag.py:3677} INFO - Setting next_dagrun for user_automation to 2025-04-26T00:00:00+00:00, run_after=2025-04-27T00:00:00+00:00
[2025-04-26T19:14:01.158+0000] {processor.py:179} INFO - Processing /opt/airflow/dags/kafka_stream.py took 0.088 seconds
[2025-04-26T19:14:31.427+0000] {processor.py:157} INFO - Started process (PID=1022) to work on /opt/airflow/dags/kafka_stream.py
[2025-04-26T19:14:31.428+0000] {processor.py:829} INFO - Processing file /opt/airflow/dags/kafka_stream.py for tasks to queue
[2025-04-26T19:14:31.430+0000] {logging_mixin.py:151} INFO - [2025-04-26T19:14:31.429+0000] {dagbag.py:539} INFO - Filling up the DagBag from /opt/airflow/dags/kafka_stream.py
[2025-04-26T19:14:31.513+0000] {processor.py:839} INFO - DAG(s) dict_keys(['user_automation']) retrieved from /opt/airflow/dags/kafka_stream.py
[2025-04-26T19:14:31.535+0000] {logging_mixin.py:151} INFO - [2025-04-26T19:14:31.534+0000] {dag.py:2907} INFO - Sync 1 DAGs
[2025-04-26T19:14:31.550+0000] {logging_mixin.py:151} INFO - [2025-04-26T19:14:31.550+0000] {dag.py:3677} INFO - Setting next_dagrun for user_automation to 2025-04-26T00:00:00+00:00, run_after=2025-04-27T00:00:00+00:00
[2025-04-26T19:14:31.572+0000] {processor.py:179} INFO - Processing /opt/airflow/dags/kafka_stream.py took 0.148 seconds
[2025-04-26T19:15:01.697+0000] {processor.py:157} INFO - Started process (PID=1023) to work on /opt/airflow/dags/kafka_stream.py
[2025-04-26T19:15:01.699+0000] {processor.py:829} INFO - Processing file /opt/airflow/dags/kafka_stream.py for tasks to queue
[2025-04-26T19:15:01.700+0000] {logging_mixin.py:151} INFO - [2025-04-26T19:15:01.700+0000] {dagbag.py:539} INFO - Filling up the DagBag from /opt/airflow/dags/kafka_stream.py
[2025-04-26T19:15:01.738+0000] {processor.py:839} INFO - DAG(s) dict_keys(['user_automation']) retrieved from /opt/airflow/dags/kafka_stream.py
[2025-04-26T19:15:01.760+0000] {logging_mixin.py:151} INFO - [2025-04-26T19:15:01.759+0000] {dag.py:2907} INFO - Sync 1 DAGs
[2025-04-26T19:15:01.780+0000] {logging_mixin.py:151} INFO - [2025-04-26T19:15:01.780+0000] {dag.py:3677} INFO - Setting next_dagrun for user_automation to 2025-04-26T00:00:00+00:00, run_after=2025-04-27T00:00:00+00:00
[2025-04-26T19:15:01.803+0000] {processor.py:179} INFO - Processing /opt/airflow/dags/kafka_stream.py took 0.110 seconds
[2025-04-26T22:26:33.791+0000] {processor.py:157} INFO - Started process (PID=1028) to work on /opt/airflow/dags/kafka_stream.py
[2025-04-26T22:26:33.795+0000] {processor.py:829} INFO - Processing file /opt/airflow/dags/kafka_stream.py for tasks to queue
[2025-04-26T22:26:33.799+0000] {logging_mixin.py:151} INFO - [2025-04-26T22:26:33.799+0000] {dagbag.py:539} INFO - Filling up the DagBag from /opt/airflow/dags/kafka_stream.py
[2025-04-26T22:26:34.252+0000] {processor.py:839} INFO - DAG(s) dict_keys(['user_automation']) retrieved from /opt/airflow/dags/kafka_stream.py
[2025-04-26T22:26:34.314+0000] {logging_mixin.py:151} INFO - [2025-04-26T22:26:34.314+0000] {dag.py:2907} INFO - Sync 1 DAGs
[2025-04-26T22:26:34.364+0000] {logging_mixin.py:151} INFO - [2025-04-26T22:26:34.364+0000] {dag.py:3677} INFO - Setting next_dagrun for user_automation to 2025-04-26T00:00:00+00:00, run_after=2025-04-27T00:00:00+00:00
[2025-04-26T22:26:34.413+0000] {processor.py:179} INFO - Processing /opt/airflow/dags/kafka_stream.py took 0.626 seconds
[2025-04-26T23:22:19.599+0000] {processor.py:157} INFO - Started process (PID=1029) to work on /opt/airflow/dags/kafka_stream.py
[2025-04-26T23:22:19.601+0000] {processor.py:829} INFO - Processing file /opt/airflow/dags/kafka_stream.py for tasks to queue
[2025-04-26T23:22:19.606+0000] {logging_mixin.py:151} INFO - [2025-04-26T23:22:19.605+0000] {dagbag.py:539} INFO - Filling up the DagBag from /opt/airflow/dags/kafka_stream.py
[2025-04-26T23:22:19.703+0000] {processor.py:839} INFO - DAG(s) dict_keys(['user_automation']) retrieved from /opt/airflow/dags/kafka_stream.py
[2025-04-26T23:22:19.756+0000] {logging_mixin.py:151} INFO - [2025-04-26T23:22:19.756+0000] {dag.py:2907} INFO - Sync 1 DAGs
[2025-04-26T23:22:19.794+0000] {logging_mixin.py:151} INFO - [2025-04-26T23:22:19.794+0000] {dag.py:3677} INFO - Setting next_dagrun for user_automation to 2025-04-26T00:00:00+00:00, run_after=2025-04-27T00:00:00+00:00
[2025-04-26T23:22:19.849+0000] {processor.py:179} INFO - Processing /opt/airflow/dags/kafka_stream.py took 0.254 seconds
[2025-04-26T23:22:50.293+0000] {processor.py:157} INFO - Started process (PID=1032) to work on /opt/airflow/dags/kafka_stream.py
[2025-04-26T23:22:50.294+0000] {processor.py:829} INFO - Processing file /opt/airflow/dags/kafka_stream.py for tasks to queue
[2025-04-26T23:22:50.296+0000] {logging_mixin.py:151} INFO - [2025-04-26T23:22:50.295+0000] {dagbag.py:539} INFO - Filling up the DagBag from /opt/airflow/dags/kafka_stream.py
[2025-04-26T23:22:50.342+0000] {processor.py:839} INFO - DAG(s) dict_keys(['user_automation']) retrieved from /opt/airflow/dags/kafka_stream.py
[2025-04-26T23:22:50.366+0000] {logging_mixin.py:151} INFO - [2025-04-26T23:22:50.366+0000] {dag.py:2907} INFO - Sync 1 DAGs
[2025-04-26T23:22:50.387+0000] {logging_mixin.py:151} INFO - [2025-04-26T23:22:50.386+0000] {dag.py:3677} INFO - Setting next_dagrun for user_automation to 2025-04-26T00:00:00+00:00, run_after=2025-04-27T00:00:00+00:00
[2025-04-26T23:22:50.412+0000] {processor.py:179} INFO - Processing /opt/airflow/dags/kafka_stream.py took 0.122 seconds
[2025-04-26T23:23:20.899+0000] {processor.py:157} INFO - Started process (PID=1033) to work on /opt/airflow/dags/kafka_stream.py
[2025-04-26T23:23:20.901+0000] {processor.py:829} INFO - Processing file /opt/airflow/dags/kafka_stream.py for tasks to queue
[2025-04-26T23:23:20.902+0000] {logging_mixin.py:151} INFO - [2025-04-26T23:23:20.902+0000] {dagbag.py:539} INFO - Filling up the DagBag from /opt/airflow/dags/kafka_stream.py
[2025-04-26T23:23:20.933+0000] {processor.py:839} INFO - DAG(s) dict_keys(['user_automation']) retrieved from /opt/airflow/dags/kafka_stream.py
[2025-04-26T23:23:20.956+0000] {logging_mixin.py:151} INFO - [2025-04-26T23:23:20.956+0000] {dag.py:2907} INFO - Sync 1 DAGs
[2025-04-26T23:23:20.972+0000] {logging_mixin.py:151} INFO - [2025-04-26T23:23:20.972+0000] {dag.py:3677} INFO - Setting next_dagrun for user_automation to 2025-04-26T00:00:00+00:00, run_after=2025-04-27T00:00:00+00:00
[2025-04-26T23:23:20.991+0000] {processor.py:179} INFO - Processing /opt/airflow/dags/kafka_stream.py took 0.095 seconds
[2025-04-26T23:23:51.056+0000] {processor.py:157} INFO - Started process (PID=1034) to work on /opt/airflow/dags/kafka_stream.py
[2025-04-26T23:23:51.057+0000] {processor.py:829} INFO - Processing file /opt/airflow/dags/kafka_stream.py for tasks to queue
[2025-04-26T23:23:51.059+0000] {logging_mixin.py:151} INFO - [2025-04-26T23:23:51.059+0000] {dagbag.py:539} INFO - Filling up the DagBag from /opt/airflow/dags/kafka_stream.py
[2025-04-26T23:23:51.105+0000] {processor.py:839} INFO - DAG(s) dict_keys(['user_automation']) retrieved from /opt/airflow/dags/kafka_stream.py
[2025-04-26T23:23:51.125+0000] {logging_mixin.py:151} INFO - [2025-04-26T23:23:51.125+0000] {dag.py:2907} INFO - Sync 1 DAGs
[2025-04-26T23:23:51.141+0000] {logging_mixin.py:151} INFO - [2025-04-26T23:23:51.141+0000] {dag.py:3677} INFO - Setting next_dagrun for user_automation to 2025-04-26T00:00:00+00:00, run_after=2025-04-27T00:00:00+00:00
[2025-04-26T23:23:51.161+0000] {processor.py:179} INFO - Processing /opt/airflow/dags/kafka_stream.py took 0.107 seconds
