[2025-04-27T03:36:02.060+0000] {logging_mixin.py:151} INFO - Changing /opt/***/logs/dag_id=user_automation/run_id=scheduled__2025-04-26T00:00:00+00:00/task_id=stream_data_from_api permission to 509
[2025-04-27T03:36:02.090+0000] {logging_mixin.py:151} INFO - Failed to change /opt/***/logs/dag_id=user_automation/run_id=scheduled__2025-04-26T00:00:00+00:00/task_id=stream_data_from_api permission to 509: [Errno 1] Operation not permitted: '/opt/***/logs/dag_id=user_automation/run_id=scheduled__2025-04-26T00:00:00+00:00/task_id=stream_data_from_api'
[2025-04-27T03:36:02.325+0000] {logging_mixin.py:151} INFO - Changing /opt/***/logs/dag_id=user_automation/run_id=scheduled__2025-04-26T00:00:00+00:00/task_id=stream_data_from_api permission to 509
[2025-04-27T03:36:02.404+0000] {logging_mixin.py:151} INFO - Failed to change /opt/***/logs/dag_id=user_automation/run_id=scheduled__2025-04-26T00:00:00+00:00/task_id=stream_data_from_api permission to 509: [Errno 1] Operation not permitted: '/opt/***/logs/dag_id=user_automation/run_id=scheduled__2025-04-26T00:00:00+00:00/task_id=stream_data_from_api'
[2025-04-27T03:36:02.561+0000] {taskinstance.py:1159} INFO - Dependencies all met for dep_context=non-requeueable deps ti=<TaskInstance: user_automation.stream_data_from_api scheduled__2025-04-26T00:00:00+00:00 [queued]>
[2025-04-27T03:36:02.580+0000] {taskinstance.py:1159} INFO - Dependencies all met for dep_context=requeueable deps ti=<TaskInstance: user_automation.stream_data_from_api scheduled__2025-04-26T00:00:00+00:00 [queued]>
[2025-04-27T03:36:02.593+0000] {taskinstance.py:1361} INFO - Starting attempt 1 of 1
[2025-04-27T03:36:02.636+0000] {taskinstance.py:1382} INFO - Executing <Task(PythonOperator): stream_data_from_api> on 2025-04-26 00:00:00+00:00
[2025-04-27T03:36:02.648+0000] {standard_task_runner.py:57} INFO - Started process 1043 to run task
[2025-04-27T03:36:02.653+0000] {standard_task_runner.py:84} INFO - Running: ['***', 'tasks', 'run', 'user_automation', 'stream_data_from_api', 'scheduled__2025-04-26T00:00:00+00:00', '--job-id', '9', '--raw', '--subdir', 'DAGS_FOLDER/kafka_stream.py', '--cfg-path', '/tmp/tmpu7riag0l']
[2025-04-27T03:36:02.694+0000] {standard_task_runner.py:85} INFO - Job 9: Subtask stream_data_from_api
[2025-04-27T03:36:02.946+0000] {logging_mixin.py:151} INFO - Changing /opt/***/logs/dag_id=user_automation/run_id=scheduled__2025-04-26T00:00:00+00:00/task_id=stream_data_from_api permission to 509
[2025-04-27T03:36:02.968+0000] {logging_mixin.py:151} INFO - Failed to change /opt/***/logs/dag_id=user_automation/run_id=scheduled__2025-04-26T00:00:00+00:00/task_id=stream_data_from_api permission to 509: [Errno 1] Operation not permitted: '/opt/***/logs/dag_id=user_automation/run_id=scheduled__2025-04-26T00:00:00+00:00/task_id=stream_data_from_api'
[2025-04-27T03:36:03.013+0000] {task_command.py:415} INFO - Running <TaskInstance: user_automation.stream_data_from_api scheduled__2025-04-26T00:00:00+00:00 [running]> on host a3f1561ef11e
[2025-04-27T03:36:03.122+0000] {taskinstance.py:1660} INFO - Exporting env vars: AIRFLOW_CTX_DAG_OWNER='airscholar' AIRFLOW_CTX_DAG_ID='user_automation' AIRFLOW_CTX_TASK_ID='stream_data_from_api' AIRFLOW_CTX_EXECUTION_DATE='2025-04-26T00:00:00+00:00' AIRFLOW_CTX_TRY_NUMBER='1' AIRFLOW_CTX_DAG_RUN_ID='scheduled__2025-04-26T00:00:00+00:00'
[2025-04-27T03:36:03.244+0000] {conn.py:380} INFO - <BrokerConnection node_id=bootstrap-0 host=broker:29092 <connecting> [IPv4 ('172.19.0.8', 29092)]>: connecting to broker:29092 [('172.19.0.8', 29092) IPv4]
[2025-04-27T03:36:03.255+0000] {conn.py:1205} INFO - Probing node bootstrap-0 broker version
[2025-04-27T03:36:03.283+0000] {conn.py:410} INFO - <BrokerConnection node_id=bootstrap-0 host=broker:29092 <connecting> [IPv4 ('172.19.0.8', 29092)]>: Connection complete.
[2025-04-27T03:36:03.424+0000] {conn.py:1267} INFO - Broker version identified as 2.5.0
[2025-04-27T03:36:03.435+0000] {conn.py:1268} INFO - Set configuration api_version=(2, 5, 0) to skip auto check_version requests on startup
[2025-04-27T03:36:05.721+0000] {logging_mixin.py:151} WARNING - /home/***/.local/lib/python3.9/site-packages/urllib3/connectionpool.py:1095 InsecureRequestWarning: Unverified HTTPS request is being made to host 'randomuser.me'. Adding certificate verification is strongly advised. See: https://urllib3.readthedocs.io/en/latest/advanced-usage.html#tls-warnings
[2025-04-27T03:36:14.728+0000] {kafka_stream.py:57} ERROR - An error occured: Expecting value: line 1 column 1 (char 0)
[2025-04-27T03:36:14.932+0000] {logging_mixin.py:151} WARNING - /home/***/.local/lib/python3.9/site-packages/urllib3/connectionpool.py:1095 InsecureRequestWarning: Unverified HTTPS request is being made to host 'randomuser.me'. Adding certificate verification is strongly advised. See: https://urllib3.readthedocs.io/en/latest/advanced-usage.html#tls-warnings
[2025-04-27T03:36:23.789+0000] {kafka_stream.py:57} ERROR - An error occured: Expecting value: line 1 column 1 (char 0)
[2025-04-27T03:36:23.990+0000] {logging_mixin.py:151} WARNING - /home/***/.local/lib/python3.9/site-packages/urllib3/connectionpool.py:1095 InsecureRequestWarning: Unverified HTTPS request is being made to host 'randomuser.me'. Adding certificate verification is strongly advised. See: https://urllib3.readthedocs.io/en/latest/advanced-usage.html#tls-warnings
[2025-04-27T03:36:32.482+0000] {kafka_stream.py:57} ERROR - An error occured: Expecting value: line 1 column 1 (char 0)
[2025-04-27T03:36:32.829+0000] {logging_mixin.py:151} WARNING - /home/***/.local/lib/python3.9/site-packages/urllib3/connectionpool.py:1095 InsecureRequestWarning: Unverified HTTPS request is being made to host 'randomuser.me'. Adding certificate verification is strongly advised. See: https://urllib3.readthedocs.io/en/latest/advanced-usage.html#tls-warnings
[2025-04-27T03:36:40.282+0000] {kafka_stream.py:57} ERROR - An error occured: Expecting value: line 1 column 1 (char 0)
[2025-04-27T03:36:40.473+0000] {logging_mixin.py:151} WARNING - /home/***/.local/lib/python3.9/site-packages/urllib3/connectionpool.py:1095 InsecureRequestWarning: Unverified HTTPS request is being made to host 'randomuser.me'. Adding certificate verification is strongly advised. See: https://urllib3.readthedocs.io/en/latest/advanced-usage.html#tls-warnings
[2025-04-27T03:36:48.663+0000] {kafka_stream.py:57} ERROR - An error occured: Expecting value: line 1 column 1 (char 0)
[2025-04-27T03:36:49.170+0000] {logging_mixin.py:151} WARNING - /home/***/.local/lib/python3.9/site-packages/urllib3/connectionpool.py:1095 InsecureRequestWarning: Unverified HTTPS request is being made to host 'randomuser.me'. Adding certificate verification is strongly advised. See: https://urllib3.readthedocs.io/en/latest/advanced-usage.html#tls-warnings
[2025-04-27T03:36:56.637+0000] {kafka_stream.py:57} ERROR - An error occured: Expecting value: line 1 column 1 (char 0)
[2025-04-27T03:36:56.859+0000] {logging_mixin.py:151} WARNING - /home/***/.local/lib/python3.9/site-packages/urllib3/connectionpool.py:1095 InsecureRequestWarning: Unverified HTTPS request is being made to host 'randomuser.me'. Adding certificate verification is strongly advised. See: https://urllib3.readthedocs.io/en/latest/advanced-usage.html#tls-warnings
[2025-04-27T03:37:04.265+0000] {kafka_stream.py:57} ERROR - An error occured: Expecting value: line 1 column 1 (char 0)
[2025-04-27T03:37:04.381+0000] {logging_mixin.py:151} WARNING - /home/***/.local/lib/python3.9/site-packages/urllib3/connectionpool.py:1095 InsecureRequestWarning: Unverified HTTPS request is being made to host 'randomuser.me'. Adding certificate verification is strongly advised. See: https://urllib3.readthedocs.io/en/latest/advanced-usage.html#tls-warnings
[2025-04-27T03:37:13.174+0000] {kafka_stream.py:57} ERROR - An error occured: Expecting value: line 1 column 1 (char 0)
[2025-04-27T03:37:13.294+0000] {logging_mixin.py:151} WARNING - /home/***/.local/lib/python3.9/site-packages/urllib3/connectionpool.py:1095 InsecureRequestWarning: Unverified HTTPS request is being made to host 'randomuser.me'. Adding certificate verification is strongly advised. See: https://urllib3.readthedocs.io/en/latest/advanced-usage.html#tls-warnings
[2025-04-27T03:37:23.130+0000] {kafka_stream.py:57} ERROR - An error occured: Expecting value: line 1 column 1 (char 0)
[2025-04-27T03:37:23.262+0000] {logging_mixin.py:151} WARNING - /home/***/.local/lib/python3.9/site-packages/urllib3/connectionpool.py:1095 InsecureRequestWarning: Unverified HTTPS request is being made to host 'randomuser.me'. Adding certificate verification is strongly advised. See: https://urllib3.readthedocs.io/en/latest/advanced-usage.html#tls-warnings
[2025-04-27T03:37:32.806+0000] {kafka_stream.py:57} ERROR - An error occured: Expecting value: line 1 column 1 (char 0)
[2025-04-27T03:37:32.909+0000] {logging_mixin.py:151} WARNING - /home/***/.local/lib/python3.9/site-packages/urllib3/connectionpool.py:1095 InsecureRequestWarning: Unverified HTTPS request is being made to host 'randomuser.me'. Adding certificate verification is strongly advised. See: https://urllib3.readthedocs.io/en/latest/advanced-usage.html#tls-warnings
[2025-04-27T03:37:40.883+0000] {kafka_stream.py:57} ERROR - An error occured: Expecting value: line 1 column 1 (char 0)
[2025-04-27T03:37:40.997+0000] {logging_mixin.py:151} WARNING - /home/***/.local/lib/python3.9/site-packages/urllib3/connectionpool.py:1095 InsecureRequestWarning: Unverified HTTPS request is being made to host 'randomuser.me'. Adding certificate verification is strongly advised. See: https://urllib3.readthedocs.io/en/latest/advanced-usage.html#tls-warnings
[2025-04-27T03:37:48.610+0000] {kafka_stream.py:57} ERROR - An error occured: Expecting value: line 1 column 1 (char 0)
[2025-04-27T03:37:48.720+0000] {logging_mixin.py:151} WARNING - /home/***/.local/lib/python3.9/site-packages/urllib3/connectionpool.py:1095 InsecureRequestWarning: Unverified HTTPS request is being made to host 'randomuser.me'. Adding certificate verification is strongly advised. See: https://urllib3.readthedocs.io/en/latest/advanced-usage.html#tls-warnings
[2025-04-27T03:37:56.562+0000] {kafka_stream.py:57} ERROR - An error occured: Expecting value: line 1 column 1 (char 0)
[2025-04-27T03:37:56.660+0000] {logging_mixin.py:151} WARNING - /home/***/.local/lib/python3.9/site-packages/urllib3/connectionpool.py:1095 InsecureRequestWarning: Unverified HTTPS request is being made to host 'randomuser.me'. Adding certificate verification is strongly advised. See: https://urllib3.readthedocs.io/en/latest/advanced-usage.html#tls-warnings
[2025-04-27T03:38:05.130+0000] {kafka_stream.py:57} ERROR - An error occured: Expecting value: line 1 column 1 (char 0)
[2025-04-27T03:38:05.234+0000] {logging_mixin.py:151} WARNING - /home/***/.local/lib/python3.9/site-packages/urllib3/connectionpool.py:1095 InsecureRequestWarning: Unverified HTTPS request is being made to host 'randomuser.me'. Adding certificate verification is strongly advised. See: https://urllib3.readthedocs.io/en/latest/advanced-usage.html#tls-warnings
[2025-04-27T03:38:15.256+0000] {kafka_stream.py:57} ERROR - An error occured: Expecting value: line 1 column 1 (char 0)
[2025-04-27T03:38:15.359+0000] {logging_mixin.py:151} WARNING - /home/***/.local/lib/python3.9/site-packages/urllib3/connectionpool.py:1095 InsecureRequestWarning: Unverified HTTPS request is being made to host 'randomuser.me'. Adding certificate verification is strongly advised. See: https://urllib3.readthedocs.io/en/latest/advanced-usage.html#tls-warnings
[2025-04-27T03:38:25.846+0000] {kafka_stream.py:57} ERROR - An error occured: Expecting value: line 1 column 1 (char 0)
[2025-04-27T03:38:25.970+0000] {logging_mixin.py:151} WARNING - /home/***/.local/lib/python3.9/site-packages/urllib3/connectionpool.py:1095 InsecureRequestWarning: Unverified HTTPS request is being made to host 'randomuser.me'. Adding certificate verification is strongly advised. See: https://urllib3.readthedocs.io/en/latest/advanced-usage.html#tls-warnings
[2025-04-27T03:38:35.997+0000] {kafka_stream.py:57} ERROR - An error occured: Expecting value: line 1 column 1 (char 0)
[2025-04-27T03:38:36.208+0000] {logging_mixin.py:151} WARNING - /home/***/.local/lib/python3.9/site-packages/urllib3/connectionpool.py:1095 InsecureRequestWarning: Unverified HTTPS request is being made to host 'randomuser.me'. Adding certificate verification is strongly advised. See: https://urllib3.readthedocs.io/en/latest/advanced-usage.html#tls-warnings
[2025-04-27T03:38:49.169+0000] {kafka_stream.py:57} ERROR - An error occured: Expecting value: line 1 column 1 (char 0)
[2025-04-27T03:38:49.289+0000] {logging_mixin.py:151} WARNING - /home/***/.local/lib/python3.9/site-packages/urllib3/connectionpool.py:1095 InsecureRequestWarning: Unverified HTTPS request is being made to host 'randomuser.me'. Adding certificate verification is strongly advised. See: https://urllib3.readthedocs.io/en/latest/advanced-usage.html#tls-warnings
[2025-04-27T03:38:58.308+0000] {kafka_stream.py:57} ERROR - An error occured: Expecting value: line 1 column 1 (char 0)
[2025-04-27T03:38:58.403+0000] {logging_mixin.py:151} WARNING - /home/***/.local/lib/python3.9/site-packages/urllib3/connectionpool.py:1095 InsecureRequestWarning: Unverified HTTPS request is being made to host 'randomuser.me'. Adding certificate verification is strongly advised. See: https://urllib3.readthedocs.io/en/latest/advanced-usage.html#tls-warnings
[2025-04-27T03:39:06.065+0000] {kafka_stream.py:57} ERROR - An error occured: Expecting value: line 1 column 1 (char 0)
[2025-04-27T03:39:06.189+0000] {logging_mixin.py:151} WARNING - /home/***/.local/lib/python3.9/site-packages/urllib3/connectionpool.py:1095 InsecureRequestWarning: Unverified HTTPS request is being made to host 'randomuser.me'. Adding certificate verification is strongly advised. See: https://urllib3.readthedocs.io/en/latest/advanced-usage.html#tls-warnings
[2025-04-27T03:40:08.859+0000] {logging_mixin.py:151} INFO - Record Inserted !!
[2025-04-27T03:40:08.862+0000] {conn.py:380} INFO - <BrokerConnection node_id=1 host=broker:29092 <connecting> [IPv4 ('172.19.0.8', 29092)]>: connecting to broker:29092 [('172.19.0.8', 29092) IPv4]
[2025-04-27T03:40:08.862+0000] {conn.py:410} INFO - <BrokerConnection node_id=1 host=broker:29092 <connecting> [IPv4 ('172.19.0.8', 29092)]>: Connection complete.
[2025-04-27T03:40:08.863+0000] {conn.py:919} INFO - <BrokerConnection node_id=bootstrap-0 host=broker:29092 <connected> [IPv4 ('172.19.0.8', 29092)]>: Closing connection. 
[2025-04-27T03:40:08.984+0000] {logging_mixin.py:151} WARNING - /home/***/.local/lib/python3.9/site-packages/urllib3/connectionpool.py:1095 InsecureRequestWarning: Unverified HTTPS request is being made to host 'randomuser.me'. Adding certificate verification is strongly advised. See: https://urllib3.readthedocs.io/en/latest/advanced-usage.html#tls-warnings
[2025-04-27T03:40:17.823+0000] {kafka_stream.py:57} ERROR - An error occured: Expecting value: line 1 column 1 (char 0)
[2025-04-27T03:40:17.993+0000] {logging_mixin.py:151} WARNING - /home/***/.local/lib/python3.9/site-packages/urllib3/connectionpool.py:1095 InsecureRequestWarning: Unverified HTTPS request is being made to host 'randomuser.me'. Adding certificate verification is strongly advised. See: https://urllib3.readthedocs.io/en/latest/advanced-usage.html#tls-warnings
[2025-04-27T03:41:31.887+0000] {logging_mixin.py:151} INFO - Record Inserted !!
[2025-04-27T03:41:32.411+0000] {logging_mixin.py:151} WARNING - /home/***/.local/lib/python3.9/site-packages/urllib3/connectionpool.py:1095 InsecureRequestWarning: Unverified HTTPS request is being made to host 'randomuser.me'. Adding certificate verification is strongly advised. See: https://urllib3.readthedocs.io/en/latest/advanced-usage.html#tls-warnings
[2025-04-27T03:41:44.107+0000] {kafka_stream.py:57} ERROR - An error occured: Expecting value: line 1 column 1 (char 0)
[2025-04-27T03:41:44.298+0000] {logging_mixin.py:151} WARNING - /home/***/.local/lib/python3.9/site-packages/urllib3/connectionpool.py:1095 InsecureRequestWarning: Unverified HTTPS request is being made to host 'randomuser.me'. Adding certificate verification is strongly advised. See: https://urllib3.readthedocs.io/en/latest/advanced-usage.html#tls-warnings
[2025-04-27T03:41:53.120+0000] {kafka_stream.py:57} ERROR - An error occured: Expecting value: line 1 column 1 (char 0)
[2025-04-27T03:41:53.259+0000] {logging_mixin.py:151} WARNING - /home/***/.local/lib/python3.9/site-packages/urllib3/connectionpool.py:1095 InsecureRequestWarning: Unverified HTTPS request is being made to host 'randomuser.me'. Adding certificate verification is strongly advised. See: https://urllib3.readthedocs.io/en/latest/advanced-usage.html#tls-warnings
[2025-04-27T03:42:00.912+0000] {kafka_stream.py:57} ERROR - An error occured: Expecting value: line 1 column 1 (char 0)
[2025-04-27T03:42:01.217+0000] {logging_mixin.py:151} WARNING - /home/***/.local/lib/python3.9/site-packages/urllib3/connectionpool.py:1095 InsecureRequestWarning: Unverified HTTPS request is being made to host 'randomuser.me'. Adding certificate verification is strongly advised. See: https://urllib3.readthedocs.io/en/latest/advanced-usage.html#tls-warnings
[2025-04-27T03:42:09.787+0000] {kafka_stream.py:57} ERROR - An error occured: Expecting value: line 1 column 1 (char 0)
[2025-04-27T03:42:10.312+0000] {logging_mixin.py:151} WARNING - /home/***/.local/lib/python3.9/site-packages/urllib3/connectionpool.py:1095 InsecureRequestWarning: Unverified HTTPS request is being made to host 'randomuser.me'. Adding certificate verification is strongly advised. See: https://urllib3.readthedocs.io/en/latest/advanced-usage.html#tls-warnings
[2025-04-27T03:42:19.744+0000] {kafka_stream.py:57} ERROR - An error occured: Expecting value: line 1 column 1 (char 0)
[2025-04-27T03:42:19.829+0000] {logging_mixin.py:151} WARNING - /home/***/.local/lib/python3.9/site-packages/urllib3/connectionpool.py:1095 InsecureRequestWarning: Unverified HTTPS request is being made to host 'randomuser.me'. Adding certificate verification is strongly advised. See: https://urllib3.readthedocs.io/en/latest/advanced-usage.html#tls-warnings
[2025-04-27T03:42:29.855+0000] {kafka_stream.py:57} ERROR - An error occured: Expecting value: line 1 column 1 (char 0)
[2025-04-27T03:42:30.023+0000] {logging_mixin.py:151} WARNING - /home/***/.local/lib/python3.9/site-packages/urllib3/connectionpool.py:1095 InsecureRequestWarning: Unverified HTTPS request is being made to host 'randomuser.me'. Adding certificate verification is strongly advised. See: https://urllib3.readthedocs.io/en/latest/advanced-usage.html#tls-warnings
[2025-04-27T03:42:38.181+0000] {kafka_stream.py:57} ERROR - An error occured: Expecting value: line 1 column 1 (char 0)
[2025-04-27T03:42:38.314+0000] {logging_mixin.py:151} WARNING - /home/***/.local/lib/python3.9/site-packages/urllib3/connectionpool.py:1095 InsecureRequestWarning: Unverified HTTPS request is being made to host 'randomuser.me'. Adding certificate verification is strongly advised. See: https://urllib3.readthedocs.io/en/latest/advanced-usage.html#tls-warnings
[2025-04-27T03:42:46.454+0000] {kafka_stream.py:57} ERROR - An error occured: Expecting value: line 1 column 1 (char 0)
[2025-04-27T03:42:46.584+0000] {logging_mixin.py:151} WARNING - /home/***/.local/lib/python3.9/site-packages/urllib3/connectionpool.py:1095 InsecureRequestWarning: Unverified HTTPS request is being made to host 'randomuser.me'. Adding certificate verification is strongly advised. See: https://urllib3.readthedocs.io/en/latest/advanced-usage.html#tls-warnings
[2025-04-27T03:42:54.222+0000] {kafka_stream.py:57} ERROR - An error occured: Expecting value: line 1 column 1 (char 0)
[2025-04-27T03:42:54.319+0000] {logging_mixin.py:151} WARNING - /home/***/.local/lib/python3.9/site-packages/urllib3/connectionpool.py:1095 InsecureRequestWarning: Unverified HTTPS request is being made to host 'randomuser.me'. Adding certificate verification is strongly advised. See: https://urllib3.readthedocs.io/en/latest/advanced-usage.html#tls-warnings
[2025-04-27T03:43:01.590+0000] {kafka_stream.py:57} ERROR - An error occured: Expecting value: line 1 column 1 (char 0)
[2025-04-27T03:43:01.701+0000] {logging_mixin.py:151} WARNING - /home/***/.local/lib/python3.9/site-packages/urllib3/connectionpool.py:1095 InsecureRequestWarning: Unverified HTTPS request is being made to host 'randomuser.me'. Adding certificate verification is strongly advised. See: https://urllib3.readthedocs.io/en/latest/advanced-usage.html#tls-warnings
[2025-04-27T03:43:10.518+0000] {kafka_stream.py:57} ERROR - An error occured: Expecting value: line 1 column 1 (char 0)
[2025-04-27T03:43:10.611+0000] {logging_mixin.py:151} WARNING - /home/***/.local/lib/python3.9/site-packages/urllib3/connectionpool.py:1095 InsecureRequestWarning: Unverified HTTPS request is being made to host 'randomuser.me'. Adding certificate verification is strongly advised. See: https://urllib3.readthedocs.io/en/latest/advanced-usage.html#tls-warnings
[2025-04-27T03:43:19.243+0000] {kafka_stream.py:57} ERROR - An error occured: Expecting value: line 1 column 1 (char 0)
[2025-04-27T03:43:19.470+0000] {logging_mixin.py:151} WARNING - /home/***/.local/lib/python3.9/site-packages/urllib3/connectionpool.py:1095 InsecureRequestWarning: Unverified HTTPS request is being made to host 'randomuser.me'. Adding certificate verification is strongly advised. See: https://urllib3.readthedocs.io/en/latest/advanced-usage.html#tls-warnings
[2025-04-27T03:43:28.494+0000] {kafka_stream.py:57} ERROR - An error occured: Expecting value: line 1 column 1 (char 0)
[2025-04-27T03:43:28.715+0000] {logging_mixin.py:151} WARNING - /home/***/.local/lib/python3.9/site-packages/urllib3/connectionpool.py:1095 InsecureRequestWarning: Unverified HTTPS request is being made to host 'randomuser.me'. Adding certificate verification is strongly advised. See: https://urllib3.readthedocs.io/en/latest/advanced-usage.html#tls-warnings
[2025-04-27T03:43:36.476+0000] {kafka_stream.py:57} ERROR - An error occured: Expecting value: line 1 column 1 (char 0)
[2025-04-27T03:43:36.603+0000] {logging_mixin.py:151} WARNING - /home/***/.local/lib/python3.9/site-packages/urllib3/connectionpool.py:1095 InsecureRequestWarning: Unverified HTTPS request is being made to host 'randomuser.me'. Adding certificate verification is strongly advised. See: https://urllib3.readthedocs.io/en/latest/advanced-usage.html#tls-warnings
[2025-04-27T03:43:44.206+0000] {kafka_stream.py:57} ERROR - An error occured: Expecting value: line 1 column 1 (char 0)
[2025-04-27T03:43:44.308+0000] {logging_mixin.py:151} WARNING - /home/***/.local/lib/python3.9/site-packages/urllib3/connectionpool.py:1095 InsecureRequestWarning: Unverified HTTPS request is being made to host 'randomuser.me'. Adding certificate verification is strongly advised. See: https://urllib3.readthedocs.io/en/latest/advanced-usage.html#tls-warnings
[2025-04-27T03:43:52.352+0000] {kafka_stream.py:57} ERROR - An error occured: Expecting value: line 1 column 1 (char 0)
[2025-04-27T03:43:52.527+0000] {logging_mixin.py:151} WARNING - /home/***/.local/lib/python3.9/site-packages/urllib3/connectionpool.py:1095 InsecureRequestWarning: Unverified HTTPS request is being made to host 'randomuser.me'. Adding certificate verification is strongly advised. See: https://urllib3.readthedocs.io/en/latest/advanced-usage.html#tls-warnings
[2025-04-27T03:43:59.914+0000] {kafka_stream.py:57} ERROR - An error occured: Expecting value: line 1 column 1 (char 0)
[2025-04-27T03:44:00.019+0000] {logging_mixin.py:151} WARNING - /home/***/.local/lib/python3.9/site-packages/urllib3/connectionpool.py:1095 InsecureRequestWarning: Unverified HTTPS request is being made to host 'randomuser.me'. Adding certificate verification is strongly advised. See: https://urllib3.readthedocs.io/en/latest/advanced-usage.html#tls-warnings
[2025-04-27T03:44:08.673+0000] {kafka_stream.py:57} ERROR - An error occured: Expecting value: line 1 column 1 (char 0)
[2025-04-27T03:44:08.764+0000] {logging_mixin.py:151} WARNING - /home/***/.local/lib/python3.9/site-packages/urllib3/connectionpool.py:1095 InsecureRequestWarning: Unverified HTTPS request is being made to host 'randomuser.me'. Adding certificate verification is strongly advised. See: https://urllib3.readthedocs.io/en/latest/advanced-usage.html#tls-warnings
[2025-04-27T03:44:18.709+0000] {kafka_stream.py:57} ERROR - An error occured: Expecting value: line 1 column 1 (char 0)
[2025-04-27T03:44:18.817+0000] {logging_mixin.py:151} WARNING - /home/***/.local/lib/python3.9/site-packages/urllib3/connectionpool.py:1095 InsecureRequestWarning: Unverified HTTPS request is being made to host 'randomuser.me'. Adding certificate verification is strongly advised. See: https://urllib3.readthedocs.io/en/latest/advanced-usage.html#tls-warnings
[2025-04-27T03:44:27.343+0000] {kafka_stream.py:57} ERROR - An error occured: Expecting value: line 1 column 1 (char 0)
[2025-04-27T03:44:27.455+0000] {logging_mixin.py:151} WARNING - /home/***/.local/lib/python3.9/site-packages/urllib3/connectionpool.py:1095 InsecureRequestWarning: Unverified HTTPS request is being made to host 'randomuser.me'. Adding certificate verification is strongly advised. See: https://urllib3.readthedocs.io/en/latest/advanced-usage.html#tls-warnings
[2025-04-27T03:44:36.735+0000] {kafka_stream.py:57} ERROR - An error occured: Expecting value: line 1 column 1 (char 0)
[2025-04-27T03:44:36.839+0000] {logging_mixin.py:151} WARNING - /home/***/.local/lib/python3.9/site-packages/urllib3/connectionpool.py:1095 InsecureRequestWarning: Unverified HTTPS request is being made to host 'randomuser.me'. Adding certificate verification is strongly advised. See: https://urllib3.readthedocs.io/en/latest/advanced-usage.html#tls-warnings
[2025-04-27T03:44:45.600+0000] {kafka_stream.py:57} ERROR - An error occured: Expecting value: line 1 column 1 (char 0)
[2025-04-27T03:44:45.720+0000] {logging_mixin.py:151} WARNING - /home/***/.local/lib/python3.9/site-packages/urllib3/connectionpool.py:1095 InsecureRequestWarning: Unverified HTTPS request is being made to host 'randomuser.me'. Adding certificate verification is strongly advised. See: https://urllib3.readthedocs.io/en/latest/advanced-usage.html#tls-warnings
[2025-04-27T03:44:54.674+0000] {kafka_stream.py:57} ERROR - An error occured: Expecting value: line 1 column 1 (char 0)
[2025-04-27T03:44:54.888+0000] {logging_mixin.py:151} WARNING - /home/***/.local/lib/python3.9/site-packages/urllib3/connectionpool.py:1095 InsecureRequestWarning: Unverified HTTPS request is being made to host 'randomuser.me'. Adding certificate verification is strongly advised. See: https://urllib3.readthedocs.io/en/latest/advanced-usage.html#tls-warnings
[2025-04-27T03:45:57.623+0000] {logging_mixin.py:151} INFO - Record Inserted !!
[2025-04-27T03:45:57.795+0000] {logging_mixin.py:151} WARNING - /home/***/.local/lib/python3.9/site-packages/urllib3/connectionpool.py:1095 InsecureRequestWarning: Unverified HTTPS request is being made to host 'randomuser.me'. Adding certificate verification is strongly advised. See: https://urllib3.readthedocs.io/en/latest/advanced-usage.html#tls-warnings
[2025-04-27T03:46:07.018+0000] {kafka_stream.py:57} ERROR - An error occured: Expecting value: line 1 column 1 (char 0)
[2025-04-27T03:46:07.259+0000] {logging_mixin.py:151} WARNING - /home/***/.local/lib/python3.9/site-packages/urllib3/connectionpool.py:1095 InsecureRequestWarning: Unverified HTTPS request is being made to host 'randomuser.me'. Adding certificate verification is strongly advised. See: https://urllib3.readthedocs.io/en/latest/advanced-usage.html#tls-warnings
[2025-04-27T03:46:17.640+0000] {kafka_stream.py:57} ERROR - An error occured: Expecting value: line 1 column 1 (char 0)
[2025-04-27T03:46:17.760+0000] {logging_mixin.py:151} WARNING - /home/***/.local/lib/python3.9/site-packages/urllib3/connectionpool.py:1095 InsecureRequestWarning: Unverified HTTPS request is being made to host 'randomuser.me'. Adding certificate verification is strongly advised. See: https://urllib3.readthedocs.io/en/latest/advanced-usage.html#tls-warnings
[2025-04-27T03:46:27.693+0000] {kafka_stream.py:57} ERROR - An error occured: Expecting value: line 1 column 1 (char 0)
[2025-04-27T03:46:27.921+0000] {logging_mixin.py:151} WARNING - /home/***/.local/lib/python3.9/site-packages/urllib3/connectionpool.py:1095 InsecureRequestWarning: Unverified HTTPS request is being made to host 'randomuser.me'. Adding certificate verification is strongly advised. See: https://urllib3.readthedocs.io/en/latest/advanced-usage.html#tls-warnings
[2025-04-27T03:46:37.181+0000] {kafka_stream.py:57} ERROR - An error occured: Expecting value: line 1 column 1 (char 0)
[2025-04-27T03:46:38.103+0000] {logging_mixin.py:151} WARNING - /home/***/.local/lib/python3.9/site-packages/urllib3/connectionpool.py:1095 InsecureRequestWarning: Unverified HTTPS request is being made to host 'randomuser.me'. Adding certificate verification is strongly advised. See: https://urllib3.readthedocs.io/en/latest/advanced-usage.html#tls-warnings
[2025-04-27T03:46:45.695+0000] {kafka_stream.py:57} ERROR - An error occured: Expecting value: line 1 column 1 (char 0)
[2025-04-27T03:46:45.788+0000] {logging_mixin.py:151} WARNING - /home/***/.local/lib/python3.9/site-packages/urllib3/connectionpool.py:1095 InsecureRequestWarning: Unverified HTTPS request is being made to host 'randomuser.me'. Adding certificate verification is strongly advised. See: https://urllib3.readthedocs.io/en/latest/advanced-usage.html#tls-warnings
[2025-04-27T03:46:54.019+0000] {kafka_stream.py:57} ERROR - An error occured: Expecting value: line 1 column 1 (char 0)
[2025-04-27T03:46:54.282+0000] {logging_mixin.py:151} WARNING - /home/***/.local/lib/python3.9/site-packages/urllib3/connectionpool.py:1095 InsecureRequestWarning: Unverified HTTPS request is being made to host 'randomuser.me'. Adding certificate verification is strongly advised. See: https://urllib3.readthedocs.io/en/latest/advanced-usage.html#tls-warnings
[2025-04-27T03:47:02.084+0000] {kafka_stream.py:57} ERROR - An error occured: Expecting value: line 1 column 1 (char 0)
[2025-04-27T03:47:02.221+0000] {logging_mixin.py:151} WARNING - /home/***/.local/lib/python3.9/site-packages/urllib3/connectionpool.py:1095 InsecureRequestWarning: Unverified HTTPS request is being made to host 'randomuser.me'. Adding certificate verification is strongly advised. See: https://urllib3.readthedocs.io/en/latest/advanced-usage.html#tls-warnings
[2025-04-27T03:47:11.419+0000] {kafka_stream.py:57} ERROR - An error occured: Expecting value: line 1 column 1 (char 0)
[2025-04-27T03:47:11.585+0000] {logging_mixin.py:151} WARNING - /home/***/.local/lib/python3.9/site-packages/urllib3/connectionpool.py:1095 InsecureRequestWarning: Unverified HTTPS request is being made to host 'randomuser.me'. Adding certificate verification is strongly advised. See: https://urllib3.readthedocs.io/en/latest/advanced-usage.html#tls-warnings
[2025-04-27T03:47:21.620+0000] {kafka_stream.py:57} ERROR - An error occured: Expecting value: line 1 column 1 (char 0)
[2025-04-27T03:47:21.740+0000] {logging_mixin.py:151} WARNING - /home/***/.local/lib/python3.9/site-packages/urllib3/connectionpool.py:1095 InsecureRequestWarning: Unverified HTTPS request is being made to host 'randomuser.me'. Adding certificate verification is strongly advised. See: https://urllib3.readthedocs.io/en/latest/advanced-usage.html#tls-warnings
[2025-04-27T03:47:31.840+0000] {kafka_stream.py:57} ERROR - An error occured: Expecting value: line 1 column 1 (char 0)
[2025-04-27T03:47:32.112+0000] {logging_mixin.py:151} WARNING - /home/***/.local/lib/python3.9/site-packages/urllib3/connectionpool.py:1095 InsecureRequestWarning: Unverified HTTPS request is being made to host 'randomuser.me'. Adding certificate verification is strongly advised. See: https://urllib3.readthedocs.io/en/latest/advanced-usage.html#tls-warnings
[2025-04-27T03:47:41.099+0000] {kafka_stream.py:57} ERROR - An error occured: Expecting value: line 1 column 1 (char 0)
[2025-04-27T03:47:41.217+0000] {logging_mixin.py:151} WARNING - /home/***/.local/lib/python3.9/site-packages/urllib3/connectionpool.py:1095 InsecureRequestWarning: Unverified HTTPS request is being made to host 'randomuser.me'. Adding certificate verification is strongly advised. See: https://urllib3.readthedocs.io/en/latest/advanced-usage.html#tls-warnings
[2025-04-27T03:47:49.820+0000] {kafka_stream.py:57} ERROR - An error occured: Expecting value: line 1 column 1 (char 0)
[2025-04-27T03:47:49.928+0000] {logging_mixin.py:151} WARNING - /home/***/.local/lib/python3.9/site-packages/urllib3/connectionpool.py:1095 InsecureRequestWarning: Unverified HTTPS request is being made to host 'randomuser.me'. Adding certificate verification is strongly advised. See: https://urllib3.readthedocs.io/en/latest/advanced-usage.html#tls-warnings
[2025-04-27T03:47:57.697+0000] {kafka_stream.py:57} ERROR - An error occured: Expecting value: line 1 column 1 (char 0)
[2025-04-27T03:47:57.802+0000] {logging_mixin.py:151} WARNING - /home/***/.local/lib/python3.9/site-packages/urllib3/connectionpool.py:1095 InsecureRequestWarning: Unverified HTTPS request is being made to host 'randomuser.me'. Adding certificate verification is strongly advised. See: https://urllib3.readthedocs.io/en/latest/advanced-usage.html#tls-warnings
[2025-04-27T03:48:06.593+0000] {kafka_stream.py:57} ERROR - An error occured: Expecting value: line 1 column 1 (char 0)
[2025-04-27T03:48:06.704+0000] {logging_mixin.py:151} WARNING - /home/***/.local/lib/python3.9/site-packages/urllib3/connectionpool.py:1095 InsecureRequestWarning: Unverified HTTPS request is being made to host 'randomuser.me'. Adding certificate verification is strongly advised. See: https://urllib3.readthedocs.io/en/latest/advanced-usage.html#tls-warnings
[2025-04-27T03:48:15.215+0000] {kafka_stream.py:57} ERROR - An error occured: Expecting value: line 1 column 1 (char 0)
[2025-04-27T03:48:15.316+0000] {logging_mixin.py:151} WARNING - /home/***/.local/lib/python3.9/site-packages/urllib3/connectionpool.py:1095 InsecureRequestWarning: Unverified HTTPS request is being made to host 'randomuser.me'. Adding certificate verification is strongly advised. See: https://urllib3.readthedocs.io/en/latest/advanced-usage.html#tls-warnings
[2025-04-27T03:48:24.313+0000] {kafka_stream.py:57} ERROR - An error occured: Expecting value: line 1 column 1 (char 0)
[2025-04-27T03:48:24.470+0000] {logging_mixin.py:151} WARNING - /home/***/.local/lib/python3.9/site-packages/urllib3/connectionpool.py:1095 InsecureRequestWarning: Unverified HTTPS request is being made to host 'randomuser.me'. Adding certificate verification is strongly advised. See: https://urllib3.readthedocs.io/en/latest/advanced-usage.html#tls-warnings
[2025-04-27T03:48:32.233+0000] {kafka_stream.py:57} ERROR - An error occured: Expecting value: line 1 column 1 (char 0)
[2025-04-27T03:48:32.312+0000] {logging_mixin.py:151} WARNING - /home/***/.local/lib/python3.9/site-packages/urllib3/connectionpool.py:1095 InsecureRequestWarning: Unverified HTTPS request is being made to host 'randomuser.me'. Adding certificate verification is strongly advised. See: https://urllib3.readthedocs.io/en/latest/advanced-usage.html#tls-warnings
[2025-04-27T03:48:39.612+0000] {kafka_stream.py:57} ERROR - An error occured: Expecting value: line 1 column 1 (char 0)
[2025-04-27T03:48:39.692+0000] {logging_mixin.py:151} WARNING - /home/***/.local/lib/python3.9/site-packages/urllib3/connectionpool.py:1095 InsecureRequestWarning: Unverified HTTPS request is being made to host 'randomuser.me'. Adding certificate verification is strongly advised. See: https://urllib3.readthedocs.io/en/latest/advanced-usage.html#tls-warnings
[2025-04-27T03:48:46.947+0000] {kafka_stream.py:57} ERROR - An error occured: Expecting value: line 1 column 1 (char 0)
[2025-04-27T03:48:47.023+0000] {logging_mixin.py:151} WARNING - /home/***/.local/lib/python3.9/site-packages/urllib3/connectionpool.py:1095 InsecureRequestWarning: Unverified HTTPS request is being made to host 'randomuser.me'. Adding certificate verification is strongly advised. See: https://urllib3.readthedocs.io/en/latest/advanced-usage.html#tls-warnings
[2025-04-27T03:48:54.264+0000] {kafka_stream.py:57} ERROR - An error occured: Expecting value: line 1 column 1 (char 0)
[2025-04-27T03:48:54.340+0000] {logging_mixin.py:151} WARNING - /home/***/.local/lib/python3.9/site-packages/urllib3/connectionpool.py:1095 InsecureRequestWarning: Unverified HTTPS request is being made to host 'randomuser.me'. Adding certificate verification is strongly advised. See: https://urllib3.readthedocs.io/en/latest/advanced-usage.html#tls-warnings
[2025-04-27T03:49:46.831+0000] {logging_mixin.py:151} INFO - Record Inserted !!
[2025-04-27T03:49:47.267+0000] {logging_mixin.py:151} WARNING - /home/***/.local/lib/python3.9/site-packages/urllib3/connectionpool.py:1095 InsecureRequestWarning: Unverified HTTPS request is being made to host 'randomuser.me'. Adding certificate verification is strongly advised. See: https://urllib3.readthedocs.io/en/latest/advanced-usage.html#tls-warnings
[2025-04-27T03:49:57.055+0000] {kafka_stream.py:57} ERROR - An error occured: Expecting value: line 1 column 1 (char 0)
[2025-04-27T03:49:57.166+0000] {logging_mixin.py:151} WARNING - /home/***/.local/lib/python3.9/site-packages/urllib3/connectionpool.py:1095 InsecureRequestWarning: Unverified HTTPS request is being made to host 'randomuser.me'. Adding certificate verification is strongly advised. See: https://urllib3.readthedocs.io/en/latest/advanced-usage.html#tls-warnings
[2025-04-27T03:50:05.236+0000] {kafka_stream.py:57} ERROR - An error occured: Expecting value: line 1 column 1 (char 0)
[2025-04-27T03:50:05.338+0000] {logging_mixin.py:151} WARNING - /home/***/.local/lib/python3.9/site-packages/urllib3/connectionpool.py:1095 InsecureRequestWarning: Unverified HTTPS request is being made to host 'randomuser.me'. Adding certificate verification is strongly advised. See: https://urllib3.readthedocs.io/en/latest/advanced-usage.html#tls-warnings
[2025-04-27T03:50:59.228+0000] {logging_mixin.py:151} INFO - Record Inserted !!
[2025-04-27T03:50:59.405+0000] {logging_mixin.py:151} WARNING - /home/***/.local/lib/python3.9/site-packages/urllib3/connectionpool.py:1095 InsecureRequestWarning: Unverified HTTPS request is being made to host 'randomuser.me'. Adding certificate verification is strongly advised. See: https://urllib3.readthedocs.io/en/latest/advanced-usage.html#tls-warnings
[2025-04-27T03:51:07.717+0000] {kafka_stream.py:57} ERROR - An error occured: Expecting value: line 1 column 1 (char 0)
[2025-04-27T03:51:07.819+0000] {logging_mixin.py:151} WARNING - /home/***/.local/lib/python3.9/site-packages/urllib3/connectionpool.py:1095 InsecureRequestWarning: Unverified HTTPS request is being made to host 'randomuser.me'. Adding certificate verification is strongly advised. See: https://urllib3.readthedocs.io/en/latest/advanced-usage.html#tls-warnings
[2025-04-27T03:51:15.077+0000] {kafka_stream.py:57} ERROR - An error occured: Expecting value: line 1 column 1 (char 0)
[2025-04-27T03:51:15.181+0000] {logging_mixin.py:151} WARNING - /home/***/.local/lib/python3.9/site-packages/urllib3/connectionpool.py:1095 InsecureRequestWarning: Unverified HTTPS request is being made to host 'randomuser.me'. Adding certificate verification is strongly advised. See: https://urllib3.readthedocs.io/en/latest/advanced-usage.html#tls-warnings
[2025-04-27T03:51:23.919+0000] {kafka_stream.py:57} ERROR - An error occured: Expecting value: line 1 column 1 (char 0)
[2025-04-27T03:51:24.056+0000] {logging_mixin.py:151} WARNING - /home/***/.local/lib/python3.9/site-packages/urllib3/connectionpool.py:1095 InsecureRequestWarning: Unverified HTTPS request is being made to host 'randomuser.me'. Adding certificate verification is strongly advised. See: https://urllib3.readthedocs.io/en/latest/advanced-usage.html#tls-warnings
[2025-04-27T03:51:33.005+0000] {kafka_stream.py:57} ERROR - An error occured: Expecting value: line 1 column 1 (char 0)
[2025-04-27T03:51:33.093+0000] {logging_mixin.py:151} WARNING - /home/***/.local/lib/python3.9/site-packages/urllib3/connectionpool.py:1095 InsecureRequestWarning: Unverified HTTPS request is being made to host 'randomuser.me'. Adding certificate verification is strongly advised. See: https://urllib3.readthedocs.io/en/latest/advanced-usage.html#tls-warnings
[2025-04-27T03:51:40.803+0000] {kafka_stream.py:57} ERROR - An error occured: Expecting value: line 1 column 1 (char 0)
[2025-04-27T03:51:41.066+0000] {logging_mixin.py:151} WARNING - /home/***/.local/lib/python3.9/site-packages/urllib3/connectionpool.py:1095 InsecureRequestWarning: Unverified HTTPS request is being made to host 'randomuser.me'. Adding certificate verification is strongly advised. See: https://urllib3.readthedocs.io/en/latest/advanced-usage.html#tls-warnings
[2025-04-27T03:51:48.389+0000] {kafka_stream.py:57} ERROR - An error occured: Expecting value: line 1 column 1 (char 0)
[2025-04-27T03:51:48.616+0000] {logging_mixin.py:151} WARNING - /home/***/.local/lib/python3.9/site-packages/urllib3/connectionpool.py:1095 InsecureRequestWarning: Unverified HTTPS request is being made to host 'randomuser.me'. Adding certificate verification is strongly advised. See: https://urllib3.readthedocs.io/en/latest/advanced-usage.html#tls-warnings
[2025-04-27T03:51:56.184+0000] {kafka_stream.py:57} ERROR - An error occured: Expecting value: line 1 column 1 (char 0)
[2025-04-27T03:51:56.287+0000] {logging_mixin.py:151} WARNING - /home/***/.local/lib/python3.9/site-packages/urllib3/connectionpool.py:1095 InsecureRequestWarning: Unverified HTTPS request is being made to host 'randomuser.me'. Adding certificate verification is strongly advised. See: https://urllib3.readthedocs.io/en/latest/advanced-usage.html#tls-warnings
[2025-04-27T03:52:04.307+0000] {kafka_stream.py:57} ERROR - An error occured: Expecting value: line 1 column 1 (char 0)
[2025-04-27T03:52:04.565+0000] {logging_mixin.py:151} WARNING - /home/***/.local/lib/python3.9/site-packages/urllib3/connectionpool.py:1095 InsecureRequestWarning: Unverified HTTPS request is being made to host 'randomuser.me'. Adding certificate verification is strongly advised. See: https://urllib3.readthedocs.io/en/latest/advanced-usage.html#tls-warnings
[2025-04-27T03:52:13.809+0000] {kafka_stream.py:57} ERROR - An error occured: Expecting value: line 1 column 1 (char 0)
[2025-04-27T03:52:13.894+0000] {logging_mixin.py:151} WARNING - /home/***/.local/lib/python3.9/site-packages/urllib3/connectionpool.py:1095 InsecureRequestWarning: Unverified HTTPS request is being made to host 'randomuser.me'. Adding certificate verification is strongly advised. See: https://urllib3.readthedocs.io/en/latest/advanced-usage.html#tls-warnings
[2025-04-27T03:52:22.354+0000] {kafka_stream.py:57} ERROR - An error occured: Expecting value: line 1 column 1 (char 0)
[2025-04-27T03:52:22.550+0000] {logging_mixin.py:151} WARNING - /home/***/.local/lib/python3.9/site-packages/urllib3/connectionpool.py:1095 InsecureRequestWarning: Unverified HTTPS request is being made to host 'randomuser.me'. Adding certificate verification is strongly advised. See: https://urllib3.readthedocs.io/en/latest/advanced-usage.html#tls-warnings
[2025-04-27T03:53:22.645+0000] {logging_mixin.py:151} INFO - Record Inserted !!
[2025-04-27T03:53:22.744+0000] {logging_mixin.py:151} WARNING - /home/***/.local/lib/python3.9/site-packages/urllib3/connectionpool.py:1095 InsecureRequestWarning: Unverified HTTPS request is being made to host 'randomuser.me'. Adding certificate verification is strongly advised. See: https://urllib3.readthedocs.io/en/latest/advanced-usage.html#tls-warnings
[2025-04-27T03:53:32.336+0000] {kafka_stream.py:57} ERROR - An error occured: Expecting value: line 1 column 1 (char 0)
[2025-04-27T03:53:32.473+0000] {logging_mixin.py:151} WARNING - /home/***/.local/lib/python3.9/site-packages/urllib3/connectionpool.py:1095 InsecureRequestWarning: Unverified HTTPS request is being made to host 'randomuser.me'. Adding certificate verification is strongly advised. See: https://urllib3.readthedocs.io/en/latest/advanced-usage.html#tls-warnings
[2025-04-27T03:53:41.498+0000] {kafka_stream.py:57} ERROR - An error occured: Expecting value: line 1 column 1 (char 0)
[2025-04-27T03:53:41.769+0000] {logging_mixin.py:151} WARNING - /home/***/.local/lib/python3.9/site-packages/urllib3/connectionpool.py:1095 InsecureRequestWarning: Unverified HTTPS request is being made to host 'randomuser.me'. Adding certificate verification is strongly advised. See: https://urllib3.readthedocs.io/en/latest/advanced-usage.html#tls-warnings
[2025-04-27T03:53:49.537+0000] {kafka_stream.py:57} ERROR - An error occured: Expecting value: line 1 column 1 (char 0)
[2025-04-27T03:53:49.642+0000] {logging_mixin.py:151} WARNING - /home/***/.local/lib/python3.9/site-packages/urllib3/connectionpool.py:1095 InsecureRequestWarning: Unverified HTTPS request is being made to host 'randomuser.me'. Adding certificate verification is strongly advised. See: https://urllib3.readthedocs.io/en/latest/advanced-usage.html#tls-warnings
[2025-04-27T03:53:57.402+0000] {kafka_stream.py:57} ERROR - An error occured: Expecting value: line 1 column 1 (char 0)
[2025-04-27T03:53:57.500+0000] {logging_mixin.py:151} WARNING - /home/***/.local/lib/python3.9/site-packages/urllib3/connectionpool.py:1095 InsecureRequestWarning: Unverified HTTPS request is being made to host 'randomuser.me'. Adding certificate verification is strongly advised. See: https://urllib3.readthedocs.io/en/latest/advanced-usage.html#tls-warnings
[2025-04-27T03:54:05.894+0000] {kafka_stream.py:57} ERROR - An error occured: Expecting value: line 1 column 1 (char 0)
[2025-04-27T03:54:06.046+0000] {logging_mixin.py:151} WARNING - /home/***/.local/lib/python3.9/site-packages/urllib3/connectionpool.py:1095 InsecureRequestWarning: Unverified HTTPS request is being made to host 'randomuser.me'. Adding certificate verification is strongly advised. See: https://urllib3.readthedocs.io/en/latest/advanced-usage.html#tls-warnings
[2025-04-27T03:54:14.929+0000] {kafka_stream.py:57} ERROR - An error occured: Expecting value: line 1 column 1 (char 0)
[2025-04-27T03:54:15.027+0000] {logging_mixin.py:151} WARNING - /home/***/.local/lib/python3.9/site-packages/urllib3/connectionpool.py:1095 InsecureRequestWarning: Unverified HTTPS request is being made to host 'randomuser.me'. Adding certificate verification is strongly advised. See: https://urllib3.readthedocs.io/en/latest/advanced-usage.html#tls-warnings
[2025-04-27T03:54:24.190+0000] {kafka_stream.py:57} ERROR - An error occured: Expecting value: line 1 column 1 (char 0)
[2025-04-27T03:54:24.290+0000] {logging_mixin.py:151} WARNING - /home/***/.local/lib/python3.9/site-packages/urllib3/connectionpool.py:1095 InsecureRequestWarning: Unverified HTTPS request is being made to host 'randomuser.me'. Adding certificate verification is strongly advised. See: https://urllib3.readthedocs.io/en/latest/advanced-usage.html#tls-warnings
[2025-04-27T03:54:33.563+0000] {kafka_stream.py:57} ERROR - An error occured: Expecting value: line 1 column 1 (char 0)
[2025-04-27T03:54:33.666+0000] {logging_mixin.py:151} WARNING - /home/***/.local/lib/python3.9/site-packages/urllib3/connectionpool.py:1095 InsecureRequestWarning: Unverified HTTPS request is being made to host 'randomuser.me'. Adding certificate verification is strongly advised. See: https://urllib3.readthedocs.io/en/latest/advanced-usage.html#tls-warnings
[2025-04-27T03:54:42.129+0000] {kafka_stream.py:57} ERROR - An error occured: Expecting value: line 1 column 1 (char 0)
[2025-04-27T03:54:42.206+0000] {logging_mixin.py:151} WARNING - /home/***/.local/lib/python3.9/site-packages/urllib3/connectionpool.py:1095 InsecureRequestWarning: Unverified HTTPS request is being made to host 'randomuser.me'. Adding certificate verification is strongly advised. See: https://urllib3.readthedocs.io/en/latest/advanced-usage.html#tls-warnings
[2025-04-27T03:54:50.924+0000] {kafka_stream.py:57} ERROR - An error occured: Expecting value: line 1 column 1 (char 0)
[2025-04-27T03:54:51.034+0000] {logging_mixin.py:151} WARNING - /home/***/.local/lib/python3.9/site-packages/urllib3/connectionpool.py:1095 InsecureRequestWarning: Unverified HTTPS request is being made to host 'randomuser.me'. Adding certificate verification is strongly advised. See: https://urllib3.readthedocs.io/en/latest/advanced-usage.html#tls-warnings
[2025-04-27T03:55:01.621+0000] {kafka_stream.py:57} ERROR - An error occured: Expecting value: line 1 column 1 (char 0)
[2025-04-27T03:55:01.811+0000] {logging_mixin.py:151} WARNING - /home/***/.local/lib/python3.9/site-packages/urllib3/connectionpool.py:1095 InsecureRequestWarning: Unverified HTTPS request is being made to host 'randomuser.me'. Adding certificate verification is strongly advised. See: https://urllib3.readthedocs.io/en/latest/advanced-usage.html#tls-warnings
[2025-04-27T03:55:11.061+0000] {kafka_stream.py:57} ERROR - An error occured: Expecting value: line 1 column 1 (char 0)
[2025-04-27T03:55:11.315+0000] {logging_mixin.py:151} WARNING - /home/***/.local/lib/python3.9/site-packages/urllib3/connectionpool.py:1095 InsecureRequestWarning: Unverified HTTPS request is being made to host 'randomuser.me'. Adding certificate verification is strongly advised. See: https://urllib3.readthedocs.io/en/latest/advanced-usage.html#tls-warnings
[2025-04-27T03:55:18.681+0000] {kafka_stream.py:57} ERROR - An error occured: Expecting value: line 1 column 1 (char 0)
[2025-04-27T03:55:18.765+0000] {logging_mixin.py:151} WARNING - /home/***/.local/lib/python3.9/site-packages/urllib3/connectionpool.py:1095 InsecureRequestWarning: Unverified HTTPS request is being made to host 'randomuser.me'. Adding certificate verification is strongly advised. See: https://urllib3.readthedocs.io/en/latest/advanced-usage.html#tls-warnings
[2025-04-27T03:55:27.369+0000] {kafka_stream.py:57} ERROR - An error occured: Expecting value: line 1 column 1 (char 0)
[2025-04-27T03:55:27.460+0000] {logging_mixin.py:151} WARNING - /home/***/.local/lib/python3.9/site-packages/urllib3/connectionpool.py:1095 InsecureRequestWarning: Unverified HTTPS request is being made to host 'randomuser.me'. Adding certificate verification is strongly advised. See: https://urllib3.readthedocs.io/en/latest/advanced-usage.html#tls-warnings
[2025-04-27T03:55:34.940+0000] {kafka_stream.py:57} ERROR - An error occured: Expecting value: line 1 column 1 (char 0)
[2025-04-27T03:55:35.057+0000] {logging_mixin.py:151} WARNING - /home/***/.local/lib/python3.9/site-packages/urllib3/connectionpool.py:1095 InsecureRequestWarning: Unverified HTTPS request is being made to host 'randomuser.me'. Adding certificate verification is strongly advised. See: https://urllib3.readthedocs.io/en/latest/advanced-usage.html#tls-warnings
[2025-04-27T03:56:27.752+0000] {logging_mixin.py:151} INFO - Record Inserted !!
[2025-04-27T03:56:28.014+0000] {logging_mixin.py:151} WARNING - /home/***/.local/lib/python3.9/site-packages/urllib3/connectionpool.py:1095 InsecureRequestWarning: Unverified HTTPS request is being made to host 'randomuser.me'. Adding certificate verification is strongly advised. See: https://urllib3.readthedocs.io/en/latest/advanced-usage.html#tls-warnings
[2025-04-27T03:56:37.921+0000] {kafka_stream.py:57} ERROR - An error occured: Expecting value: line 1 column 1 (char 0)
[2025-04-27T03:56:38.204+0000] {logging_mixin.py:151} WARNING - /home/***/.local/lib/python3.9/site-packages/urllib3/connectionpool.py:1095 InsecureRequestWarning: Unverified HTTPS request is being made to host 'randomuser.me'. Adding certificate verification is strongly advised. See: https://urllib3.readthedocs.io/en/latest/advanced-usage.html#tls-warnings
[2025-04-27T03:57:38.793+0000] {logging_mixin.py:151} INFO - Record Inserted !!
[2025-04-27T03:57:39.103+0000] {logging_mixin.py:151} WARNING - /home/***/.local/lib/python3.9/site-packages/urllib3/connectionpool.py:1095 InsecureRequestWarning: Unverified HTTPS request is being made to host 'randomuser.me'. Adding certificate verification is strongly advised. See: https://urllib3.readthedocs.io/en/latest/advanced-usage.html#tls-warnings
[2025-04-27T03:57:49.081+0000] {kafka_stream.py:57} ERROR - An error occured: Expecting value: line 1 column 1 (char 0)
[2025-04-27T03:57:49.167+0000] {logging_mixin.py:151} WARNING - /home/***/.local/lib/python3.9/site-packages/urllib3/connectionpool.py:1095 InsecureRequestWarning: Unverified HTTPS request is being made to host 'randomuser.me'. Adding certificate verification is strongly advised. See: https://urllib3.readthedocs.io/en/latest/advanced-usage.html#tls-warnings
[2025-04-27T03:57:58.491+0000] {kafka_stream.py:57} ERROR - An error occured: Expecting value: line 1 column 1 (char 0)
[2025-04-27T03:57:58.592+0000] {logging_mixin.py:151} WARNING - /home/***/.local/lib/python3.9/site-packages/urllib3/connectionpool.py:1095 InsecureRequestWarning: Unverified HTTPS request is being made to host 'randomuser.me'. Adding certificate verification is strongly advised. See: https://urllib3.readthedocs.io/en/latest/advanced-usage.html#tls-warnings
[2025-04-27T03:58:07.995+0000] {kafka_stream.py:57} ERROR - An error occured: Expecting value: line 1 column 1 (char 0)
[2025-04-27T03:58:08.096+0000] {logging_mixin.py:151} WARNING - /home/***/.local/lib/python3.9/site-packages/urllib3/connectionpool.py:1095 InsecureRequestWarning: Unverified HTTPS request is being made to host 'randomuser.me'. Adding certificate verification is strongly advised. See: https://urllib3.readthedocs.io/en/latest/advanced-usage.html#tls-warnings
[2025-04-27T03:58:17.879+0000] {kafka_stream.py:57} ERROR - An error occured: Expecting value: line 1 column 1 (char 0)
[2025-04-27T03:58:18.192+0000] {logging_mixin.py:151} WARNING - /home/***/.local/lib/python3.9/site-packages/urllib3/connectionpool.py:1095 InsecureRequestWarning: Unverified HTTPS request is being made to host 'randomuser.me'. Adding certificate verification is strongly advised. See: https://urllib3.readthedocs.io/en/latest/advanced-usage.html#tls-warnings
[2025-04-27T03:58:27.196+0000] {kafka_stream.py:57} ERROR - An error occured: Expecting value: line 1 column 1 (char 0)
[2025-04-27T03:58:27.300+0000] {logging_mixin.py:151} WARNING - /home/***/.local/lib/python3.9/site-packages/urllib3/connectionpool.py:1095 InsecureRequestWarning: Unverified HTTPS request is being made to host 'randomuser.me'. Adding certificate verification is strongly advised. See: https://urllib3.readthedocs.io/en/latest/advanced-usage.html#tls-warnings
[2025-04-27T03:58:39.816+0000] {kafka_stream.py:57} ERROR - An error occured: Expecting value: line 1 column 1 (char 0)
[2025-04-27T03:58:39.910+0000] {logging_mixin.py:151} WARNING - /home/***/.local/lib/python3.9/site-packages/urllib3/connectionpool.py:1095 InsecureRequestWarning: Unverified HTTPS request is being made to host 'randomuser.me'. Adding certificate verification is strongly advised. See: https://urllib3.readthedocs.io/en/latest/advanced-usage.html#tls-warnings
[2025-04-27T03:58:48.331+0000] {kafka_stream.py:57} ERROR - An error occured: Expecting value: line 1 column 1 (char 0)
[2025-04-27T03:58:48.418+0000] {logging_mixin.py:151} WARNING - /home/***/.local/lib/python3.9/site-packages/urllib3/connectionpool.py:1095 InsecureRequestWarning: Unverified HTTPS request is being made to host 'randomuser.me'. Adding certificate verification is strongly advised. See: https://urllib3.readthedocs.io/en/latest/advanced-usage.html#tls-warnings
[2025-04-27T03:58:56.489+0000] {kafka_stream.py:57} ERROR - An error occured: Expecting value: line 1 column 1 (char 0)
[2025-04-27T03:58:56.616+0000] {logging_mixin.py:151} WARNING - /home/***/.local/lib/python3.9/site-packages/urllib3/connectionpool.py:1095 InsecureRequestWarning: Unverified HTTPS request is being made to host 'randomuser.me'. Adding certificate verification is strongly advised. See: https://urllib3.readthedocs.io/en/latest/advanced-usage.html#tls-warnings
[2025-04-27T03:59:05.696+0000] {kafka_stream.py:57} ERROR - An error occured: Expecting value: line 1 column 1 (char 0)
[2025-04-27T03:59:05.803+0000] {logging_mixin.py:151} WARNING - /home/***/.local/lib/python3.9/site-packages/urllib3/connectionpool.py:1095 InsecureRequestWarning: Unverified HTTPS request is being made to host 'randomuser.me'. Adding certificate verification is strongly advised. See: https://urllib3.readthedocs.io/en/latest/advanced-usage.html#tls-warnings
[2025-04-27T03:59:15.068+0000] {kafka_stream.py:57} ERROR - An error occured: Expecting value: line 1 column 1 (char 0)
[2025-04-27T03:59:15.239+0000] {logging_mixin.py:151} WARNING - /home/***/.local/lib/python3.9/site-packages/urllib3/connectionpool.py:1095 InsecureRequestWarning: Unverified HTTPS request is being made to host 'randomuser.me'. Adding certificate verification is strongly advised. See: https://urllib3.readthedocs.io/en/latest/advanced-usage.html#tls-warnings
[2025-04-27T03:59:23.353+0000] {kafka_stream.py:57} ERROR - An error occured: Expecting value: line 1 column 1 (char 0)
[2025-04-27T03:59:23.441+0000] {logging_mixin.py:151} WARNING - /home/***/.local/lib/python3.9/site-packages/urllib3/connectionpool.py:1095 InsecureRequestWarning: Unverified HTTPS request is being made to host 'randomuser.me'. Adding certificate verification is strongly advised. See: https://urllib3.readthedocs.io/en/latest/advanced-usage.html#tls-warnings
[2025-04-27T04:00:27.567+0000] {logging_mixin.py:151} INFO - Record Inserted !!
[2025-04-27T04:00:27.795+0000] {logging_mixin.py:151} WARNING - /home/***/.local/lib/python3.9/site-packages/urllib3/connectionpool.py:1095 InsecureRequestWarning: Unverified HTTPS request is being made to host 'randomuser.me'. Adding certificate verification is strongly advised. See: https://urllib3.readthedocs.io/en/latest/advanced-usage.html#tls-warnings
[2025-04-27T04:00:35.627+0000] {kafka_stream.py:57} ERROR - An error occured: Expecting value: line 1 column 1 (char 0)
[2025-04-27T04:00:35.860+0000] {logging_mixin.py:151} WARNING - /home/***/.local/lib/python3.9/site-packages/urllib3/connectionpool.py:1095 InsecureRequestWarning: Unverified HTTPS request is being made to host 'randomuser.me'. Adding certificate verification is strongly advised. See: https://urllib3.readthedocs.io/en/latest/advanced-usage.html#tls-warnings
[2025-04-27T04:01:35.710+0000] {logging_mixin.py:151} INFO - Record Inserted !!
[2025-04-27T04:01:35.809+0000] {logging_mixin.py:151} WARNING - /home/***/.local/lib/python3.9/site-packages/urllib3/connectionpool.py:1095 InsecureRequestWarning: Unverified HTTPS request is being made to host 'randomuser.me'. Adding certificate verification is strongly advised. See: https://urllib3.readthedocs.io/en/latest/advanced-usage.html#tls-warnings
[2025-04-27T04:02:38.053+0000] {logging_mixin.py:151} INFO - Record Inserted !!
[2025-04-27T04:02:38.579+0000] {logging_mixin.py:151} WARNING - /home/***/.local/lib/python3.9/site-packages/urllib3/connectionpool.py:1095 InsecureRequestWarning: Unverified HTTPS request is being made to host 'randomuser.me'. Adding certificate verification is strongly advised. See: https://urllib3.readthedocs.io/en/latest/advanced-usage.html#tls-warnings
[2025-04-27T04:02:46.909+0000] {kafka_stream.py:57} ERROR - An error occured: Expecting value: line 1 column 1 (char 0)
[2025-04-27T04:02:47.307+0000] {logging_mixin.py:151} WARNING - /home/***/.local/lib/python3.9/site-packages/urllib3/connectionpool.py:1095 InsecureRequestWarning: Unverified HTTPS request is being made to host 'randomuser.me'. Adding certificate verification is strongly advised. See: https://urllib3.readthedocs.io/en/latest/advanced-usage.html#tls-warnings
[2025-04-27T04:02:56.916+0000] {kafka_stream.py:57} ERROR - An error occured: Expecting value: line 1 column 1 (char 0)
[2025-04-27T04:02:56.996+0000] {logging_mixin.py:151} WARNING - /home/***/.local/lib/python3.9/site-packages/urllib3/connectionpool.py:1095 InsecureRequestWarning: Unverified HTTPS request is being made to host 'randomuser.me'. Adding certificate verification is strongly advised. See: https://urllib3.readthedocs.io/en/latest/advanced-usage.html#tls-warnings
[2025-04-27T04:03:05.699+0000] {kafka_stream.py:57} ERROR - An error occured: Expecting value: line 1 column 1 (char 0)
[2025-04-27T04:03:05.794+0000] {logging_mixin.py:151} WARNING - /home/***/.local/lib/python3.9/site-packages/urllib3/connectionpool.py:1095 InsecureRequestWarning: Unverified HTTPS request is being made to host 'randomuser.me'. Adding certificate verification is strongly advised. See: https://urllib3.readthedocs.io/en/latest/advanced-usage.html#tls-warnings
[2025-04-27T04:03:16.227+0000] {kafka_stream.py:57} ERROR - An error occured: Expecting value: line 1 column 1 (char 0)
[2025-04-27T04:03:16.332+0000] {logging_mixin.py:151} WARNING - /home/***/.local/lib/python3.9/site-packages/urllib3/connectionpool.py:1095 InsecureRequestWarning: Unverified HTTPS request is being made to host 'randomuser.me'. Adding certificate verification is strongly advised. See: https://urllib3.readthedocs.io/en/latest/advanced-usage.html#tls-warnings
[2025-04-27T04:03:26.277+0000] {kafka_stream.py:57} ERROR - An error occured: Expecting value: line 1 column 1 (char 0)
[2025-04-27T04:03:26.367+0000] {logging_mixin.py:151} WARNING - /home/***/.local/lib/python3.9/site-packages/urllib3/connectionpool.py:1095 InsecureRequestWarning: Unverified HTTPS request is being made to host 'randomuser.me'. Adding certificate verification is strongly advised. See: https://urllib3.readthedocs.io/en/latest/advanced-usage.html#tls-warnings
[2025-04-27T04:03:35.026+0000] {kafka_stream.py:57} ERROR - An error occured: Expecting value: line 1 column 1 (char 0)
[2025-04-27T04:03:35.130+0000] {logging_mixin.py:151} WARNING - /home/***/.local/lib/python3.9/site-packages/urllib3/connectionpool.py:1095 InsecureRequestWarning: Unverified HTTPS request is being made to host 'randomuser.me'. Adding certificate verification is strongly advised. See: https://urllib3.readthedocs.io/en/latest/advanced-usage.html#tls-warnings
[2025-04-27T04:03:43.873+0000] {kafka_stream.py:57} ERROR - An error occured: Expecting value: line 1 column 1 (char 0)
[2025-04-27T04:03:43.997+0000] {logging_mixin.py:151} WARNING - /home/***/.local/lib/python3.9/site-packages/urllib3/connectionpool.py:1095 InsecureRequestWarning: Unverified HTTPS request is being made to host 'randomuser.me'. Adding certificate verification is strongly advised. See: https://urllib3.readthedocs.io/en/latest/advanced-usage.html#tls-warnings
[2025-04-27T04:03:53.016+0000] {kafka_stream.py:57} ERROR - An error occured: Expecting value: line 1 column 1 (char 0)
[2025-04-27T04:03:53.177+0000] {logging_mixin.py:151} WARNING - /home/***/.local/lib/python3.9/site-packages/urllib3/connectionpool.py:1095 InsecureRequestWarning: Unverified HTTPS request is being made to host 'randomuser.me'. Adding certificate verification is strongly advised. See: https://urllib3.readthedocs.io/en/latest/advanced-usage.html#tls-warnings
[2025-04-27T04:04:02.059+0000] {kafka_stream.py:57} ERROR - An error occured: Expecting value: line 1 column 1 (char 0)
[2025-04-27T04:04:02.181+0000] {logging_mixin.py:151} WARNING - /home/***/.local/lib/python3.9/site-packages/urllib3/connectionpool.py:1095 InsecureRequestWarning: Unverified HTTPS request is being made to host 'randomuser.me'. Adding certificate verification is strongly advised. See: https://urllib3.readthedocs.io/en/latest/advanced-usage.html#tls-warnings
[2025-04-27T04:04:11.686+0000] {kafka_stream.py:57} ERROR - An error occured: Expecting value: line 1 column 1 (char 0)
[2025-04-27T04:04:11.787+0000] {logging_mixin.py:151} WARNING - /home/***/.local/lib/python3.9/site-packages/urllib3/connectionpool.py:1095 InsecureRequestWarning: Unverified HTTPS request is being made to host 'randomuser.me'. Adding certificate verification is strongly advised. See: https://urllib3.readthedocs.io/en/latest/advanced-usage.html#tls-warnings
[2025-04-27T04:04:20.753+0000] {kafka_stream.py:57} ERROR - An error occured: Expecting value: line 1 column 1 (char 0)
[2025-04-27T04:04:20.889+0000] {logging_mixin.py:151} WARNING - /home/***/.local/lib/python3.9/site-packages/urllib3/connectionpool.py:1095 InsecureRequestWarning: Unverified HTTPS request is being made to host 'randomuser.me'. Adding certificate verification is strongly advised. See: https://urllib3.readthedocs.io/en/latest/advanced-usage.html#tls-warnings
[2025-04-27T04:04:29.270+0000] {kafka_stream.py:57} ERROR - An error occured: Expecting value: line 1 column 1 (char 0)
[2025-04-27T04:04:29.390+0000] {logging_mixin.py:151} WARNING - /home/***/.local/lib/python3.9/site-packages/urllib3/connectionpool.py:1095 InsecureRequestWarning: Unverified HTTPS request is being made to host 'randomuser.me'. Adding certificate verification is strongly advised. See: https://urllib3.readthedocs.io/en/latest/advanced-usage.html#tls-warnings
[2025-04-27T04:04:36.912+0000] {kafka_stream.py:57} ERROR - An error occured: Expecting value: line 1 column 1 (char 0)
[2025-04-27T04:04:37.122+0000] {logging_mixin.py:151} WARNING - /home/***/.local/lib/python3.9/site-packages/urllib3/connectionpool.py:1095 InsecureRequestWarning: Unverified HTTPS request is being made to host 'randomuser.me'. Adding certificate verification is strongly advised. See: https://urllib3.readthedocs.io/en/latest/advanced-usage.html#tls-warnings
[2025-04-27T04:04:45.030+0000] {kafka_stream.py:57} ERROR - An error occured: Expecting value: line 1 column 1 (char 0)
[2025-04-27T04:04:45.154+0000] {logging_mixin.py:151} WARNING - /home/***/.local/lib/python3.9/site-packages/urllib3/connectionpool.py:1095 InsecureRequestWarning: Unverified HTTPS request is being made to host 'randomuser.me'. Adding certificate verification is strongly advised. See: https://urllib3.readthedocs.io/en/latest/advanced-usage.html#tls-warnings
[2025-04-27T04:04:54.026+0000] {kafka_stream.py:57} ERROR - An error occured: Expecting value: line 1 column 1 (char 0)
[2025-04-27T04:04:54.368+0000] {logging_mixin.py:151} WARNING - /home/***/.local/lib/python3.9/site-packages/urllib3/connectionpool.py:1095 InsecureRequestWarning: Unverified HTTPS request is being made to host 'randomuser.me'. Adding certificate verification is strongly advised. See: https://urllib3.readthedocs.io/en/latest/advanced-usage.html#tls-warnings
[2025-04-27T04:05:06.090+0000] {kafka_stream.py:57} ERROR - An error occured: Expecting value: line 1 column 1 (char 0)
[2025-04-27T04:05:06.240+0000] {logging_mixin.py:151} WARNING - /home/***/.local/lib/python3.9/site-packages/urllib3/connectionpool.py:1095 InsecureRequestWarning: Unverified HTTPS request is being made to host 'randomuser.me'. Adding certificate verification is strongly advised. See: https://urllib3.readthedocs.io/en/latest/advanced-usage.html#tls-warnings
[2025-04-27T04:05:16.403+0000] {kafka_stream.py:57} ERROR - An error occured: Expecting value: line 1 column 1 (char 0)
[2025-04-27T04:05:16.561+0000] {logging_mixin.py:151} WARNING - /home/***/.local/lib/python3.9/site-packages/urllib3/connectionpool.py:1095 InsecureRequestWarning: Unverified HTTPS request is being made to host 'randomuser.me'. Adding certificate verification is strongly advised. See: https://urllib3.readthedocs.io/en/latest/advanced-usage.html#tls-warnings
[2025-04-27T04:05:26.419+0000] {kafka_stream.py:57} ERROR - An error occured: Expecting value: line 1 column 1 (char 0)
[2025-04-27T04:05:26.531+0000] {logging_mixin.py:151} WARNING - /home/***/.local/lib/python3.9/site-packages/urllib3/connectionpool.py:1095 InsecureRequestWarning: Unverified HTTPS request is being made to host 'randomuser.me'. Adding certificate verification is strongly advised. See: https://urllib3.readthedocs.io/en/latest/advanced-usage.html#tls-warnings
[2025-04-27T04:05:34.732+0000] {kafka_stream.py:57} ERROR - An error occured: Expecting value: line 1 column 1 (char 0)
[2025-04-27T04:05:34.874+0000] {logging_mixin.py:151} WARNING - /home/***/.local/lib/python3.9/site-packages/urllib3/connectionpool.py:1095 InsecureRequestWarning: Unverified HTTPS request is being made to host 'randomuser.me'. Adding certificate verification is strongly advised. See: https://urllib3.readthedocs.io/en/latest/advanced-usage.html#tls-warnings
[2025-04-27T04:05:43.926+0000] {kafka_stream.py:57} ERROR - An error occured: Expecting value: line 1 column 1 (char 0)
[2025-04-27T04:05:44.013+0000] {logging_mixin.py:151} WARNING - /home/***/.local/lib/python3.9/site-packages/urllib3/connectionpool.py:1095 InsecureRequestWarning: Unverified HTTPS request is being made to host 'randomuser.me'. Adding certificate verification is strongly advised. See: https://urllib3.readthedocs.io/en/latest/advanced-usage.html#tls-warnings
[2025-04-27T04:05:52.436+0000] {kafka_stream.py:57} ERROR - An error occured: Expecting value: line 1 column 1 (char 0)
[2025-04-27T04:05:52.538+0000] {logging_mixin.py:151} WARNING - /home/***/.local/lib/python3.9/site-packages/urllib3/connectionpool.py:1095 InsecureRequestWarning: Unverified HTTPS request is being made to host 'randomuser.me'. Adding certificate verification is strongly advised. See: https://urllib3.readthedocs.io/en/latest/advanced-usage.html#tls-warnings
[2025-04-27T04:06:05.732+0000] {kafka_stream.py:57} ERROR - An error occured: Expecting value: line 1 column 1 (char 0)
[2025-04-27T04:06:05.823+0000] {logging_mixin.py:151} WARNING - /home/***/.local/lib/python3.9/site-packages/urllib3/connectionpool.py:1095 InsecureRequestWarning: Unverified HTTPS request is being made to host 'randomuser.me'. Adding certificate verification is strongly advised. See: https://urllib3.readthedocs.io/en/latest/advanced-usage.html#tls-warnings
[2025-04-27T04:06:14.654+0000] {kafka_stream.py:57} ERROR - An error occured: Expecting value: line 1 column 1 (char 0)
[2025-04-27T04:06:14.759+0000] {logging_mixin.py:151} WARNING - /home/***/.local/lib/python3.9/site-packages/urllib3/connectionpool.py:1095 InsecureRequestWarning: Unverified HTTPS request is being made to host 'randomuser.me'. Adding certificate verification is strongly advised. See: https://urllib3.readthedocs.io/en/latest/advanced-usage.html#tls-warnings
[2025-04-27T04:06:23.820+0000] {kafka_stream.py:57} ERROR - An error occured: Expecting value: line 1 column 1 (char 0)
[2025-04-27T04:06:23.930+0000] {logging_mixin.py:151} WARNING - /home/***/.local/lib/python3.9/site-packages/urllib3/connectionpool.py:1095 InsecureRequestWarning: Unverified HTTPS request is being made to host 'randomuser.me'. Adding certificate verification is strongly advised. See: https://urllib3.readthedocs.io/en/latest/advanced-usage.html#tls-warnings
[2025-04-27T04:06:31.529+0000] {kafka_stream.py:57} ERROR - An error occured: Expecting value: line 1 column 1 (char 0)
[2025-04-27T04:06:31.635+0000] {logging_mixin.py:151} WARNING - /home/***/.local/lib/python3.9/site-packages/urllib3/connectionpool.py:1095 InsecureRequestWarning: Unverified HTTPS request is being made to host 'randomuser.me'. Adding certificate verification is strongly advised. See: https://urllib3.readthedocs.io/en/latest/advanced-usage.html#tls-warnings
[2025-04-27T04:07:32.574+0000] {logging_mixin.py:151} INFO - Record Inserted !!
[2025-04-27T04:07:32.957+0000] {logging_mixin.py:151} WARNING - /home/***/.local/lib/python3.9/site-packages/urllib3/connectionpool.py:1095 InsecureRequestWarning: Unverified HTTPS request is being made to host 'randomuser.me'. Adding certificate verification is strongly advised. See: https://urllib3.readthedocs.io/en/latest/advanced-usage.html#tls-warnings
[2025-04-27T04:07:41.683+0000] {kafka_stream.py:57} ERROR - An error occured: Expecting value: line 1 column 1 (char 0)
[2025-04-27T04:07:41.804+0000] {logging_mixin.py:151} WARNING - /home/***/.local/lib/python3.9/site-packages/urllib3/connectionpool.py:1095 InsecureRequestWarning: Unverified HTTPS request is being made to host 'randomuser.me'. Adding certificate verification is strongly advised. See: https://urllib3.readthedocs.io/en/latest/advanced-usage.html#tls-warnings
[2025-04-27T04:07:49.471+0000] {kafka_stream.py:57} ERROR - An error occured: Expecting value: line 1 column 1 (char 0)
[2025-04-27T04:07:49.682+0000] {logging_mixin.py:151} WARNING - /home/***/.local/lib/python3.9/site-packages/urllib3/connectionpool.py:1095 InsecureRequestWarning: Unverified HTTPS request is being made to host 'randomuser.me'. Adding certificate verification is strongly advised. See: https://urllib3.readthedocs.io/en/latest/advanced-usage.html#tls-warnings
[2025-04-27T04:07:57.400+0000] {kafka_stream.py:57} ERROR - An error occured: Expecting value: line 1 column 1 (char 0)
[2025-04-27T04:07:57.491+0000] {logging_mixin.py:151} WARNING - /home/***/.local/lib/python3.9/site-packages/urllib3/connectionpool.py:1095 InsecureRequestWarning: Unverified HTTPS request is being made to host 'randomuser.me'. Adding certificate verification is strongly advised. See: https://urllib3.readthedocs.io/en/latest/advanced-usage.html#tls-warnings
[2025-04-27T04:08:06.751+0000] {kafka_stream.py:57} ERROR - An error occured: Expecting value: line 1 column 1 (char 0)
[2025-04-27T04:08:06.848+0000] {logging_mixin.py:151} WARNING - /home/***/.local/lib/python3.9/site-packages/urllib3/connectionpool.py:1095 InsecureRequestWarning: Unverified HTTPS request is being made to host 'randomuser.me'. Adding certificate verification is strongly advised. See: https://urllib3.readthedocs.io/en/latest/advanced-usage.html#tls-warnings
[2025-04-27T04:08:16.598+0000] {kafka_stream.py:57} ERROR - An error occured: Expecting value: line 1 column 1 (char 0)
[2025-04-27T04:08:16.689+0000] {logging_mixin.py:151} WARNING - /home/***/.local/lib/python3.9/site-packages/urllib3/connectionpool.py:1095 InsecureRequestWarning: Unverified HTTPS request is being made to host 'randomuser.me'. Adding certificate verification is strongly advised. See: https://urllib3.readthedocs.io/en/latest/advanced-usage.html#tls-warnings
[2025-04-27T04:08:25.388+0000] {kafka_stream.py:57} ERROR - An error occured: Expecting value: line 1 column 1 (char 0)
[2025-04-27T04:08:25.494+0000] {logging_mixin.py:151} WARNING - /home/***/.local/lib/python3.9/site-packages/urllib3/connectionpool.py:1095 InsecureRequestWarning: Unverified HTTPS request is being made to host 'randomuser.me'. Adding certificate verification is strongly advised. See: https://urllib3.readthedocs.io/en/latest/advanced-usage.html#tls-warnings
[2025-04-27T04:08:32.959+0000] {kafka_stream.py:57} ERROR - An error occured: Expecting value: line 1 column 1 (char 0)
[2025-04-27T04:08:33.073+0000] {logging_mixin.py:151} WARNING - /home/***/.local/lib/python3.9/site-packages/urllib3/connectionpool.py:1095 InsecureRequestWarning: Unverified HTTPS request is being made to host 'randomuser.me'. Adding certificate verification is strongly advised. See: https://urllib3.readthedocs.io/en/latest/advanced-usage.html#tls-warnings
[2025-04-27T04:08:40.704+0000] {kafka_stream.py:57} ERROR - An error occured: Expecting value: line 1 column 1 (char 0)
[2025-04-27T04:08:40.855+0000] {logging_mixin.py:151} WARNING - /home/***/.local/lib/python3.9/site-packages/urllib3/connectionpool.py:1095 InsecureRequestWarning: Unverified HTTPS request is being made to host 'randomuser.me'. Adding certificate verification is strongly advised. See: https://urllib3.readthedocs.io/en/latest/advanced-usage.html#tls-warnings
[2025-04-27T04:08:49.164+0000] {kafka_stream.py:57} ERROR - An error occured: Expecting value: line 1 column 1 (char 0)
[2025-04-27T04:08:49.268+0000] {logging_mixin.py:151} WARNING - /home/***/.local/lib/python3.9/site-packages/urllib3/connectionpool.py:1095 InsecureRequestWarning: Unverified HTTPS request is being made to host 'randomuser.me'. Adding certificate verification is strongly advised. See: https://urllib3.readthedocs.io/en/latest/advanced-usage.html#tls-warnings
[2025-04-27T04:08:57.270+0000] {kafka_stream.py:57} ERROR - An error occured: Expecting value: line 1 column 1 (char 0)
[2025-04-27T04:08:57.376+0000] {logging_mixin.py:151} WARNING - /home/***/.local/lib/python3.9/site-packages/urllib3/connectionpool.py:1095 InsecureRequestWarning: Unverified HTTPS request is being made to host 'randomuser.me'. Adding certificate verification is strongly advised. See: https://urllib3.readthedocs.io/en/latest/advanced-usage.html#tls-warnings
[2025-04-27T04:09:05.363+0000] {kafka_stream.py:57} ERROR - An error occured: Expecting value: line 1 column 1 (char 0)
[2025-04-27T04:09:05.484+0000] {logging_mixin.py:151} WARNING - /home/***/.local/lib/python3.9/site-packages/urllib3/connectionpool.py:1095 InsecureRequestWarning: Unverified HTTPS request is being made to host 'randomuser.me'. Adding certificate verification is strongly advised. See: https://urllib3.readthedocs.io/en/latest/advanced-usage.html#tls-warnings
[2025-04-27T04:09:14.482+0000] {kafka_stream.py:57} ERROR - An error occured: Expecting value: line 1 column 1 (char 0)
[2025-04-27T04:09:14.568+0000] {logging_mixin.py:151} WARNING - /home/***/.local/lib/python3.9/site-packages/urllib3/connectionpool.py:1095 InsecureRequestWarning: Unverified HTTPS request is being made to host 'randomuser.me'. Adding certificate verification is strongly advised. See: https://urllib3.readthedocs.io/en/latest/advanced-usage.html#tls-warnings
[2025-04-27T04:09:25.065+0000] {kafka_stream.py:57} ERROR - An error occured: Expecting value: line 1 column 1 (char 0)
[2025-04-27T04:09:25.250+0000] {logging_mixin.py:151} WARNING - /home/***/.local/lib/python3.9/site-packages/urllib3/connectionpool.py:1095 InsecureRequestWarning: Unverified HTTPS request is being made to host 'randomuser.me'. Adding certificate verification is strongly advised. See: https://urllib3.readthedocs.io/en/latest/advanced-usage.html#tls-warnings
[2025-04-27T04:09:34.987+0000] {kafka_stream.py:57} ERROR - An error occured: Expecting value: line 1 column 1 (char 0)
[2025-04-27T04:09:35.066+0000] {logging_mixin.py:151} WARNING - /home/***/.local/lib/python3.9/site-packages/urllib3/connectionpool.py:1095 InsecureRequestWarning: Unverified HTTPS request is being made to host 'randomuser.me'. Adding certificate verification is strongly advised. See: https://urllib3.readthedocs.io/en/latest/advanced-usage.html#tls-warnings
[2025-04-27T04:09:44.230+0000] {kafka_stream.py:57} ERROR - An error occured: Expecting value: line 1 column 1 (char 0)
[2025-04-27T04:09:44.337+0000] {logging_mixin.py:151} WARNING - /home/***/.local/lib/python3.9/site-packages/urllib3/connectionpool.py:1095 InsecureRequestWarning: Unverified HTTPS request is being made to host 'randomuser.me'. Adding certificate verification is strongly advised. See: https://urllib3.readthedocs.io/en/latest/advanced-usage.html#tls-warnings
[2025-04-27T04:09:53.265+0000] {kafka_stream.py:57} ERROR - An error occured: Expecting value: line 1 column 1 (char 0)
[2025-04-27T04:09:53.384+0000] {logging_mixin.py:151} WARNING - /home/***/.local/lib/python3.9/site-packages/urllib3/connectionpool.py:1095 InsecureRequestWarning: Unverified HTTPS request is being made to host 'randomuser.me'. Adding certificate verification is strongly advised. See: https://urllib3.readthedocs.io/en/latest/advanced-usage.html#tls-warnings
[2025-04-27T04:10:01.630+0000] {kafka_stream.py:57} ERROR - An error occured: Expecting value: line 1 column 1 (char 0)
[2025-04-27T04:10:01.739+0000] {logging_mixin.py:151} WARNING - /home/***/.local/lib/python3.9/site-packages/urllib3/connectionpool.py:1095 InsecureRequestWarning: Unverified HTTPS request is being made to host 'randomuser.me'. Adding certificate verification is strongly advised. See: https://urllib3.readthedocs.io/en/latest/advanced-usage.html#tls-warnings
[2025-04-27T04:10:10.798+0000] {kafka_stream.py:57} ERROR - An error occured: Expecting value: line 1 column 1 (char 0)
[2025-04-27T04:10:10.907+0000] {logging_mixin.py:151} WARNING - /home/***/.local/lib/python3.9/site-packages/urllib3/connectionpool.py:1095 InsecureRequestWarning: Unverified HTTPS request is being made to host 'randomuser.me'. Adding certificate verification is strongly advised. See: https://urllib3.readthedocs.io/en/latest/advanced-usage.html#tls-warnings
[2025-04-27T04:10:19.881+0000] {kafka_stream.py:57} ERROR - An error occured: Expecting value: line 1 column 1 (char 0)
[2025-04-27T04:10:19.987+0000] {logging_mixin.py:151} WARNING - /home/***/.local/lib/python3.9/site-packages/urllib3/connectionpool.py:1095 InsecureRequestWarning: Unverified HTTPS request is being made to host 'randomuser.me'. Adding certificate verification is strongly advised. See: https://urllib3.readthedocs.io/en/latest/advanced-usage.html#tls-warnings
[2025-04-27T04:11:18.068+0000] {logging_mixin.py:151} INFO - Record Inserted !!
[2025-04-27T04:11:18.287+0000] {logging_mixin.py:151} WARNING - /home/***/.local/lib/python3.9/site-packages/urllib3/connectionpool.py:1095 InsecureRequestWarning: Unverified HTTPS request is being made to host 'randomuser.me'. Adding certificate verification is strongly advised. See: https://urllib3.readthedocs.io/en/latest/advanced-usage.html#tls-warnings
[2025-04-27T04:11:31.016+0000] {kafka_stream.py:57} ERROR - An error occured: Expecting value: line 1 column 1 (char 0)
[2025-04-27T04:11:31.143+0000] {logging_mixin.py:151} WARNING - /home/***/.local/lib/python3.9/site-packages/urllib3/connectionpool.py:1095 InsecureRequestWarning: Unverified HTTPS request is being made to host 'randomuser.me'. Adding certificate verification is strongly advised. See: https://urllib3.readthedocs.io/en/latest/advanced-usage.html#tls-warnings
[2025-04-27T04:11:39.449+0000] {kafka_stream.py:57} ERROR - An error occured: Expecting value: line 1 column 1 (char 0)
[2025-04-27T04:11:39.558+0000] {logging_mixin.py:151} WARNING - /home/***/.local/lib/python3.9/site-packages/urllib3/connectionpool.py:1095 InsecureRequestWarning: Unverified HTTPS request is being made to host 'randomuser.me'. Adding certificate verification is strongly advised. See: https://urllib3.readthedocs.io/en/latest/advanced-usage.html#tls-warnings
[2025-04-27T04:11:48.436+0000] {kafka_stream.py:57} ERROR - An error occured: Expecting value: line 1 column 1 (char 0)
[2025-04-27T04:11:48.530+0000] {logging_mixin.py:151} WARNING - /home/***/.local/lib/python3.9/site-packages/urllib3/connectionpool.py:1095 InsecureRequestWarning: Unverified HTTPS request is being made to host 'randomuser.me'. Adding certificate verification is strongly advised. See: https://urllib3.readthedocs.io/en/latest/advanced-usage.html#tls-warnings
[2025-04-27T04:11:56.252+0000] {kafka_stream.py:57} ERROR - An error occured: Expecting value: line 1 column 1 (char 0)
[2025-04-27T04:11:56.347+0000] {logging_mixin.py:151} WARNING - /home/***/.local/lib/python3.9/site-packages/urllib3/connectionpool.py:1095 InsecureRequestWarning: Unverified HTTPS request is being made to host 'randomuser.me'. Adding certificate verification is strongly advised. See: https://urllib3.readthedocs.io/en/latest/advanced-usage.html#tls-warnings
[2025-04-27T04:12:04.626+0000] {kafka_stream.py:57} ERROR - An error occured: Expecting value: line 1 column 1 (char 0)
[2025-04-27T04:12:04.743+0000] {logging_mixin.py:151} WARNING - /home/***/.local/lib/python3.9/site-packages/urllib3/connectionpool.py:1095 InsecureRequestWarning: Unverified HTTPS request is being made to host 'randomuser.me'. Adding certificate verification is strongly advised. See: https://urllib3.readthedocs.io/en/latest/advanced-usage.html#tls-warnings
[2025-04-27T04:12:13.880+0000] {kafka_stream.py:57} ERROR - An error occured: Expecting value: line 1 column 1 (char 0)
[2025-04-27T04:12:14.020+0000] {logging_mixin.py:151} WARNING - /home/***/.local/lib/python3.9/site-packages/urllib3/connectionpool.py:1095 InsecureRequestWarning: Unverified HTTPS request is being made to host 'randomuser.me'. Adding certificate verification is strongly advised. See: https://urllib3.readthedocs.io/en/latest/advanced-usage.html#tls-warnings
[2025-04-27T04:12:23.755+0000] {kafka_stream.py:57} ERROR - An error occured: Expecting value: line 1 column 1 (char 0)
[2025-04-27T04:12:23.854+0000] {logging_mixin.py:151} WARNING - /home/***/.local/lib/python3.9/site-packages/urllib3/connectionpool.py:1095 InsecureRequestWarning: Unverified HTTPS request is being made to host 'randomuser.me'. Adding certificate verification is strongly advised. See: https://urllib3.readthedocs.io/en/latest/advanced-usage.html#tls-warnings
[2025-04-27T04:12:33.768+0000] {kafka_stream.py:57} ERROR - An error occured: Expecting value: line 1 column 1 (char 0)
[2025-04-27T04:12:33.956+0000] {logging_mixin.py:151} WARNING - /home/***/.local/lib/python3.9/site-packages/urllib3/connectionpool.py:1095 InsecureRequestWarning: Unverified HTTPS request is being made to host 'randomuser.me'. Adding certificate verification is strongly advised. See: https://urllib3.readthedocs.io/en/latest/advanced-usage.html#tls-warnings
[2025-04-27T04:12:42.188+0000] {kafka_stream.py:57} ERROR - An error occured: Expecting value: line 1 column 1 (char 0)
[2025-04-27T04:12:42.331+0000] {logging_mixin.py:151} WARNING - /home/***/.local/lib/python3.9/site-packages/urllib3/connectionpool.py:1095 InsecureRequestWarning: Unverified HTTPS request is being made to host 'randomuser.me'. Adding certificate verification is strongly advised. See: https://urllib3.readthedocs.io/en/latest/advanced-usage.html#tls-warnings
[2025-04-27T04:12:49.682+0000] {kafka_stream.py:57} ERROR - An error occured: Expecting value: line 1 column 1 (char 0)
[2025-04-27T04:12:49.838+0000] {logging_mixin.py:151} WARNING - /home/***/.local/lib/python3.9/site-packages/urllib3/connectionpool.py:1095 InsecureRequestWarning: Unverified HTTPS request is being made to host 'randomuser.me'. Adding certificate verification is strongly advised. See: https://urllib3.readthedocs.io/en/latest/advanced-usage.html#tls-warnings
[2025-04-27T04:12:57.165+0000] {kafka_stream.py:57} ERROR - An error occured: Expecting value: line 1 column 1 (char 0)
[2025-04-27T04:12:57.374+0000] {logging_mixin.py:151} WARNING - /home/***/.local/lib/python3.9/site-packages/urllib3/connectionpool.py:1095 InsecureRequestWarning: Unverified HTTPS request is being made to host 'randomuser.me'. Adding certificate verification is strongly advised. See: https://urllib3.readthedocs.io/en/latest/advanced-usage.html#tls-warnings
[2025-04-27T04:13:05.336+0000] {kafka_stream.py:57} ERROR - An error occured: Expecting value: line 1 column 1 (char 0)
[2025-04-27T04:13:05.460+0000] {logging_mixin.py:151} WARNING - /home/***/.local/lib/python3.9/site-packages/urllib3/connectionpool.py:1095 InsecureRequestWarning: Unverified HTTPS request is being made to host 'randomuser.me'. Adding certificate verification is strongly advised. See: https://urllib3.readthedocs.io/en/latest/advanced-usage.html#tls-warnings
[2025-04-27T04:13:14.728+0000] {kafka_stream.py:57} ERROR - An error occured: Expecting value: line 1 column 1 (char 0)
[2025-04-27T04:13:14.848+0000] {logging_mixin.py:151} WARNING - /home/***/.local/lib/python3.9/site-packages/urllib3/connectionpool.py:1095 InsecureRequestWarning: Unverified HTTPS request is being made to host 'randomuser.me'. Adding certificate verification is strongly advised. See: https://urllib3.readthedocs.io/en/latest/advanced-usage.html#tls-warnings
[2025-04-27T04:13:24.647+0000] {kafka_stream.py:57} ERROR - An error occured: Expecting value: line 1 column 1 (char 0)
[2025-04-27T04:13:24.732+0000] {logging_mixin.py:151} WARNING - /home/***/.local/lib/python3.9/site-packages/urllib3/connectionpool.py:1095 InsecureRequestWarning: Unverified HTTPS request is being made to host 'randomuser.me'. Adding certificate verification is strongly advised. See: https://urllib3.readthedocs.io/en/latest/advanced-usage.html#tls-warnings
[2025-04-27T04:13:33.867+0000] {kafka_stream.py:57} ERROR - An error occured: Expecting value: line 1 column 1 (char 0)
[2025-04-27T04:13:34.027+0000] {logging_mixin.py:151} WARNING - /home/***/.local/lib/python3.9/site-packages/urllib3/connectionpool.py:1095 InsecureRequestWarning: Unverified HTTPS request is being made to host 'randomuser.me'. Adding certificate verification is strongly advised. See: https://urllib3.readthedocs.io/en/latest/advanced-usage.html#tls-warnings
[2025-04-27T04:13:43.219+0000] {kafka_stream.py:57} ERROR - An error occured: Expecting value: line 1 column 1 (char 0)
[2025-04-27T04:13:43.316+0000] {logging_mixin.py:151} WARNING - /home/***/.local/lib/python3.9/site-packages/urllib3/connectionpool.py:1095 InsecureRequestWarning: Unverified HTTPS request is being made to host 'randomuser.me'. Adding certificate verification is strongly advised. See: https://urllib3.readthedocs.io/en/latest/advanced-usage.html#tls-warnings
[2025-04-27T04:13:51.709+0000] {kafka_stream.py:57} ERROR - An error occured: Expecting value: line 1 column 1 (char 0)
[2025-04-27T04:13:51.799+0000] {logging_mixin.py:151} WARNING - /home/***/.local/lib/python3.9/site-packages/urllib3/connectionpool.py:1095 InsecureRequestWarning: Unverified HTTPS request is being made to host 'randomuser.me'. Adding certificate verification is strongly advised. See: https://urllib3.readthedocs.io/en/latest/advanced-usage.html#tls-warnings
[2025-04-27T04:13:59.110+0000] {kafka_stream.py:57} ERROR - An error occured: Expecting value: line 1 column 1 (char 0)
[2025-04-27T04:13:59.221+0000] {logging_mixin.py:151} WARNING - /home/***/.local/lib/python3.9/site-packages/urllib3/connectionpool.py:1095 InsecureRequestWarning: Unverified HTTPS request is being made to host 'randomuser.me'. Adding certificate verification is strongly advised. See: https://urllib3.readthedocs.io/en/latest/advanced-usage.html#tls-warnings
[2025-04-27T04:14:45.314+0000] {logging_mixin.py:151} INFO - Record Inserted !!
[2025-04-27T04:14:45.493+0000] {logging_mixin.py:151} WARNING - /home/***/.local/lib/python3.9/site-packages/urllib3/connectionpool.py:1095 InsecureRequestWarning: Unverified HTTPS request is being made to host 'randomuser.me'. Adding certificate verification is strongly advised. See: https://urllib3.readthedocs.io/en/latest/advanced-usage.html#tls-warnings
[2025-04-27T04:14:54.415+0000] {kafka_stream.py:57} ERROR - An error occured: Expecting value: line 1 column 1 (char 0)
[2025-04-27T04:14:54.524+0000] {logging_mixin.py:151} WARNING - /home/***/.local/lib/python3.9/site-packages/urllib3/connectionpool.py:1095 InsecureRequestWarning: Unverified HTTPS request is being made to host 'randomuser.me'. Adding certificate verification is strongly advised. See: https://urllib3.readthedocs.io/en/latest/advanced-usage.html#tls-warnings
[2025-04-27T04:15:03.898+0000] {kafka_stream.py:57} ERROR - An error occured: Expecting value: line 1 column 1 (char 0)
[2025-04-27T04:15:04.052+0000] {logging_mixin.py:151} WARNING - /home/***/.local/lib/python3.9/site-packages/urllib3/connectionpool.py:1095 InsecureRequestWarning: Unverified HTTPS request is being made to host 'randomuser.me'. Adding certificate verification is strongly advised. See: https://urllib3.readthedocs.io/en/latest/advanced-usage.html#tls-warnings
[2025-04-27T04:15:12.338+0000] {kafka_stream.py:57} ERROR - An error occured: Expecting value: line 1 column 1 (char 0)
[2025-04-27T04:15:12.421+0000] {logging_mixin.py:151} WARNING - /home/***/.local/lib/python3.9/site-packages/urllib3/connectionpool.py:1095 InsecureRequestWarning: Unverified HTTPS request is being made to host 'randomuser.me'. Adding certificate verification is strongly advised. See: https://urllib3.readthedocs.io/en/latest/advanced-usage.html#tls-warnings
[2025-04-27T04:16:15.987+0000] {logging_mixin.py:151} INFO - Record Inserted !!
[2025-04-27T04:16:16.066+0000] {logging_mixin.py:151} WARNING - /home/***/.local/lib/python3.9/site-packages/urllib3/connectionpool.py:1095 InsecureRequestWarning: Unverified HTTPS request is being made to host 'randomuser.me'. Adding certificate verification is strongly advised. See: https://urllib3.readthedocs.io/en/latest/advanced-usage.html#tls-warnings
[2025-04-27T04:16:25.040+0000] {kafka_stream.py:57} ERROR - An error occured: Expecting value: line 1 column 1 (char 0)
[2025-04-27T04:16:25.183+0000] {logging_mixin.py:151} WARNING - /home/***/.local/lib/python3.9/site-packages/urllib3/connectionpool.py:1095 InsecureRequestWarning: Unverified HTTPS request is being made to host 'randomuser.me'. Adding certificate verification is strongly advised. See: https://urllib3.readthedocs.io/en/latest/advanced-usage.html#tls-warnings
[2025-04-27T04:16:32.584+0000] {kafka_stream.py:57} ERROR - An error occured: Expecting value: line 1 column 1 (char 0)
[2025-04-27T04:16:32.782+0000] {logging_mixin.py:151} WARNING - /home/***/.local/lib/python3.9/site-packages/urllib3/connectionpool.py:1095 InsecureRequestWarning: Unverified HTTPS request is being made to host 'randomuser.me'. Adding certificate verification is strongly advised. See: https://urllib3.readthedocs.io/en/latest/advanced-usage.html#tls-warnings
[2025-04-27T04:16:40.238+0000] {kafka_stream.py:57} ERROR - An error occured: Expecting value: line 1 column 1 (char 0)
[2025-04-27T04:16:40.429+0000] {logging_mixin.py:151} WARNING - /home/***/.local/lib/python3.9/site-packages/urllib3/connectionpool.py:1095 InsecureRequestWarning: Unverified HTTPS request is being made to host 'randomuser.me'. Adding certificate verification is strongly advised. See: https://urllib3.readthedocs.io/en/latest/advanced-usage.html#tls-warnings
[2025-04-27T04:16:48.071+0000] {kafka_stream.py:57} ERROR - An error occured: Expecting value: line 1 column 1 (char 0)
[2025-04-27T04:16:48.193+0000] {logging_mixin.py:151} WARNING - /home/***/.local/lib/python3.9/site-packages/urllib3/connectionpool.py:1095 InsecureRequestWarning: Unverified HTTPS request is being made to host 'randomuser.me'. Adding certificate verification is strongly advised. See: https://urllib3.readthedocs.io/en/latest/advanced-usage.html#tls-warnings
[2025-04-27T04:16:55.563+0000] {kafka_stream.py:57} ERROR - An error occured: Expecting value: line 1 column 1 (char 0)
[2025-04-27T04:16:55.688+0000] {logging_mixin.py:151} WARNING - /home/***/.local/lib/python3.9/site-packages/urllib3/connectionpool.py:1095 InsecureRequestWarning: Unverified HTTPS request is being made to host 'randomuser.me'. Adding certificate verification is strongly advised. See: https://urllib3.readthedocs.io/en/latest/advanced-usage.html#tls-warnings
[2025-04-27T04:17:04.764+0000] {kafka_stream.py:57} ERROR - An error occured: Expecting value: line 1 column 1 (char 0)
[2025-04-27T04:17:04.871+0000] {logging_mixin.py:151} WARNING - /home/***/.local/lib/python3.9/site-packages/urllib3/connectionpool.py:1095 InsecureRequestWarning: Unverified HTTPS request is being made to host 'randomuser.me'. Adding certificate verification is strongly advised. See: https://urllib3.readthedocs.io/en/latest/advanced-usage.html#tls-warnings
[2025-04-27T04:17:14.662+0000] {kafka_stream.py:57} ERROR - An error occured: Expecting value: line 1 column 1 (char 0)
[2025-04-27T04:17:14.794+0000] {logging_mixin.py:151} WARNING - /home/***/.local/lib/python3.9/site-packages/urllib3/connectionpool.py:1095 InsecureRequestWarning: Unverified HTTPS request is being made to host 'randomuser.me'. Adding certificate verification is strongly advised. See: https://urllib3.readthedocs.io/en/latest/advanced-usage.html#tls-warnings
[2025-04-27T04:17:24.406+0000] {kafka_stream.py:57} ERROR - An error occured: Expecting value: line 1 column 1 (char 0)
[2025-04-27T04:17:24.503+0000] {logging_mixin.py:151} WARNING - /home/***/.local/lib/python3.9/site-packages/urllib3/connectionpool.py:1095 InsecureRequestWarning: Unverified HTTPS request is being made to host 'randomuser.me'. Adding certificate verification is strongly advised. See: https://urllib3.readthedocs.io/en/latest/advanced-usage.html#tls-warnings
[2025-04-27T04:17:33.368+0000] {kafka_stream.py:57} ERROR - An error occured: Expecting value: line 1 column 1 (char 0)
[2025-04-27T04:17:33.459+0000] {logging_mixin.py:151} WARNING - /home/***/.local/lib/python3.9/site-packages/urllib3/connectionpool.py:1095 InsecureRequestWarning: Unverified HTTPS request is being made to host 'randomuser.me'. Adding certificate verification is strongly advised. See: https://urllib3.readthedocs.io/en/latest/advanced-usage.html#tls-warnings
[2025-04-27T04:17:40.768+0000] {kafka_stream.py:57} ERROR - An error occured: Expecting value: line 1 column 1 (char 0)
[2025-04-27T04:17:40.884+0000] {logging_mixin.py:151} WARNING - /home/***/.local/lib/python3.9/site-packages/urllib3/connectionpool.py:1095 InsecureRequestWarning: Unverified HTTPS request is being made to host 'randomuser.me'. Adding certificate verification is strongly advised. See: https://urllib3.readthedocs.io/en/latest/advanced-usage.html#tls-warnings
[2025-04-27T04:17:48.616+0000] {kafka_stream.py:57} ERROR - An error occured: Expecting value: line 1 column 1 (char 0)
[2025-04-27T04:17:48.793+0000] {logging_mixin.py:151} WARNING - /home/***/.local/lib/python3.9/site-packages/urllib3/connectionpool.py:1095 InsecureRequestWarning: Unverified HTTPS request is being made to host 'randomuser.me'. Adding certificate verification is strongly advised. See: https://urllib3.readthedocs.io/en/latest/advanced-usage.html#tls-warnings
[2025-04-27T04:17:56.294+0000] {kafka_stream.py:57} ERROR - An error occured: Expecting value: line 1 column 1 (char 0)
[2025-04-27T04:17:56.433+0000] {logging_mixin.py:151} WARNING - /home/***/.local/lib/python3.9/site-packages/urllib3/connectionpool.py:1095 InsecureRequestWarning: Unverified HTTPS request is being made to host 'randomuser.me'. Adding certificate verification is strongly advised. See: https://urllib3.readthedocs.io/en/latest/advanced-usage.html#tls-warnings
[2025-04-27T04:18:04.183+0000] {kafka_stream.py:57} ERROR - An error occured: Expecting value: line 1 column 1 (char 0)
[2025-04-27T04:18:04.656+0000] {logging_mixin.py:151} WARNING - /home/***/.local/lib/python3.9/site-packages/urllib3/connectionpool.py:1095 InsecureRequestWarning: Unverified HTTPS request is being made to host 'randomuser.me'. Adding certificate verification is strongly advised. See: https://urllib3.readthedocs.io/en/latest/advanced-usage.html#tls-warnings
[2025-04-27T04:18:12.157+0000] {kafka_stream.py:57} ERROR - An error occured: Expecting value: line 1 column 1 (char 0)
[2025-04-27T04:18:12.507+0000] {logging_mixin.py:151} WARNING - /home/***/.local/lib/python3.9/site-packages/urllib3/connectionpool.py:1095 InsecureRequestWarning: Unverified HTTPS request is being made to host 'randomuser.me'. Adding certificate verification is strongly advised. See: https://urllib3.readthedocs.io/en/latest/advanced-usage.html#tls-warnings
[2025-04-27T04:18:21.503+0000] {kafka_stream.py:57} ERROR - An error occured: Expecting value: line 1 column 1 (char 0)
[2025-04-27T04:18:21.604+0000] {logging_mixin.py:151} WARNING - /home/***/.local/lib/python3.9/site-packages/urllib3/connectionpool.py:1095 InsecureRequestWarning: Unverified HTTPS request is being made to host 'randomuser.me'. Adding certificate verification is strongly advised. See: https://urllib3.readthedocs.io/en/latest/advanced-usage.html#tls-warnings
[2025-04-27T04:18:33.377+0000] {kafka_stream.py:57} ERROR - An error occured: Expecting value: line 1 column 1 (char 0)
[2025-04-27T04:18:33.480+0000] {logging_mixin.py:151} WARNING - /home/***/.local/lib/python3.9/site-packages/urllib3/connectionpool.py:1095 InsecureRequestWarning: Unverified HTTPS request is being made to host 'randomuser.me'. Adding certificate verification is strongly advised. See: https://urllib3.readthedocs.io/en/latest/advanced-usage.html#tls-warnings
[2025-04-27T04:18:42.270+0000] {kafka_stream.py:57} ERROR - An error occured: Expecting value: line 1 column 1 (char 0)
[2025-04-27T04:18:42.400+0000] {logging_mixin.py:151} WARNING - /home/***/.local/lib/python3.9/site-packages/urllib3/connectionpool.py:1095 InsecureRequestWarning: Unverified HTTPS request is being made to host 'randomuser.me'. Adding certificate verification is strongly advised. See: https://urllib3.readthedocs.io/en/latest/advanced-usage.html#tls-warnings
[2025-04-27T04:18:50.750+0000] {kafka_stream.py:57} ERROR - An error occured: Expecting value: line 1 column 1 (char 0)
[2025-04-27T04:18:50.838+0000] {logging_mixin.py:151} WARNING - /home/***/.local/lib/python3.9/site-packages/urllib3/connectionpool.py:1095 InsecureRequestWarning: Unverified HTTPS request is being made to host 'randomuser.me'. Adding certificate verification is strongly advised. See: https://urllib3.readthedocs.io/en/latest/advanced-usage.html#tls-warnings
[2025-04-27T04:18:59.331+0000] {kafka_stream.py:57} ERROR - An error occured: Expecting value: line 1 column 1 (char 0)
[2025-04-27T04:18:59.443+0000] {logging_mixin.py:151} WARNING - /home/***/.local/lib/python3.9/site-packages/urllib3/connectionpool.py:1095 InsecureRequestWarning: Unverified HTTPS request is being made to host 'randomuser.me'. Adding certificate verification is strongly advised. See: https://urllib3.readthedocs.io/en/latest/advanced-usage.html#tls-warnings
[2025-04-27T04:19:07.204+0000] {kafka_stream.py:57} ERROR - An error occured: Expecting value: line 1 column 1 (char 0)
[2025-04-27T04:19:07.299+0000] {logging_mixin.py:151} WARNING - /home/***/.local/lib/python3.9/site-packages/urllib3/connectionpool.py:1095 InsecureRequestWarning: Unverified HTTPS request is being made to host 'randomuser.me'. Adding certificate verification is strongly advised. See: https://urllib3.readthedocs.io/en/latest/advanced-usage.html#tls-warnings
[2025-04-27T04:19:57.992+0000] {logging_mixin.py:151} INFO - Record Inserted !!
[2025-04-27T04:19:58.160+0000] {logging_mixin.py:151} WARNING - /home/***/.local/lib/python3.9/site-packages/urllib3/connectionpool.py:1095 InsecureRequestWarning: Unverified HTTPS request is being made to host 'randomuser.me'. Adding certificate verification is strongly advised. See: https://urllib3.readthedocs.io/en/latest/advanced-usage.html#tls-warnings
[2025-04-27T04:20:06.870+0000] {kafka_stream.py:57} ERROR - An error occured: Expecting value: line 1 column 1 (char 0)
[2025-04-27T04:20:06.961+0000] {logging_mixin.py:151} WARNING - /home/***/.local/lib/python3.9/site-packages/urllib3/connectionpool.py:1095 InsecureRequestWarning: Unverified HTTPS request is being made to host 'randomuser.me'. Adding certificate verification is strongly advised. See: https://urllib3.readthedocs.io/en/latest/advanced-usage.html#tls-warnings
[2025-04-27T04:20:15.312+0000] {kafka_stream.py:57} ERROR - An error occured: Expecting value: line 1 column 1 (char 0)
[2025-04-27T04:20:15.528+0000] {logging_mixin.py:151} WARNING - /home/***/.local/lib/python3.9/site-packages/urllib3/connectionpool.py:1095 InsecureRequestWarning: Unverified HTTPS request is being made to host 'randomuser.me'. Adding certificate verification is strongly advised. See: https://urllib3.readthedocs.io/en/latest/advanced-usage.html#tls-warnings
[2025-04-27T04:20:24.588+0000] {kafka_stream.py:57} ERROR - An error occured: Expecting value: line 1 column 1 (char 0)
[2025-04-27T04:20:24.677+0000] {logging_mixin.py:151} WARNING - /home/***/.local/lib/python3.9/site-packages/urllib3/connectionpool.py:1095 InsecureRequestWarning: Unverified HTTPS request is being made to host 'randomuser.me'. Adding certificate verification is strongly advised. See: https://urllib3.readthedocs.io/en/latest/advanced-usage.html#tls-warnings
[2025-04-27T04:20:34.074+0000] {kafka_stream.py:57} ERROR - An error occured: Expecting value: line 1 column 1 (char 0)
[2025-04-27T04:20:34.155+0000] {logging_mixin.py:151} WARNING - /home/***/.local/lib/python3.9/site-packages/urllib3/connectionpool.py:1095 InsecureRequestWarning: Unverified HTTPS request is being made to host 'randomuser.me'. Adding certificate verification is strongly advised. See: https://urllib3.readthedocs.io/en/latest/advanced-usage.html#tls-warnings
[2025-04-27T04:20:41.998+0000] {kafka_stream.py:57} ERROR - An error occured: Expecting value: line 1 column 1 (char 0)
[2025-04-27T04:20:42.081+0000] {logging_mixin.py:151} WARNING - /home/***/.local/lib/python3.9/site-packages/urllib3/connectionpool.py:1095 InsecureRequestWarning: Unverified HTTPS request is being made to host 'randomuser.me'. Adding certificate verification is strongly advised. See: https://urllib3.readthedocs.io/en/latest/advanced-usage.html#tls-warnings
[2025-04-27T04:21:33.396+0000] {logging_mixin.py:151} INFO - Record Inserted !!
[2025-04-27T04:21:33.806+0000] {logging_mixin.py:151} WARNING - /home/***/.local/lib/python3.9/site-packages/urllib3/connectionpool.py:1095 InsecureRequestWarning: Unverified HTTPS request is being made to host 'randomuser.me'. Adding certificate verification is strongly advised. See: https://urllib3.readthedocs.io/en/latest/advanced-usage.html#tls-warnings
[2025-04-27T04:22:33.587+0000] {logging_mixin.py:151} INFO - Record Inserted !!
[2025-04-27T04:22:33.699+0000] {logging_mixin.py:151} WARNING - /home/***/.local/lib/python3.9/site-packages/urllib3/connectionpool.py:1095 InsecureRequestWarning: Unverified HTTPS request is being made to host 'randomuser.me'. Adding certificate verification is strongly advised. See: https://urllib3.readthedocs.io/en/latest/advanced-usage.html#tls-warnings
[2025-04-27T04:22:43.335+0000] {kafka_stream.py:57} ERROR - An error occured: Expecting value: line 1 column 1 (char 0)
[2025-04-27T04:22:43.470+0000] {logging_mixin.py:151} WARNING - /home/***/.local/lib/python3.9/site-packages/urllib3/connectionpool.py:1095 InsecureRequestWarning: Unverified HTTPS request is being made to host 'randomuser.me'. Adding certificate verification is strongly advised. See: https://urllib3.readthedocs.io/en/latest/advanced-usage.html#tls-warnings
[2025-04-27T04:22:52.815+0000] {kafka_stream.py:57} ERROR - An error occured: Expecting value: line 1 column 1 (char 0)
[2025-04-27T04:22:52.985+0000] {logging_mixin.py:151} WARNING - /home/***/.local/lib/python3.9/site-packages/urllib3/connectionpool.py:1095 InsecureRequestWarning: Unverified HTTPS request is being made to host 'randomuser.me'. Adding certificate verification is strongly advised. See: https://urllib3.readthedocs.io/en/latest/advanced-usage.html#tls-warnings
[2025-04-27T04:23:02.777+0000] {kafka_stream.py:57} ERROR - An error occured: Expecting value: line 1 column 1 (char 0)
[2025-04-27T04:23:02.899+0000] {logging_mixin.py:151} WARNING - /home/***/.local/lib/python3.9/site-packages/urllib3/connectionpool.py:1095 InsecureRequestWarning: Unverified HTTPS request is being made to host 'randomuser.me'. Adding certificate verification is strongly advised. See: https://urllib3.readthedocs.io/en/latest/advanced-usage.html#tls-warnings
[2025-04-27T04:23:11.491+0000] {kafka_stream.py:57} ERROR - An error occured: Expecting value: line 1 column 1 (char 0)
[2025-04-27T04:23:11.677+0000] {logging_mixin.py:151} WARNING - /home/***/.local/lib/python3.9/site-packages/urllib3/connectionpool.py:1095 InsecureRequestWarning: Unverified HTTPS request is being made to host 'randomuser.me'. Adding certificate verification is strongly advised. See: https://urllib3.readthedocs.io/en/latest/advanced-usage.html#tls-warnings
[2025-04-27T04:24:05.228+0000] {logging_mixin.py:151} INFO - Record Inserted !!
[2025-04-27T04:24:05.540+0000] {logging_mixin.py:151} WARNING - /home/***/.local/lib/python3.9/site-packages/urllib3/connectionpool.py:1095 InsecureRequestWarning: Unverified HTTPS request is being made to host 'randomuser.me'. Adding certificate verification is strongly advised. See: https://urllib3.readthedocs.io/en/latest/advanced-usage.html#tls-warnings
[2025-04-27T04:24:15.565+0000] {kafka_stream.py:57} ERROR - An error occured: Expecting value: line 1 column 1 (char 0)
[2025-04-27T04:24:15.649+0000] {logging_mixin.py:151} WARNING - /home/***/.local/lib/python3.9/site-packages/urllib3/connectionpool.py:1095 InsecureRequestWarning: Unverified HTTPS request is being made to host 'randomuser.me'. Adding certificate verification is strongly advised. See: https://urllib3.readthedocs.io/en/latest/advanced-usage.html#tls-warnings
[2025-04-27T04:24:25.276+0000] {kafka_stream.py:57} ERROR - An error occured: Expecting value: line 1 column 1 (char 0)
[2025-04-27T04:24:25.379+0000] {logging_mixin.py:151} WARNING - /home/***/.local/lib/python3.9/site-packages/urllib3/connectionpool.py:1095 InsecureRequestWarning: Unverified HTTPS request is being made to host 'randomuser.me'. Adding certificate verification is strongly advised. See: https://urllib3.readthedocs.io/en/latest/advanced-usage.html#tls-warnings
[2025-04-27T04:24:34.826+0000] {kafka_stream.py:57} ERROR - An error occured: Expecting value: line 1 column 1 (char 0)
[2025-04-27T04:24:34.914+0000] {logging_mixin.py:151} WARNING - /home/***/.local/lib/python3.9/site-packages/urllib3/connectionpool.py:1095 InsecureRequestWarning: Unverified HTTPS request is being made to host 'randomuser.me'. Adding certificate verification is strongly advised. See: https://urllib3.readthedocs.io/en/latest/advanced-usage.html#tls-warnings
[2025-04-27T04:24:43.249+0000] {kafka_stream.py:57} ERROR - An error occured: Expecting value: line 1 column 1 (char 0)
[2025-04-27T04:24:43.351+0000] {logging_mixin.py:151} WARNING - /home/***/.local/lib/python3.9/site-packages/urllib3/connectionpool.py:1095 InsecureRequestWarning: Unverified HTTPS request is being made to host 'randomuser.me'. Adding certificate verification is strongly advised. See: https://urllib3.readthedocs.io/en/latest/advanced-usage.html#tls-warnings
[2025-04-27T04:24:51.682+0000] {kafka_stream.py:57} ERROR - An error occured: Expecting value: line 1 column 1 (char 0)
[2025-04-27T04:24:51.771+0000] {logging_mixin.py:151} WARNING - /home/***/.local/lib/python3.9/site-packages/urllib3/connectionpool.py:1095 InsecureRequestWarning: Unverified HTTPS request is being made to host 'randomuser.me'. Adding certificate verification is strongly advised. See: https://urllib3.readthedocs.io/en/latest/advanced-usage.html#tls-warnings
[2025-04-27T04:24:59.678+0000] {kafka_stream.py:57} ERROR - An error occured: Expecting value: line 1 column 1 (char 0)
[2025-04-27T04:24:59.912+0000] {logging_mixin.py:151} WARNING - /home/***/.local/lib/python3.9/site-packages/urllib3/connectionpool.py:1095 InsecureRequestWarning: Unverified HTTPS request is being made to host 'randomuser.me'. Adding certificate verification is strongly advised. See: https://urllib3.readthedocs.io/en/latest/advanced-usage.html#tls-warnings
[2025-04-27T04:25:09.635+0000] {kafka_stream.py:57} ERROR - An error occured: Expecting value: line 1 column 1 (char 0)
[2025-04-27T04:25:09.747+0000] {logging_mixin.py:151} WARNING - /home/***/.local/lib/python3.9/site-packages/urllib3/connectionpool.py:1095 InsecureRequestWarning: Unverified HTTPS request is being made to host 'randomuser.me'. Adding certificate verification is strongly advised. See: https://urllib3.readthedocs.io/en/latest/advanced-usage.html#tls-warnings
[2025-04-27T04:25:20.229+0000] {kafka_stream.py:57} ERROR - An error occured: Expecting value: line 1 column 1 (char 0)
[2025-04-27T04:25:20.313+0000] {logging_mixin.py:151} WARNING - /home/***/.local/lib/python3.9/site-packages/urllib3/connectionpool.py:1095 InsecureRequestWarning: Unverified HTTPS request is being made to host 'randomuser.me'. Adding certificate verification is strongly advised. See: https://urllib3.readthedocs.io/en/latest/advanced-usage.html#tls-warnings
[2025-04-27T04:25:30.162+0000] {kafka_stream.py:57} ERROR - An error occured: Expecting value: line 1 column 1 (char 0)
[2025-04-27T04:25:30.277+0000] {logging_mixin.py:151} WARNING - /home/***/.local/lib/python3.9/site-packages/urllib3/connectionpool.py:1095 InsecureRequestWarning: Unverified HTTPS request is being made to host 'randomuser.me'. Adding certificate verification is strongly advised. See: https://urllib3.readthedocs.io/en/latest/advanced-usage.html#tls-warnings
[2025-04-27T04:25:39.929+0000] {kafka_stream.py:57} ERROR - An error occured: Expecting value: line 1 column 1 (char 0)
[2025-04-27T04:25:40.019+0000] {logging_mixin.py:151} WARNING - /home/***/.local/lib/python3.9/site-packages/urllib3/connectionpool.py:1095 InsecureRequestWarning: Unverified HTTPS request is being made to host 'randomuser.me'. Adding certificate verification is strongly advised. See: https://urllib3.readthedocs.io/en/latest/advanced-usage.html#tls-warnings
[2025-04-27T04:25:50.282+0000] {kafka_stream.py:57} ERROR - An error occured: Expecting value: line 1 column 1 (char 0)
[2025-04-27T04:25:50.411+0000] {logging_mixin.py:151} WARNING - /home/***/.local/lib/python3.9/site-packages/urllib3/connectionpool.py:1095 InsecureRequestWarning: Unverified HTTPS request is being made to host 'randomuser.me'. Adding certificate verification is strongly advised. See: https://urllib3.readthedocs.io/en/latest/advanced-usage.html#tls-warnings
[2025-04-27T04:25:59.554+0000] {kafka_stream.py:57} ERROR - An error occured: Expecting value: line 1 column 1 (char 0)
[2025-04-27T04:25:59.744+0000] {logging_mixin.py:151} WARNING - /home/***/.local/lib/python3.9/site-packages/urllib3/connectionpool.py:1095 InsecureRequestWarning: Unverified HTTPS request is being made to host 'randomuser.me'. Adding certificate verification is strongly advised. See: https://urllib3.readthedocs.io/en/latest/advanced-usage.html#tls-warnings
[2025-04-27T04:26:08.962+0000] {kafka_stream.py:57} ERROR - An error occured: Expecting value: line 1 column 1 (char 0)
[2025-04-27T04:26:08.964+0000] {conn.py:919} INFO - <BrokerConnection node_id=1 host=broker:29092 <connected> [IPv4 ('172.19.0.8', 29092)]>: Closing connection. 
[2025-04-27T04:26:08.966+0000] {python.py:194} INFO - Done. Returned value was: None
[2025-04-27T04:26:08.978+0000] {taskinstance.py:1400} INFO - Marking task as SUCCESS. dag_id=user_automation, task_id=stream_data_from_api, execution_date=20250426T000000, start_date=20250427T033602, end_date=20250427T042608
[2025-04-27T04:26:09.042+0000] {local_task_job_runner.py:228} INFO - Task exited with return code 0
[2025-04-27T04:26:09.055+0000] {taskinstance.py:2784} INFO - 0 downstream tasks scheduled from follow-on schedule check
